Word, Frequency, Comment Frequency, Net Score
aided, 1, 1, 3
limited, 3, 3, 385
unscientific, 1, 1, 2
writings, 1, 1, 376
pardon, 1, 1, 3
secondly, 1, 1, 5
dissolution, 1, 1, 179
demand, 2, 2, 157
externally, 1, 1, 5
foul, 1, 1, 293
inherit, 1, 1, 0
four, 3, 3, 304
asian, 1, 1, 1
controversial, 1, 1, 1
preface, 1, 1, 2
commandos, 1, 1, 27
oldest, 3, 2, 3486
saved, 3, 3, 145
poorly, 1, 1, 1
relationships, 2, 2, 2
whose, 3, 3, 146
votes, 1, 1, 5
voter, 1, 1, 481
patches, 1, 1, 2
aug, 2, 2, 5
paris, 2, 2, 3
tweet, 2, 2, 95
disability, 34, 4, 41
realm, 1, 1, 6
supported, 2, 2, 12
invaders, 2, 2, 36
archaelogy, 1, 1, 3
assets, 1, 1, 46
saw, 6, 5, 25
intrigues, 1, 1, 27
honorific, 1, 1, 5
lord, 1, 1, 4
sorry, 4, 4, 20
lionel, 1, 1, 3
worth, 4, 4, 355
barley, 1, 1, 4
digit, 1, 1, 481
comparatively, 1, 1, 139
schivelbusch, 1, 1, 1
risk, 2, 1, 5
seventeenth, 1, 1, 1
rise, 5, 3, 189
costume, 1, 1, 2
misunderstanding, 3, 2, 16
vase, 2, 2, 4
_how, 1, 1, 2
every, 7, 7, 157
leisurely, 2, 2, 140
reforms, 1, 1, 5
wagons, 1, 1, 7
dynasty, 1, 1, 16
vast, 4, 4, 55
pilgrim, 1, 1, 2
believed, 2, 2, 187
school, 1, 1, 1
bewildered, 1, 1, 11
internally, 2, 2, 51
notorious, 1, 1, 1
plural, 1, 1, 2
upload, 2, 1, 1
solid, 3, 2, 5
announced, 1, 1, 2
relics, 1, 1, 13
bordering, 1, 1, 1
percived, 1, 1, 5
ups, 1, 1, 3
clothes, 1, 1, 6
chew, 1, 1, 11
civility, 2, 2, 757
force, 1, 1, 179
inevitably, 1, 1, 5
miller, 3, 2, 5
minidoka, 1, 1, 139
almond, 1, 1, 1
1325, 1, 1, 5
direct, 11, 11, 143
elections, 1, 1, 481
disciplined, 1, 1, 15
second, 11, 9, 548
street, 1, 1, 139
tbvmaaaacaajamp, 1, 1, 98
n, 1, 1, 5
subaltern, 8, 1, 5
even, 31, 25, 5195
established, 3, 3, 14
preferences, 3, 1, 481
deliberate, 1, 1, 31
solemn, 1, 1, 2
religious, 8, 5, 22
panama, 2, 1, 3
commemorating, 1, 1, 5
near, 3, 3, 107
asia, 9, 3, 16
liberated, 1, 1, 27
finely, 1, 1, 1
algonquianspeaking, 1, 1, 179
new, 11, 9, 860
increasing, 1, 1, 4
ever, 9, 9, 467
mints, 1, 1, 5
told, 4, 3, 513
deemed, 1, 1, 1
kicked, 1, 1, 6
governorship, 1, 1, 5
notions, 1, 1, 22
men, 13, 8, 3829
pouring, 1, 1, 3
hundreds, 3, 3, 17
conglomerate, 1, 1, 7
stopping, 1, 1, 139
china, 4, 3, 51
customlawhabit, 1, 1, 5
active, 1, 1, 27
100, 2, 2, 143
101, 2, 1, 6
interpret, 1, 1, 481
kids, 2, 1, 1
hunting, 2, 1, 2
clarify, 2, 2, 6
oxford, 2, 2, 3661
items, 2, 2, 168
study, 5, 4, 11
changed, 6, 5, 10
iliad, 1, 1, 376
folklorists, 1, 1, 11
reports, 1, 1, 1
hansa, 1, 1, 163
credit, 1, 1, 46
saint, 1, 1, 1
lutefisk, 1, 1, 163
smoke, 2, 1, 1
browsing, 2, 2, 35
military, 18, 8, 203
adopting, 1, 1, 5
settled, 2, 2, 23
germanaustria, 1, 1, 1
joshua, 6, 2, 18
golden, 1, 1, 5
whatnot, 1, 1, 2
intensely, 1, 1, 139
campaign, 4, 4, 38
elaborated, 1, 1, 3
geography, 1, 1, 7
explained, 2, 2, 141
reagan, 2, 1, 481
replace, 2, 2, 136
brought, 4, 3, 7
specifics, 1, 1, 139
cons, 1, 1, 2
moral, 3, 3, 144
laudan, 1, 1, 4
drowned, 1, 1, 98
fitna, 3, 1, 5
scoffed, 1, 1, 1
coffers, 2, 2, 10
total, 1, 1, 1
forums, 1, 1, 293
unit, 3, 2, 3
grumbles, 1, 1, 1
sarah, 1, 1, 139
orbisstanfordedu, 1, 1, 4
ninthcentury, 1, 1, 3482
would, 85, 48, 4393
army, 13, 8, 3656
browse, 1, 1, 29
wintertime, 2, 2, 27
voters, 4, 1, 481
kingdomgs, 1, 1, 5
arms, 1, 1, 8
persianized, 1, 1, 4
insult, 1, 1, 756
occupying, 1, 1, 5
gxddbov, 2, 1, 98
sample, 1, 1, 29
nonmilitary, 1, 1, 29
call, 2, 2, 6
therefore, 3, 3, 49
raids, 4, 2, 12
recommend, 4, 4, 197
strike, 1, 1, 139
indiana, 1, 1, 179
mitsuye, 1, 1, 139
type, 3, 3, 4
tell, 6, 6, 971
voted, 2, 1, 481
separated, 1, 1, 1
tolerated, 3, 2, 761
speaking, 1, 1, 5
inquiry, 1, 1, 5
paperwork, 2, 1, 139
supporters, 1, 1, 6
holy, 3, 3, 20
populations, 4, 3, 14
successful, 2, 2, 381
trousers, 1, 1, 2
wars, 5, 5, 128
portraiture, 1, 1, 22
aware, 2, 2, 46
warn, 1, 1, 24
berlin, 1, 1, 2
warm, 2, 2, 26
excellent, 2, 2, 144
91, 1, 1, 1
90, 2, 1, 139
ward, 1, 1, 5
hold, 2, 2, 6
mississippians, 1, 1, 179
stickball, 1, 1, 2
must, 3, 3, 76
1990, 1, 1, 27
1993, 1, 1, 1
1992, 1, 1, 481
join, 3, 2, 6
room, 1, 1, 9
heavyweight, 1, 1, 2
rights, 4, 3, 36
pursue, 1, 1, 3
hideous, 1, 1, 11
work, 11, 6, 274
refusing, 2, 2, 1
worn, 6, 4, 19
japaneseamericans, 5, 2, 142
peeve, 1, 1, 2
era, 15, 11, 728
concepts, 3, 2, 26
raskhistorians_, 1, 1, 2
example, 12, 12, 4056
bruce, 1, 1, 7
ascetic, 1, 1, 2
phrase, 2, 1, 18
alphabet, 1, 1, 98
transition, 1, 1, 3
indicated, 2, 2, 7
give, 8, 5, 28
household, 1, 1, 27
india, 13, 4, 225
involve, 1, 1, 17
ready, 1, 1, 139
inland, 1, 1, 33
fanciful, 1, 1, 3
british, 9, 6, 92
want, 15, 12, 852
appearance, 1, 1, 1
keep, 6, 4, 3538
seamanship, 1, 1, 3
africanbased, 1, 1, 5
yfele, 1, 1, 3482
absolute, 1, 1, 4
provincial, 1, 1, 3
seattle, 2, 1, 139
end, 10, 9, 522
turn, 2, 2, 17
provide, 4, 3, 11
travel, 7, 4, 17
puzzled, 1, 1, 139
pauketat, 1, 1, 179
astronomers, 1, 1, 1
faults, 1, 1, 22
methodology, 1, 1, 0
writers, 1, 1, 293
tobacconist, 1, 1, 1
significance, 1, 1, 6
answer, 32, 22, 616
ordinary, 2, 2, 144
quapaw, 1, 1, 179
resignation, 1, 1, 3
roughshod, 1, 1, 5
gamble, 1, 1, 6
badly, 2, 2, 140
oceans, 1, 1, 33
supplied, 1, 1, 33
description, 2, 2, 24
beauty, 2, 2, 398
cuisine, 4, 1, 4
postenlightenment, 1, 1, 1
coined, 1, 1, 5
earlier, 5, 5, 253
vicious, 1, 1, 0
demanding, 1, 1, 5
amorphous, 1, 1, 11
objectively, 1, 1, 2
barriers, 2, 2, 14
wrong, 6, 6, 813
coup, 1, 1, 5
lay, 1, 1, 9
22sundaydigest, 1, 1, 5
sentencing, 1, 1, 139
president, 4, 3, 83
law, 8, 4, 160
meaningful, 2, 1, 5
footnotes, 1, 1, 1
types, 2, 2, 378
9780712357784, 1, 1, 46
chilled, 1, 1, 481
attempt, 3, 3, 778
anymore, 1, 1, 66
third, 4, 4, 668
onamp, 1, 1, 5
appreciate, 1, 1, 5
greet, 1, 1, 5
childhood, 1, 1, 9
greek, 5, 4, 401
maintain, 1, 1, 179
algorithms, 1, 1, 29
castrati, 1, 1, 5
things, 23, 16, 1037
reconstructions, 1, 1, 3
1000, 1, 1, 5
order, 9, 6, 173
destructive, 1, 1, 5
wine, 5, 3, 12
operations, 3, 1, 1
friars, 3, 1, 98
executed, 4, 2, 8
interpretation, 1, 1, 13
wound, 3, 2, 141
confederate, 3, 2, 38
vary, 1, 1, 41
murray, 1, 1, 0
thousands, 2, 2, 3
guidance, 1, 1, 9
london, 3, 2, 6
thesis, 1, 1, 3
affect, 2, 2, 10
japan, 10, 7, 25
digest, 1, 1, 5
craft, 1, 1, 3
ritual, 1, 1, 1
fit, 5, 4, 44
personal, 4, 4, 767
highlights, 1, 1, 29
galenic, 1, 1, 2
polities, 2, 1, 1
_r, 1, 1, 481
writing, 5, 5, 393
destroyed, 2, 2, 173
damascus, 1, 1, 5
narrowest, 1, 1, 1
distinguishing, 2, 2, 10
differently, 2, 2, 27
bespeak, 1, 1, 1
wales, 2, 2, 24
weeks, 1, 1, 22
split, 1, 1, 0
affected, 1, 1, 3
bethesda, 1, 1, 5
programed, 1, 1, 5
prevented, 1, 1, 5
confederation, 2, 1, 5
grand, 1, 1, 139
trail, 1, 1, 2
hispanics, 5, 1, 481
aromas, 1, 1, 1
imprisoning, 1, 1, 139
strategic, 2, 2, 2
flame, 1, 1, 1
silver, 3, 3, 217
bank, 1, 1, 1
represents, 1, 1, 5
40c, 1, 1, 4
meat, 1, 1, 4
contains, 1, 1, 5
regularly, 1, 1, 1
classified, 1, 1, 2
arrested, 1, 1, 139
slavery, 4, 2, 36
armoured, 2, 1, 27
devasting, 1, 1, 5
bush, 2, 1, 481
chlamys, 8, 2, 5
untela, 1, 1, 3482
40s, 1, 1, 3
victory, 1, 1, 1
reasonable, 1, 1, 1
nonetheless, 1, 1, 27
went, 12, 8, 858
side, 5, 4, 39
hirohito, 2, 1, 10
mean, 8, 8, 343
prisoner, 1, 1, 5
afforded, 1, 1, 1
signing, 1, 1, 139
financial, 2, 2, 51
independent, 2, 2, 12
garment, 5, 3, 22
crimes, 2, 1, 10
principles, 1, 1, 179
scheisse, 1, 1, 293
generative, 1, 1, 5
literature, 3, 3, 28
trading, 4, 3, 173
probation, 1, 1, 139
navy, 2, 1, 3
goodwin, 1, 1, 7
principled, 1, 1, 139
truman, 1, 1, 481
manchuria, 1, 1, 1
toleration, 1, 1, 5
merchants, 2, 2, 10
gon, 1, 1, 756
network, 1, 1, 46
driving, 1, 1, 3
gaelic, 2, 1, 5
god, 4, 4, 842
tales, 1, 1, 22
dewitt, 1, 1, 139
crucial, 1, 1, 98
forty, 1, 1, 11
vessels, 1, 1, 4
cheesy, 1, 1, 5
content, 2, 2, 30
millennium, 1, 1, 4
rare, 1, 1, 4
cordoba, 2, 2, 6
medicine, 1, 1, 1
got, 9, 9, 567
independence, 2, 2, 121
emplaced, 1, 1, 5
arizona, 1, 1, 139
linear, 3, 1, 376
love, 2, 2, 29
interchange, 1, 1, 2
coopedupboredom, 1, 1, 22
given, 3, 3, 213
free, 6, 6, 53
fred, 2, 1, 139
betterknown, 1, 1, 0
playing, 1, 1, 5
navis, 1, 1, 7
management, 1, 1, 139
formation, 2, 2, 9
struggle, 3, 3, 24
grapes, 4, 2, 7
wanted, 8, 5, 155
knit, 1, 1, 13
criminalterrorist, 1, 1, 13
widespread, 1, 1, 4
enormous, 1, 1, 1
sods, 1, 1, 1
piecemeal, 2, 1, 139
renaissance, 1, 1, 3
typified, 1, 1, 4
summarizing, 1, 1, 4
days, 10, 6, 51
punctuated, 1, 1, 5
caprice, 1, 1, 11
shipped, 2, 1, 139
heck, 1, 1, 1
marcus, 1, 1, 3
corrections, 1, 1, 5
arrived, 3, 3, 148
gzm4awaaqbaj, 1, 1, 179
postcolonialism, 1, 1, 3
onto, 2, 2, 13
user, 1, 1, 5
already, 11, 10, 4121
features, 3, 3, 17
cigarette, 3, 1, 1
assests, 1, 1, 166
primary, 4, 4, 155
rank, 3, 2, 17
hearing, 1, 1, 1
lungtarring, 1, 1, 1
philosophical, 1, 1, 139
adopted, 2, 2, 10
another, 12, 12, 765
guthrum, 2, 1, 5
alandalus, 7, 2, 6
rommel, 1, 1, 1
comic, 1, 1, 11
remotely, 1, 1, 4
payload, 1, 1, 1
researched, 1, 1, 5
athelney, 1, 1, 5
historiography, 1, 1, 11
timothy, 1, 1, 179
olds, 3, 1, 481
metalwork, 1, 1, 5
b29, 1, 1, 1
revival, 1, 1, 5
similarly, 3, 3, 3486
tensions, 1, 1, 46
top, 3, 3, 317
historian, 4, 4, 188
carry, 3, 2, 8
fiction, 1, 1, 293
faq, 1, 1, 3
needed, 6, 4, 11
rates, 1, 1, 1
xiv, 2, 1, 6
john, 8, 4, 30
recreationally, 1, 1, 3
consistent, 1, 1, 11
urban, 4, 4, 481
looted, 1, 1, 5
1948, 1, 1, 481
zionist, 1, 1, 5
pitchers, 1, 1, 293
tool, 1, 1, 5
albert, 1, 1, 13
took, 2, 2, 21
rejected, 2, 2, 5
japanese, 6, 5, 150
mutilated, 1, 1, 11
western, 11, 6, 180
somewhat, 3, 3, 327
couscous, 1, 1, 4
anachronisms, 1, 1, 293
marxist, 1, 1, 3
character, 3, 3, 44
anglosaxonsjust, 1, 1, 293
target, 2, 2, 237
showed, 1, 1, 31
surrounding, 3, 3, 39
structures, 4, 2, 10
immigrants, 3, 2, 184
mierda, 1, 1, 293
likely, 17, 10, 4496
nations, 4, 3, 181
project, 1, 1, 2
matter, 8, 6, 454
interrelated, 1, 1, 13
silly, 1, 1, 3
fvccant, 1, 1, 98
historical, 14, 8, 197
1976, 2, 1, 481
knights, 1, 1, 6
gives, 6, 5, 334
powers, 10, 7, 30
perspective, 1, 1, 7
interests, 2, 1, 6
fashion, 3, 3, 14
willingness, 1, 1, 139
ran, 2, 2, 33
boston, 2, 2, 339
modern, 21, 17, 4385
mind, 11, 9, 3668
mine, 3, 3, 391
talking, 6, 4, 466
manner, 1, 1, 2
seen, 7, 6, 90
seem, 5, 5, 573
1970, 2, 1, 481
seek, 2, 2, 148
relatively, 2, 2, 9
halfcreek, 1, 1, 2
forced, 6, 6, 84
abroad, 1, 1, 5
strength, 1, 1, 1
modtools, 1, 1, 1
allegedly, 1, 1, 293
academic, 1, 1, 5
1967, 1, 1, 0
1960, 1, 1, 481
snow, 1, 1, 22
bengal, 1, 1, 46
subjects, 2, 2, 26
absorbed, 2, 2, 225
amusing, 1, 1, 139
forces, 13, 8, 90
4page, 1, 1, 139
arguably, 3, 3, 13
curfew, 3, 1, 139
explanation, 1, 1, 33
circles, 1, 1, 4
accoutrement, 1, 1, 1
rhodesia, 1, 1, 1
though, 9, 6, 789
desert, 2, 2, 4
object, 2, 1, 22
dial, 1, 1, 481
passover, 1, 1, 5
regular, 1, 1, 98
germany, 4, 4, 36
reverence, 1, 1, 15
quantitative, 1, 1, 0
competing, 2, 1, 2
coin, 3, 3, 15
germans, 5, 4, 5
christ, 3, 3, 13
mitigate, 1, 1, 7
paradigm, 1, 1, 9
episode, 1, 1, 4
tihuanaco, 1, 1, 2
tiwanaku, 1, 1, 2
medical, 3, 1, 5
camp, 14, 1, 139
spend, 3, 1, 139
points, 1, 1, 22
preconversion, 4, 1, 11
deeply, 2, 1, 139
1763, 1, 1, 17
brehon, 1, 1, 5
voting, 6, 1, 481
attested, 1, 1, 1
ned, 3, 3, 5
came, 10, 7, 653
fussy, 1, 1, 1
saying, 4, 4, 307
selected, 1, 1, 29
bait, 1, 1, 13
military_career, 1, 1, 1
pope, 1, 1, 7
opinions, 2, 1, 7
carmelite, 1, 1, 98
massawa, 1, 1, 84
random, 3, 2, 510
precarious, 1, 1, 1
subreddit, 1, 1, 29
religions, 4, 2, 20
malleable, 1, 1, 481
subtle, 1, 1, 11
bail, 1, 1, 139
enjoyed, 2, 2, 6
judges, 1, 1, 0
finally, 3, 1, 46
linked, 3, 3, 304
quoted, 1, 1, 13
manufactured, 1, 1, 5
peasants, 2, 2, 34
elite, 2, 2, 10
explain, 1, 1, 179
national, 1, 1, 16
appreciated, 1, 1, 1
theme, 2, 1, 22
inability, 1, 1, 179
rich, 5, 4, 511
cuisines, 1, 1, 4
integrate, 1, 1, 38
rice, 22, 2, 27
oct, 2, 2, 5
wearing, 6, 4, 385
exports, 1, 1, 46
asians, 1, 1, 481
colorful, 1, 1, 376
hostility, 1, 1, 11
de, 4, 4, 305
watch, 1, 1, 9
fluid, 1, 1, 11
leisure, 1, 1, 1
coast, 2, 2, 172
copypaste, 1, 1, 1
1941, 1, 1, 1
guatemala, 1, 1, 1
12, 1, 1, 4
spirit, 1, 1, 7
supplies, 2, 2, 8
witan, 1, 1, 5
15, 1, 1, 5
dr, 1, 1, 2
comply, 3, 1, 139
societies, 9, 5, 251
3049, 1, 1, 481
runs, 1, 1, 5
rahat, 1, 1, 293
bar, 1, 1, 13
drencherunt, 1, 1, 98
die, 1, 1, 4
countries, 10, 6, 107
officially, 1, 1, 756
translating, 1, 1, 5
555th, 1, 1, 1
idiotic, 1, 1, 1
method, 2, 2, 5
bad, 1, 1, 5
reformation, 1, 1, 293
troop, 1, 1, 4
shots, 1, 1, 2
pacifist, 1, 1, 139
release, 5, 2, 18
22, 1, 1, 6
steam, 1, 1, 1
mergers, 1, 1, 179
secretary, 2, 1, 3
respond, 1, 1, 41
decides, 1, 1, 66
fair, 4, 4, 107
cohorts, 4, 1, 481
hammed, 1, 1, 11
testing, 3, 1, 3
mercenaries, 2, 1, 5
1960s, 1, 1, 3
zones, 3, 2, 144
peplos, 1, 1, 376
depends, 1, 1, 5
5000, 2, 1, 139
result, 6, 6, 57
discussions, 1, 1, 2
christian, 16, 2, 6
resigned, 1, 1, 3
best, 9, 8, 845
subject, 9, 8, 3645
02, 1, 1, 2
03, 1, 1, 2
capone, 1, 1, 3
said, 12, 11, 4565
draws, 2, 2, 148
07, 1, 1, 2
pressured, 1, 1, 3
05, 1, 1, 3
lots, 2, 2, 8
away, 4, 4, 56
meta, 1, 1, 2
wikipedia, 5, 2, 3
shaved, 1, 1, 11
clamped, 1, 1, 5
pissed, 1, 1, 1
stamps, 1, 1, 1
unable, 2, 2, 2
hopefully, 5, 5, 174
mum, 1, 1, 1
drawn, 1, 1, 0
sorts, 2, 2, 7
enlighten, 1, 1, 2
tolerance, 4, 3, 82
discovery, 2, 1, 7
profitable, 1, 1, 5
reddit, 4, 4, 394
never, 11, 10, 229
terms, 13, 10, 555
maximums, 1, 1, 139
extend, 1, 1, 0
adding, 3, 3, 81
belgae, 1, 1, 31
confusion, 1, 1, 1
vvivys, 1, 1, 98
handful, 1, 1, 15
weak, 1, 1, 1
however, 13, 10, 403
wi, 1, 1, 3482
weary, 1, 1, 5
southeast, 1, 1, 4
aristocrats, 1, 1, 6
extent, 3, 3, 21
news, 2, 2, 377
predates, 1, 1, 4
faced, 2, 2, 13
climate, 2, 2, 28
castrations, 1, 1, 5
1773, 1, 1, 46
cow, 1, 1, 3482
reported, 1, 1, 5
resistant, 2, 2, 7
country, 11, 9, 530
conclusions, 1, 1, 2
jelly, 1, 1, 2
coa, 1, 1, 4
bet, 1, 1, 376
normandy, 1, 1, 27
distinction, 1, 1, 9
contribution, 2, 2, 11
argue, 1, 1, 7
adapted, 2, 1, 4
asked, 1, 1, 4
unconducive, 1, 1, 16
30th, 1, 1, 139
presumably, 1, 1, 23
steersman, 1, 1, 98
royal, 3, 3, 66
riceeating, 1, 1, 4
huari, 1, 1, 2
height, 1, 1, 29
represented, 1, 1, 3
prone, 1, 1, 2
wider, 1, 1, 16
257, 1, 1, 2
bureaucratic, 1, 1, 6
speak, 2, 2, 78
victimhood, 1, 1, 5
iraq, 3, 2, 5
targeting, 1, 1, 7
40000, 1, 1, 2
union, 1, 1, 7
planlegislature, 1, 1, 6
velocity, 1, 1, 1
three, 13, 9, 3869
quickly, 3, 2, 11
twain, 2, 1, 11
confident, 1, 1, 46
much, 29, 23, 4791
interest, 2, 2, 34
privilege, 2, 2, 47
entered, 2, 2, 295
dozens, 3, 3, 36
deerskins, 1, 1, 2
formalized, 1, 1, 293
duties, 2, 2, 176
threw, 1, 1, 6
refuted, 1, 1, 2
life, 8, 8, 377
extensive, 1, 1, 4
families, 1, 1, 0
easy, 3, 2, 660
oryza, 5, 1, 4
eastern, 9, 8, 66
39, 1, 1, 3
concerning, 2, 1, 6
republicans, 1, 1, 481
worker, 1, 1, 5
uncommon, 1, 1, 1
locations, 1, 1, 11
officialdom, 1, 1, 2
coherent, 1, 1, 5
southerners, 1, 1, 481
personally, 4, 4, 201
catch, 1, 1, 1
worked, 1, 1, 1
altered, 1, 1, 1
censored, 1, 1, 293
hapsburgs, 1, 1, 0
colored, 1, 1, 2
applied, 5, 5, 26
commerce, 1, 1, 46
east, 14, 9, 243
presidency, 2, 2, 486
almohads, 2, 1, 5
originate, 1, 1, 31
inviolable, 1, 1, 1
marginalised, 1, 1, 5
humanity, 1, 1, 11
lesser, 1, 1, 5
depictions, 3, 3, 54
suppose, 1, 1, 5
viii, 1, 1, 0
appeals, 4, 1, 139
subjugate, 1, 1, 7
property, 1, 1, 5
pencilthin, 1, 1, 1
elaborate, 1, 1, 139
vows, 1, 1, 0
natives, 2, 2, 102
incan, 1, 1, 2
cylinder, 1, 1, 1
economics, 1, 1, 33
inquirers, 1, 1, 9
discourses, 1, 1, 0
distorted, 1, 1, 5
pensinsular, 1, 1, 27
ii, 1, 1, 6
disfavored, 1, 1, 22
dig, 1, 1, 2
experience, 3, 3, 3
sucked, 1, 1, 1
hebrew, 2, 1, 13
campaigning, 1, 1, 5
ofhe, 1, 1, 139
tremendously, 2, 2, 620
ie, 2, 2, 33
id, 6, 2, 277
grown, 5, 3, 29
1815, 1, 1, 7
damaged, 2, 2, 32
embracing, 1, 1, 8
snobbery, 1, 1, 5
descent, 2, 1, 139
soldier, 4, 2, 33
perform, 3, 3, 157
suggest, 1, 1, 31
make, 11, 11, 513
prussia, 1, 1, 0
grotius, 1, 1, 7
rebellion, 1, 1, 46
backed, 1, 1, 5
complex, 3, 3, 490
belly, 1, 1, 46
passos, 2, 1, 0
monarch, 1, 1, 27
colonies, 8, 4, 140
several, 3, 2, 12
breaks, 1, 1, 11
european, 17, 11, 48
fairly, 7, 7, 321
boiled, 1, 1, 4
raid, 1, 1, 7
peaks, 1, 1, 481
welsh, 1, 1, 7
poston, 1, 1, 139
conversion, 4, 2, 16
hand, 1, 1, 3482
norwegian, 2, 1, 163
documents, 1, 1, 139
characters, 3, 2, 75
pictured, 1, 1, 3
insisted, 1, 1, 139
opportunity, 5, 4, 15
anarchist, 1, 1, 293
thoughts, 1, 1, 5
subgroups, 2, 1, 481
mentioning, 1, 1, 1
paratrooper, 1, 1, 1
ujvlivs, 1, 1, 2
hopping, 1, 1, 1
720s, 1, 1, 1
changes, 3, 3, 488
possessed, 1, 1, 9
1974, 1, 1, 481
game, 1, 1, 22
1971, 2, 2, 4
ocean, 2, 2, 10
hispanic, 1, 1, 481
rome, 1, 1, 1
greatest, 3, 3, 20
dominating, 2, 1, 7
mother, 3, 3, 310
claims, 3, 3, 11
camps, 4, 2, 142
left, 4, 4, 503
criticism, 3, 2, 27
answering, 3, 3, 392
indigo, 1, 1, 4
traditions, 1, 1, 4
proposed, 1, 1, 22
sentence, 7, 1, 139
gods, 1, 1, 7
distribute, 1, 1, 6
dhimmis, 1, 1, 5
aside, 1, 1, 66
proposes, 1, 1, 3
brigade, 1, 1, 27
alexandria, 1, 1, 5
identify, 1, 1, 4
prefederation, 1, 1, 2
human, 3, 2, 315
swears, 1, 1, 3482
svnt, 2, 1, 98
yes, 4, 4, 493
yet, 4, 4, 117
amusingly, 1, 1, 139
previous, 4, 4, 162
terrific, 1, 1, 9
candidate, 1, 1, 481
1772, 1, 1, 46
ease, 1, 1, 2
strains, 2, 1, 2
advancement, 1, 1, 1
ely, 1, 1, 98
collections, 1, 1, 0
board, 3, 2, 170
innocent, 3, 2, 18
prison, 8, 1, 139
marxian, 2, 1, 3
monotheists, 1, 1, 9
gave, 6, 6, 529
viking, 19, 3, 172
desire, 1, 1, 7
insensitive, 1, 1, 22
metaphorical, 2, 2, 10
sailors, 1, 1, 293
survival, 2, 2, 27
obscenity, 1, 1, 3482
possible, 10, 8, 178
arab, 6, 2, 27
possibly, 2, 2, 381
cultural, 3, 3, 14
douglashome, 1, 1, 1
unification, 4, 2, 91
birth, 2, 2, 494
judge, 3, 2, 148
andalusi, 4, 1, 5
apart, 1, 1, 0
depicts, 1, 1, 2
lashings, 1, 1, 1
advanced, 1, 1, 5
cognitive, 1, 1, 9
shoulder, 1, 1, 2
consumer, 1, 1, 1
1977, 1, 1, 2
vis, 2, 1, 5
55, 1, 1, 481
1559, 2, 1, 7
postintegration, 1, 1, 1
huns, 1, 1, 6
50, 2, 2, 485
53, 1, 1, 2
52, 1, 1, 481
specific, 13, 11, 559
remind, 1, 1, 2
anglonorman, 1, 1, 16
offices, 1, 1, 6
officer, 3, 2, 140
establishes, 1, 1, 5
prologue, 1, 1, 22
archaeological, 3, 1, 3
hunchback, 1, 1, 22
portuguese, 4, 2, 300
maximize, 1, 1, 7
right, 11, 11, 489
old, 11, 8, 4337
creek, 1, 1, 2
crowd, 3, 3, 47
people, 58, 33, 2003
crown, 1, 1, 27
somehow, 1, 1, 139
dead, 2, 2, 27
born, 2, 2, 484
influenced, 2, 1, 4
election, 7, 1, 481
tucano, 1, 1, 1
deems, 1, 1, 27
dear, 1, 1, 6
dhegiha, 3, 1, 179
manifest, 1, 1, 2
wwi, 2, 2, 8
library, 1, 1, 7
confusing, 2, 2, 484
anatolia, 1, 1, 1
etymologically, 1, 1, 4
humor, 1, 1, 11
combat, 2, 2, 4
fourth, 3, 2, 5
armed, 1, 1, 2
disseminate, 1, 1, 5
brtain, 1, 1, 31
plucked, 1, 1, 11
everything, 5, 4, 58
zionism, 1, 1, 5
asking, 7, 7, 526
shakespeare, 2, 2, 315
pangermanists, 1, 1, 1
pattern, 1, 1, 2
carta, 1, 1, 3
beating, 1, 1, 1
pagans, 3, 2, 20
core, 2, 2, 182
ww1, 2, 1, 1
ww2, 2, 2, 11
deleted, 1, 1, 1
k, 1, 1, 293
burn, 1, 1, 1
byzantium, 2, 2, 10
hoplite, 1, 1, 3
translated, 2, 2, 104
substitution, 1, 1, 98
losing, 1, 1, 139
post, 10, 9, 113
manufacturing, 1, 1, 5
permitted, 1, 1, 4
chapter, 1, 1, 179
rallying, 1, 1, 6
inedible, 1, 1, 2
attacks, 1, 1, 2
citizens, 1, 1, 15
bynum, 1, 1, 2
routeplanning, 1, 1, 4
essential, 2, 2, 27
patriarchal, 1, 1, 11
dinner, 1, 1, 139
plus, 1, 1, 293
steadily, 1, 1, 4
islands, 3, 1, 11
yasui, 7, 1, 139
slightly, 4, 1, 481
hospital, 1, 1, 5
match, 3, 3, 3
christianity, 3, 1, 11
raised, 3, 3, 76
coins, 2, 2, 8
statements, 1, 1, 13
froze, 1, 1, 4
civil, 3, 3, 300
derives, 1, 1, 5
float, 1, 1, 46
profession, 1, 1, 31
beneficial, 1, 1, 5
obscene, 4, 1, 293
son, 6, 2, 18
lies, 1, 1, 5
beings, 1, 1, 293
google, 2, 2, 62
coastal, 3, 3, 39
anchoress, 2, 1, 9
theorists, 1, 1, 9
refined, 1, 1, 293
reducing, 1, 1, 139
methods, 2, 2, 10
existed, 4, 4, 27
art, 3, 2, 376
despised, 1, 1, 9
deal, 8, 8, 984
comparing, 2, 2, 482
serfs, 2, 2, 35
constantly, 2, 2, 7
available, 2, 2, 6
personage, 1, 1, 11
nova, 1, 1, 17
fight, 3, 3, 148
virgin, 1, 1, 13
quote, 2, 2, 6
noting, 1, 1, 4
pamphleteer, 1, 1, 3
way, 42, 26, 1029
dakotamontana, 1, 1, 73
boom, 1, 1, 5
henry, 1, 1, 0
icon, 1, 1, 2
war, 34, 15, 371
happy, 2, 1, 139
selection, 1, 1, 29
emulated, 1, 1, 1
head, 3, 2, 143
medium, 1, 1, 1
amateur, 1, 1, 5
form, 10, 6, 436
offer, 5, 5, 42
taboo, 2, 2, 3483
forming, 1, 1, 179
differences, 5, 4, 147
1300s1700s, 1, 1, 33
chainmail, 1, 1, 1
peninsula, 1, 1, 5
garments, 5, 4, 24
heat, 2, 1, 4
hear, 2, 1, 5
solar, 1, 1, 1
middleeastern, 1, 1, 5
removed, 14, 14, 207
true, 15, 9, 224
protestant, 2, 2, 300
bundled, 1, 1, 0
portions, 1, 1, 6
understood, 4, 3, 9
muster, 1, 1, 1
page_id, 1, 1, 2
ancestral, 1, 1, 179
maximum, 1, 1, 139
tucson, 4, 1, 139
economic, 3, 3, 166
vatican, 1, 1, 11
smashed, 1, 1, 4
reform, 2, 1, 2
ragnar, 1, 1, 1
occupiers, 1, 1, 8
flatten, 1, 1, 5
fractions, 2, 1, 2
basilica, 1, 1, 293
later, 19, 14, 3815
liberal, 4, 3, 10
anklelength, 1, 1, 2
exerting, 1, 1, 5
classic, 5, 2, 4
constable, 1, 1, 5
evidence, 11, 9, 606
sometime, 2, 2, 6
exist, 2, 2, 47
prayer, 1, 1, 9
ship, 2, 2, 11
face, 1, 1, 376
check, 6, 6, 309
triangles, 1, 1, 4
physical, 3, 2, 31
mediterranean, 4, 2, 8
marking, 1, 1, 4
margareta, 1, 1, 9
upheaval, 2, 1, 3
pledging, 1, 1, 1
na, 1, 1, 756
whereas, 1, 1, 1
coptic, 2, 1, 2
generally, 12, 10, 36
capita, 2, 1, 4
handed, 1, 1, 6
reality, 4, 4, 25
til, 1, 1, 13
interested, 14, 14, 181
spainportugal, 1, 1, 6
holding, 1, 1, 27
papers, 1, 1, 4
test, 3, 1, 139
interjection, 2, 1, 3482
depot, 1, 1, 1
dynasties, 4, 2, 10
standard, 2, 2, 11
picture, 8, 7, 30
sons, 1, 1, 293
models, 1, 1, 481
centered, 1, 1, 1
welcome, 4, 3, 36
outreach, 1, 1, 29
transported, 1, 1, 1
maimed, 1, 1, 11
muslims, 8, 4, 40
intent, 1, 1, 22
reign, 2, 2, 6
rising, 2, 2, 10
professional, 2, 2, 29
authorities, 2, 1, 139
moreover, 1, 1, 2
weekend, 1, 1, 4
died, 1, 1, 5
began, 6, 5, 534
younger, 1, 1, 481
fastened, 1, 1, 2
longer, 2, 2, 47
bullet, 1, 1, 179
texiles, 1, 1, 4
assume, 1, 1, 4
typically, 3, 2, 20
cheaper, 1, 1, 4
bottom, 2, 2, 7
concord, 2, 1, 2
landed, 1, 1, 1
together, 2, 2, 7
2c_frescojpg, 1, 1, 376
loyal, 1, 1, 6
vietnam, 3, 2, 6
swathes, 1, 1, 5
iimgurcomrje6iwtjpg, 1, 1, 2
time, 56, 37, 5282
push, 2, 2, 7
serious, 1, 1, 4
banners, 1, 1, 4
backward, 1, 1, 11
holdouts, 1, 1, 5
restored, 2, 2, 12
precise, 1, 1, 2
concept, 2, 2, 26
managed, 1, 1, 46
remarkable, 2, 2, 6
reviewers, 2, 1, 293
wari, 1, 1, 2
ucaffarelli, 3, 3, 29
hawaii, 2, 1, 11
leads, 1, 1, 5
mild, 1, 1, 3
catalina, 1, 1, 139
nephew, 1, 1, 139
comments, 15, 7, 55
ybta4mgrzdcc, 1, 1, 179
battle, 4, 4, 58
remarkably, 2, 2, 144
creative, 1, 1, 1
resourceful, 1, 1, 7
devoted, 2, 2, 11
certainly, 10, 8, 505
grape, 4, 1, 2
clarification, 2, 2, 4
zone, 2, 2, 144
outflanked, 1, 1, 2
1942, 4, 2, 140
1940, 2, 2, 496
technique, 1, 1, 98
father, 4, 2, 18
methodically, 1, 1, 293
1944, 1, 1, 27
passage, 5, 3, 19
0, 2, 2, 487
charge, 2, 2, 11
unpleasant, 1, 1, 33
permanently, 1, 1, 481
courthouses, 3, 2, 38
videos, 1, 1, 1
gasp, 1, 1, 293
baphomet, 1, 1, 1
analogous, 1, 1, 11
circumstances, 2, 2, 302
veterans, 1, 1, 5
815, 1, 1, 5
periphery, 1, 1, 4
trajan, 1, 1, 3
division, 4, 1, 27
colours, 1, 1, 27
broadly, 2, 2, 13
absolutism, 1, 1, 6
denied, 1, 1, 139
consolidation, 1, 1, 5
unfamiliar, 1, 1, 0
choice, 4, 4, 32
1492, 1, 1, 1
rumanian, 1, 1, 293
1494, 1, 1, 7
word, 6, 4, 3593
1968, 1, 1, 27
exact, 1, 1, 13
procreation, 1, 1, 2
governments, 3, 3, 14
perceived, 4, 4, 24
epic, 2, 2, 387
scandinavia, 1, 1, 1
swapping, 1, 1, 2
level, 6, 5, 513
turns, 1, 1, 139
1996, 1, 1, 481
posts, 7, 6, 84
gun, 2, 2, 63
mcneill, 1, 1, 139
leave, 1, 1, 139
p, 1, 1, 24
domestically, 1, 1, 16
planning, 1, 1, 10
participation, 3, 3, 19
sleeveless, 1, 1, 2
quick, 4, 4, 216
guy, 3, 3, 17
dip, 1, 1, 481
round, 1, 1, 293
added, 1, 1, 4
shave, 1, 1, 1
prevent, 1, 1, 1
hte, 1, 1, 179
revolution, 3, 3, 21
says, 3, 3, 15
regret, 1, 1, 5
vitale, 1, 1, 2
trend, 2, 2, 484
dealing, 2, 1, 22
copy, 1, 1, 1
sign, 1, 1, 9
____, 1, 1, 13
invaded, 2, 2, 300
dried, 1, 1, 163
ottoman, 4, 4, 16
hegemonic, 1, 1, 5
meanings, 3, 1, 293
migraines, 1, 1, 5
submit, 1, 1, 5
krakow, 1, 1, 33
fear, 2, 2, 103
unlikely, 3, 3, 7
afghanistan, 2, 1, 4
constitution, 2, 2, 125
church, 5, 4, 300
assistance, 2, 2, 48
celebrated, 2, 1, 5
shares, 1, 1, 46
pleased, 1, 1, 1
current, 7, 6, 387
suspect, 1, 1, 33
goes, 2, 2, 297
international, 1, 1, 5
falling, 1, 1, 22
thereabouts, 1, 1, 130
badge, 1, 1, 2
reversediagnose, 1, 1, 9
drafted, 1, 1, 139
pose, 1, 1, 5
explosion, 1, 1, 1
windchill, 1, 1, 4
muslim, 7, 5, 16
french, 13, 9, 400
understanding, 9, 9, 678
femininity, 1, 1, 22
aurelius, 1, 1, 3
groups, 4, 3, 50
dea, 1, 1, 5
along, 9, 7, 332
william, 1, 1, 6
appears, 4, 4, 302
change, 9, 3, 533
stogies, 1, 1, 1
box, 1, 1, 1
oklahomaindian, 1, 1, 2
enroll, 1, 1, 139
redemption, 2, 1, 46
canadian, 1, 1, 17
brilliant, 1, 1, 5
shift, 2, 2, 10
studied, 1, 1, 5
bot, 3, 2, 95
commonly, 1, 1, 3
bow, 1, 1, 6
trial, 4, 2, 149
accomplished, 1, 1, 5
ineffective, 1, 1, 1
addictive, 1, 1, 1
mcarthur, 1, 1, 8
usually, 8, 8, 457
resonance, 1, 1, 6
noticeably, 1, 1, 4
studies, 2, 1, 5
bruised, 1, 1, 11
influx, 1, 1, 2
ships, 2, 2, 8
crusading, 1, 1, 7
useful, 4, 4, 157
raise, 1, 1, 5
morals, 1, 1, 2
extra, 3, 3, 61
2529, 1, 1, 481
merely, 3, 3, 437
marked, 1, 1, 5
cloak, 4, 3, 11
refuses, 3, 1, 139
circumvent, 1, 1, 7
italians, 2, 2, 6
frankly, 1, 1, 3
1st, 1, 1, 13
marker, 1, 1, 9
fbi, 2, 1, 139
rarely, 2, 2, 3486
isles, 2, 2, 22
market, 3, 3, 226
inkasouth, 1, 1, 2
iberians, 1, 1, 5
troops, 5, 4, 165
working, 5, 5, 55
prove, 3, 3, 8
positive, 1, 1, 5
semimagical, 1, 1, 5
visit, 1, 1, 139
bowdlerization, 1, 1, 293
france, 7, 7, 44
christianjewish, 1, 1, 5
territories, 1, 1, 2
live, 3, 3, 528
explicitly, 1, 1, 79
upheld, 1, 1, 139
wondering, 6, 6, 29
memory, 1, 1, 1
films, 1, 1, 2
australian, 1, 1, 2
thru, 1, 1, 1
theoretical, 1, 1, 5
today, 16, 10, 561
merde, 1, 1, 293
carried, 1, 1, 1
sharing, 2, 2, 38
editorial, 1, 1, 3
sessions, 1, 1, 24
clicking, 1, 1, 1
unequaled, 1, 1, 6
acceptable, 1, 1, 73
apparent, 1, 1, 3
oregon, 1, 1, 139
fuel, 1, 1, 1
qh15x_ddrju, 1, 1, 1
archaeologists, 3, 2, 182
cases, 5, 4, 153
effort, 2, 2, 168
easiest, 1, 1, 3
capturing, 1, 1, 7
impair, 1, 1, 5
sheds, 1, 1, 7
defeats, 1, 1, 481
avoiding, 1, 1, 3
originally, 3, 3, 69
rutherford, 1, 1, 3
posthumous, 1, 1, 139
believes, 1, 1, 5
strain, 1, 1, 46
xxkxzt, 2, 1, 98
alliance, 1, 1, 2
printing, 1, 1, 3482
values, 4, 3, 20
9th, 2, 2, 6
growing, 3, 2, 29
making, 11, 9, 685
metal, 1, 1, 2
modernity, 1, 1, 2
pelt, 1, 1, 73
claim, 1, 1, 5
osage, 1, 1, 179
months, 4, 3, 454
cite, 1, 1, 1
figure, 3, 2, 10
mirrors, 1, 1, 22
expanding, 1, 1, 179
frescoes, 1, 1, 376
sense, 7, 5, 3494
confused, 1, 1, 29
coldsteam, 1, 1, 27
topic, 9, 8, 50
heard, 6, 6, 186
interreligious, 1, 1, 5
performed, 1, 1, 9
council, 1, 1, 5
allowed, 7, 6, 555
clothing, 2, 1, 6
237, 1, 1, 2
conversely, 2, 2, 10
breaking, 1, 1, 5
winter, 4, 3, 29
robinson, 1, 1, 1
discussion, 7, 4, 45
mongols, 1, 1, 6
sunday, 1, 1, 5
genetics, 1, 1, 4
whistlepigs, 1, 1, 22
swore, 8, 1, 293
nighttime, 1, 1, 1
axis, 1, 1, 1
josephus, 1, 1, 6
economy, 4, 3, 13
armies, 4, 3, 8
staying, 1, 1, 139
samuel, 1, 1, 5
building, 2, 1, 6
huge, 2, 2, 169
may, 28, 22, 629
overall, 1, 1, 3
fed, 1, 1, 2
southern, 7, 7, 276
islamic, 7, 3, 14
clyde, 1, 1, 139
date, 3, 3, 143
pilate, 8, 2, 18
curing, 2, 2, 506
grow, 1, 1, 5
man, 4, 3, 311
wwwyoutubecomwatch, 1, 1, 1
natural, 2, 2, 43
remember, 3, 3, 11
johnson, 1, 1, 2
whenever, 1, 1, 11
maybe, 8, 7, 1086
nomadic, 1, 1, 6
arabmuslim, 1, 1, 5
simple, 3, 3, 105
rrfisk, 1, 1, 163
q, 3, 3, 396
nationalprestige, 1, 1, 7
switch, 2, 2, 18
african, 4, 4, 23
tall, 1, 1, 29
sa, 1, 1, 98
conquests, 1, 1, 4
talk, 6, 4, 353
typical, 4, 3, 6
serving, 1, 1, 139
shoes, 1, 1, 2
92nd, 1, 1, 1
feb, 1, 1, 10
indeed, 3, 3, 192
mainly, 2, 2, 167
entity, 1, 1, 5
stability, 1, 1, 8
course, 23, 18, 4181
_ama, 1, 1, 3
statistical, 2, 1, 481
argued, 1, 1, 5
cold, 9, 3, 29
still, 10, 9, 322
tendency, 1, 1, 481
discusses, 1, 1, 3
ved, 1, 1, 98
police, 5, 2, 141
thank, 3, 3, 66
internationally, 1, 1, 27
interesting, 12, 10, 611
zaragoza, 1, 1, 7
troubles, 1, 1, 46
hot, 1, 1, 29
shaping, 1, 1, 2
forms, 3, 2, 432
macarthur, 1, 1, 10
window, 2, 1, 9
offers, 1, 1, 139
saxon, 5, 2, 9
farmer, 1, 1, 5
policy, 5, 5, 51
mail, 1, 1, 22
main, 3, 2, 9
norway, 9, 4, 540
aliens, 1, 1, 1
happened, 9, 8, 352
correspondence, 1, 1, 22
non, 3, 1, 98
qualifies, 1, 1, 5
qualifier, 1, 1, 5
3, 5, 5, 64
drenched, 1, 1, 98
13151318, 1, 1, 5
introduce, 1, 1, 22
nation, 3, 2, 13
records, 2, 2, 37
conquer, 1, 1, 0
1950, 1, 1, 481
wealthy, 5, 4, 360
feature, 2, 2, 8
nov, 2, 1, 3
discuss, 3, 3, 11
term, 9, 7, 583
name, 14, 9, 142
threeman, 1, 1, 481
ceremonially, 1, 1, 79
smet, 1, 1, 1
ussr, 2, 1, 1
fisherman, 1, 1, 163
idaho, 2, 1, 139
othered, 1, 1, 5
rock, 1, 1, 33
entirely, 5, 5, 24
neoplatonism, 1, 1, 2
trope, 2, 2, 19
el, 2, 2, 5
eo, 3, 1, 139
en, 2, 2, 144
honduras, 1, 1, 1
significantly, 1, 1, 1
mexico, 1, 1, 1
eg, 5, 4, 301
crossbowshaped, 1, 1, 2
20c, 1, 1, 2
18th, 1, 1, 1
challenges, 1, 1, 11
begun, 1, 1, 5
year, 15, 7, 638
doubtful, 1, 1, 1
illinois, 1, 1, 179
happen, 1, 1, 481
morning, 1, 1, 6
intellectual, 1, 1, 5
tried, 5, 5, 198
selfempowerment, 1, 1, 5
living, 1, 1, 5
shown, 1, 1, 29
intermarriage, 1, 1, 5
3rd, 2, 2, 31
space, 2, 2, 184
wiki_homework, 1, 1, 2
greeks, 3, 3, 401
middleman, 1, 1, 46
factory, 1, 1, 1
looking, 6, 6, 588
seriously, 2, 2, 11
bailout, 1, 1, 46
usearocksandtrees, 1, 1, 2
emerged, 1, 1, 11
internet, 2, 2, 296
suggesting, 1, 1, 22
archaeology, 2, 2, 182
correct, 2, 2, 10
indicating, 1, 1, 5
shows, 8, 5, 494
clover, 1, 1, 6
theory, 9, 6, 500
defenses, 1, 1, 3
quran, 1, 1, 5
dominated, 1, 1, 4
possibility, 2, 2, 180
quite, 12, 12, 554
romans, 8, 6, 61
postcolonial, 1, 1, 5
lucrative, 1, 1, 163
inviting, 1, 1, 6
besides, 1, 1, 1
visions, 1, 1, 5
judea, 3, 2, 8
care, 2, 2, 4
advance, 2, 2, 10
language, 9, 4, 672
minting, 1, 1, 5
impose, 2, 1, 5
kingdoms, 7, 4, 19
thing, 9, 9, 1070
medievaltudor, 1, 1, 0
place, 11, 9, 230
gordon, 16, 2, 142
routes, 3, 2, 11
japaneseamerican, 1, 1, 139
think, 17, 14, 846
lessthanpious, 1, 1, 5
first, 26, 17, 4009
origin, 1, 1, 42
romania, 1, 1, 33
suspend, 1, 1, 11
curiosity, 1, 1, 11
revenue, 2, 2, 50
brus, 1, 1, 5
wave, 1, 1, 4
rachel, 1, 1, 4
oversaw, 1, 1, 139
one, 60, 37, 5309
montreal, 1, 1, 4
zealotry, 1, 1, 5
americans, 3, 3, 631
long, 11, 9, 644
directly, 1, 1, 2
spanish, 6, 4, 441
vote, 9, 2, 488
impossible, 4, 4, 22
deadlocked, 1, 1, 6
drove, 1, 1, 1
open, 5, 5, 55
tomorrow, 1, 1, 5
size, 2, 2, 17
monks, 1, 1, 5
city, 5, 4, 289
little, 17, 14, 1078
ian, 1, 1, 1
jugs, 1, 1, 293
spurned, 1, 1, 5
larios, 1, 1, 1
23, 1, 1, 5
caught, 1, 1, 18
plastic, 1, 1, 139
anyone, 15, 15, 3684
seas, 1, 1, 7
guilt, 1, 1, 2
2, 7, 7, 646
draft, 2, 1, 139
replete, 1, 1, 1
alfred, 11, 2, 9
white, 12, 7, 652
bits, 1, 1, 293
frame, 2, 2, 35
friend, 1, 1, 31
wanes, 1, 1, 179
penitentiary, 1, 1, 139
eyes, 1, 1, 139
mostly, 4, 4, 147
ch, 1, 1, 5
season, 3, 3, 27
shawl, 1, 1, 3
sociable, 2, 1, 1
released, 3, 3, 625
imagery, 2, 1, 1
punishment, 1, 1, 3
specialists, 1, 1, 3
uranium, 1, 1, 3
republic, 2, 1, 1
undoubtedly, 1, 1, 0
population, 9, 6, 673
11, 3, 2, 4
10, 4, 4, 487
13, 1, 1, 2
cracks, 1, 1, 4
nathan, 1, 1, 3
unfortunately, 3, 3, 38
sailing, 2, 1, 4
16, 2, 2, 5
19, 1, 1, 6
18, 2, 2, 487
diplomatic, 1, 1, 3
miles, 1, 1, 1
officials, 1, 1, 2
venture, 1, 1, 16
normally, 1, 1, 3
reinforcements, 1, 1, 1
gigantic, 1, 1, 1
outcome, 1, 1, 1
russia, 6, 3, 4
published, 2, 2, 774
suggestions, 1, 1, 5
illness, 2, 1, 5
surname, 1, 1, 31
san, 2, 2, 295
angel, 3, 1, 179
remained, 2, 2, 143
revolt, 1, 1, 5
topics, 2, 1, 29
turned, 2, 2, 12
argument, 4, 3, 18
voices, 1, 1, 5
13th, 3, 2, 385
episcopal, 1, 1, 2
say, 21, 15, 1665
insurrection, 2, 1, 5
enamp, 3, 2, 277
1929, 1, 1, 3482
sas, 1, 1, 27
recover, 1, 1, 46
nazi, 2, 2, 6
elsewhere, 2, 2, 27
speakers, 2, 2, 3484
offering, 1, 1, 46
alias, 1, 1, 139
unsuitable, 1, 1, 23
weakening, 1, 1, 1
congressional, 2, 2, 3561
ideas, 6, 5, 53
note, 5, 3, 642
dining, 1, 1, 1
ideal, 8, 3, 30
potential, 2, 2, 7
transcribed, 1, 1, 22
take, 10, 10, 541
online, 2, 2, 10
resembling, 1, 1, 5
destroy, 1, 1, 31
secure, 1, 1, 2
impairment, 8, 2, 14
motivated, 1, 1, 7
cardboard, 1, 1, 1
closer, 2, 2, 5
begin, 1, 1, 139
sure, 8, 6, 634
multiple, 3, 3, 12
norman, 2, 1, 5
oppressive, 1, 1, 5
opposite, 4, 4, 205
track, 1, 1, 1
invasions, 1, 1, 31
price, 1, 1, 5
knew, 2, 2, 3
indicted, 1, 1, 139
paid, 4, 4, 59
instaban, 1, 1, 756
toplevel, 1, 1, 2
importantly, 1, 1, 1
printed, 1, 1, 3482
rationale, 2, 1, 139
repartitioned, 1, 1, 5
complaints, 2, 1, 293
egyptian, 2, 2, 9
america, 11, 10, 711
pages, 1, 1, 2
interacting, 1, 1, 1
forever, 1, 1, 6
democratic, 1, 1, 8
danjou, 1, 1, 6
especially, 11, 8, 138
paston, 2, 1, 0
considered, 7, 6, 3663
average, 1, 1, 4
adopt, 1, 1, 13
pa91amp, 1, 1, 98
tooth, 1, 1, 11
surrender, 3, 2, 7
federal, 7, 1, 139
massacres, 1, 1, 5
slaves, 1, 1, 5
proseunfortunately, 1, 1, 293
penned, 1, 1, 293
senior, 2, 2, 29
treats, 1, 1, 3
salt, 22, 6, 566
partisan, 1, 1, 3
shop, 1, 1, 179
onward, 1, 1, 2
walking, 1, 1, 139
lexicon, 1, 1, 293
rambling, 1, 1, 5
show, 6, 6, 491
german, 4, 3, 7
delta, 2, 1, 4
spain, 5, 3, 16
contemporary, 4, 3, 27
sites, 2, 1, 179
discovered, 2, 2, 14
scarce, 2, 2, 167
soviets, 5, 2, 2
versailles, 3, 2, 7
ground, 3, 3, 28
othering, 1, 1, 5
gage, 1, 1, 293
slow, 1, 1, 139
sativa, 1, 1, 4
treaties, 2, 2, 8
title, 1, 1, 5
proportion, 2, 2, 27
state, 8, 6, 100
crime, 1, 1, 139
liberation, 1, 1, 27
going, 14, 9, 1776
black, 7, 2, 16
equipped, 2, 2, 11
thompson, 3, 1, 3
identification, 1, 1, 3
robe, 5, 2, 9
commies, 1, 1, 1
get, 24, 21, 1237
committed, 1, 1, 5
allotted, 1, 1, 1
uninvolved, 1, 1, 139
truly, 3, 3, 307
substitutionary, 1, 1, 5
aim, 1, 1, 5
subalternity, 6, 1, 5
negative, 2, 2, 14
_what, 3, 2, 5
ukeyilan, 1, 1, 1
contracta, 1, 1, 9
manuscripts, 1, 1, 5
neither, 2, 2, 7
prime, 1, 1, 5
regarding, 3, 3, 11
held, 2, 2, 34
1824, 1, 1, 481
rmildlyinteresting, 1, 1, 4
summary, 1, 1, 5
noneuropean, 1, 1, 3
jokes, 1, 1, 5
foucault, 2, 1, 2
scots, 2, 2, 23
929, 1, 1, 1
bought, 1, 1, 1
discussing, 3, 3, 488
16th, 3, 3, 3628
booksgooglecombooks, 6, 2, 277
wiki, 2, 2, 13
ignored, 1, 1, 5
declared, 1, 1, 1
learn, 2, 2, 9
imposing, 1, 1, 42
attached, 1, 1, 2
signs, 3, 2, 144
relative, 2, 2, 10
namely, 1, 1, 6
college, 1, 1, 0
scalping, 1, 1, 18
abled, 2, 2, 27
surgery, 1, 1, 139
west_, 1, 1, 3
europeans, 2, 2, 13
permeates, 1, 1, 5
israeli, 2, 1, 5
hadrian, 1, 1, 3
stressed, 1, 1, 5
farmers, 1, 1, 1
ways, 9, 6, 32
avenue, 1, 1, 6
definite, 1, 1, 2
commitments, 2, 1, 1
weapons, 1, 1, 4
outside, 7, 6, 351
uwhen_doves_cry, 1, 1, 2
reading, 15, 14, 101
across, 4, 4, 190
ought, 1, 1, 8
arrival, 1, 1, 5
notice, 3, 3, 1237
august, 1, 1, 1
vertical, 1, 1, 2
legitimacy, 1, 1, 5
genetic, 1, 1, 4
style, 3, 2, 3
valuable, 1, 1, 2
crucified, 1, 1, 6
blame, 1, 1, 8
gregorian, 1, 1, 2
invite, 1, 1, 1
magna, 1, 1, 3
article, 5, 5, 188
cities, 2, 2, 202
come, 8, 8, 672
kirsten, 1, 1, 5
originates, 2, 2, 35
barjonas, 1, 1, 13
reaction, 2, 1, 11
dates, 2, 2, 3486
perceptions, 2, 2, 14
_why, 2, 2, 12
successes, 1, 1, 27
many, 33, 24, 1213
region, 2, 2, 2
22amp, 1, 1, 5
according, 3, 3, 514
nile, 1, 1, 4
somewhere, 4, 4, 77
issuesalliances, 1, 1, 17
aiding, 1, 1, 1
stateand, 1, 1, 6
traded, 2, 2, 7
comes, 3, 3, 60
nearby, 2, 2, 99
duty, 1, 1, 139
among, 14, 9, 820
key, 4, 4, 19
cancer, 1, 1, 11
color, 2, 2, 3
overview, 2, 2, 12
deviating, 1, 1, 5
9000, 1, 1, 4
colony, 2, 2, 91
period, 27, 17, 711
pop, 1, 1, 29
pius, 1, 1, 3
accusation, 1, 1, 98
mirroring, 1, 1, 1
grants, 1, 1, 139
anti, 1, 1, 5
65, 1, 1, 481
66, 1, 1, 1
approval, 1, 1, 481
proved, 1, 1, 481
poll, 1, 1, 481
charismatic, 1, 1, 22
worthwhile, 1, 1, 139
considering, 1, 1, 84
better, 7, 6, 313
arts, 1, 1, 22
medival, 1, 1, 33
capable, 1, 1, 1
stretch, 1, 1, 3
west, 14, 11, 205
informed, 3, 3, 164
escalated, 1, 1, 139
mark, 3, 3, 21
macaurther, 1, 1, 2
production, 2, 1, 3
combined, 1, 1, 46
regimental, 2, 1, 27
stripped, 2, 2, 51
partisanship, 1, 1, 481
reflective, 1, 1, 5
rites, 1, 1, 22
503, 3, 1, 139
misunderstandings, 1, 1, 11
torpor, 1, 1, 11
motivations, 2, 2, 17
educated, 3, 1, 2
transportation, 1, 1, 33
tmm_hrd_swatch_0, 1, 1, 4
recruiting, 1, 1, 27
offered, 3, 3, 13
formed, 2, 2, 3
stephen, 1, 1, 1
silk, 1, 1, 5
constantinople, 1, 1, 5
unified, 2, 1, 5
minister, 1, 1, 5
declaration, 1, 1, 120
scrupulously, 1, 1, 1
sticky, 1, 1, 1
squirrels, 1, 1, 22
case, 17, 11, 3845
accommodating, 1, 1, 5
hayes, 2, 1, 3
cast, 1, 1, 6
eic, 6, 2, 57
warning, 1, 1, 1
1450, 1, 1, 179
lsine, 1, 1, 5
policies, 1, 1, 2
joke, 2, 1, 1
newspaper, 1, 1, 0
situation, 3, 3, 312
converted, 1, 1, 5
cock, 1, 1, 293
pushed, 2, 1, 5
tiein, 2, 2, 19
mining, 3, 3, 49
susa, 1, 1, 4
romanbyzantine, 1, 1, 5
korematsu, 4, 1, 139
ulysses, 1, 1, 3482
eventually, 6, 5, 328
measureshirabayashi, 1, 1, 139
metric, 3, 1, 2
engaged, 2, 2, 4
telephone, 1, 1, 481
quiet, 1, 1, 5
middle, 11, 10, 730
regularity, 1, 1, 293
someone, 4, 4, 36
converts, 1, 1, 11
eras, 1, 1, 33
commanded, 1, 1, 1
obnoxious, 1, 1, 1
technology, 2, 2, 20
everyday, 2, 2, 9
movements, 2, 2, 485
siphoned, 1, 1, 179
fulfilled, 1, 1, 6
different, 27, 16, 760
commissioned, 1, 1, 1
develop, 2, 2, 43
author, 2, 2, 306
pay, 4, 4, 492
granted, 2, 2, 46
seeking, 2, 2, 2
trip, 2, 2, 143
princeton, 1, 1, 3
shifts, 1, 1, 6
attributing, 1, 1, 27
compiling, 1, 1, 139
pad, 1, 1, 5
shit, 6, 2, 3775
struggling, 1, 1, 2
constructed, 2, 2, 18
events, 2, 2, 3495
constantine, 1, 1, 3
week, 4, 3, 35
noble, 2, 2, 298
austrian, 1, 1, 7
centuries, 8, 5, 15
11th13th, 1, 1, 5
enjoyment, 1, 1, 1
radically, 1, 1, 11
driven, 1, 1, 7
persons, 3, 2, 148
excavated, 2, 2, 25
edges, 1, 1, 2
favorites, 1, 1, 293
intended, 1, 1, 139
climatological, 1, 1, 5
yasuigordon, 1, 1, 139
totally, 1, 1, 139
legitimised, 1, 1, 5
reference, 3, 3, 433
weave, 1, 1, 13
implements, 1, 1, 4
ravenna, 1, 1, 2
academics, 1, 1, 5
shared, 2, 2, 11
constitutional, 2, 2, 9
roughly, 3, 3, 487
wessex, 1, 1, 5
without, 4, 4, 498
works, 2, 2, 403
model, 12, 4, 498
hysteria, 2, 1, 5
bodies, 5, 3, 29
scholarship, 1, 1, 5
summer, 1, 1, 3
neighborhood, 1, 1, 1
disloyal, 1, 1, 5
justinian, 1, 1, 2
livestock, 1, 1, 4
knot, 1, 1, 18
flaired, 1, 1, 2
rest, 5, 5, 135
unofficial, 1, 1, 1
communities, 1, 1, 179
civilized, 1, 1, 1
unclear, 2, 2, 12
positions, 1, 1, 79
patronymic, 1, 1, 5
polish, 1, 1, 163
flavor, 2, 1, 2
weekly, 1, 1, 5
announcement, 1, 1, 2
grounding, 1, 1, 1
death, 4, 3, 23
uxuial, 1, 1, 3
grounded, 2, 1, 11
hint, 1, 1, 5
thinking, 4, 4, 174
retinue, 1, 1, 4
derbfhine, 1, 1, 5
seems, 25, 19, 284
improvement, 1, 1, 5
setting, 1, 1, 18
courts, 3, 2, 6
4, 4, 4, 18
legitimisation, 1, 1, 8
disputing, 1, 1, 5
role, 6, 4, 43
struck, 1, 1, 46
reformed, 1, 1, 1
ca, 12, 10, 1414
momentum, 2, 2, 6
ross, 1, 1, 481
real, 6, 6, 100
dualfulfilment, 1, 1, 6
effecient, 1, 1, 5
around, 17, 14, 1243
preliterate, 1, 1, 11
gloom, 1, 1, 5
read, 16, 14, 896
ruler, 1, 1, 22
absence, 3, 1, 7
virginia, 1, 1, 17
dark, 2, 2, 12
patterning, 1, 1, 2
inflation, 1, 1, 166
preference, 1, 1, 6
listening, 2, 2, 7
confined, 2, 2, 12
using, 9, 9, 1461
railroad, 1, 1, 3
accepted, 1, 1, 3
lady, 1, 1, 4
vague, 3, 3, 24
ruling, 1, 1, 5
60, 1, 1, 4
christina, 1, 1, 0
becuase, 1, 1, 33
glancejust, 1, 1, 481
utterances, 1, 1, 293
winbuy, 1, 1, 5
territory, 4, 3, 10
tahlequah, 1, 1, 2
audience, 1, 1, 179
either, 7, 6, 224
occasions, 3, 3, 148
served, 3, 2, 142
ceremonial, 3, 3, 164
usunagainstgold, 1, 1, 5
jews, 13, 7, 42
exposed, 2, 2, 380
madrid, 1, 1, 1
pointlessly, 1, 1, 756
lebanon, 1, 1, 4
pacific, 5, 2, 7
selffocused, 1, 1, 1
brits, 1, 1, 4
images, 1, 1, 2
racial, 1, 1, 139
divine, 1, 1, 22
boxers, 1, 1, 2
provided, 3, 3, 152
bones, 1, 1, 1
centralised, 1, 1, 5
neartotality, 1, 1, 5
accidental, 1, 1, 5
noob, 1, 1, 4
confirm, 1, 1, 15
1850, 1, 1, 2
colonial, 4, 4, 24
honorifics, 2, 1, 13
stages, 1, 1, 5
legal, 7, 4, 3633
1857, 1, 1, 46
allhuman, 1, 1, 29
critical, 3, 3, 16
inject, 1, 1, 1
provides, 1, 1, 6
pipes, 1, 1, 1
3161, 1, 1, 6
rifling, 1, 1, 22
decent, 1, 1, 481
refer, 4, 4, 13
vesetiges, 1, 1, 5
turkey, 1, 1, 4
wheat, 2, 1, 4
scientific, 1, 1, 5
power, 25, 12, 407
poem, 6, 2, 474
itching, 1, 1, 139
equivalent, 3, 3, 34
notable, 1, 1, 0
antiquities, 1, 1, 6
1933, 1, 1, 5
nonaggression, 1, 1, 1
leadership, 2, 2, 3
1936, 1, 1, 0
references, 3, 2, 5
inherent, 1, 1, 5
holiness, 1, 1, 2
leftover, 1, 1, 6
refers, 1, 1, 9
enemies, 1, 1, 2
_, 8, 4, 17
conducting, 1, 1, 2
central, 6, 6, 192
opium, 2, 2, 50
piety, 3, 2, 82
concurrent, 1, 1, 139
beard, 2, 2, 4
industry, 3, 3, 23
discussed, 1, 1, 5
meaning, 3, 3, 3514
noncompliance, 1, 1, 139
ideology, 1, 1, 5
tremendous, 1, 1, 293
quia, 3, 1, 98
wolf, 1, 1, 5
nonbinding, 1, 1, 1
act, 4, 3, 186
mixed, 1, 1, 293
alec, 1, 1, 1
road, 2, 2, 146
op, 2, 2, 12
tribe, 2, 2, 33
lands, 2, 2, 12
maureen, 1, 1, 2
rediscovering, 1, 1, 1
lameunable, 1, 1, 9
image, 3, 3, 309
herbert, 1, 1, 8
cursed, 1, 1, 293
rolling, 1, 1, 46
stakes, 1, 1, 2
involvement, 1, 1, 5
inbox, 1, 1, 756
determine, 1, 1, 3
einstein, 1, 1, 13
riders, 1, 1, 2
jerusalem, 3, 3, 12
nowadays, 3, 3, 299
theoretically, 1, 1, 1
impressive, 1, 1, 23
laypeople, 1, 1, 5
fast, 1, 1, 4
comingling, 1, 1, 7
area, 5, 5, 192
normalised, 1, 1, 5
distinctions, 1, 1, 22
ponca, 1, 1, 179
relocation, 1, 1, 139
hey, 1, 1, 1
c2000bc400bc, 1, 1, 31
start, 7, 6, 512
parachute, 1, 1, 1
precolumbian, 1, 1, 4
racist, 1, 1, 1
low, 3, 3, 10
lot, 19, 11, 127
series, 2, 2, 3
sixpart, 2, 2, 3
cultures, 2, 2, 26
transitioning, 1, 1, 5
mercia, 1, 1, 5
utf8amp, 1, 1, 4
whie, 1, 1, 5
complete, 1, 1, 22
enough, 7, 7, 20
smuggling, 1, 1, 46
boster, 1, 1, 5
jun, 2, 2, 4
independently, 2, 2, 9
societal, 2, 2, 10
cabinet, 1, 1, 3
1594, 1, 1, 5
statesman, 1, 1, 2
tick, 1, 1, 1
gore, 1, 1, 481
survived, 1, 1, 4
linguistic, 1, 1, 2
participant, 2, 1, 1
mughal, 2, 2, 7
podcast, 1, 1, 2
proposal, 1, 1, 2
handsome, 1, 1, 22
pull, 1, 1, 293
hire, 1, 1, 0
applying, 1, 1, 11
monopoly, 3, 1, 7
wholesale, 1, 1, 38
objective, 2, 2, 9
1800, 1, 1, 5
marginality, 1, 1, 5
ryo, 1, 1, 139
1850s, 1, 1, 1
taught, 1, 1, 2
alsacelorraine, 1, 1, 2
pomerium, 1, 1, 1
theology, 1, 1, 5
advantage, 1, 1, 6
beliefs, 3, 2, 13
strongly, 1, 1, 481
gone, 2, 2, 172
circummediterranean, 1, 1, 5
scittan, 1, 1, 3482
johnny, 1, 1, 22
taste, 1, 1, 5
certain, 5, 4, 59
arabs, 1, 1, 4
describe, 2, 2, 16
sales, 1, 1, 4
deep, 1, 1, 5
general, 14, 11, 853
mormons, 1, 1, 11
behest, 1, 1, 5
britain, 5, 4, 68
intro, 1, 1, 2
abba, 1, 1, 13
planets, 1, 1, 1
secondclass, 1, 1, 15
sovietschinese, 1, 1, 1
fili, 1, 1, 293
moves, 2, 2, 36
spends, 1, 1, 139
fill, 1, 1, 79
extending, 1, 1, 3
beyond, 3, 3, 664
drafts, 1, 1, 139
cooked, 1, 1, 4
idiot, 1, 1, 7
credibility, 1, 1, 3
storage, 1, 1, 4
field, 2, 2, 7
5, 4, 3, 165
forcing, 1, 1, 5
1987, 1, 1, 1
poor, 4, 4, 1105
met, 1, 1, 1
vocabulary, 1, 1, 7
separate, 2, 1, 139
symbol, 2, 2, 10
bribe, 1, 1, 5
imgurcomayfq1q, 1, 1, 1
wiki_civility, 2, 2, 757
uoldworldglory, 1, 1, 8
documenatry, 1, 1, 5
important, 9, 7, 525
massachusetts, 1, 1, 17
recognise, 1, 1, 6
torches, 1, 1, 1
revolve, 2, 2, 378
anachronism, 1, 1, 18
thatdukkakis, 1, 1, 481
remote, 1, 1, 293
midcontinent, 1, 1, 179
nineteenth, 1, 1, 1
mycenaeans, 2, 1, 376
vines, 3, 1, 2
hello, 2, 2, 6
impossibility, 1, 1, 4
mass, 2, 2, 14
agriculture, 1, 1, 7
remie, 1, 1, 5
starting, 3, 2, 6
original, 2, 1, 139
caste, 1, 1, 38
migrated, 1, 1, 6
mayan, 2, 1, 2
consider, 5, 4, 139
chinese, 3, 2, 7
warhitlerromans, 1, 1, 29
clauses, 1, 1, 6
caused, 1, 1, 5
almohad, 2, 1, 5
lack, 3, 3, 85
worms, 1, 1, 1
founded, 1, 1, 5
executing, 1, 1, 3
ealry, 1, 1, 33
smoking, 2, 1, 1
talks, 1, 1, 5
follow, 3, 3, 9
decisions, 1, 1, 5
children, 2, 2, 12
apartment, 1, 1, 4
referring, 3, 3, 311
vikings, 4, 2, 9
incas, 2, 1, 2
opportunities, 1, 1, 7
former, 2, 2, 27
prefixes, 1, 1, 2
tl, 1, 1, 2
program, 1, 1, 139
wants, 2, 2, 317
preserved, 1, 1, 2
th, 1, 1, 5
14, 1, 1, 3
umayyads, 4, 1, 5
instruct, 1, 1, 0
quotation, 3, 2, 6
uhenry_fords_ghost, 1, 1, 22
traditionally, 1, 1, 1
norm, 1, 1, 9
tethered, 1, 1, 11
gnostic, 1, 1, 2
woman, 3, 3, 386
appointment, 1, 1, 3
overpowered, 1, 1, 3
clubbed, 2, 1, 0
sitting, 1, 1, 139
far, 14, 12, 886
horror, 1, 1, 11
coolair, 1, 1, 163
hugh, 1, 1, 2
resistance, 9, 5, 153
corollary, 1, 1, 22
verb, 3, 2, 3580
worst, 2, 2, 5
fatimid, 2, 2, 4
instruments, 1, 1, 2
savagery, 1, 1, 5
difference, 1, 1, 11
condition, 10, 2, 14
treating, 1, 1, 163
suzerain, 1, 1, 5
heaven, 1, 1, 98
17th, 1, 1, 7
unlike, 4, 3, 12
louis, 4, 2, 18
regiments, 5, 2, 157
applicable, 1, 1, 6
grandfather, 1, 1, 5
large, 13, 10, 376
jizya, 1, 1, 5
small, 7, 7, 335
tear, 1, 1, 6
unitary, 1, 1, 1
economically, 6, 1, 5
20th, 2, 2, 3963
childe, 1, 1, 3
ass, 1, 1, 293
approximately, 1, 1, 2
iran, 4, 2, 5
andor, 4, 4, 149
ten, 1, 1, 293
111116, 1, 1, 1
tea, 5, 2, 212
streets, 2, 1, 0
lending, 2, 2, 19
rival, 1, 1, 5
nofire, 1, 1, 2
past, 9, 7, 314
winds, 2, 1, 139
rate, 2, 2, 6
perception, 3, 3, 6
displays, 1, 1, 5
pass, 1, 1, 139
link, 5, 4, 9
investment, 1, 1, 3
cigars, 6, 1, 1
bomber, 1, 1, 1
imported, 1, 1, 1
sub, 4, 3, 790
richard, 1, 1, 22
sun, 1, 1, 11
section, 2, 2, 142
crust, 1, 1, 1
brief, 2, 2, 14
devastating, 2, 1, 5
witnesses, 1, 1, 11
public, 4, 2, 148
tanya, 1, 1, 1
version, 2, 2, 11
attitudes, 4, 4, 27
melte, 1, 1, 3482
varietals, 1, 1, 5
chiton, 1, 1, 376
tribute, 4, 2, 10
guns, 1, 1, 41
contrast, 5, 4, 16
movement, 1, 1, 5
baitandswitch, 1, 1, 5
turmoil, 1, 1, 1
full, 4, 3, 20
libation, 1, 1, 3
recruits, 1, 1, 130
malaria, 1, 1, 5
enabled, 1, 1, 3
lobbyist, 1, 1, 3
preworld, 1, 1, 5
answers, 2, 2, 71
behaviour, 5, 2, 6
wild, 1, 1, 2
selective, 1, 1, 5
jonas, 1, 1, 13
halflatin, 1, 1, 98
roughing, 1, 1, 11
strong, 6, 5, 692
attempted, 1, 1, 1
search, 1, 1, 4
bible, 1, 1, 3
substance, 1, 1, 1
naval, 2, 2, 5
conviction, 1, 1, 139
extraordinary, 1, 1, 5
anjou, 1, 1, 6
experiencetraining, 1, 1, 376
losses, 1, 1, 1
exceptionally, 1, 1, 1
jackie, 1, 1, 1
brutal, 2, 2, 35
prior, 5, 4, 134
amount, 5, 5, 365
extremes, 2, 2, 9
slippers, 1, 1, 4
social, 11, 6, 52
action, 1, 1, 1
mentions, 4, 4, 17
corps, 1, 1, 27
weirder, 1, 1, 2
lurker, 1, 1, 31
followed, 1, 1, 1
family, 5, 5, 52
modernday, 1, 1, 9
requiring, 1, 1, 139
transit, 1, 1, 1
africa, 12, 5, 127
marriages, 1, 1, 0
editors, 1, 1, 0
put, 6, 5, 319
indoors, 1, 1, 4
aptitude, 1, 1, 27
manage, 1, 1, 4
protectorate, 1, 1, 84
1945, 1, 1, 1
establish, 4, 3, 270
select, 1, 1, 293
eddington, 1, 1, 5
meaningsif, 1, 1, 293
intensive, 1, 1, 7
conventional, 1, 1, 293
ash, 1, 1, 163
eye, 2, 2, 17
takes, 4, 4, 149
uniformity, 1, 1, 5
answered, 1, 1, 3
distinct, 2, 2, 482
coupled, 1, 1, 139
saxons, 2, 2, 297
two, 19, 14, 245
almost, 10, 10, 306
levies, 2, 1, 5
cultivation, 1, 1, 4
islesy, 1, 1, 5
taken, 4, 4, 15
injury, 2, 1, 22
markets, 1, 1, 33
blas, 1, 1, 2
minor, 1, 1, 1
horses, 1, 1, 7
israel, 1, 1, 5
scotia, 1, 1, 17
door, 1, 1, 4
knows, 2, 2, 6
handsomely, 1, 1, 15
company, 12, 5, 517
foibles, 1, 1, 2
corrected, 1, 1, 5
permit, 1, 1, 2
excuse, 1, 1, 756
domination, 5, 2, 23
basically, 6, 6, 37
broke, 2, 1, 139
particular, 9, 7, 677
known, 10, 6, 175
mongol, 1, 1, 3
doom, 1, 1, 5
producing, 1, 1, 29
glad, 1, 1, 29
town, 2, 2, 146
keeping, 2, 2, 384
organization, 1, 1, 3
generals, 1, 1, 1
nonwestern, 3, 3, 54
painting, 1, 1, 3
recall, 3, 1, 5
created, 3, 2, 7
guards, 12, 3, 296
offended, 1, 1, 22
paragraph, 1, 1, 139
nine, 1, 1, 5
sent, 2, 2, 8
clergy, 2, 1, 5
v, 3, 3, 102
knocked, 1, 1, 11
strategies, 1, 1, 139
rigid, 1, 1, 11
broad, 1, 1, 2
history, 32, 25, 933
beautiful, 1, 1, 376
protectors, 1, 1, 27
compare, 3, 3, 778
civilizations, 1, 1, 4
antagonists, 1, 1, 4
prompting, 1, 1, 139
stockfish, 4, 1, 163
9y_fohyllmec, 1, 1, 179
share, 1, 1, 6
states, 20, 11, 233
20100519171253, 1, 1, 8
valueable, 2, 1, 166
climates, 1, 1, 22
numbers, 1, 1, 481
arise, 1, 1, 5
exclude, 1, 1, 139
lacks, 1, 1, 2
dress, 3, 3, 9
species, 1, 1, 4
biography, 1, 1, 139
preintegration, 1, 1, 1
april, 2, 2, 8
information, 6, 6, 18
needs, 1, 1, 756
court, 5, 3, 141
goal, 1, 1, 1
rather, 22, 19, 1670
technological, 1, 1, 6
acts, 2, 2, 142
uiphikrates, 1, 1, 2
dismissed, 1, 1, 5
fame, 1, 1, 27
dydd, 1, 1, 7
glowing, 1, 1, 1
magdeburg, 2, 1, 9
commercial, 1, 1, 33
britishfrench, 1, 1, 2
influences, 2, 2, 6
reject, 2, 1, 7
explains, 1, 1, 481
fishmongers, 1, 1, 163
seargent, 1, 1, 6
abbasid, 2, 2, 4
caliphates, 2, 2, 4
sandwich, 2, 1, 11
plans, 1, 1, 4
antebellum, 2, 1, 5
notre, 1, 1, 22
winik, 1, 1, 7
derived, 1, 1, 4
expenditures, 1, 1, 46
reflect, 3, 3, 7
tries, 1, 1, 5
disable, 1, 1, 5
languished, 1, 1, 139
passiveaggressive, 1, 1, 139
coming, 3, 3, 21
invasion, 2, 2, 38
rudy, 1, 1, 1
questionone, 1, 1, 139
response, 4, 4, 1199
proclaimed, 1, 1, 1
cults, 1, 1, 11
short, 9, 6, 534
creeks, 1, 1, 2
resemble, 1, 1, 3
footed, 1, 1, 2
reputation, 1, 1, 1
media, 2, 2, 58
pleasure, 1, 1, 1
xxx, 1, 1, 27
geographic, 1, 1, 5
divergences, 1, 1, 179
played, 2, 2, 29
help, 9, 8, 177
finalized, 2, 2, 6
developed, 3, 3, 19
framing, 1, 1, 5
trade, 18, 7, 606
disabled, 5, 3, 19
outraged, 1, 1, 139
attitude, 2, 2, 3
paper, 1, 1, 5
tripoli, 1, 1, 1
makeup, 1, 1, 376
replies, 2, 2, 13
hell, 1, 1, 5
heli, 1, 1, 98
roots, 2, 1, 2
islam, 2, 1, 5
24, 1, 1, 6
26, 1, 1, 10
27, 1, 1, 2
20, 2, 2, 482
medinamecca, 1, 1, 5
gaels, 1, 1, 5
border, 1, 1, 5
translation, 1, 1, 6
responsible, 1, 1, 2
actually, 17, 15, 327
late, 14, 10, 82
territorial, 1, 1, 1
parts, 6, 5, 42
systems, 5, 1, 11
revolutionaries, 1, 1, 3
radical, 2, 2, 139
rabble, 2, 1, 3
roper, 1, 1, 481
eunuch, 2, 1, 5
cool, 1, 1, 4
might, 15, 14, 653
thereafter, 1, 1, 6
fines, 2, 1, 139
curfews, 2, 1, 139
imho, 1, 1, 1
good, 18, 14, 1055
somebody, 1, 1, 139
disrespectful, 1, 1, 15
severely, 1, 1, 5
food, 2, 2, 170
timestamp, 1, 1, 1
utayaravaknin, 1, 1, 10
eat, 1, 1, 4
blight, 1, 1, 2
cigarettes, 5, 1, 1
olivia, 1, 1, 5
crewmen, 1, 1, 1
transformative, 1, 1, 5
sweeping, 1, 1, 2
judaism, 2, 2, 19
antiquity, 1, 1, 2
yt, 1, 1, 1
bigger, 3, 3, 325
anschluss, 1, 1, 1
mystery, 2, 2, 304
easily, 4, 4, 15
gramsci, 1, 1, 5
always, 11, 9, 514
horrifying, 1, 1, 5
presented, 1, 1, 98
loosely, 1, 1, 11
featured, 1, 1, 5
spy, 1, 1, 29
courses, 1, 1, 1
habits, 2, 1, 1
subjugation, 2, 1, 5
exiled, 1, 1, 5
experiencing, 1, 1, 5
twentyfirst, 1, 1, 11
found, 9, 9, 412
fairy, 1, 1, 11
genoa, 1, 1, 5
uphoenixbasileus, 1, 1, 10
ports, 3, 2, 6
characterized, 2, 2, 9
referred, 1, 1, 2
heavy, 2, 1, 5
breakdown, 1, 1, 4
everyone, 5, 5, 49
england, 14, 10, 353
mental, 5, 3, 12
dichotomy, 1, 1, 22
generation, 2, 1, 11
house, 1, 1, 4
fish, 3, 2, 506
hard, 7, 6, 516
idea, 9, 6, 28
brother, 2, 2, 3
eto, 1, 1, 1
punitive, 1, 1, 139
ryan, 1, 1, 2
sketched, 1, 1, 5
portland, 1, 1, 139
horsemanship, 1, 1, 6
hugo, 1, 1, 7
really, 24, 21, 840
deals, 1, 1, 5
passiveness, 1, 1, 5
divide, 1, 1, 5
missed, 1, 1, 5
blacks, 4, 2, 496
bonham, 1, 1, 22
warts, 1, 1, 22
since, 13, 11, 836
hilt, 1, 1, 1
research, 5, 4, 11
settle, 2, 2, 3
health, 1, 1, 5
hill, 2, 2, 6
7, 1, 1, 481
denoted, 1, 1, 2
duc, 2, 1, 6
issue, 1, 1, 42
fled, 1, 1, 5
benjamin, 1, 1, 15
steering, 1, 1, 10
reporting, 1, 1, 376
belief, 10, 2, 16
circumstance, 2, 1, 11
enforcing, 1, 1, 139
team, 2, 2, 36
guess, 4, 4, 333
geared, 1, 1, 139
difficulty, 1, 1, 46
reason, 4, 4, 95
base, 1, 1, 1
proxy, 2, 2, 485
members, 1, 1, 5
imagine, 8, 7, 397
ask, 6, 6, 69
earliest, 5, 4, 3874
beginning, 3, 3, 129
generate, 1, 1, 3
heroic, 1, 1, 5
berry, 2, 1, 6
definition, 2, 2, 32
highpriest, 1, 1, 6
bring, 1, 1, 5
thread, 9, 8, 781
woven, 2, 2, 11
finland, 1, 1, 3
success, 1, 1, 481
clientship, 1, 1, 5
diaspora, 1, 1, 6
american, 17, 12, 400
prejudice, 1, 1, 1
commodities, 1, 1, 5
w, 1, 1, 3482
syria, 1, 1, 4
brown, 1, 1, 2
reinforced, 1, 1, 2
feed, 1, 1, 29
copper, 1, 1, 7
major, 3, 3, 8
mr, 1, 1, 7
medicalise, 1, 1, 5
gxddbovamp, 1, 1, 98
encoding, 1, 1, 376
feel, 5, 5, 494
beforehand, 1, 1, 5
number, 3, 3, 155
linking, 1, 1, 31
instances, 2, 2, 8
1874, 1, 1, 46
talked, 1, 1, 5
done, 5, 4, 147
1873, 1, 1, 46
1870, 1, 1, 2
illustrating, 1, 1, 5
miss, 1, 1, 66
validate, 1, 1, 2
divided, 5, 4, 18
story, 3, 3, 47
heads, 2, 2, 11
script, 3, 1, 376
introduction, 2, 2, 1
leading, 4, 4, 331
interact, 1, 1, 22
bay, 1, 1, 4
merda, 3, 1, 293
least, 10, 10, 4310
player, 2, 1, 2
station, 1, 1, 139
identity, 1, 1, 5
passed, 3, 2, 140
fought, 4, 3, 5
4559, 1, 1, 481
aristocracy, 2, 2, 7
recovered, 3, 2, 6
12th13th, 1, 1, 5
penises, 1, 1, 2
complained, 1, 1, 293
decentralised, 1, 1, 5
relationship, 3, 2, 7
behind, 1, 1, 293
favorably, 1, 1, 5
enable, 1, 1, 1
mentality, 1, 1, 5
procession, 1, 1, 2
draped, 3, 2, 11
part, 16, 12, 695
doctors, 1, 1, 5
norms, 2, 2, 6
differentlyabled, 1, 1, 5
believe, 11, 10, 898
rampant, 1, 1, 5
grace, 1, 1, 9
obama, 1, 1, 1
diffusion, 1, 1, 7
king, 14, 8, 84
kind, 8, 8, 314
b, 5, 3, 385
tunic, 9, 3, 11
2000bc, 1, 1, 31
semicircular, 1, 1, 2
iranian, 1, 1, 3
gotten, 1, 1, 481
largely, 1, 1, 2
gnawed, 1, 1, 5
ungodly, 1, 1, 4
youth, 2, 1, 481
bride, 1, 1, 0
alluding, 1, 1, 0
determined, 2, 2, 3
marriage, 3, 1, 0
supposed, 1, 1, 13
outdoors, 1, 1, 4
fishermen, 1, 1, 33
kindle, 1, 1, 5
toward, 3, 3, 43
treated, 6, 6, 334
declare, 2, 1, 139
interactive, 1, 1, 481
sentenced, 1, 1, 139
deciding, 1, 1, 7
disunity, 1, 1, 5
ethnogenesis, 1, 1, 179
organisations, 1, 1, 5
anachronistic, 4, 2, 304
relieve, 1, 1, 27
contrary, 1, 1, 8
substantial, 1, 1, 5
violating, 1, 1, 139
alike, 1, 1, 5
sentences, 4, 2, 432
beik, 1, 1, 6
orders, 4, 2, 140
vulnerable, 1, 1, 11
collapse, 1, 1, 179
ratings, 1, 1, 481
constructions, 1, 1, 2
competition, 2, 2, 13
depending, 3, 3, 148
cherokee, 3, 1, 2
scotland, 1, 1, 5
officers, 7, 3, 167
port, 1, 1, 4
segments, 1, 1, 2
also, 54, 37, 1912
recognizing, 1, 1, 11
internal, 3, 3, 153
steppe, 1, 1, 6
caliphate, 9, 6, 29
finding, 2, 2, 3
extrapolating, 1, 1, 5
transparent, 1, 1, 98
culum, 1, 1, 293
province, 1, 1, 3
play, 3, 3, 41
experienced, 2, 2, 10
electric, 1, 1, 4
flyys, 1, 1, 98
serve, 3, 2, 166
multilingual, 1, 1, 179
fresco, 2, 1, 293
chart, 1, 1, 481
hired, 1, 1, 5
73, 1, 1, 481
significant, 1, 1, 5
nothing, 2, 2, 44
accepting, 1, 1, 8
extremely, 4, 4, 29
appear, 5, 4, 3490
removal, 2, 2, 141
deviations, 1, 1, 22
clemente, 1, 1, 293
kg, 3, 1, 4
omaha, 1, 1, 179
clear, 5, 5, 309
sometimes, 3, 3, 42
cover, 1, 1, 3
mentalemotional, 1, 1, 5
traditional, 3, 3, 366
celt, 1, 1, 5
dissolved, 2, 2, 225
unreadable, 1, 1, 3482
precarity, 1, 1, 5
seeps, 1, 1, 4
institutions, 8, 4, 20
thomas, 2, 2, 184
particularly, 11, 9, 730
phenomenon, 1, 1, 1
gold, 2, 2, 12
authors, 1, 1, 27
focusing, 1, 1, 46
purity, 1, 1, 5
businesses, 1, 1, 3
tunics, 1, 1, 2
jury, 1, 1, 139
carefully, 1, 1, 5
se, 1, 1, 5
fine, 2, 2, 2
find, 17, 17, 550
occupation, 4, 3, 16
h, 1, 1, 1
grafted, 2, 1, 2
northern, 4, 4, 360
justice, 4, 2, 146
less, 11, 9, 833
ottomanturks, 1, 1, 1
moments, 2, 2, 9
pretty, 13, 10, 49
money, 3, 3, 140
8, 3, 2, 141
shellshock, 1, 1, 6
cuirass, 1, 1, 3
accurate, 5, 5, 41
dominant, 3, 2, 184
northerners, 1, 1, 7
dependent, 1, 1, 5
compiled, 1, 1, 139
banned, 1, 1, 293
capital, 1, 1, 2
assumed, 1, 1, 139
informants, 1, 1, 11
barrier, 1, 1, 3
famous, 8, 6, 4049
feels, 1, 1, 0
courage, 1, 1, 1
gendered, 2, 1, 5
actions, 1, 1, 22
closely, 5, 3, 185
basement, 1, 1, 1
americanborn, 1, 1, 481
banner, 2, 1, 4
alexander, 3, 2, 9
appeal, 1, 1, 29
roles, 2, 2, 10
theologising, 1, 1, 5
11m30s, 1, 1, 1
unhurried, 1, 1, 1
cry, 2, 2, 7
remove, 2, 2, 294
spiked, 1, 1, 46
common, 12, 9, 58
activity, 1, 1, 1
naughty, 1, 1, 293
psalm, 2, 1, 6
creates, 1, 1, 5
river, 1, 1, 4
catton, 1, 1, 7
wrote, 2, 2, 3775
approaching, 1, 1, 5
apparatuses, 1, 1, 5
rhodesian, 1, 1, 1
set, 7, 6, 858
signify, 1, 1, 4
autumn, 1, 1, 3
luxury, 1, 1, 5
achieved, 1, 1, 16
throwing, 1, 1, 4
activists, 1, 1, 481
tended, 3, 2, 38
kilos, 2, 1, 343
semisecret, 1, 1, 29
culture, 7, 7, 275
see, 20, 14, 1081
defense, 1, 1, 139
sea, 7, 4, 16
sacred, 1, 1, 3
close, 4, 3, 744
11th, 2, 1, 5
arm, 2, 1, 3
locals, 2, 2, 217
anarchic, 1, 1, 5
threats, 1, 1, 2
leechbook, 1, 1, 3482
visiting, 2, 2, 358
movie, 2, 2, 212
currently, 3, 3, 7
please, 2, 2, 9
pisa, 1, 1, 5
spoiling, 1, 1, 4
dismantling, 1, 1, 139
various, 7, 5, 202
futile, 1, 1, 6
probably, 14, 10, 4514
burned, 5, 3, 49
conditions, 6, 5, 180
compliment, 1, 1, 66
europe, 22, 16, 298
olivefriendly, 1, 1, 5
latin, 6, 5, 407
recently, 2, 2, 16
iron, 3, 2, 146
initially, 3, 3, 186
countriesempires, 1, 1, 5
attention, 2, 2, 486
figurehead, 1, 1, 2
outfit, 1, 1, 1
respondents, 1, 1, 2
supremacy, 1, 1, 2
distinguish, 1, 1, 13
dividend, 2, 1, 46
indus, 1, 1, 4
delivering, 1, 1, 1
bronze, 1, 1, 7
abruptly, 1, 1, 179
dualism, 1, 1, 2
c, 4, 3, 108
10th, 3, 3, 11
tangible, 1, 1, 1
desired, 1, 1, 139
underclass, 1, 1, 5
barely, 2, 2, 527
pace, 2, 2, 30
roman, 12, 9, 332
became, 11, 10, 848
warred, 1, 1, 5
shaszbotter, 1, 1, 6
rose, 1, 1, 5
licentiousness, 1, 1, 11
risky, 1, 1, 3
whole, 12, 8, 752
finds, 1, 1, 5
liked, 1, 1, 1
airborne, 1, 1, 27
ncos, 1, 1, 1
underseen, 1, 1, 29
virginbirth, 1, 1, 6
point, 15, 12, 667
reasons, 5, 4, 198
demographic, 1, 1, 481
evaluate, 1, 1, 1
llun, 1, 1, 7
community, 4, 4, 199
hawaiians, 1, 1, 11
simply, 7, 6, 346
scottish, 3, 3, 66
throughout, 1, 1, 4
halfenglish, 1, 1, 98
dissipated, 1, 1, 481
expensive, 4, 3, 53
belt, 1, 1, 2
barabbas, 7, 2, 18
understands, 1, 1, 6
weaving, 1, 1, 6
perspectives, 2, 2, 16
create, 2, 2, 8
acceptance, 1, 1, 1
political, 8, 7, 202
due, 6, 6, 742
strategy, 2, 2, 3
convicted, 2, 1, 139
armors, 1, 1, 4
describes, 1, 1, 2
damn, 1, 1, 3
nother, 2, 2, 140
ireland, 7, 4, 33
collected, 1, 1, 481
popularcommon, 1, 1, 13
mindset, 1, 1, 11
meeting, 1, 1, 7
81216, 1, 1, 6
dame, 1, 1, 22
blankets, 1, 1, 4
hoplites, 2, 1, 3
lived, 3, 2, 184
1950s, 2, 2, 4
fire, 1, 1, 0
ages, 4, 4, 788
citizen, 1, 1, 2
taube, 1, 1, 1
diagnoses, 1, 1, 5
gen, 1, 1, 1
else, 9, 8, 208
maps, 2, 2, 8
whatever, 3, 3, 17
understand, 8, 8, 579
1866, 2, 2, 91
overrunning, 1, 1, 1
resisted, 1, 1, 139
towns, 1, 1, 179
surveys, 1, 1, 481
dialing, 1, 1, 481
_when, 2, 2, 4
pact, 1, 1, 1
advocating, 1, 1, 5
look, 8, 7, 552
exponential, 1, 1, 27
frozen, 1, 1, 4
straight, 2, 2, 48
unoffered, 1, 1, 3
holocaust, 2, 1, 2
governor, 2, 2, 8
mythologies, 1, 1, 13
sexuality, 2, 2, 3
replaced, 2, 2, 9
confederacy, 2, 1, 179
behavior, 1, 1, 139
sengoku, 1, 1, 4
fun, 2, 2, 33
treason, 1, 1, 3
loop, 1, 1, 4
styles, 1, 1, 2
larger, 1, 1, 2
10000, 1, 1, 4
hoping, 1, 1, 1
portugal, 5, 3, 124
century, 30, 17, 4698
vol, 1, 1, 0
guilty, 1, 1, 5
cleaned, 1, 1, 1
glaberrima, 3, 1, 4
rulers, 3, 2, 9
reads, 1, 1, 98
imperialism, 4, 2, 8
concerns, 1, 1, 5
karenina, 2, 2, 3
tribesmen, 1, 1, 38
alliances, 1, 1, 5
kings, 3, 1, 5
funny, 2, 2, 5
assimilated, 1, 1, 179
clerical, 1, 1, 2
italy, 10, 3, 92
retroactively, 1, 1, 4
grant, 3, 2, 86
preferable, 1, 1, 5
877, 1, 1, 5
punitively, 1, 1, 5
ideologies, 3, 2, 7
shorter, 1, 1, 3
rules, 2, 2, 3
centred, 1, 1, 6
scribes, 1, 1, 376
karl, 1, 1, 1
widely, 2, 2, 5
peoples, 4, 3, 189
9, 3, 2, 620
sported, 1, 1, 3
dozen, 1, 1, 1
composition, 1, 1, 29
conflict, 3, 3, 7
higher, 4, 3, 487
development, 3, 2, 19
heraldry, 1, 1, 4
calculation, 1, 1, 2
used, 23, 19, 1058
comprehensive, 1, 1, 139
cigar, 3, 1, 1
deformity, 1, 1, 22
monolithic, 2, 1, 11
moment, 1, 1, 11
levels, 1, 1, 139
uses, 3, 3, 10
cleaning, 1, 1, 22
disputes, 1, 1, 2
birch, 1, 1, 163
fyrd, 1, 1, 4
statebuilding, 1, 1, 6
brussels, 1, 1, 27
recent, 7, 5, 671
lacrosse, 3, 1, 2
early, 11, 9, 364
lower, 3, 3, 308
asylums, 1, 1, 5
whores, 1, 1, 293
older, 3, 2, 38
commoners, 2, 1, 38
poland, 8, 4, 382
bounces, 1, 1, 139
anybody, 1, 1, 139
analysis, 1, 1, 10
obviously, 5, 5, 426
patientled, 1, 1, 5
person, 6, 4, 24
prioritises, 1, 1, 66
yearlong, 1, 1, 139
muslimruled, 1, 1, 5
kelly, 1, 1, 2
entry, 1, 1, 3482
skill, 1, 1, 27
teewanahkoo, 1, 1, 2
stating, 1, 1, 6
attrition, 1, 1, 5
habuerunt, 1, 1, 98
1789, 3, 1, 5
construct, 2, 2, 10
mom, 1, 1, 756
1781, 1, 1, 5
networks, 2, 2, 38
4th, 1, 1, 4
ignoring, 1, 1, 3
alamein, 2, 2, 5
press, 1, 1, 6
utabascun, 1, 1, 2
questions, 16, 12, 297
world, 17, 13, 279
ad, 2, 2, 6
inference, 1, 1, 481
alternative, 1, 1, 7
predominantly, 1, 1, 4
continent, 2, 2, 12
wage, 1, 1, 33
thirdearly, 1, 1, 2
cut, 1, 1, 11
cur, 1, 1, 293
majority, 3, 3, 5
fiancee, 1, 1, 139
hated, 2, 2, 141
workers, 1, 1, 33
alternate, 1, 1, 5
entirety, 1, 1, 2
exclusively, 2, 2, 34
barack, 1, 1, 1
source, 7, 7, 239
causing, 1, 1, 3
deliberately, 3, 2, 170
presidents, 1, 1, 0
input, 2, 2, 7
ritualistically, 1, 1, 5
cul, 1, 1, 293
compensation, 1, 1, 33
surprised, 1, 1, 15
useless, 2, 1, 1
shitposting, 1, 1, 756
march, 4, 3, 146
analogy, 2, 1, 11
appease, 1, 1, 5
demands, 1, 1, 15
big, 4, 4, 8
showing, 2, 2, 5
wives, 1, 1, 98
suffering, 1, 1, 6
foreigners, 1, 1, 17
2328, 1, 1, 4
iberia, 4, 1, 5
bit, 4, 4, 325
bloody, 1, 1, 5
helpful, 5, 5, 18
insect, 1, 1, 2
skeptical, 1, 1, 179
almoravids, 2, 1, 5
paramilitary, 1, 1, 2
subsequent, 1, 1, 7
follows, 1, 1, 11
interestingly, 1, 1, 5
capitals, 1, 1, 2
toyota, 1, 1, 1
translates, 1, 1, 98
consensus, 2, 2, 10
collect, 1, 1, 481
continue, 3, 3, 8
suff, 1, 1, 1
popular, 4, 3, 486
tribes, 5, 4, 75
stillwell, 1, 1, 1
disorder, 1, 1, 3
ptsd, 1, 1, 6
terminology, 1, 1, 42
subverted, 1, 1, 11
durotriges, 4, 1, 31
lenin, 1, 1, 3
valleys, 2, 2, 487
often, 11, 10, 729
traite, 1, 1, 293
absolutely, 3, 3, 145
spring, 1, 1, 3
fathers, 1, 1, 2
creation, 1, 1, 179
back, 16, 14, 3870
traits, 1, 1, 5
trends, 3, 3, 487
towards, 8, 6, 193
saccovanzetti, 1, 1, 0
examples, 5, 4, 42
28th, 1, 1, 139
korea, 2, 1, 1
curious, 1, 1, 2
battalion, 3, 1, 27
onepageamp, 1, 1, 98
committing, 1, 1, 3
pronounced, 2, 1, 2
constitutionality, 1, 1, 139
describing, 2, 2, 20
pet, 1, 1, 2
affects, 2, 2, 486
decision, 2, 2, 139
halfremembered, 1, 1, 11
pros, 1, 1, 2
integration, 1, 1, 1
per, 7, 2, 9
foreign, 4, 1, 7
religion, 4, 2, 17
defined, 1, 1, 2
civilization, 2, 2, 13
invited, 1, 1, 5
masculinity, 2, 2, 24
tends, 1, 1, 29
excluding, 1, 1, 5
anne, 1, 1, 12
dating, 1, 1, 13
temple, 1, 1, 3
anna, 2, 2, 3
porridge, 1, 1, 4
nonnoble, 1, 1, 6
patient, 2, 1, 5
kearns, 1, 1, 7
bc, 3, 2, 380
reach, 2, 2, 7
lose, 1, 1, 7
continuing, 2, 2, 482
agreement, 2, 2, 1
refused, 2, 2, 144
nonconverted, 1, 1, 11
consolation, 1, 1, 9
austrogerman, 1, 1, 1
crap, 1, 1, 293
relating, 1, 1, 31
crone, 1, 1, 3
oed, 1, 1, 3482
faith, 2, 2, 16
goods, 4, 4, 86
anything, 12, 10, 243
wore, 2, 1, 3
podcaster, 1, 1, 4
postwar, 1, 1, 10
truck, 1, 1, 1
drama, 1, 1, 1
stuart, 1, 1, 1
mouth, 1, 1, 179
block, 1, 1, 2
internecine, 1, 1, 2
seeing, 3, 3, 766
david, 2, 2, 6
unsourced, 1, 1, 8
clinton, 2, 1, 481
letter, 3, 2, 237
garbage, 1, 1, 0
mamluk, 2, 1, 7
dude, 1, 1, 4
within, 5, 5, 643
principalities, 2, 1, 5
invading, 1, 1, 31
democrat, 1, 1, 481
appropriate, 1, 1, 5
obscenely, 1, 1, 293
primarily, 3, 2, 9
remembrance, 1, 1, 2
downhill, 1, 1, 46
canal, 4, 3, 8
span, 1, 1, 1
conceivably, 1, 1, 1
interacted, 1, 1, 22
question, 36, 29, 1711
specifically, 10, 8, 76
custom, 1, 1, 11
occupy, 1, 1, 5
pronunciation, 2, 2, 6
handbook, 1, 1, 179
grave, 1, 1, 4
sabotage, 1, 1, 3
heritage, 1, 1, 139
wonderfully, 1, 1, 139
napoleon, 1, 1, 7
translate, 2, 2, 6
pharisees, 1, 1, 3
vienna, 1, 1, 7
patterned, 2, 1, 2
https, 50, 27, 1884
hawaiian, 1, 1, 139
jewish, 9, 5, 24
immigration, 1, 1, 7
hoped, 1, 1, 13
cloth, 3, 2, 10
properly, 2, 2, 7
atlantic, 2, 2, 38
gallup, 1, 1, 481
tragically, 1, 1, 5
branch, 2, 2, 10
russian, 3, 3, 5
line, 8, 5, 616
wholly, 2, 2, 7
grams, 1, 1, 33
ideals, 1, 1, 5
13th15th, 1, 1, 5
fulfilling, 1, 1, 6
characteristic, 2, 2, 7
decisive, 1, 1, 1
us, 17, 13, 548
intendants, 1, 1, 6
qid, 1, 1, 4
fdr, 2, 1, 139
uk, 1, 1, 1
aversion, 1, 1, 2
confusingly, 1, 1, 481
fluctuations, 1, 1, 481
similar, 10, 10, 532
called, 6, 6, 3529
argumenttoo, 1, 1, 6
popularity, 1, 1, 5
associated, 1, 1, 2
reconcile, 1, 1, 2
spiritual, 1, 1, 6
castrated, 1, 1, 5
overland, 2, 2, 38
cowboys, 1, 1, 2
influence, 2, 2, 8
globally, 1, 1, 1
lye, 1, 1, 163
single, 2, 2, 36
diverse, 4, 2, 181
reconquista, 1, 1, 5
ficken, 1, 1, 293
cotton, 1, 1, 4
ottomans, 1, 1, 4
ancestors, 3, 2, 183
painters, 1, 1, 1
codex, 1, 1, 1
peace, 1, 1, 5
thanks, 6, 6, 43
occasional, 2, 1, 1
grouped, 1, 1, 11
politicians, 2, 2, 5
definitely, 3, 3, 435
statement, 2, 1, 3
recognition, 1, 1, 1
grind, 1, 1, 4
department, 5, 2, 141
capepiece, 1, 1, 8
nice, 1, 1, 5
explaining, 2, 1, 139
venerable, 1, 1, 3482
users, 3, 3, 5
beginnings, 1, 1, 2
fallouthow, 1, 1, 1
problems, 2, 2, 7
breasts, 1, 1, 376
iberian, 2, 1, 5
taifa, 1, 1, 5
proclamations, 3, 1, 139
generated, 1, 1, 0
spivak, 1, 1, 5
utterly, 1, 1, 2
dos, 2, 1, 0
hanson, 1, 1, 5
depicting, 1, 1, 2
sides, 2, 2, 4
structure, 6, 3, 18
ago, 8, 6, 47
lane, 1, 1, 139
land, 8, 6, 21
e, 1, 1, 3482
lives, 1, 1, 2
alleigance, 1, 1, 27
neill, 1, 1, 5
age, 20, 7, 669
required, 1, 1, 3482
subalternaeity, 2, 2, 27
norwegians, 1, 1, 163
2000, 3, 2, 482
carrying, 1, 1, 2
presenting, 1, 1, 13
literally, 1, 1, 756
walker, 1, 1, 2
ignorant, 1, 1, 23
administrators, 1, 1, 6
sounded, 1, 1, 5
essay, 2, 1, 293
minoru, 3, 1, 139
gt, 28, 10, 427
partial, 1, 1, 4
issued, 2, 1, 7
victories, 1, 1, 5
results, 3, 3, 651
existing, 3, 3, 21
illustrated, 1, 1, 3
hitchiking, 1, 1, 139
proposition, 1, 1, 7
fascinatingly, 1, 1, 5
broader, 2, 2, 3
tobruk, 1, 1, 1
go, 13, 10, 511
loyalty, 1, 1, 5
adjustment, 1, 1, 0
centers, 1, 1, 5
issues, 2, 2, 49
seemed, 3, 3, 8
anglia, 2, 1, 5
simon, 2, 1, 13
turkish, 2, 1, 1
disposal, 1, 1, 0
concerned, 2, 2, 4
young, 4, 3, 484
send, 1, 1, 1
nose, 1, 1, 139
languages, 4, 2, 295
citing, 1, 1, 2
breaches, 1, 1, 1
excluded, 8, 3, 145
atlas, 1, 1, 2
details, 4, 4, 41
internment, 6, 2, 142
include, 1, 1, 5
friendly, 2, 2, 7
resources, 4, 4, 14
ingredient, 1, 1, 23
venice, 3, 2, 12
persuade, 1, 1, 139
garden, 1, 1, 27
fluoxetine, 1, 1, 5
dq, 1, 1, 98
1796, 1, 1, 7
miners, 5, 3, 539
huddled, 1, 1, 5
kempton, 2, 1, 0
pulao, 1, 1, 4
putting, 2, 2, 32
enslaved, 2, 2, 10
implausible, 1, 1, 1
acres, 1, 1, 2
percieved, 1, 1, 27
ending, 1, 1, 7
continued, 2, 2, 51
inscribe, 1, 1, 5
materialism, 4, 1, 3
wa, 1, 1, 2
entire, 5, 5, 161
incoherent, 1, 1, 5
literary, 1, 1, 376
gender, 4, 3, 51
marry, 1, 1, 0
mississippian, 3, 1, 179
fewer, 1, 1, 481
kansa, 1, 1, 179
try, 8, 8, 476
threat, 4, 2, 8
latinization, 1, 1, 98
race, 4, 3, 625
reich, 2, 2, 6
polling, 3, 1, 481
relation, 2, 2, 29
agnatic, 1, 1, 5
noted, 3, 2, 6
logistics, 1, 1, 1
smaller, 2, 2, 86
carter, 2, 1, 481
fining, 1, 1, 139
cussing, 1, 1, 293
quaker, 2, 1, 139
rivers, 1, 1, 33
recruitment, 1, 1, 27
imply, 1, 1, 5
video, 1, 1, 1
anticatholic, 1, 1, 3
picked, 2, 2, 269
earth, 2, 2, 16
ruled, 1, 1, 5
mussolini, 1, 1, 3
makers, 1, 1, 5
victor, 1, 1, 5
theodore, 1, 1, 6
business, 2, 2, 152
paintings, 1, 1, 3
giving, 2, 2, 144
preoccupied, 1, 1, 7
assisted, 1, 1, 6
reaching, 1, 1, 5
expressed, 1, 1, 481
practices, 2, 2, 168
access, 4, 4, 179
consistently, 1, 1, 481
19th, 10, 6, 446
indian, 5, 3, 13
attire, 2, 2, 6
incidents, 2, 1, 5
3a, 1, 1, 5
ammunition, 1, 1, 1
warlords, 1, 1, 5
nazis, 3, 2, 2
body, 13, 8, 95
monopoply, 1, 1, 33
focuses, 2, 2, 11
led, 2, 2, 73
sept, 1, 1, 3
degree, 2, 2, 4
exchange, 1, 1, 1
respectively, 1, 1, 293
prescribe, 1, 1, 139
outlying, 1, 1, 179
following, 6, 6, 122
objects, 1, 1, 293
let, 6, 6, 175
separation, 2, 2, 9
others, 6, 6, 471
decimated, 1, 1, 2
kingdom, 1, 1, 3
invented, 1, 1, 13
extreme, 2, 2, 4
settling, 1, 1, 31
great, 22, 14, 272
engage, 1, 1, 4
dividing, 2, 2, 12
metro, 1, 1, 33
broken, 1, 1, 7
technical, 1, 1, 179
involved, 5, 4, 154
30, 1, 1, 1
reacquire, 1, 1, 1
34, 1, 1, 29
suggests, 2, 2, 180
bix, 1, 1, 8
resulting, 3, 2, 53
defeat, 2, 2, 18
observes, 1, 1, 5
opinion, 4, 3, 16
spices, 1, 1, 166
makes, 4, 4, 22
honor, 1, 1, 139
involves, 1, 1, 11
thats, 1, 1, 1
handfull, 2, 1, 343
named, 1, 1, 179
addresses, 1, 1, 3
ifmk, 2, 1, 98
egypt, 6, 5, 22
win, 1, 1, 481
finagling, 1, 1, 139
fractured, 1, 1, 5
private, 1, 1, 15
austria, 2, 2, 12
decrease, 1, 1, 46
names, 2, 2, 6
apply, 1, 1, 5
route, 1, 1, 139
staple, 2, 1, 4
mycenae, 1, 1, 376
standing, 1, 1, 5
use, 26, 18, 4378
fee, 2, 1, 139
pawn, 1, 1, 0
consumption, 7, 2, 5
failed, 2, 2, 6
readable, 1, 1, 139
seamless, 7, 3, 22
levant, 1, 1, 1
next, 2, 1, 22
depicted, 3, 2, 378
doubt, 2, 2, 7
save, 1, 1, 1
historically, 4, 4, 479
reflects, 2, 2, 10
belgian, 1, 1, 6
sort, 11, 11, 288
bureaucracy, 1, 1, 6
prized, 1, 1, 1
parliament, 1, 1, 46
upcoming, 1, 1, 22
comparison, 1, 1, 5
started, 5, 4, 64
becomes, 3, 3, 186
bulghur, 1, 1, 4
factor, 3, 3, 13
stone, 1, 1, 1
fuck, 8, 4, 4629
folks, 1, 1, 139
habitually, 1, 1, 293
xamp, 1, 1, 98
posturing, 1, 1, 1
ok, 1, 1, 2
unforgiving, 1, 1, 0
iii, 1, 1, 22
circle, 1, 1, 0
women, 11, 7, 781
paused, 1, 1, 5
account, 4, 2, 205
balls, 1, 1, 293
origins, 7, 4, 673
announcing, 1, 1, 139
f, 2, 2, 391
presentday, 1, 1, 1
halt, 1, 1, 4
reproduce, 1, 1, 3482
creepy, 1, 1, 11
emerson, 4, 1, 179
anywhere, 1, 1, 2
servants, 1, 1, 1
island, 2, 2, 140
narratives, 1, 1, 2
fulfill, 1, 1, 1
potus, 2, 2, 125
disabilities, 2, 2, 31
dropped, 1, 1, 29
control, 3, 2, 9
continuity, 2, 2, 7
weaker, 1, 1, 7
links, 2, 2, 6
plate, 1, 1, 1
process, 16, 6, 364
favorite, 2, 2, 295
maturely, 1, 1, 756
infantry, 3, 2, 28
tax, 4, 2, 6
smoked, 2, 1, 1
high, 9, 7, 498
effectively, 2, 2, 36
uthewinstore, 1, 1, 10
pulling, 1, 1, 2
something, 13, 10, 77
woodlands, 1, 1, 2
sought, 2, 2, 84
wonderful, 1, 1, 98
tan, 1, 1, 3482
cherokees, 5, 1, 2
native, 6, 5, 221
blights, 1, 1, 2
summers, 1, 1, 24
united, 6, 5, 130
varied, 1, 1, 1
askhistorians, 4, 3, 76
sword, 1, 1, 5
reoriented, 1, 1, 5
six, 2, 2, 5
wes, 1, 1, 2
regions, 2, 2, 6
uklarok, 1, 1, 2
numerous, 2, 2, 27
pair, 1, 1, 2
luke, 4, 1, 5
instead, 9, 8, 79
artfully, 1, 1, 3
sin, 1, 1, 9
stand, 2, 2, 318
mozarabs, 1, 1, 5
singular, 2, 2, 13
muscogee, 1, 1, 2
stop, 2, 1, 11
annexed, 1, 1, 84
collection, 2, 2, 318
perceive, 2, 2, 9
preferring, 1, 1, 22
ethnic, 2, 1, 2
fits, 1, 1, 2
spelling, 1, 1, 4
da, 2, 1, 139
iimgurcombdy14vhjpg, 1, 1, 1
ambiguous, 1, 1, 5
realized, 2, 2, 8
introduced, 1, 1, 5
light, 4, 4, 152
lines, 2, 2, 9
robot, 1, 1, 5
wwii, 6, 3, 16
linen, 1, 1, 3
chief, 1, 1, 79
honestly, 1, 1, 5
healthcare, 2, 1, 5
subsequently, 1, 1, 7
quotations, 1, 1, 3482
classs, 1, 1, 6
fastest, 1, 1, 3
grozy, 1, 1, 33
houston, 1, 1, 1
humour, 1, 1, 756
casson, 1, 1, 3
paella, 1, 1, 4
feudalism, 1, 1, 5
astronomical, 1, 1, 4
insight, 1, 1, 6
oral, 1, 1, 7
embers, 1, 1, 1
defacto, 1, 1, 6
produced, 1, 1, 5
whilst, 1, 1, 5
cambridge, 1, 1, 98
including, 4, 3, 17
looks, 3, 3, 40
damnit, 2, 2, 829
mentioned, 2, 2, 277
agricultural, 2, 2, 5
omnes, 1, 1, 98
carolyn, 1, 1, 2
perfect, 1, 1, 163
1, 11, 9, 1696
catabolism, 1, 1, 293
outer, 1, 1, 6
exclusion, 5, 4, 158
sunni, 1, 1, 1
flawed, 1, 1, 11
r0ez6e9jhv8c, 1, 1, 179
antonius, 1, 1, 3
li, 2, 1, 98
meantime, 1, 1, 0
holland, 1, 1, 27
willing, 2, 2, 11
lr, 2, 1, 179
choose, 1, 1, 3
dirteater, 1, 1, 2
2015, 5, 4, 12
2014, 4, 3, 14
nobles, 5, 2, 11
criminal, 2, 2, 16
defining, 2, 2, 14
sweden, 2, 2, 87
elites, 3, 2, 40
culo, 2, 1, 293
designs, 1, 1, 1
tears, 1, 1, 2
crash, 1, 1, 179
scotus, 1, 1, 139
pearl, 1, 1, 4
9066, 3, 1, 139
wolfgang, 1, 1, 1
isolation, 1, 1, 5
practice, 4, 3, 157
quechuaaymara, 1, 1, 2
mention, 5, 4, 178
beards, 2, 2, 4
cutting, 1, 1, 46
legendary, 1, 1, 5
flen, 1, 1, 98
front, 3, 3, 300
impaired, 1, 1, 9
documented, 3, 3, 3491
republican, 6, 2, 481
day, 14, 10, 630
presidential, 4, 2, 482
turks, 1, 1, 1
articles, 5, 3, 12
february, 1, 1, 139
mods, 1, 1, 29
edit, 5, 5, 24
establishment, 1, 1, 29
waree, 1, 1, 2
truth, 2, 2, 24
fields, 1, 1, 2
predilection, 1, 1, 5
accounts, 2, 2, 10
stock, 3, 2, 53
mopsuestia, 1, 1, 6
normans, 1, 1, 31
upheavals, 1, 1, 1
prevailing, 1, 1, 33
adventure, 1, 1, 293
apologize, 1, 1, 22
deviated, 1, 1, 5
related, 7, 7, 218
society, 15, 10, 84
books, 4, 4, 17
measure, 2, 2, 483
glick, 1, 1, 5
differ, 2, 2, 31
sexual, 3, 2, 3
_after, 1, 1, 10
special, 6, 5, 189
category, 1, 1, 5
fundamentally, 2, 2, 9
frontier, 2, 2, 7
400bc, 1, 1, 31
occupied, 2, 2, 91
monumental, 1, 1, 11
bergen, 1, 1, 163
critics, 1, 1, 9
waterloo, 1, 1, 27
socalled, 1, 1, 5
maya, 9, 2, 3
exporting, 1, 1, 46
mallinson, 1, 1, 27
lecture, 1, 1, 6
technically, 1, 1, 5
cause, 1, 1, 5
integrated, 1, 1, 130
red, 1, 1, 8
piggy, 1, 1, 9
shut, 1, 1, 46
approached, 1, 1, 139
dictionary, 2, 2, 3775
interactions, 1, 1, 46
spot, 1, 1, 4
dizzying, 1, 1, 29
greedy, 1, 1, 1
ban, 1, 1, 756
completely, 3, 3, 10
surely, 1, 1, 166
york, 6, 2, 486
enema, 1, 1, 1
conflicts, 2, 2, 141
singing, 1, 1, 5
quo, 1, 1, 5
resistors, 2, 1, 139
interaction, 2, 2, 196
allies, 4, 2, 3
segregated, 1, 1, 33
via, 3, 3, 45
revenant, 2, 2, 3500
could, 40, 31, 1256
backwater, 1, 1, 7
times, 9, 9, 978
synesthetic, 1, 1, 1
allied, 1, 1, 10
ideologybut, 1, 1, 481
removing, 2, 2, 144
davis, 2, 2, 20
projection, 1, 1, 11
exaggerating, 1, 1, 5
south, 8, 7, 57
dec, 1, 1, 2
jurists, 1, 1, 1
isbn, 1, 1, 46
k1728, 1, 1, 1
militarism, 1, 1, 8
powerful, 3, 2, 11
cleanshaven, 1, 1, 3
reaches, 1, 1, 22
jesus, 18, 5, 30
standards, 2, 2, 380
congo, 2, 1, 6
puppet, 1, 1, 5
bitch, 1, 1, 293
lrdg, 1, 1, 27
reached, 1, 1, 1
precisely, 2, 2, 10
quality, 2, 2, 10
reliable, 1, 1, 2
destinations, 1, 1, 3
pg116, 1, 1, 1
foldif, 1, 1, 481
ancient, 16, 11, 882
fascinating, 2, 2, 144
simulated, 1, 1, 481
data, 7, 3, 488
vulgar, 5, 2, 391
system, 11, 7, 86
relations, 6, 5, 68
casting, 1, 1, 5
vagina, 1, 1, 2
exercise, 1, 1, 5
belize, 1, 1, 1
travelled, 1, 1, 1
final, 1, 1, 1
pathogen, 1, 1, 2
misunderstood, 1, 1, 33
almoravid, 2, 1, 5
enforcement, 1, 1, 139
sealed, 1, 1, 1
hirabayashi, 6, 1, 139
punish, 1, 1, 1
completed, 1, 1, 139
exactly, 10, 5, 4283
stress, 2, 2, 4
environmental, 1, 1, 29
tablia, 1, 1, 2
sex, 4, 3, 296
somerset, 2, 1, 31
varieties, 3, 2, 6
congenital, 1, 1, 22
observed, 2, 2, 12
valley, 1, 1, 4
gradual, 1, 1, 5
warfare, 1, 1, 5
presided, 1, 1, 79
culpability, 1, 1, 8
dower, 2, 1, 8
elizabeth, 1, 1, 0
riches, 1, 1, 166
youtube, 1, 1, 5
extraordinarily, 1, 1, 31
limiting, 1, 1, 5
coopted, 1, 1, 6
patients, 1, 1, 5
individual, 3, 3, 15
injured, 1, 1, 5
circumspect, 1, 1, 5
sr, 1, 1, 4
naturally, 1, 1, 29
sculpture, 1, 1, 22
devotion, 1, 1, 9
anthropologist, 1, 1, 139
drunk, 1, 1, 11
false, 1, 1, 98
greeces, 1, 1, 1
viewer, 1, 1, 1
sterisman, 2, 1, 98
half, 2, 2, 483
1970s, 1, 1, 1
teenagers, 1, 1, 1
westward, 1, 1, 1
unelected, 1, 1, 5
gentle, 1, 1, 11
mycenaean, 2, 1, 376
secretaryship, 1, 1, 3
need, 3, 3, 7
academically, 1, 1, 29
apparently, 2, 2, 16
clearly, 4, 4, 493
viewed, 5, 3, 37
catholic, 3, 2, 12
depict, 3, 2, 398
angle, 1, 1, 5
smallest, 1, 1, 1
dishes, 3, 2, 27
cahokia, 19, 4, 212
studying, 1, 1, 179
able, 6, 5, 493
mid, 2, 2, 28
battles, 5, 3, 36
contact, 1, 1, 2
instance, 4, 4, 172
supplanted, 1, 1, 5
issuing, 1, 1, 139
zargos, 1, 1, 6
plantation, 1, 1, 5
jail, 3, 1, 139
divert, 1, 1, 1
trivia, 2, 1, 22
brand, 1, 1, 5
savages, 1, 1, 11
regard, 2, 2, 5
neccessity, 1, 1, 139
centre, 2, 2, 13
techniques, 1, 1, 139
dutch, 4, 3, 27
harmful, 1, 1, 5
cipher, 2, 1, 98
eight, 2, 2, 2
representation, 3, 3, 26
emancipation, 1, 1, 2
06, 2, 2, 12
awe, 1, 1, 11
sophisticated, 1, 1, 6
class, 5, 4, 310
vitriolic, 1, 1, 3
newamp, 1, 1, 5
subjective, 2, 2, 6
discourage, 1, 1, 73
joseph, 1, 1, 5
doublechecking, 1, 1, 7
enthusiastic, 1, 1, 3
stronger, 3, 3, 9
tasked, 1, 1, 27
enlist, 1, 1, 139
pipe, 1, 1, 1
proceedings, 1, 1, 3482
gesture, 1, 1, 1
pictures, 1, 1, 3
occasion, 2, 2, 139
ensued, 1, 1, 11
fact, 10, 8, 3823
impression, 3, 2, 83
atmosphere, 1, 1, 5
trivias, 1, 1, 22
midwesterner, 1, 1, 3
monasteries, 1, 1, 5
violation, 2, 1, 139
text, 8, 6, 3518
stove, 1, 1, 4
egbert, 1, 1, 5
anyway, 1, 1, 1
centralized, 1, 1, 12
purely, 3, 3, 141
brine, 1, 1, 343
argues, 2, 2, 660
soldiers, 7, 5, 22
rough, 2, 2, 298
debate, 3, 3, 14
decade, 1, 1, 1
staff, 4, 3, 147
component, 1, 1, 3
partners, 1, 1, 5
monotheistic, 2, 2, 20
trying, 5, 3, 144
based, 9, 8, 614
knowledge, 2, 2, 34
jay, 1, 1, 7
a8nes, 2, 1, 376
usarah_fox, 1, 1, 3
jan, 1, 1, 10
stake, 2, 2, 6
candidates, 2, 2, 482
notes, 1, 1, 6
inherited, 3, 3, 38
phylloxera, 1, 1, 2
riding, 1, 1, 5
local, 7, 5, 66
hope, 2, 2, 3
okla, 1, 1, 2
meant, 4, 4, 21
count, 1, 1, 9
wilbert, 1, 1, 1
move, 3, 3, 194
listened, 2, 2, 10
means, 7, 6, 3974
beat, 3, 3, 523
familiar, 2, 2, 7
thrived, 1, 1, 5
nonobscene, 1, 1, 293
chippenham, 1, 1, 5
maritime, 1, 1, 5
joint, 1, 1, 1
reputations, 1, 1, 0
bodybuilders, 1, 1, 29
words, 17, 9, 3813
christie, 1, 1, 2
years, 11, 9, 300
suez, 2, 2, 5
nearly, 1, 1, 5
areas, 6, 5, 195
symbols, 1, 1, 1
acropolis, 1, 1, 376
glory, 1, 1, 7
tobacco, 6, 1, 1
ended, 2, 2, 9
upper, 1, 1, 1
denmark, 2, 2, 84
undergrad, 1, 1, 1
mohammed, 1, 1, 13
taxes, 3, 2, 50
calling, 1, 1, 2
topaz, 1, 1, 139
stuff, 4, 2, 34
wish, 1, 1, 5
htat, 1, 1, 5
fifteenthcentury, 1, 1, 98
generations, 1, 1, 179
view, 7, 6, 52
intervening, 1, 1, 46
guessing, 1, 1, 4
orbis, 1, 1, 4
exerted, 1, 1, 5
turbulent, 1, 1, 5
japonica, 2, 1, 4
edition, 2, 2, 181
intensity, 1, 1, 5
yugoslavia, 1, 1, 5
signed, 1, 1, 1
greece, 4, 3, 10
operated, 1, 1, 163
creating, 2, 2, 7
allan, 1, 1, 27
heaters, 1, 1, 4
uthe_alaskan, 1, 1, 3
aforementioned, 1, 1, 6
wealth, 4, 3, 298
insulting, 1, 1, 22
attempting, 1, 1, 5
aspirations, 1, 1, 79
nuclear, 4, 2, 4
nightmare, 1, 1, 11
nature, 4, 4, 484
bias, 1, 1, 5
cruel, 1, 1, 5
increased, 2, 2, 6
broach, 1, 1, 2
_encoding, 1, 1, 4
wo, 1, 1, 2
written, 16, 11, 4184
connection, 1, 1, 179
supernatural, 1, 1, 11
correctly, 2, 1, 5
horrible, 1, 1, 3
wabash, 1, 1, 179
rendition, 1, 1, 3
boundary, 1, 1, 1
frustrated, 2, 1, 139
wiry, 4, 2, 31
ends, 7, 2, 144
converting, 3, 1, 5
ability, 1, 1, 5
campagi, 1, 1, 2
importance, 2, 2, 84
monarchy, 2, 2, 7
focus, 2, 2, 302
huts, 1, 1, 11
ignorance, 1, 1, 3
gcehcwaaqbaj, 1, 1, 179
job, 1, 1, 9
le, 1, 1, 293
punishable, 1, 1, 139
joe, 1, 1, 22
historians, 9, 8, 49
group, 5, 4, 489
islamicchristian, 1, 1, 1
endo, 1, 1, 139
northumbria, 2, 1, 5
restrictions, 2, 2, 144
piece, 2, 2, 295
huagua, 1, 1, 2
multiethnic, 1, 1, 179
westwards, 1, 1, 4
profanity, 2, 2, 3775
taking, 1, 1, 7
disobeyed, 1, 1, 139
equal, 1, 1, 1
attributed, 1, 1, 4
agree, 1, 1, 0
followup, 5, 5, 20
etc, 11, 9, 320
admit, 2, 2, 142
figures, 1, 1, 1
sexes, 1, 1, 11
tactical, 1, 1, 2
approved, 1, 1, 7
afraid, 1, 1, 0
otherwise, 4, 4, 4063
comment, 5, 5, 166
detailed, 1, 1, 10
adjusted, 1, 1, 166
relevant, 2, 2, 13
censorship, 2, 1, 293
indica, 4, 1, 4
elegant, 1, 1, 1
cb, 1, 1, 8
tuesday, 2, 1, 22
supreme, 2, 1, 139
walk, 1, 1, 9
drought, 1, 1, 46
cartons, 1, 1, 1
crafted, 1, 1, 2
respect, 1, 1, 15
curriculum, 1, 1, 1
oakland, 1, 1, 139
div, 1, 1, 1
cu, 1, 1, 293
flourishing, 2, 2, 10
quit, 1, 1, 3
provinces, 1, 1, 17
1424, 1, 1, 481
exposure, 1, 1, 4
powered, 1, 1, 293
addition, 4, 4, 690
fishers, 1, 1, 343
lambent, 1, 1, 1
3500, 1, 1, 4
overthrowing, 1, 1, 7
doris, 1, 1, 7
literal, 2, 2, 3487
halfhour, 1, 1, 1
slowly, 2, 2, 17
treat, 1, 1, 163
wheelhouse, 1, 1, 3
utilizing, 2, 2, 7
counterculture, 1, 1, 0
define, 2, 2, 13
username, 4, 4, 17
suggested, 1, 1, 3
controlled, 1, 1, 27
stationed, 1, 1, 1
painted, 1, 1, 376
moved, 2, 2, 484
2nd, 1, 1, 2
releasing, 1, 1, 5
essentially, 5, 4, 19
al, 2, 2, 484
bulk, 3, 3, 35
americansenglishmen, 1, 1, 73
angles, 1, 1, 293
bull, 1, 1, 2
c3, 2, 1, 376
last, 4, 4, 493
despite, 2, 2, 380
present, 1, 1, 2
volunteer, 2, 2, 25
homes, 1, 1, 3
novel, 5, 1, 293
welcoming, 1, 1, 5
splits, 1, 1, 481
external, 1, 1, 9
contexts, 1, 1, 293
harder, 2, 2, 484
value, 4, 4, 63
rectangular, 1, 1, 2
stalin, 1, 1, 3
armiesa, 1, 1, 5
2013, 2, 2, 4
promoted, 1, 1, 15
colonialisation, 1, 1, 7
discoveries, 1, 1, 7
primacy, 1, 1, 11
unconvential, 1, 1, 27
jehovah, 1, 1, 11
aesthetics, 1, 1, 2
manually, 1, 1, 1
resident, 3, 1, 17
lacked, 1, 1, 11
thus, 8, 7, 323
site, 5, 3, 212
surface, 1, 1, 5
rooster, 1, 1, 293
helped, 1, 1, 6
girlfriend, 1, 1, 2
demanded, 1, 1, 5
claimed, 2, 2, 142
arabic, 1, 1, 4
restrict_sr, 1, 1, 5
moriscos, 1, 1, 5
stands, 1, 1, 3
cohort, 3, 1, 481
tied, 1, 1, 376
voyages, 1, 1, 3
oldfashioned, 1, 1, 11
perhaps, 7, 7, 663
privileges, 2, 2, 6
civilian, 3, 1, 2
cross, 1, 1, 4
unite, 1, 1, 1
romance, 1, 1, 293
inca, 3, 1, 2
unity, 2, 2, 21
strange, 2, 2, 86
largest, 1, 1, 46
units, 4, 2, 4
party, 3, 3, 532
gets, 3, 3, 148
tapped, 1, 1, 7
twelfth, 1, 1, 293
difficult, 7, 5, 1027
eunuchs, 7, 1, 5
neolithic, 1, 1, 3
material, 5, 5, 909
http, 29, 24, 1437
context, 6, 5, 680
novels, 1, 1, 293
bald, 1, 1, 3482
upon, 3, 3, 210
effect, 3, 3, 527
valiuable, 1, 1, 343
slavs, 1, 1, 5
discouraged, 1, 1, 5
frequently, 2, 2, 10
mcpherson, 1, 1, 7
indigenous, 1, 1, 2
judgment, 1, 1, 9
scholars, 4, 3, 32
mosaic, 1, 1, 2
commenters, 5, 5, 773
celtic, 3, 1, 31
priest, 3, 2, 9
center, 2, 2, 487
fully, 1, 1, 481
enamored, 1, 1, 139
well, 25, 19, 928
fighting, 1, 1, 27
succesion, 1, 1, 5
thought, 5, 5, 31
patterns, 1, 1, 33
norsemen, 1, 1, 5
command, 3, 3, 147
algorithmically, 1, 1, 5
english, 16, 10, 3942
firstly, 1, 1, 5
position, 6, 5, 97
soviet, 2, 1, 1
subgroup, 1, 1, 481
45, 1, 1, 33
unbridled, 1, 1, 11
enormously, 1, 1, 9
5064, 1, 1, 481
flesh, 1, 1, 11
increasingly, 6, 4, 485
42, 1, 1, 481
proximity, 2, 2, 91
executive, 3, 3, 223
cloaks, 1, 1, 3
detail, 1, 1, 13
sources, 18, 11, 3652
distant, 2, 2, 185
scholarly, 1, 1, 4
paul, 2, 2, 7
antisemitism, 3, 1, 5
reduced, 1, 1, 139
trained, 1, 1, 2
bibliography, 1, 1, 46
2324, 1, 1, 6
anglosaxons, 1, 1, 31
supply, 1, 1, 4
smith, 1, 1, 1
patricia, 1, 1, 3
capabilities, 1, 1, 2
semitism, 1, 1, 5
googling, 1, 1, 6
arrest, 1, 1, 139
add, 7, 6, 545
attractive, 1, 1, 3
perot, 1, 1, 481
necessarily, 1, 1, 5
noblemen, 1, 1, 5
jars, 1, 1, 1
practise, 1, 1, 27
unprecedented, 1, 1, 5
homework, 2, 2, 8
raven, 2, 1, 4
enclosed, 1, 1, 9
2003, 1, 1, 2
tests, 2, 1, 1
definitive, 1, 1, 31
provisions, 1, 1, 7
government, 9, 6, 75
checking, 1, 1, 179
tordesillas, 1, 1, 7
famously, 3, 3, 10
utah, 1, 1, 139
judiciary, 1, 1, 139
crux, 1, 1, 5
historic, 2, 1, 179
five, 2, 2, 180
know, 33, 28, 1683
presume, 1, 1, 7
bottoms, 1, 1, 179
belgium, 3, 3, 8
immediately, 4, 4, 106
intersection, 1, 1, 5
prominent, 1, 1, 179
loss, 4, 4, 39
lincoln, 1, 1, 7
scientologists, 1, 1, 11
necessary, 1, 1, 4
like, 43, 31, 1320
lost, 2, 2, 36
admitted, 2, 1, 139
loses, 1, 1, 139
hitchhike, 1, 1, 139
traders, 1, 1, 73
payments, 1, 1, 5
decontextualized, 1, 1, 29
james, 1, 1, 7
counsellors, 1, 1, 5
become, 4, 4, 148
fvccare, 1, 1, 98
page, 1, 1, 29
italian, 12, 4, 389
accessible, 2, 2, 342
deviation, 1, 1, 9
shed, 2, 2, 6
classical, 2, 2, 9
twitter, 6, 2, 95
flagrant, 1, 1, 3
phenomena, 5, 2, 10
searching, 2, 2, 6
authority, 4, 3, 147
drunkeness, 1, 1, 5
daylight, 1, 1, 4
semblance, 1, 1, 5
recommendation, 1, 1, 1
proper, 1, 1, 5
home, 5, 5, 527
empire, 12, 7, 31
peter, 4, 3, 142
employment, 1, 1, 376
transport, 4, 3, 176
1769, 1, 1, 46
happens, 3, 3, 624
unfunny, 1, 1, 1
congress, 6, 4, 230
lead, 2, 2, 10
disraeli, 1, 1, 5
lean, 1, 1, 29
mines, 3, 2, 196
markers, 1, 1, 2
favors, 1, 1, 6
1713, 2, 1, 7
appreciative, 1, 1, 2
capability, 1, 1, 27
leader, 2, 2, 101
gecirre, 1, 1, 3482
observer, 1, 1, 1
slower, 1, 1, 29
hose, 1, 1, 2
medieval, 16, 12, 209
schedule, 1, 1, 22
unquestionably, 1, 1, 5
expansion, 4, 4, 27
educating, 1, 1, 1
likewise, 1, 1, 293
crossing, 1, 1, 2
murdered, 1, 1, 11
immature, 2, 1, 1
variation, 1, 1, 1
although, 7, 7, 315
leopold, 2, 1, 6
tikal, 1, 1, 1
stage, 1, 1, 5
gained, 4, 4, 323
actual, 2, 2, 295
justin, 2, 1, 5
extension, 1, 1, 41
getting, 6, 6, 1148
napoleonic, 2, 2, 28
freedom, 3, 3, 16
foil, 1, 1, 5
recognized, 1, 1, 139
holdings, 1, 1, 5
swear, 3, 3, 1050
insufficient, 1, 1, 4
emperor, 6, 3, 20
persuaded, 1, 1, 139
eisenhower, 1, 1, 481
software, 1, 1, 4
successor, 1, 1, 3
letters, 3, 2, 2
kinda, 1, 1, 29
adopters, 1, 1, 3
previously, 1, 1, 3
creativity, 1, 1, 1
vulgarity, 1, 1, 73
preexisting, 1, 1, 2
commitment, 1, 1, 1
guard, 3, 3, 154
square, 1, 1, 2
hungary, 2, 2, 38
female, 2, 1, 5
joyce, 1, 1, 3482
pute, 1, 1, 293
mississippi, 1, 1, 179
1985, 1, 1, 1
dazed, 1, 1, 11
postimperialism, 1, 1, 5
1980, 1, 1, 5
rivals, 2, 2, 9
artifacts, 1, 1, 376
estate, 1, 1, 1
vegetables, 1, 1, 4
support, 1, 1, 481
secret, 1, 1, 46
imperial, 4, 4, 24
continental, 1, 1, 79
spread, 7, 1, 4
avowed, 1, 1, 3
recognised, 1, 1, 5
watchword, 1, 1, 293
inspiration, 1, 1, 3
ford, 1, 1, 481
pg, 3, 1, 98
function, 2, 2, 8
tricky, 1, 1, 2
buy, 4, 4, 44
north, 12, 5, 138
tm, 1, 1, 29
evacuate, 1, 1, 5
volume, 1, 1, 0
repeated, 1, 1, 46
construction, 1, 1, 5
goals, 1, 1, 10
hl, 3, 2, 277
antimuslim, 1, 1, 7
institution, 1, 1, 11
genitals, 1, 1, 293
made, 21, 16, 857
prevalent, 1, 1, 27
places, 4, 4, 68
execute, 1, 1, 3
whether, 7, 6, 513
dangerous, 2, 2, 36
official, 2, 2, 3483
variations, 1, 1, 2
flip, 1, 1, 5
triumphant, 1, 1, 481
incompetent, 1, 1, 1
record, 5, 2, 381
catching, 1, 1, 1
limit, 1, 1, 16
castration, 1, 1, 5
abdicate, 1, 1, 8
problem, 3, 3, 15
pm, 2, 2, 144
minutes, 1, 1, 1
granulated, 1, 1, 4
1930s, 1, 1, 3
irish, 9, 5, 85
attained, 1, 1, 3
operation, 1, 1, 27
entering, 1, 1, 11
1865, 2, 2, 3489
recognize, 2, 2, 34
universal, 2, 2, 12
mete, 1, 1, 3482
airmen, 1, 1, 1
correction, 1, 1, 5
denote, 1, 1, 1
umayyad, 3, 3, 9
boardwalk, 1, 1, 3
tutors, 1, 1, 1
manifesto, 1, 1, 139
periods, 1, 1, 3
cooler, 1, 1, 6
unprintable, 1, 1, 3482
commentators, 1, 1, 6
education, 5, 2, 3
domesticated, 2, 1, 4
proceeds, 1, 1, 139
retrospect, 1, 1, 5
effected, 3, 2, 483
cavalry, 1, 1, 7
spell, 1, 1, 2
compared, 5, 5, 654
48, 2, 1, 481
variety, 2, 2, 9
gelfhine, 1, 1, 5
deadly, 1, 1, 4
attacked, 1, 1, 2
percent, 1, 1, 5
treatment, 3, 3, 149
40, 2, 1, 481
lately, 1, 1, 1
book, 11, 10, 361
witness, 1, 1, 4
normal, 3, 3, 136
quantities, 1, 1, 1
misconceptions, 1, 1, 5
u, 1, 1, 5
pollard, 2, 1, 5
swearwords, 1, 1, 293
dresses, 1, 1, 376
empires, 10, 4, 15
polity, 1, 1, 1
repeat, 1, 1, 22
loosest, 1, 1, 1
chroniclers, 1, 1, 5
monday, 1, 1, 7
traumatic, 1, 1, 3
innovative, 1, 1, 27
christiand, 1, 1, 5
cerealgrowing, 1, 1, 5
astounding, 1, 1, 5
saturnalia, 1, 1, 11
inherently, 3, 1, 5
insults, 1, 1, 756
margaret, 3, 1, 9
chance, 1, 1, 5
weaponry, 3, 3, 46
additionally, 4, 4, 34
animosity, 1, 1, 17
premodern, 3, 3, 21
friends, 1, 1, 139
survey, 1, 1, 2
christians, 9, 3, 27
dewey, 1, 1, 481
factors, 6, 4, 39
lesspious, 1, 1, 5
theological, 2, 1, 3
focused, 1, 1, 5
amp, 6, 4, 3672
1860, 1, 1, 5
ranks, 1, 1, 5
coldstream, 1, 1, 130
populace, 1, 1, 5
celts, 1, 1, 5
rule, 16, 7, 785
intentionally, 1, 1, 5
narrative, 6, 1, 5
mercenary, 1, 1, 5
portion, 2, 2, 162
write, 1, 1, 5
status, 3, 3, 13
diagnosis, 4, 2, 14
ideological, 1, 1, 481
rural, 1, 1, 0
rebuilding, 1, 1, 2
8th, 3, 2, 2
pilaf, 1, 1, 4
