Word, Frequency, Comment Frequency, Net Score
similarity, 1, 1, 1
child, 6, 4, 11
yellow, 4, 4, 78
four, 2, 2, 10
dealings, 1, 1, 4
hating, 1, 1, 1
liar, 1, 1, -3
captain, 2, 1, -1
hate, 12, 10, 55
demotion, 1, 1, 12
consider, 2, 2, 7
someplace, 1, 1, 3
votes, 1, 1, 10
feeding, 1, 1, 6
buddy, 1, 1, 7
selfserving, 2, 2, 8
30min, 1, 1, 1
contained, 1, 1, 7
endings, 2, 2, 6
indicate, 1, 1, 12
teaching, 5, 4, 28
sorry, 5, 5, 81
pride, 3, 3, 8
worth, 5, 5, 152
placed, 1, 1, 2
sinking, 1, 1, 2
saves, 1, 1, 2
risk, 8, 8, 17
geology, 1, 1, 1
lurk, 1, 1, 1
misunderstanding, 1, 1, 2
splitting, 2, 2, 3
smack, 1, 1, 4
gritty, 1, 1, 1
every, 24, 22, 271
jack, 23, 12, 69
scholarship, 1, 1, 9
bringing, 2, 2, 10
uncomfortable, 3, 3, 6
subreddits, 1, 1, 1
school, 6, 6, 260
naivethanks, 1, 1, 1
whitman, 2, 1, 4
investigator, 2, 1, 15
clientele, 1, 1, 1
convenience, 1, 1, 2
announced, 1, 1, 1
murders, 1, 1, 22
commented, 1, 1, 6
enjoy, 6, 6, 79
nazilike, 1, 1, 6
force, 3, 3, 5
tired, 4, 3, 11
direct, 1, 1, 1
second, 19, 17, 271
street, 1, 1, 3
huell, 1, 1, 8
chem, 1, 1, 22
even, 53, 46, 398
neo, 2, 2, 7
hide, 1, 1, 1
christ, 2, 2, 3
saved, 2, 2, 15
cooking, 6, 6, 50
poison, 3, 3, 4
reasoning, 1, 1, 7
lights, 1, 1, 1
supplier, 1, 1, 6
new, 23, 20, 440
ever, 24, 24, 161
harbors, 1, 1, 3
told, 6, 6, 41
kicked, 1, 1, 4
hero, 1, 1, 2
payroll, 1, 1, 1
never, 46, 43, 437
meh, 1, 1, 2
arroya, 1, 1, 25
met, 2, 2, 5
protection, 1, 1, 3
mniga, 1, 1, 3
active, 1, 1, 3
path, 1, 1, 3
bogdan, 1, 1, 8
digits, 1, 1, 0
kids, 3, 3, 5
daughter, 2, 2, 15
hunting, 2, 2, 3
rests, 1, 1, 12
leaves, 4, 4, 21
climbed, 1, 1, 1
jail, 1, 1, 8
reports, 1, 1, 208
credit, 3, 3, 48
happended, 1, 1, 1
stressed, 1, 1, 1
changes, 1, 1, 4
fantastic, 2, 2, 1
intercept, 1, 1, 2
recalls, 1, 1, 3
treatment, 3, 2, 47
feelings, 2, 2, 1
brought, 4, 4, 14
visible, 2, 2, 9
beneficiaries, 1, 1, 6
moral, 4, 3, 8
glance, 1, 1, 92
unit, 3, 3, 10
plot, 2, 2, 107
exacto, 1, 1, 3
would, 140, 103, 930
catchy, 1, 1, 1
hospital, 3, 3, 10
gloss, 1, 1, 4
ploy, 1, 1, 3
chooses, 1, 1, 2
kettles, 1, 1, 2
call, 26, 23, 106
therefore, 1, 1, 3
recommend, 4, 4, 11
e2, 1, 1, 9
type, 5, 5, 13
mystical, 1, 1, -19
wears, 1, 1, 33
posting, 3, 3, 202
holy, 6, 6, 33
brings, 2, 2, 34
schrader, 4, 3, 20
haha, 3, 3, 8
reign, 1, 1, 1
aware, 1, 1, 5
warn, 1, 1, 9
phone, 7, 6, 29
adult, 1, 1, 9
sicher, 1, 1, 0
excellent, 5, 5, 19
hold, 2, 2, 9
squad, 1, 1, 7
must, 3, 3, 16
peekaboo, 3, 2, 15
locked, 1, 1, 2
room, 5, 4, 29
rights, 1, 1, 2
pursue, 1, 1, 3
setup, 1, 1, 7
work, 15, 11, 30
rbettercallsaul, 3, 3, 213
refusing, 1, 1, 5
roof, 6, 5, 215
regrets, 2, 2, 7
laundress, 1, 1, 9
suggestive, 1, 1, 3
mr, 2, 2, 119
akin, 1, 1, 6
example, 8, 6, 33
waltmike, 1, 1, 22
estate, 1, 1, 1
give, 17, 17, 72
laughs, 1, 1, 3
motivated, 1, 1, 1
want, 16, 15, 42
keep, 13, 13, 153
worse, 4, 2, 14
preferably, 1, 1, 6
end, 31, 27, 273
skyler, 43, 36, 291
thing, 33, 29, 323
provide, 2, 2, 6
song, 3, 3, 43
nuts, 1, 1, 1
phonecall, 1, 1, 9
far, 12, 12, 44
amazing, 10, 10, 50
writers, 4, 3, 8
disappear, 1, 1, 65
rookie, 1, 1, 2
moron, 1, 1, 10
massive, 1, 1, 6
badly, 1, 1, 1
mess, 2, 2, 7
pokey, 1, 1, -19
ladder, 2, 2, 13
lab, 20, 13, 136
wrong, 14, 12, 143
fat, 1, 1, -3
destined, 1, 1, 3
president, 1, 1, 4
law, 4, 3, 13
reconciles, 1, 1, 20
purchase, 1, 1, 1
attempt, 3, 3, 10
shorted, 1, 1, 1
third, 5, 5, 122
appreciate, 2, 2, 6
sliced, 1, 1, 3
wiiiire, 1, 1, 6
upside, 1, 1, 6
charlemagne, 1, 1, 1
things, 29, 25, 229
worst, 2, 2, -4
order, 4, 4, 22
wine, 1, 1, 20
operations, 1, 1, 1
emotion, 3, 3, 12
foresaw, 1, 1, 0
office, 4, 3, 17
consent, 1, 1, 22
encounter, 1, 1, 5
hidden, 2, 2, 106
nsfw, 3, 3, 170
longarse, 1, 1, 0
rewarded, 1, 1, 3
friendpossible, 1, 1, 1
osi, 1, 1, 1
hypocrisy, 1, 1, 6
somewhere, 4, 4, 6
fix, 1, 1, 1
expectations, 1, 1, 4
imo, 6, 6, 36
writing, 3, 3, 22
better, 29, 28, 83
differently, 3, 3, 20
401, 1, 1, 2
weeks, 2, 2, 6
easier, 4, 4, 5
overcome, 1, 1, 7
snoke, 1, 1, 1
babies, 3, 3, 8
combination, 3, 3, 18
sauls, 1, 1, 1
yells, 1, 1, 12
safe, 4, 4, 43
trail, 1, 1, 7
break, 2, 2, 5
therapy, 2, 1, 2
effects, 2, 2, 11
shadows, 1, 1, 0
downright, 1, 1, 7
silver, 1, 1, 1
aired, 1, 1, 3
represents, 2, 2, 30
lithium, 1, 1, 2
grammar, 1, 1, 1
convinces, 1, 1, 2
arrested, 1, 1, 3
goddamn, 2, 2, 4
forsaking, 1, 1, 1
good, 36, 34, 328
neonazis, 2, 2, 9
reasonable, 2, 2, 6
volcano, 1, 1, 12
feeds, 1, 1, 17
bells, 1, 1, 3
interfering, 1, 1, 4
side, 17, 12, 176
mean, 9, 9, 57
namedrops, 1, 1, 6
calmly, 1, 1, 7
financial, 1, 1, 3
directly, 2, 2, 19
fairly, 1, 1, 1
series, 54, 44, 594
taught, 1, 1, 37
magnets, 1, 1, 14
combining, 1, 1, 2
shitpost, 1, 1, -7
rbreakingbadcomics, 2, 2, 12
publically, 1, 1, 12
message, 11, 6, 31
customerordered, 1, 1, 1
rv, 2, 2, 23
gon, 6, 5, 71
network, 2, 2, 3
driving, 1, 1, 1
god, 5, 4, 54
psychic, 1, 1, 0
dime, 1, 1, 1
diesel, 1, 1, 1
got, 44, 44, 469
gow, 1, 1, 3
fulminated, 1, 1, 89
strategist, 1, 1, 7
rj, 1, 1, 2
grease, 1, 1, 2
turning, 1, 1, 88
exectued, 1, 1, 1
associate, 2, 2, 4
fave, 1, 1, 41
revenge, 8, 7, 42
free, 3, 3, 11
admits, 1, 1, 4
masterpiece, 2, 2, 2
cheers, 1, 1, 13
struggle, 2, 2, 29
rightinthefeelsjpg, 1, 1, 1
estimate, 1, 1, 3
wanted, 27, 25, 171
fring, 11, 9, 28
exposing, 1, 1, 2
created, 2, 2, 8
starts, 7, 5, 108
days, 7, 7, 39
priorities, 1, 1, 2
ist, 1, 1, 0
heck, 1, 1, 9
smokers, 1, 1, 17
loud, 1, 1, 6
bite, 1, 1, 12
cleaning, 2, 2, 37
imgurcomlq593b2, 1, 1, 16
already, 11, 11, 154
crowning, 1, 1, 9
ownership, 1, 1, 4
grade, 2, 2, 1
wash, 6, 6, 10
philosophical, 1, 1, 6
another, 14, 14, 60
venezia, 2, 2, 12
scissors, 1, 1, 37
comic, 2, 2, 2
ditch, 2, 2, 7
masterfully, 1, 1, 7
brock, 5, 5, 21
4x11, 1, 1, 103
service, 1, 1, 6
similarly, 2, 2, 7
overs, 1, 1, 1
top, 4, 4, 15
elevator, 2, 1, 7
fiction, 1, 1, 1
needed, 6, 6, 77
airs, 2, 2, 6
dumbass, 3, 3, 16
percentage, 1, 1, 88
john, 1, 1, 1
listen, 3, 3, 9
streets, 1, 1, 3
paltry, 1, 1, 3
druglord, 1, 1, 3
tool, 1, 1, 1
took, 8, 8, 169
somewhat, 4, 4, 7
gretchen, 22, 9, 216
crawl, 9, 5, 152
begins, 1, 1, 2
spoiler, 5, 5, 13
trek, 1, 1, 2
flynnjr, 1, 1, 4
affront, 2, 2, 3
showed, 8, 7, 31
alpha, 2, 2, 201
likely, 3, 3, 18
shower, 1, 1, 2
matter, 14, 13, 41
classes, 1, 1, 8
silly, 2, 2, 18
speaking, 2, 2, 2
iron, 2, 2, 3
spoiled, 2, 2, 6
hacking, 1, 1, 0
feeling, 9, 9, 156
displays, 1, 1, 1
pervasive, 1, 1, 7
fashion, 1, 1, 12
sees, 8, 5, 22
ran, 2, 2, 4
approaching, 1, 1, 1
mind, 8, 8, 249
tortuga, 1, 1, 7
talking, 6, 5, 125
seen, 23, 21, 439
seem, 14, 14, 132
picks, 1, 1, 0
tells, 7, 7, 122
dozen, 1, 1, 1
forced, 4, 4, 27
ponder, 1, 1, 3
strength, 1, 1, 0
realm, 2, 2, 19
alibi, 1, 1, 1
maxs, 2, 2, 3
cope, 1, 1, 3
investment, 1, 1, 7
purchases, 1, 1, 2
sound, 1, 1, 3
fitting, 2, 2, 1
forces, 2, 2, 20
brains, 3, 3, 92
reversed, 1, 1, 0
blue, 7, 7, 70
committing, 1, 1, 12
though, 20, 19, 64
thrilled, 1, 1, 3
distraction, 1, 1, 3
regular, 2, 2, 138
mouth, 1, 1, 3
addict, 2, 2, 5
plenty, 1, 1, 2
entry, 1, 1, 3
cues, 1, 1, 2
marie, 10, 9, 105
autopsy, 1, 1, 6
exonerate, 1, 1, 7
pretends, 1, 1, 1
episode, 46, 37, 349
treats, 1, 1, 6
released, 1, 1, 4
calculated, 1, 1, 6
camp, 1, 1, 2
definitely, 9, 9, 120
aunt, 8, 4, 15
principle, 1, 1, 1
sun, 1, 1, 22
entertaining, 2, 2, 11
scotch, 1, 1, 1
responded, 1, 1, 0
came, 9, 8, 115
fussy, 1, 1, 3
saying, 8, 8, 158
reactor, 1, 1, 6
visitor, 1, 1, 3
tequila, 1, 1, 5
random, 3, 2, 0
ending, 14, 10, 115
respectfully, 1, 1, 7
sneaking, 1, 1, 3
subtle, 2, 2, 4
enjoyed, 1, 1, 1
fixating, 1, 1, 1
lessons, 1, 1, 37
orleans, 1, 1, 1
overwhelming, 2, 2, 24
clicked, 1, 1, 1
cousins, 12, 5, 59
explain, 3, 3, 112
folded, 1, 1, 9
appreciated, 1, 1, 14
theme, 1, 1, 6
bliss, 1, 1, 1
blanking, 1, 1, 6
photo, 1, 1, 49
mend, 1, 1, 6
folder, 1, 1, 53
personality, 2, 2, 89
continuity, 1, 1, 6
10, 3, 3, 14
walts, 7, 7, 24
watch, 38, 29, 366
13, 1, 1, 1
preferred, 2, 2, 97
pocket, 1, 1, 6
cracks, 1, 1, 1
despite, 3, 3, 24
report, 1, 1, 1
knocks, 2, 2, 19
nasty, 1, 1, 7
considerate, 1, 1, 70
unfortunately, 3, 3, 9
bar, 2, 2, 81
visavis, 1, 1, 2
countries, 1, 1, 4
nicely, 1, 1, 2
emo, 1, 1, 0
public, 2, 2, 14
bag, 6, 6, 21
bad, 62, 49, 547
stunningly, 1, 1, 6
shots, 3, 3, 50
release, 2, 2, 14
implication, 2, 2, 23
steam, 1, 1, 12
saul, 43, 31, 88
bikers, 1, 1, 1
blew, 3, 3, 106
decides, 2, 2, 8
superlab, 1, 1, 3
reference, 1, 1, 0
1960s, 1, 1, 1
resist, 1, 1, 7
checks, 1, 1, 6
novelization, 1, 1, 4
decided, 7, 7, 19
result, 4, 4, 21
discussions, 2, 2, 5
disturbing, 6, 3, 24
jerseys, 1, 1, 0
best, 16, 16, 187
subject, 1, 1, 88
pete, 2, 2, 8
said, 16, 15, 96
07, 2, 1, 25
mitch, 2, 1, 2
inappropriate, 1, 1, 6
lots, 3, 3, 9
08, 2, 1, 25
sail, 1, 1, 1
wikipedia, 1, 1, 1
artificial, 1, 1, 3
yet, 16, 14, 34
unable, 2, 2, 10
sensible, 1, 1, 4
finger, 2, 2, 9
props, 2, 2, 29
sorts, 1, 1, 3
approach, 1, 1, 3
discovery, 1, 1, 2
clued, 1, 1, 6
wage, 1, 1, 3
lazy, 1, 1, 6
men, 1, 1, 65
omg, 1, 1, 1
disrespects, 1, 1, 6
nature, 1, 1, -19
wo, 4, 4, 24
confusion, 1, 1, 2
weak, 2, 2, 4
however, 4, 4, 18
vacuuming, 1, 1, 2
boss, 1, 1, 9
ww, 7, 4, 42
forbthe, 1, 1, 4
wear, 3, 2, 62
unfold, 1, 1, 2
contamination, 1, 1, 33
news, 5, 4, 292
roller, 1, 1, 2
suggested, 1, 1, 5
cop, 4, 2, 18
protect, 4, 3, 5
providing, 1, 1, 9
disdain, 1, 1, 3
country, 3, 3, 4
ill, 2, 2, 5
slit, 1, 1, 14
osha, 1, 1, 1
games, 1, 1, 2
planned, 1, 1, 3
crank, 1, 1, 9
argue, 3, 3, 16
asked, 1, 1, 1
peacefully, 1, 1, 103
filekeepers, 1, 1, 7
tone, 1, 1, 3
relatable, 1, 1, 2
appeared, 3, 3, 53
excess, 1, 1, 2
condescending, 1, 1, 4
flames, 1, 1, 12
tons, 1, 1, 1
pregnancy, 2, 1, 5
stripey, 1, 1, 12
trust, 1, 1, 3
hitler, 4, 4, 18
2200, 1, 1, 1
bathroom, 1, 1, 6
petty, 1, 1, 6
proceeded, 2, 2, 11
asks, 9, 8, 58
source, 2, 2, 36
soi, 1, 1, 1
binge, 7, 6, 104
ya, 1, 1, 2
three, 6, 6, 13
quickly, 1, 1, 8
bothers, 1, 1, 9
viewer, 1, 1, 3
96, 1, 1, 2
much, 46, 41, 351
remediate, 1, 1, 6
privilege, 1, 1, 6
topics, 1, 1, 37
washed, 1, 1, 2
threw, 1, 1, 9
website, 4, 4, 25
life, 18, 15, 44
families, 1, 1, 2
beloved, 1, 1, 70
relaxing, 1, 1, 1
attacked, 1, 1, 7
drugs, 5, 5, 13
marijuana, 1, 1, 6
pandering, 1, 1, 1
tapping, 1, 1, 7
chile, 2, 2, 15
personally, 8, 8, 46
catch, 6, 6, 244
aviation, 1, 1, 12
worked, 2, 2, 4
sad, 3, 3, 7
crossing, 2, 2, 12
uplifting, 1, 1, 2
unpopular, 1, 1, 2
exception, 2, 1, 4
tank, 3, 2, 6
5a, 2, 1, 1
tastes, 1, 1, 2
wagoner, 1, 1, 0
air, 4, 4, 79
contemplates, 1, 1, 7
near, 5, 5, 21
suppose, 3, 3, 18
teachers, 2, 2, 170
voice, 2, 2, 63
35th, 1, 1, 3
employees, 1, 1, 3
mistake, 3, 3, 9
remembering, 2, 2, 8
seven, 1, 1, 6
changed, 2, 2, 1
mexico, 3, 3, 66
ip, 1, 1, 7
defeated, 1, 1, 12
letdown, 1, 1, 1
throat, 4, 4, 41
cant, 1, 1, 2
clutches, 1, 1, 7
im, 2, 2, 8
brutal, 2, 2, 2
uncle, 5, 2, 104
exile, 1, 1, 2
literly, 1, 1, 1
ie, 1, 1, 7
id, 2, 2, 1
trusted, 1, 1, 6
confirmed, 1, 1, 7
gesticulations, 1, 1, 2
nazi, 2, 2, 7
make, 27, 25, 239
amount, 5, 5, 23
potentially, 1, 1, 2
split, 1, 1, 1
contaminate, 1, 1, 4
mischievousness, 1, 1, 3
elliott, 7, 3, 135
several, 2, 2, 34
showing, 7, 7, 72
entitled, 1, 1, 6
hank, 99, 56, 939
meets, 1, 1, 7
ucookiebaba, 1, 1, 2
fuss, 1, 1, 26
updown, 1, 1, 12
social, 2, 2, 2
hang, 1, 1, 18
evil, 4, 4, 13
hand, 7, 6, 39
liberties, 2, 2, 30
characters, 15, 12, 67
jealous, 2, 2, 21
palpable, 1, 1, 2
opportunity, 2, 2, 3
tune, 1, 1, 88
kid, 9, 8, 6
mentioning, 1, 1, 70
kept, 5, 5, 57
scenario, 1, 1, 1
matters, 1, 1, 3
forceful, 1, 1, 8
youre, 1, 1, 2
ocean, 1, 1, 2
tho, 1, 1, 1
savings, 1, 1, 20
contact, 6, 5, 16
greatest, 3, 3, 13
mother, 1, 1, 6
claims, 1, 1, 7
smoked, 2, 2, 18
corporate, 1, 1, -28
left, 6, 6, 29
opinions, 1, 1, 6
graded, 2, 2, 593
proposed, 1, 1, 3
sentence, 1, 1, 5
yea, 3, 3, 5
84935, 1, 1, 1
distribute, 1, 1, 1
prints, 1, 1, 5
hillbilly, 1, 1, -2
disguise, 1, 1, 37
lurker, 1, 1, 6
bugged, 2, 2, 12
thanks, 14, 12, 57
human, 1, 1, 88
thug, 1, 1, 1
yep, 1, 1, 4
yes, 10, 10, 40
portrayed, 2, 2, 11
impending, 2, 2, 19
previous, 2, 1, 2
adding, 1, 1, 3
watchign, 1, 1, 1
monitored, 1, 1, 7
adidas, 1, 1, 5
similarities, 1, 1, 12
indispensable, 1, 1, 2
character, 26, 24, 181
mever, 1, 1, 4
sprinkled, 1, 1, 2
innocent, 1, 1, 2
prison, 5, 5, 43
save, 6, 6, 12
hat, 1, 1, 1
humanity, 2, 2, 7
gave, 12, 11, 53
libertarianism, 1, 1, 4
breaks, 2, 2, 78
progressed, 1, 1, 4
possible, 6, 5, 117
possibly, 2, 2, 11
counterintuitive, 1, 1, 3
birth, 3, 2, 3
consisted, 1, 1, 7
judge, 2, 2, 3
apart, 1, 1, 4
highly, 1, 1, 37
iimgurcom2r9lklqjpg, 1, 1, -11
desire, 1, 1, 2
melting, 1, 1, 17
gift, 2, 2, 10
rewatching, 17, 17, 185
patience, 1, 1, 1
cooler, 1, 1, 1
performing, 1, 1, 8
51, 1, 1, 3
unnecessary, 1, 1, 1
theyre, 1, 1, 3
steps, 1, 1, 1
night, 6, 6, 23
beneficial, 1, 1, 1
right, 27, 24, 268
old, 4, 4, 16
squander, 1, 1, 4
deal, 9, 7, 31
people, 33, 28, 140
sends, 1, 1, 1
easy, 3, 3, 8
somehow, 2, 2, 3
dead, 11, 11, 35
born, 1, 1, 25
invoice, 1, 1, -1
escape, 4, 2, 19
multiple, 1, 1, 7
guess, 8, 8, 104
enemies, 2, 2, -1
toxic, 1, 1, 6
dense, 1, 1, 1
fourth, 2, 2, 10
opposite, 1, 1, 6
ice, 1, 1, 0
creative, 1, 1, 6
everything, 17, 17, 197
asking, 6, 5, 25
unnoticed, 1, 1, 1
beating, 2, 2, 4
adorable, 1, 1, 0
brba, 8, 7, 126
devastation, 1, 1, 9
deleted, 1, 1, -33
brawn, 1, 1, 89
plz, 1, 1, 1
losing, 1, 1, 9
flaws, 2, 2, 8
post, 7, 7, 222
falls, 2, 2, 9
super, 5, 5, 40
attacks, 1, 1, 7
dollars, 3, 3, 18
months, 3, 3, 13
choke, 2, 2, 15
dinner, 3, 2, 29
despair, 1, 1, 7
plus, 5, 4, 67
stoked, 1, 1, 1
commit, 1, 1, 3
demise, 1, 1, 7
raised, 1, 1, 9
motivate, 1, 1, 1
dilemma, 2, 2, 4
facility, 1, 1, 3
civil, 1, 1, 88
ahh, 1, 1, 6
bound, 1, 1, 2
son, 11, 10, 220
formidable, 1, 1, 3
shoots, 1, 1, 2
stumble, 1, 1, 2
murderers, 1, 1, 4
existed, 2, 2, 110
takemaybe, 1, 1, 22
oc, 1, 1, 46
happenshappened, 1, 1, 1
amazingly, 1, 1, 4
support, 3, 3, 11
initial, 1, 1, 7
populated, 1, 1, 1
waa, 1, 1, 1
fight, 7, 7, 186
absolutely, 4, 4, 19
quiet, 1, 1, 4
authorized, 1, 1, 1
way, 39, 32, 161
peddlers, 1, 1, 4
jane, 11, 9, 71
music, 2, 2, 6
waiti, 1, 1, -28
happy, 3, 2, 14
head, 6, 5, 32
medium, 1, 1, 17
offer, 2, 2, 9
becoming, 2, 2, 18
preobamacare, 1, 1, -3
failure, 1, 1, 6
heat, 1, 1, 3
hear, 5, 5, 117
catalyst, 1, 1, 27
bern, 1, 1, 4
true, 5, 5, 33
atrocities, 1, 1, 12
throw, 4, 3, -12
integrity, 1, 1, 12
inside, 6, 6, 25
hitting, 1, 1, 2
attached, 1, 1, 1
trash, 1, 1, 2
tell, 9, 9, 206
crystal, 1, 1, 5
nerdy, 1, 1, 6
emotional, 1, 1, 2
reminiscing, 1, 1, 5
temper, 1, 1, 1
proud, 1, 1, 9
proved, 1, 1, 3
bitcoins, 1, 1, 6
classic, 2, 2, 4
evidence, 4, 4, 19
sometime, 2, 1, 9
gusvictor, 1, 1, 22
accounting, 1, 1, 2
awhile, 1, 1, 7
annoying, 5, 3, 24
trip, 1, 1, 1
shit, 17, 16, 280
nh, 1, 1, 1
marking, 1, 1, 28
eventual, 1, 1, 4
authoritative, 1, 1, 4
na, 6, 5, 71
whereas, 2, 2, 9
nc, 3, 3, 22
handed, 2, 2, 17
reality, 1, 1, 4
til, 1, 1, 103
setting, 1, 1, 1
role, 3, 2, 8
holding, 2, 2, 8
phoenixabq, 1, 1, 12
holly, 5, 5, 46
confusing, 1, 1, 2
roll, 3, 3, 39
picture, 1, 1, 1
intend, 1, 1, 1
phoenix, 1, 1, 12
dies, 4, 4, 17
felt, 20, 14, 320
notepad, 1, 1, 6
nameplate, 1, 1, 0
fell, 2, 2, 7
invested, 1, 1, 2
scuzzy, 1, 1, 4
professional, 4, 4, 6
authorities, 2, 2, 13
hurt, 1, 1, 1
weekend, 2, 2, 3
died, 8, 7, 35
billion, 2, 2, 89
99, 3, 2, 5
longer, 5, 5, 31
bullet, 6, 4, 8
assume, 1, 1, 1
italy, 2, 2, 3
together, 6, 6, 24
loyal, 1, 1, 3
time, 85, 66, 822
serious, 1, 1, 1
stacks, 1, 1, 3
paced, 1, 1, 9
stick, 1, 1, 3
neighbors, 1, 1, 53
cares, 1, 1, 9
wellcrafted, 1, 1, 2
managed, 2, 2, 3
chain, 1, 1, 58
skip, 1, 1, 17
skit, 1, 1, 2
sympathetic, 2, 2, 1
leads, 4, 4, 36
mild, 1, 1, 1
mile, 1, 1, 1
comments, 1, 1, 2
grateful, 1, 1, 1
understandable, 3, 3, 11
gobsmacked, 1, 1, 1
commentaries, 1, 1, 1
layers, 1, 1, 88
certainly, 5, 5, 32
suicide, 1, 1, 12
secondthird, 1, 1, 4
flash, 1, 1, 2
father, 2, 2, 21
disgusting, 1, 1, 5
0, 1, 1, 6
finally, 4, 4, 61
discovering, 1, 1, 70
circumstances, 1, 1, 17
couldnotlike, 1, 1, 1
jessies, 1, 1, 1
protective, 1, 1, 8
jerk, 1, 1, 1
recipe, 1, 1, 3
krazy, 1, 1, 12
none, 1, 1, 7
seemingly, 2, 2, 15
choice, 3, 3, 97
liability, 3, 3, 42
rationality, 1, 1, 2
cook, 13, 13, 117
word, 4, 3, 23
airing, 1, 1, 6
exact, 2, 2, 8
minute, 2, 2, 188
cool, 4, 4, 11
cooks, 2, 2, 6
presented, 1, 1, 6
die, 14, 13, 158
dig, 1, 1, 3
posts, 3, 3, 213
gun, 6, 6, 17
standards, 1, 1, 2
gus, 148, 61, 362
soooo, 1, 1, 1
elsewhere, 1, 1, 7
gut, 1, 1, 2
quick, 2, 2, 10
guy, 16, 14, 46
bokk, 1, 1, 4
bonfire, 1, 1, 0
prevent, 1, 1, 33
talked, 1, 1, 3
says, 25, 20, 257
dealing, 4, 3, 10
sign, 2, 2, 13
invaded, 1, 1, 1
cost, 3, 3, 35
refelects, 1, 1, 12
shitwalt, 1, 1, 2
patient, 1, 1, 9
theories, 2, 2, 7
rough, 1, 1, 7
synthesis, 1, 1, 8
pollos, 3, 3, 16
adds, 1, 1, 17
constitution, 1, 1, 4
representative, 1, 1, 3
heres, 1, 1, 1
buncha, 1, 1, 1
melt, 1, 1, 5
current, 1, 1, 1
suspect, 2, 2, 11
goes, 8, 8, 120
guilt, 3, 3, 50
falling, 1, 1, 12
badge, 3, 2, 11
unintentionally, 1, 1, 1
cranston, 2, 2, 31
supporting, 1, 1, 1
banged, 1, 1, 3
funeral, 1, 1, 1
understanding, 1, 1, 133
entertain, 1, 1, 4
eerie, 1, 1, 3
address, 1, 1, 25
alone, 7, 6, 124
grabbed, 1, 1, 1
along, 7, 5, 39
307, 2, 2, 26
anchoring, 1, 1, 7
teacher, 8, 8, 890
wait, 5, 5, 19
box, 4, 4, 23
sending, 3, 3, 31
arc, 1, 1, 2
redemption, 1, 1, 1
noticeable, 1, 1, 2
brilliant, 5, 5, 28
guilty, 2, 2, 25
shooter, 1, 1, 2
lokai, 1, 1, -1
accomplished, 1, 1, 3
usually, 2, 2, 3
weird, 5, 3, 9
xacto, 2, 1, 6
king, 2, 2, 3
devilreferences, 1, 1, 12
love, 27, 24, 39
morals, 1, 1, 4
extra, 1, 1, 39
erudite, 1, 1, 6
merely, 1, 1, 6
logical, 1, 1, 22
bloody, 1, 1, 5
sincerely, 1, 1, 37
quibble, 1, 1, 8
fake, 4, 2, 235
illumination, 1, 1, 4
market, 2, 2, 7
everybody, 2, 2, 26
handled, 2, 2, 20
working, 9, 7, 103
prove, 2, 2, 4
sake, 2, 2, 8
positive, 3, 2, 19
angry, 1, 1, 0
dude, 5, 5, 139
tears, 1, 1, 2
intense, 1, 1, 9
scenarios, 1, 1, 4
insider, 1, 1, 1
live, 8, 8, 91
bluffing, 3, 2, 11
wondering, 5, 5, 70
memory, 4, 3, 31
wanting, 2, 2, 2
black, 8, 5, 18
nobrainer, 1, 1, 11
loving, 4, 4, 23
hooked, 1, 1, 0
technically, 1, 1, 1
conductor, 1, 1, 7
club, 1, 1, 6
suggestions, 1, 1, 0
acceptable, 1, 1, 14
stankonia, 1, 1, 2
ooh, 1, 1, 2
clue, 1, 1, 3
everywhere, 3, 3, 26
misconception, 1, 1, 5
given, 8, 7, 30
effort, 2, 2, 5
fly, 13, 7, 67
douche, 1, 1, 5
anything, 25, 25, 91
contradicts, 2, 2, 7
car, 24, 16, 57
lumberjack, 1, 1, 2
pretend, 1, 1, 6
abortion, 2, 2, 7
wallet, 1, 1, 7
believed, 4, 4, 18
woefully, 1, 1, 1
arrive, 1, 1, 5
disowned, 1, 1, 4
photographs, 1, 1, 1
crazy, 3, 3, 8
trump, 5, 2, 18
figure, 2, 2, 12
weeksmonths, 1, 1, 3
gales, 2, 2, 2
awesome, 8, 8, 36
confused, 4, 4, 13
agent, 5, 4, 22
trouble, 1, 1, 2
heard, 5, 5, 18
tinted, 1, 1, 1
burbank, 1, 1, 2
allowed, 3, 3, 28
freakout, 1, 1, 103
stole, 1, 1, 0
occur, 1, 1, 88
subconsciously, 1, 1, 3
productive, 1, 1, 3
winter, 1, 1, 1
savor, 1, 1, 2
s2, 1, 1, 3
s1, 1, 1, 1
watching, 22, 20, 143
ping, 1, 1, 4
grosser, 1, 1, 17
1, 21, 21, 223
rubio, 1, 1, 8
emotionless, 1, 1, 1
pure, 4, 4, 12
absolute, 1, 1, 0
dominance, 2, 2, 2
rewatched, 3, 3, 80
product, 3, 3, 3
laundry, 1, 1, 33
140, 1, 1, 0
information, 3, 3, 42
may, 6, 6, 26
max, 3, 2, 3
blasting, 1, 1, 0
spot, 1, 1, 1
disgusted, 1, 1, 6
fueled, 1, 1, 22
mad, 4, 3, 7
date, 1, 1, 4
ascertain, 1, 1, 5
guys, 9, 7, 95
narrating, 1, 1, 3
man, 24, 23, 362
crystals, 1, 1, 1
wwwyoutubecomwatch, 2, 2, 60
remember, 14, 11, 210
johnson, 1, 1, 2
6th, 3, 3, 41
wheelchair, 1, 1, 2
complaining, 1, 1, 12
truck, 7, 1, 1
talk, 6, 5, 34
typical, 1, 1, 5
099, 1, 1, 0
lsd, 1, 1, 1
shield, 2, 2, 18
indeed, 1, 1, 1
pointed, 1, 1, 2
mainly, 3, 2, 14
consulting, 2, 2, 9
years, 8, 8, 181
course, 7, 7, 30
episodes, 16, 14, 69
pinochet, 1, 1, 7
pitch, 1, 1, 2
unteachable, 1, 1, 5
still, 30, 29, 608
pinata, 1, 1, 7
blocked, 1, 1, 4
group, 3, 3, 8
thank, 2, 2, 209
interesting, 7, 7, 27
specifics, 1, 1, 1
inferior, 1, 1, 88
hot, 1, 1, 6
wasting, 3, 3, 12
window, 2, 2, 9
offers, 1, 1, 6
suspicion, 1, 1, 7
gatorade, 1, 1, 9
farmer, 1, 1, -9
hanks, 5, 5, 69
main, 6, 5, 34
decades, 1, 1, 1
happened, 12, 12, 72
prime, 1, 1, 1
lonely, 1, 1, 9
finance, 1, 1, 1
matches, 1, 1, 11
hinting, 1, 1, 5
significance, 1, 1, 1
melodysheep, 1, 1, 2
sooner, 1, 1, 7
answer, 6, 6, 11
touching, 1, 1, 2
tax, 1, 1, 2
shadow, 3, 2, 13
half, 6, 5, 25
killed, 32, 23, 160
wont, 1, 1, 12
term, 1, 1, 6
name, 8, 7, 34
bitcchhh, 1, 1, 17
debating, 2, 2, 2
bursts, 1, 1, 88
realise, 1, 1, 1
rock, 2, 2, 7
entirely, 1, 1, 7
pizza, 10, 8, 38
realism, 1, 1, 4
em, 1, 1, 9
el, 4, 3, 88
eh, 1, 1, 1
sopranos, 1, 1, 6
busts, 1, 1, 1
hitman, 1, 1, 1
receipt, 2, 2, 5
directing, 1, 1, 3
yeah, 8, 6, 65
fires, 1, 1, 3
catching, 1, 1, 6
krazy8, 1, 1, 2
ex, 1, 1, 1
year, 4, 4, 18
ft, 6, 3, 12
girl, 2, 2, 3
disasters, 1, 1, 12
tried, 3, 3, 154
album, 2, 2, 21
odenkirk, 1, 1, 1
ultimately, 4, 4, 37
opened, 2, 2, 5
3rd, 3, 3, 24
space, 9, 5, 152
irony, 2, 2, 3
interference, 1, 1, 4
factory, 1, 1, 1
rational, 2, 1, 2
looking, 8, 8, 64
seriously, 3, 3, 20
investigation, 2, 2, 6
trauma, 2, 2, 18
reputation, 1, 1, 1
internet, 1, 1, 1
fargo, 1, 1, 2
formula, 2, 2, 10
correct, 7, 6, 574
shows, 9, 9, 62
earlier, 2, 2, 4
monster, 2, 2, 3
annoyance, 1, 1, 12
cars, 1, 1, 3
million, 7, 5, 18
albuquerque, 5, 4, 7
possibility, 4, 4, 16
quite, 5, 5, 14
lugging, 1, 1, 6
demanding, 1, 1, 3
besides, 1, 1, 7
obligation, 2, 1, 7
scarred, 1, 1, 2
remainder, 1, 1, 7
inevitable, 1, 1, 6
card, 1, 1, 8
care, 9, 8, 61
advance, 1, 1, 6
language, 1, 1, 9
discussing, 1, 1, 6
punk, 1, 1, 1
honest, 2, 2, 2
motion, 2, 2, 115
turn, 2, 2, 29
place, 12, 11, 43
gordon, 1, 1, 28
misused, 1, 1, 2
promotion, 3, 3, 106
think, 111, 82, 423
first, 68, 56, 404
blind, 1, 1, 1
flying, 1, 1, 1
striking, 1, 1, 7
sock, 1, 1, 2
xd, 1, 1, 12
one, 62, 52, 467
gases, 1, 1, 3
suspended, 1, 1, 3
spanish, 1, 1, 1
vote, 2, 1, 4
impossible, 2, 2, 5
sounds, 2, 2, 1
eventhough, 1, 1, 1
open, 2, 1, 2
tomorrow, 1, 1, 0
size, 1, 1, 1
disinterested, 1, 1, 3
city, 1, 1, 7
little, 24, 23, 229
necessarily, 1, 1, 5
silent, 1, 1, 12
caught, 8, 8, 136
europe, 1, 1, 1
parallel, 3, 3, 111
anyone, 15, 15, 56
psychotic, 1, 1, 2
2, 29, 28, 253
white, 17, 14, 244
bits, 2, 2, 9
friend, 5, 5, 95
gives, 3, 3, 111
subplot, 1, 1, 5
m60, 1, 1, 89
mop, 1, 1, 17
ozymandias, 3, 3, 19
prissy, 1, 1, 3
mostly, 3, 3, 19
season, 103, 78, 806
appreciates, 1, 1, 6
huh, 2, 2, 14
alan, 1, 1, 1
cops, 4, 4, 77
hillary, 3, 1, 8
axe, 2, 2, 8
austere, 1, 1, 2
junkyard, 2, 1, 7
copy, 2, 2, 7
11, 1, 1, 2
wide, 1, 1, 7
television, 1, 1, 5
12, 2, 2, 31
15, 1, 1, 2
effective, 4, 4, 7
16, 1, 1, 1
depressed, 1, 1, 12
favors, 1, 1, 4
rehab, 1, 1, 4
future, 1, 1, 17
apples, 1, 1, 0
venture, 2, 2, 29
cards, 1, 1, 9
poisoning, 1, 1, 1
outcome, 1, 1, 14
anyways, 1, 1, 7
troublesome, 1, 1, 9
illness, 1, 1, 9
remained, 1, 1, 4
mitte, 2, 2, 6
turned, 4, 4, 132
argument, 3, 3, 8
slap, 1, 1, 2
bugs, 1, 1, 3
dash, 1, 1, 4
medical, 1, 1, 7
say, 25, 25, 100
rent, 1, 1, 1
stanley, 1, 1, 1
anger, 6, 6, 49
breakfast, 2, 2, 3
saw, 14, 12, 248
marathon, 1, 1, 1
underlines, 1, 1, 6
gustavo, 5, 5, 63
industries, 1, 1, 3
rthathappened, 1, 1, -23
undercover, 1, 1, 18
note, 3, 2, 8
equipment, 4, 4, 23
goodman, 3, 3, 3
potential, 1, 1, 1
take, 17, 17, 206
online, 2, 1, 1
destroy, 2, 2, 3
strengths, 1, 1, 2
butterfly, 1, 1, 7
ironically, 1, 1, 1
sure, 19, 19, 68
ins, 1, 1, 4
goodbye, 1, 1, -2
trace, 1, 1, 1
normal, 6, 6, 27
track, 1, 1, 7
knew, 21, 18, 66
betrayal, 1, 1, 7
fails, 1, 1, 1
paid, 2, 2, 5
netflix, 4, 3, 17
donation, 1, 1, 7
importantly, 1, 1, 1
america, 2, 2, 1
forever, 1, 1, 20
especially, 10, 9, 106
considered, 2, 2, 3
removed, 1, 1, -22
later, 15, 14, 206
sale, 3, 2, 8
subsequent, 2, 1, 7
link, 4, 4, 11
crimedramas, 1, 1, 1
quantity, 1, 1, 7
detective, 2, 2, 2
walking, 4, 4, 17
shot, 9, 8, 47
show, 88, 66, 923
cheap, 2, 2, 18
pinkman, 3, 2, 32
discovered, 3, 3, 5
reiterates, 1, 1, 2
ama, 1, 1, 7
shoe, 1, 1, 2
corner, 1, 1, 1
boom, 1, 1, 3
ground, 1, 1, 6
colours, 2, 1, 12
slow, 6, 5, 20
title, 6, 6, 264
daily, 1, 1, 3
dick, 2, 2, 41
state, 8, 7, 36
collapses, 2, 2, 8
going, 30, 20, 153
believing, 1, 1, 14
hockey, 2, 1, 0
equipped, 1, 1, 1
posted, 1, 1, 16
hermanos, 4, 4, 31
postbomb, 1, 1, 4
uncles, 1, 1, 17
get, 66, 57, 726
assistant, 1, 1, 1
thrones, 1, 1, 3
truly, 1, 1, 4
macgyver, 1, 1, 89
killers, 1, 1, 4
negative, 2, 2, 19
lighter, 3, 3, 11
freaking, 1, 1, 2
closure, 2, 2, 142
reveal, 2, 2, 12
regarding, 1, 1, 6
lame, 1, 1, -2
artist, 1, 1, 14
worried, 1, 1, 0
stupid, 7, 6, 76
worrying, 1, 1, 1
silently, 1, 1, 9
manages, 1, 1, 1
insightful, 1, 1, 1
ken, 1, 1, 4
professes, 1, 1, 6
psychopaths, 1, 1, 4
mom, 1, 1, 17
seat, 2, 2, 2
connections, 1, 1, 2
essence, 1, 1, 2
college, 4, 2, 91
declares, 1, 1, 4
parking, 2, 2, 27
collects, 1, 1, 0
ruined, 2, 2, 3
wonder, 6, 6, 121
suspects, 1, 1, 2
er, 1, 1, 1
ways, 1, 1, 1
jumped, 1, 1, 1
sites, 1, 1, 2
dismemberment, 1, 1, 17
whereabouts, 2, 2, 72
3, 21, 15, 83
justified, 1, 1, 2
reading, 2, 2, 2
across, 4, 4, 13
ought, 1, 1, 2
notice, 12, 12, 158
youtubelx8_kpwdvo, 1, 1, 1
august, 1, 1, 1
antics, 1, 1, 12
jr, 12, 12, 212
killing, 16, 11, 106
blame, 3, 3, 107
nearaly, 1, 1, 2
jk, 1, 1, 6
menacing, 1, 1, 9
20, 3, 3, 11
come, 24, 22, 162
youtubekdbadmnq, 1, 1, 1
reaction, 3, 3, 51
fulfill, 1, 1, 1
tuco, 36, 15, 154
spared, 1, 1, 9
reddit, 2, 1, 0
many, 19, 16, 208
voicemail, 1, 1, 9
sodium, 2, 1, 2
according, 2, 2, 3
flipped, 1, 1, 1
personal, 5, 5, 105
reluctantly, 1, 1, 9
businessfocused, 1, 1, 7
prequel, 3, 3, 5
comes, 8, 7, 143
among, 1, 1, 2
afterwards, 1, 1, 6
cancer, 7, 7, 44
foreboding, 1, 1, 12
altruism, 1, 1, 1
period, 1, 1, 3
satisfaction, 1, 1, 103
exploit, 1, 1, 6
hope, 3, 3, 10
learning, 1, 1, 6
article, 1, 1, 1
disliking, 3, 3, 12
bizarre, 3, 2, 92
crew, 1, 1, 8
technicalities, 1, 1, 2
tiniest, 1, 1, 6
considering, 3, 3, 12
mineralsrocks, 1, 1, 1
resort, 3, 2, 7
stretch, 1, 1, 4
locally, 1, 1, 11
mark, 3, 3, 36
cared, 1, 1, 2
careful, 1, 1, 15
motives, 2, 2, 7
lmao, 1, 1, 8
507, 1, 1, 6
confessions, 1, 1, 1
bullshit, 1, 1, 2
wants, 17, 14, 141
offered, 1, 1, 3
venezias, 1, 1, 1
flurry, 1, 1, 208
dramatic, 1, 1, 1
wake, 1, 1, 12
suspected, 2, 2, 13
andrea, 3, 3, 11
irrelevant, 1, 1, 6
former, 1, 1, 150
case, 4, 4, 102
casa, 1, 1, 9
plemons, 1, 1, 1
cash, 3, 3, 11
handicapped, 1, 1, 2
genious, 1, 1, 2
warning, 1, 1, 2
ignition, 2, 2, 8
situation, 4, 4, 7
stupidest, 1, 1, 1
eventually, 4, 3, 22
coffee, 1, 1, 1
sleeping, 3, 2, 2
middle, 5, 5, 115
sudden, 1, 1, 15
punched, 1, 1, 1
heels, 1, 1, 5
return, 2, 2, 16
property, 1, 1, 2
everyday, 1, 1, 3
worry, 1, 1, 12
different, 10, 9, 276
develop, 1, 1, 1
harsh, 1, 1, 15
rooting, 1, 1, 2
pay, 8, 8, 42
locking, 1, 1, 12
check, 4, 4, 86
figuring, 1, 1, 6
busted, 2, 1, 1
speech, 1, 1, 6
buys, 2, 2, 37
struggling, 1, 1, 2
pal, 1, 1, 1
events, 2, 2, 24
week, 2, 2, 8
noble, 1, 1, 1
finish, 1, 1, 15
screenshot, 1, 1, 6
crutches, 1, 1, 1
refusal, 1, 1, 3
drives, 2, 2, 104
nononsense, 1, 1, -19
weed, 1, 1, 2
scientist, 2, 2, 14
running, 2, 2, 2
bingewatched, 1, 1, 2
climbing, 2, 2, 13
totally, 4, 3, 13
mentally, 2, 2, 5
colorblind, 1, 1, 7
dying, 6, 6, 57
minimize, 1, 1, 7
floor, 1, 1, 12
wedge, 1, 1, 1
severe, 1, 1, 20
without, 22, 19, 105
relief, 1, 1, 2
model, 2, 2, 13
reward, 1, 1, 3
bodies, 1, 1, 17
justify, 1, 1, 15
professionals, 1, 1, 2
money, 28, 18, 146
x1, 1, 1, 5
rest, 6, 6, 298
risking, 1, 1, 1
kill, 23, 18, 185
actor, 1, 1, 2
aspect, 1, 1, 8
touch, 1, 1, 8
rewatch, 7, 7, 34
blow, 1, 1, 4
death, 13, 13, 90
clueless, 1, 1, 3
s3e3, 1, 1, 80
hint, 1, 1, 6
thinking, 10, 9, 206
seems, 13, 12, 125
except, 3, 3, 21
lets, 1, 1, 12
interested, 1, 1, 3
pile, 2, 2, 17
4, 23, 21, 85
continuation, 1, 1, 3
thoughts, 2, 2, 12
real, 7, 7, 13
s1e1, 1, 1, 19
around, 22, 21, 212
kills, 5, 4, 24
bryan, 2, 2, 31
read, 8, 8, 8
monetarily, 1, 1, 1
income, 2, 2, 8
admitting, 1, 1, 7
early, 4, 4, 18
traffic, 1, 1, 27
politely, 1, 1, 9
vacuum, 1, 1, 1
symbolism, 2, 2, 49
stunt, 1, 1, 1
disappointed, 3, 3, 16
vague, 1, 1, 12
dare, 1, 1, 7
clan, 1, 1, 2
towel, 1, 1, 3
suppliers, 1, 1, 2
everytime, 1, 1, 1
facing, 2, 2, 19
audience, 5, 3, 14
donations, 2, 2, 9
fully, 1, 1, 1
served, 1, 1, 1
voluntarily, 1, 1, 3
layered, 1, 1, 4
noting, 1, 1, 3
exposed, 1, 1, 4
meta, 1, 1, 2
erase, 2, 2, 25
table, 2, 2, 22
rehearsing, 1, 1, 66
bigger, 3, 2, 3
thinks, 1, 1, 4
intensifies, 1, 1, 12
confirm, 1, 1, 6
drove, 1, 1, 27
googled, 1, 1, 1
slick, 1, 1, 1
recites, 1, 1, 17
methlike, 1, 1, 1
moderate, 1, 1, 2
knife, 6, 4, 22
victory, 3, 2, 99
measuring, 1, 1, 40
methamphetamine, 1, 1, 7
characterdriven, 1, 1, 9
scientific, 1, 1, 0
business, 16, 16, 114
pouring, 1, 1, 0
sixth, 1, 1, 46
cringing, 1, 1, 1
hunt, 1, 1, 1
wastching, 1, 1, 4
rsurvivor, 1, 1, 6
innocence, 1, 1, 15
assemble, 1, 1, 10
went, 9, 9, 645
tread, 1, 1, 1
comparison, 1, 1, 2
stone, 1, 1, 2
ok, 5, 5, 42
ace, 1, 1, 3
oh, 11, 11, 76
jeep, 1, 1, 0
industry, 1, 1, 2
dyslexic, 1, 1, -2
favorite, 21, 14, 76
meaning, 3, 3, 39
callbacks, 1, 1, 1
convenient, 1, 1, 1
stand, 2, 2, 4
act, 2, 2, 5
sadistic, 1, 1, 2
butyeah, 1, 1, 6
backup, 1, 1, 8
road, 1, 1, 8
op, 4, 2, 4
heavy, 1, 1, 1
referenced, 1, 1, 2
coupon, 1, 1, 3
communication, 1, 1, 9
bare, 1, 1, 2
skykar, 1, 1, 1
gambling, 2, 2, 69
involvement, 1, 1, 2
lively, 1, 1, 88
apologize, 1, 1, 6
gomey, 3, 2, 17
pivot, 1, 1, 2
gomez, 4, 3, 22
theoretically, 1, 1, 1
dawned, 1, 1, 1
stare, 1, 1, 1
jerks, 1, 1, 4
fill, 1, 1, 1
assumed, 4, 4, 10
betterpaced, 1, 1, 2
hey, 3, 3, 11
lol, 6, 5, 8
start, 7, 6, 22
low, 2, 2, 14
lot, 22, 19, 264
resolute, 1, 1, 12
decisive, 1, 1, 39
valley, 2, 2, 8
assumes, 1, 1, 1
sopranosautopsycom, 1, 1, 6
washers, 1, 1, 2
inprogress, 1, 1, 6
complete, 1, 1, 2
enough, 9, 9, 110
peaceful, 1, 1, 9
remix, 1, 1, 1
strikes, 1, 1, 2
manipulative, 1, 1, 2
brain, 1, 1, 5
helicopter, 1, 1, 12
trying, 9, 9, 200
buying, 1, 1, 18
cheated, 1, 1, 6
pull, 1, 1, 2
underdressed, 1, 1, 1
apology, 1, 1, 6
rage, 2, 2, 13
ruse, 1, 1, 2
rags, 1, 1, 4
dirty, 2, 2, 11
grasp, 1, 1, 7
grass, 1, 1, 6
agree, 5, 5, 95
darker, 1, 1, 2
gone, 4, 4, 18
ac, 2, 2, 13
vincebryan, 1, 1, 1
videos, 1, 1, 1
ai, 3, 3, 19
certain, 4, 4, 42
stealing, 1, 1, 4
sales, 1, 1, 3
deep, 9, 5, 11
general, 3, 3, 13
prideful, 1, 1, 90
ar, 1, 1, 0
associating, 1, 1, 3
walks, 2, 2, 13
girlfriend, 5, 5, 46
watched, 22, 21, 238
moves, 1, 1, 7
spends, 1, 1, 7
cream, 1, 1, 0
incorrect, 1, 1, 1
maybe, 11, 11, 84
cooked, 2, 2, 2
idiot, 4, 4, 19
storage, 3, 3, 10
green, 2, 2, 21
event, 1, 1, 3
field, 1, 1, 6
5, 31, 26, 159
aunts, 1, 1, 17
instantly, 1, 1, 6
really, 58, 51, 462
thousand, 1, 1, 14
poor, 2, 2, 92
obsessed, 1, 1, 1
students, 2, 2, 145
spoilers, 12, 10, 261
finale, 5, 5, 101
forgot, 2, 2, 5
seriousness, 1, 1, 4
important, 3, 3, 6
included, 1, 1, 5
revolve, 1, 1, 2
spouse, 1, 1, 6
pool, 1, 1, 0
alcohol, 2, 2, 190
building, 3, 3, 9
calls, 3, 3, 10
scenes, 10, 9, 87
acids, 1, 1, 0
20130808182735, 1, 1, 44
u, 1, 1, -9
alright, 2, 2, 9
songs, 1, 1, 1
starting, 6, 6, 175
original, 1, 1, 2
humoring, 1, 1, 7
represent, 1, 1, 6
shazam, 1, 1, 1
forget, 2, 2, 50
caused, 1, 1, 5
suburban, 1, 1, 1
lack, 1, 1, 5
dollar, 2, 2, 94
swerving, 1, 1, 15
month, 4, 4, 24
ladders, 1, 1, 12
code, 1, 1, 2
talks, 1, 1, 3
follow, 1, 1, 1
expressions, 2, 2, 11
trusts, 1, 1, 18
decisions, 1, 1, 7
reluctant, 1, 1, 14
jessie, 7, 7, 144
apartment, 3, 3, 63
referring, 1, 1, 1
vikings, 1, 1, 3
tv, 8, 8, 33
fayeteville, 1, 1, 0
opportunities, 1, 1, 6
aaron, 2, 2, 62
brotherinlaw, 1, 1, 4
safety, 1, 1, 5
activities, 1, 1, 1
woman, 1, 1, 6
appointment, 1, 1, 3
returned, 1, 1, 7
deeper, 2, 2, 6
sitting, 3, 3, 4
lazer, 1, 1, 2
faq, 5, 4, 76
grandstands, 1, 1, 2
megamind, 1, 1, 4
souls, 1, 1, -19
awnsers, 1, 1, 28
print, 2, 2, 16
sons, 1, 1, 2
fan, 3, 3, 4
fall, 3, 3, 5
awful, 3, 3, 12
difference, 3, 3, 3
deformations, 1, 1, 2
treating, 1, 1, 3
themes, 1, 1, 14
washes, 2, 2, 3
remodeling, 1, 1, 20
laying, 1, 1, 1
manager, 1, 1, 2
large, 2, 2, 24
swirling, 1, 1, -2
independence, 2, 2, 7
small, 4, 4, 20
gb, 2, 2, 28
wallflower, 1, 1, 6
titled, 2, 2, 58
appearance, 2, 2, 7
sloppy, 1, 1, 1
paso, 4, 3, 88
ted, 3, 3, 124
nothingness, 1, 1, 11
past, 8, 8, 43
titles, 2, 2, 75
perspective, 1, 1, 4
lawyer, 3, 2, 4
pass, 1, 1, 20
nbc, 1, 1, 1
psycho, 1, 1, 2
gunn, 3, 3, 7
stood, 1, 1, 14
sub, 9, 9, 33
cast, 1, 1, 12
skeptic, 1, 1, 15
deeply, 1, 1, 1
fucks, 1, 1, 1
emotions, 2, 2, 19
crush, 1, 1, 4
abq, 1, 1, 11
overthe, 1, 1, 6
instilling, 1, 1, 1
destroyed, 1, 1, 3
bitsui, 1, 1, 2
nurse, 1, 1, 25
guns, 3, 2, 10
contrast, 1, 1, 103
full, 6, 6, 52
fugue, 3, 2, 13
loose, 2, 2, 54
forgive, 1, 1, 5
behaviour, 1, 1, 88
tracks, 3, 2, 7
songpure, 1, 1, 1
montage, 2, 2, 6
strong, 2, 2, 9
respect, 3, 3, 12
transformation, 2, 2, 15
fantasies, 1, 1, -19
search, 4, 3, 6
teeth, 2, 1, 6
ahead, 2, 2, 3
inspired, 3, 3, 80
allows, 2, 2, 104
experience, 4, 4, 27
fired, 2, 2, 13
prior, 1, 1, 2
airport, 2, 2, 15
breakdown, 1, 1, 9
gasfree, 1, 1, 1
pick, 5, 5, 80
mentions, 4, 4, 106
murdering, 1, 1, 1
luck, 1, 1, 3
camcorder, 1, 1, 2
via, 2, 2, 10
family, 22, 17, 191
suddenly, 1, 1, 6
requiring, 1, 1, 1
excellently, 1, 1, 9
put, 15, 14, 92
boxcutters, 2, 1, 2
subculture, 1, 1, 1
terriblies, 1, 1, 3
eye, 3, 2, 2
takes, 4, 4, 18
answered, 3, 2, 6
wiped, 1, 1, 4
canoe, 1, 1, 5
single, 3, 3, 22
two, 20, 19, 163
6, 8, 8, 226
taken, 1, 1, 3
kick, 2, 2, 2
wipes, 2, 2, 4
minor, 2, 2, 17
flat, 2, 2, 5
diamond, 1, 1, 3
door, 1, 1, 1
knows, 18, 13, 345
definition, 1, 1, 1
company, 4, 2, 91
fiddy, 1, 1, 0
excuse, 4, 4, 110
basically, 7, 6, 39
broke, 1, 1, 2
particular, 4, 4, 12
known, 7, 7, 50
doom, 2, 2, 19
glad, 5, 4, 98
town, 1, 1, 0
keeping, 2, 2, 13
underwhelming, 1, 1, -12
hour, 1, 1, 3
recall, 2, 2, 7
maniac, 1, 1, 1
sucks, 2, 2, -11
vs, 6, 5, 120
v, 2, 2, 60
dea, 8, 7, 31
beautiful, 1, 1, 1
kirk, 2, 1, -1
share, 2, 2, 9
selfentitled, 1, 1, 6
accept, 1, 1, 9
states, 1, 1, 9
pushed, 3, 3, 9
tagged, 1, 1, 2
minimum, 1, 1, 3
numbers, 5, 3, 28
sense, 11, 9, 63
sharp, 1, 1, 6
pong, 1, 1, 4
scar, 1, 1, 2
brbavirgins, 1, 1, 1
gino, 1, 1, 11
huge, 3, 3, 9
needs, 4, 4, 102
calms, 1, 1, 2
rather, 5, 5, 137
breaking, 45, 38, 489
thumbs, 1, 1, 7
bolsa, 2, 1, 7
stayed, 2, 2, 21
occasionally, 1, 1, 9
earnings, 1, 1, 22
surpasses, 1, 1, 1
imgurcomgallerytfay2, 1, 1, 0
explains, 2, 2, 176
hoaxes, 1, 1, 208
plant, 2, 2, 2
sandwich, 1, 1, 14
okay, 4, 4, 45
plans, 3, 3, 215
advice, 2, 2, 29
sympathize, 1, 1, 4
par, 1, 1, 2
questioning, 1, 1, 1
tries, 1, 1, 9
plane, 1, 1, 5
lighting, 1, 1, 1
blood, 1, 1, 2
coming, 7, 6, 40
response, 1, 1, 1
fn, 1, 1, 1
reappeared, 1, 1, 5
workstation, 1, 1, 3
imagery, 1, 1, 7
kein, 1, 1, 0
onto, 3, 3, 34
nonchalantly, 1, 1, 1
overnight, 1, 1, 1
ego, 3, 1, 6
wrench, 1, 1, 1
shade, 1, 1, 3
media, 3, 2, 10
mortem, 1, 1, 1
victors, 1, 1, 14
replied, 1, 1, 3
owsley, 1, 1, 1
rosha, 2, 2, 40
help, 6, 6, 45
reservoir, 1, 1, 12
developed, 1, 1, 1
annoyingly, 1, 1, 0
soon, 4, 4, 24
implausible, 1, 1, 3
isnt, 1, 1, 1
paper, 5, 5, 6
unusually, 1, 1, 1
reconnect, 1, 1, 9
replies, 1, 1, 25
hell, 7, 7, 48
smiling, 1, 1, 7
visceral, 1, 1, 2
rooted, 1, 1, 0
attorneyclient, 1, 1, 6
25, 2, 2, 55
pens, 1, 1, 6
clashed, 1, 1, 4
pray, 1, 1, 1
actually, 24, 22, 78
late, 3, 3, 34
feel, 27, 23, 405
bout, 1, 1, 1
team, 1, 1, 4
might, 16, 14, 32
ally, 1, 1, 3
rswordorsheath, 1, 1, 0
fool, 1, 1, 4
someone, 15, 14, 183
somebody, 1, 1, 6
calm, 3, 2, 13
yo, 3, 3, 13
seeking, 1, 1, 6
food, 1, 1, 1
largest, 1, 1, 1
woulda, 2, 1, 1
walls, 1, 1, 12
vomit, 1, 1, 3
weeds, 1, 1, 1
ninja, 1, 1, -2
hunted, 1, 1, 7
yr, 1, 1, 1
association, 1, 1, 7
sucked, 1, 1, 208
easily, 5, 4, 19
imprisoned, 1, 1, 12
pregnant, 2, 2, 23
always, 20, 17, 325
level, 3, 3, 16
spinning, 1, 1, 2
tear, 1, 1, 1
hankwaltgomez, 1, 1, 12
stopped, 3, 3, 30
found, 13, 12, 147
obligated, 1, 1, 9
marry, 1, 1, 6
trailer, 3, 2, 61
referred, 3, 3, 13
barrels, 3, 3, 25
reactions, 2, 2, 5
harm, 1, 1, 2
everyone, 13, 11, -55
england, 1, 1, 1
formulate, 1, 1, 3
visually, 1, 1, 5
house, 38, 23, 232
fish, 1, 1, 1
hard, 7, 5, 10
idea, 7, 5, 104
grandmothers, 1, 1, 17
accidentally, 3, 2, 5
engaging, 1, 1, 4
expect, 3, 3, 6
todd, 12, 7, 40
slave, 2, 2, 18
operation, 2, 2, 7
beyond, 4, 4, 17
anarchy, 1, 1, 2
steered, 1, 1, 7
hooray, 1, 1, 3
missed, 5, 4, 15
wondered, 2, 2, 39
illicit, 1, 1, 2
since, 20, 20, 361
research, 2, 2, 13
acting, 5, 3, 6
health, 1, 1, 35
issue, 2, 2, 3
ass, 4, 4, 7
mercury, 1, 1, 89
jeremiah, 1, 1, 2
pathetic, 1, 1, 6
friday, 1, 1, 1
horse, 1, 1, 2
powwow, 1, 1, 3
reason, 14, 13, 203
s4e1, 1, 1, 33
asf, 1, 1, 5
members, 1, 1, 6
imagine, 8, 7, 75
ask, 2, 2, 15
beginning, 7, 7, 53
loads, 1, 1, 2
heroic, 1, 1, 92
improved, 1, 1, 3
thrown, 2, 2, 10
driven, 2, 2, -18
owners, 1, 1, 4
benefits, 1, 1, 6
thread, 3, 3, 54
alluded, 1, 1, 1
terrible, 1, 1, 7
terribly, 2, 1, 3
american, 1, 1, 35
expecting, 2, 2, 5
threat, 2, 2, 2
throws, 1, 1, 1
ding, 2, 1, 1
logistics, 1, 1, 1
major, 4, 4, 81
superbowl, 1, 1, 2
dont, 3, 3, 38
forwards, 1, 1, 1
estabilish, 1, 1, 1
number, 6, 6, 24
feet, 1, 1, 1
instances, 2, 1, 25
done, 22, 20, 111
defects, 2, 2, 3
blank, 1, 1, 1
3do, 1, 1, 2
miss, 2, 2, 5
story, 21, 17, 149
killin, 1, 1, 1
heads, 1, 1, 3
leverage, 1, 1, 1
script, 1, 1, 3
introduction, 1, 1, 1
leading, 1, 1, 6
interviews, 1, 1, 1
threatening, 3, 3, 24
rankles, 1, 1, 92
least, 25, 22, 96
player, 1, 1, 2
paint, 1, 1, 1
station, 1, 1, 0
statement, 4, 4, 66
master, 1, 1, 1
majority, 1, 1, 3
scheme, 1, 1, 1
listed, 1, 1, 2
selling, 5, 4, 33
storm, 1, 1, 88
relationship, 10, 9, 39
behind, 4, 4, 39
otoh, 1, 1, 1
park, 1, 1, 1
appreciation, 1, 1, 133
part, 11, 10, 50
doctors, 1, 1, 3
inventing, 1, 1, 7
believe, 22, 22, 453
stairs, 1, 1, 12
uncut, 2, 2, 28
center, 1, 1, 12
ungrateful, 1, 1, 6
kind, 19, 15, 142
assaulted, 2, 2, 7
aaa, 1, 1, 3
gotten, 4, 4, 14
anticipate, 1, 1, 4
grey, 4, 4, 25
risks, 2, 1, 7
dispenser, 1, 1, 3
renegotiated, 1, 1, 2
toward, 2, 2, 10
risky, 3, 2, 8
cleaner, 1, 1, 1
motivation, 2, 2, 2
shanking, 3, 3, 19
suspicious, 5, 3, 11
beforehand, 1, 1, 7
gilligan, 6, 6, 26
randomly, 1, 1, 2
gale, 21, 14, 77
murder, 6, 6, 38
cleaned, 1, 1, 1
rventurebros, 1, 1, 1
ditched, 1, 1, 1
option, 1, 1, 4
sell, 5, 4, 45
rife, 1, 1, 12
acid, 1, 1, 17
built, 1, 1, 4
oitnb, 1, 1, 2
depending, 1, 1, 6
self, 1, 1, 1
lit, 2, 2, 4
also, 40, 33, 321
entirety, 1, 1, 1
lip, 1, 1, 6
useless, 1, 1, 6
housethey, 1, 1, -2
interfered, 1, 1, 1
play, 3, 3, 114
added, 1, 1, 15
reckon, 1, 1, 3
quote, 3, 3, 34
sets, 1, 1, 103
reach, 1, 1, 8
depths, 1, 1, 5
hired, 4, 3, 10
experiences, 1, 1, 150
plan, 2, 2, 2
significant, 5, 3, 0
nothing, 10, 8, 14
seasons, 8, 7, 105
extremely, 5, 5, 21
understands, 1, 1, 1
dealers, 14, 7, 12
incase, 1, 1, 1
mobile, 1, 1, 2
performances, 1, 1, 17
clear, 11, 10, 50
sometimes, 4, 4, 35
coincides, 1, 1, 6
unreasonable, 1, 1, 133
drawing, 1, 1, 2
storyline, 3, 2, 2
clean, 4, 4, 60
barrel, 1, 1, 2
gabe, 3, 2, 5
dragged, 1, 1, 4
lying, 2, 1, 7
science, 4, 4, -1
stoner, 1, 1, 0
gold, 1, 1, 2
admittedly, 1, 1, 3
lay, 2, 2, 6
wasted, 2, 2, 15
purity, 1, 1, 3
relation, 1, 1, 150
carefully, 1, 1, 2
cameo, 1, 1, 59
fine, 3, 3, 24
find, 14, 12, 113
shits, 1, 1, 2
impact, 1, 1, 6
giant, 1, 1, 14
consistently, 2, 2, 4
paranoid, 1, 1, 7
ruin, 3, 3, 51
heavily, 2, 2, 4
waiting, 3, 2, 18
failed, 1, 1, 2
betray, 1, 1, 1
pretty, 35, 33, 190
factor, 3, 3, 8
8, 3, 3, 21
hit, 4, 4, 4
freaks, 1, 1, 3
albeit, 1, 1, 7
erraticallytimed, 1, 1, 2
salud, 2, 1, 9
express, 1, 1, 7
halfmeasure, 1, 1, 1
rbreakingbad, 2, 2, 15
famous, 2, 2, 7
feels, 3, 3, 45
hid, 1, 1, 7
actions, 6, 5, 35
basement, 5, 4, 10
target, 1, 1, 2
meak, 1, 1, 1
progressive, 1, 1, 12
generally, 1, 1, 2
remove, 1, 1, 1
originalpostsearcher, 1, 1, 2
hype, 2, 2, 2
poisoned, 1, 1, 1
cringe, 1, 1, 1
wrote, 1, 1, 3
californian, 1, 1, 1
insane, 1, 1, 12
set, 8, 8, 76
art, 1, 1, 1
creator, 3, 2, 8
throwing, 2, 2, 19
startup, 1, 1, 3
bitterness, 1, 1, 6
see, 52, 46, 369
defense, 1, 1, 7
dumb, 3, 3, 15
sea, 1, 1, 1
close, 7, 7, 45
innocuous, 1, 1, 3
declined, 2, 2, 4
practice, 1, 1, 2
cosplay, 2, 2, 17
expert, 2, 2, 8
visiting, 2, 2, 82
pictures, 3, 3, 74
wow, 4, 4, 77
currently, 3, 3, 5
please, 7, 4, 276
fans, 1, 1, 70
various, 1, 1, 1
probably, 24, 23, 149
burned, 3, 3, 99
birds, 1, 1, 2
lamenting, 1, 1, 3
supposed, 6, 6, 41
knowing, 6, 5, 11
recently, 3, 3, 40
missing, 2, 2, 12
initially, 1, 1, 14
commercial, 1, 1, 5
sold, 4, 4, 16
attention, 8, 7, 52
moodle, 1, 1, 266
incident, 3, 3, 12
premise, 1, 1, 6
staging, 1, 1, 1
condo, 1, 1, 2
pissed, 6, 5, 15
last, 33, 30, 317
restaurant, 1, 1, 3
secrets, 2, 2, 15
crime, 2, 2, 2
barely, 2, 2, 112
connection, 2, 2, 34
became, 7, 5, 13
context, 1, 1, 1
focused, 2, 2, 11
corrupt, 1, 1, 0
protector, 1, 1, 1
whole, 15, 15, 170
finds, 3, 3, 14
millions, 3, 1, 3
liked, 7, 7, 23
elliot, 7, 5, 19
expendable, 1, 1, 1
point, 24, 20, 98
simple, 1, 1, 4
domicile, 3, 3, 48
acted, 2, 2, 13
others, 1, 1, 14
community, 1, 1, 1
coincidence, 2, 2, 31
steely, 2, 1, 1
revving, 1, 1, 12
simply, 2, 2, 16
likes, 5, 4, 14
church, 1, 1, 3
throughout, 5, 5, 160
patiently, 1, 1, 6
duh, 1, 1, 8
decline, 2, 1, 2
worthless, 1, 1, -17
devil, 1, 1, 1
perspectives, 2, 2, 137
duo, 1, 1, 3
tention, 1, 1, 1
create, 1, 1, 1
due, 3, 3, 19
carolinian, 1, 1, 5
respecting, 1, 1, 22
secret, 1, 1, 1
damn, 10, 9, 110
9yards, 1, 1, 6
kowtowing, 1, 1, 6
territory, 1, 1, -7
meeting, 6, 6, 24
walter, 59, 36, 290
dialogue, 2, 2, 3
giancarlo, 1, 1, 2
sobriety, 1, 1, 4
boy, 1, 1, 1
fire, 3, 3, 4
crack, 2, 1, 2
gas, 8, 3, 5
remark, 1, 1, 92
else, 23, 21, 137
moment, 21, 19, 263
whatever, 2, 2, 5
38, 1, 1, 1
understand, 14, 11, 77
compromised, 2, 1, 7
maneuvering, 1, 1, 4
patriarchy, 1, 1, 4
uncertain, 1, 1, 1
look, 14, 11, 128
frozen, 1, 1, 1
leave, 8, 7, 19
straight, 3, 3, 8
tip, 1, 1, 2
batch, 7, 7, 40
healthy, 1, 1, 17
match, 1, 1, 1
behavior, 3, 2, 2
error, 1, 1, 6
fun, 6, 6, 11
pack, 2, 2, 12
powersomething, 1, 1, 22
hoping, 2, 2, 8
bot, 1, 1, 2
encountered, 1, 1, 5
hoax, 1, 1, 2
owes, 1, 1, 14
beautifully, 3, 3, 11
facade, 1, 1, 12
rid, 3, 3, 66
leaving, 2, 2, 11
funny, 8, 8, 43
adios, 1, 1, 2
walters, 2, 2, 12
shirt, 1, 1, 1
anymore, 4, 4, 18
james, 3, 2, 0
orders, 2, 2, 3
rules, 4, 4, 104
virtually, 1, 1, 6
grand, 1, 1, 0
9, 3, 3, 6
amc, 3, 2, 11
development, 3, 3, 48
lid, 1, 1, 12
used, 9, 7, 21
lawyers, 1, 1, 9
definitively, 1, 1, 1
affairs, 1, 1, 7
keys, 2, 2, 8
friends, 4, 4, 9
yesterday, 1, 1, 2
cement, 1, 1, 28
stashed, 1, 1, 2
002, 1, 1, 7
viewing, 3, 2, 6
uses, 2, 2, 10
purpose, 4, 3, 9
bob, 1, 1, 1
infamous, 1, 1, 1
recent, 2, 2, 34
deflects, 1, 1, 7
dark, 11, 9, 124
lower, 1, 1, 2
vitriol, 1, 1, 4
percentages, 1, 1, 22
persuasive, 1, 1, 4
anybody, 3, 2, 42
takedown, 1, 1, 9
obviously, 12, 12, 200
person, 9, 9, 132
edge, 2, 2, 2
thoroughly, 2, 2, 106
savvy, 1, 1, 6
organization, 1, 1, 7
chemistry, 11, 10, 365
spend, 1, 1, 1
listening, 2, 2, 11
amp, 1, 1, 1
denser, 1, 1, 1
named, 1, 1, 1
openly, 1, 1, 1
atomic, 2, 2, 6
questions, 5, 3, 13
world, 6, 6, 97
sidebar, 2, 2, 80
letting, 5, 5, 32
friendship, 1, 1, 3
cut, 8, 7, 76
kingpin, 1, 1, 65
cup, 2, 1, 6
threatened, 2, 2, 2
hated, 8, 8, 21
workers, 1, 1, 33
cuz, 1, 1, 88
huel, 1, 1, 1
eager, 1, 1, 1
parents, 19, 9, 33
location, 1, 1, 2
crying, 1, 1, 0
excited, 3, 3, 18
surprised, 3, 3, 9
sandwiches, 1, 1, 1
customers, 1, 1, 3
australia, 1, 1, 3
victims, 1, 1, 7
demands, 2, 2, 9
big, 7, 7, 34
couple, 13, 13, 63
hokey, 1, 1, -19
judgement, 1, 1, 7
shitty, 2, 2, -62
game, 1, 1, 3
reliable, 1, 1, 12
hallucinations, 1, 1, 1
bit, 16, 14, 63
projects, 1, 1, 12
reacting, 1, 1, 3
pinkmans, 4, 3, 11
success, 3, 3, 12
submission, 1, 1, 70
superseded, 1, 1, 2
resorted, 1, 1, 1
eep, 1, 1, 12
background, 3, 3, 22
continue, 4, 4, 95
80, 2, 1, 2
wordless, 1, 1, 3
often, 4, 4, 166
fucking, 7, 7, 142
obliged, 1, 1, 3
fathers, 1, 1, 12
1st, 2, 2, 6
back, 33, 29, 443
handjob, 1, 1, 19
navsbfojc4c, 1, 1, 1
understood, 4, 2, 9
strongest, 1, 1, 1
towards, 3, 3, 17
candy, 1, 1, 2
sight, 1, 1, 3
mirror, 2, 2, 15
curious, 3, 3, 7
pale, 1, 1, 2
gradually, 1, 1, 4
fromand, 1, 1, 6
decision, 1, 1, 1
cloud, 1, 1, 7
welling, 1, 1, 1
epic, 2, 2, 2
weakened, 1, 1, 0
anna, 3, 3, 7
either, 7, 7, 243
308, 4, 2, 26
claimed, 2, 2, 4
run, 5, 5, 22
bb, 19, 14, 66
bc, 2, 2, 4
hypocritical, 1, 1, 2
fed, 2, 2, 10
refused, 2, 2, 5
step, 1, 1, 1
nowhere, 2, 2, 2
bs, 1, 1, 1
refuses, 1, 1, 6
crap, 4, 3, 10
shine, 1, 1, 9
changing, 1, 1, 1
cautious, 6, 3, 15
wouldnt, 2, 2, 5
cigarette, 5, 4, 14
favor, 1, 1, 1
reduced, 1, 1, 1
drama, 2, 2, 174
aye, 1, 1, 1
idk, 1, 1, -1
hatred, 2, 2, 4
irked, 1, 1, 2
pollution, 1, 1, 5
seeing, 11, 11, 172
maelstrom, 1, 1, -2
letter, 1, 1, 4
garbage, 1, 1, 2
harassed, 2, 2, 43
within, 1, 1, 3
selfharm, 1, 1, 5
returning, 1, 1, 6
downhill, 1, 1, 1
coin, 1, 1, 2
computer, 1, 1, 1
cinnabon, 2, 2, 3
sneaky, 1, 1, 2
question, 11, 10, 51
sneaks, 1, 1, 1
fast, 2, 2, 90
accountability, 1, 1, 7
doubt, 3, 3, 17
forward, 2, 2, 105
analyze, 1, 1, 4
files, 1, 1, 4
confessing, 1, 1, 3
rogue, 1, 1, 1
buyout, 1, 1, 3
https, 17, 13, 132
potassium, 1, 1, 2
succumbed, 1, 1, 2
serie, 2, 2, 6
properly, 1, 1, 3
lydia, 5, 4, 36
hail, 1, 1, -28
russian, 1, 1, 6
goodbyes, 1, 1, 7
line, 2, 2, 68
junior, 5, 3, 162
tranquila, 1, 1, 9
mineral, 1, 1, 59
directed, 2, 2, 11
us, 5, 5, 25
stalking, 1, 1, 7
planet, 1, 1, 6
uk, 1, 1, 1
fried, 1, 1, 2
similar, 6, 6, 35
called, 4, 4, 13
yelled, 1, 1, 7
bell, 2, 2, -27
devastating, 1, 1, 9
ordered, 1, 1, 2
reconcile, 2, 2, 16
raging, 1, 1, 12
cover, 2, 2, 18
influence, 1, 1, 7
surpassing, 1, 1, 2
revealed, 1, 1, 8
engineering, 1, 1, 0
sharing, 3, 3, 5
gusts, 1, 1, 1
liking, 3, 3, 9
s05e03, 1, 1, 22
fixing, 2, 2, 4
nah, 1, 1, 5
peace, 2, 2, 20
sociopaths, 2, 2, 10
occasional, 1, 1, 2
excuses, 1, 1, 7
nap, 1, 1, 5
points, 3, 3, 10
actors, 1, 1, 9
trait, 1, 1, 2
calmness, 1, 1, 1
nice, 6, 6, 41
draw, 1, 1, 3
elements, 2, 2, 92
users, 1, 1, 2
calculating, 1, 1, 88
favourite, 2, 2, 12
sided, 1, 1, 4
problems, 2, 2, 4
prepared, 3, 3, 5
replace, 2, 2, 3
drag, 1, 1, 8
allowing, 1, 1, 6
desert, 3, 3, 17
dingus, 1, 1, 4
mood, 2, 2, 16
ago, 5, 5, 30
lane, 3, 2, 30
land, 1, 1, 2
vice, 1, 1, 1
age, 1, 1, 3
youtube, 1, 1, 88
walked, 2, 2, 4
scream, 1, 1, 1
nonthreat, 1, 1, 6
loyaltyfriendship, 1, 1, 1
depth, 1, 1, 37
implied, 2, 2, 7
broad, 1, 1, 6
fresh, 1, 1, 17
2008, 1, 1, 1
intentional, 2, 2, 16
rinse, 1, 1, 4
drew, 2, 2, 7
gt, 10, 6, 225
gf, 2, 2, 4
gang, 5, 5, 27
go, 27, 26, 247
flashback, 4, 4, 115
cases, 1, 1, 2
issues, 1, 1, 7
seemed, 6, 6, 35
young, 1, 1, 1
send, 4, 4, 31
suits, 4, 2, 62
literary, 1, 1, 37
shack, 2, 1, 7
dislike, 3, 3, 12
enlightenment, 1, 1, 12
hedberg, 1, 1, 2
sent, 2, 2, 8
nervousness, 1, 1, 15
persuade, 1, 1, 2
murderous, 1, 1, 2
caughtmugged, 1, 1, 1
continues, 1, 1, 6
bele, 2, 1, -1
wishes, 1, 1, 22
putting, 2, 2, 206
viewers, 1, 1, 4
telling, 4, 4, 218
sheds, 1, 1, 2
drinking, 1, 1, 1
subreddit, 2, 2, 7
minerals, 3, 2, 0
entire, 6, 6, 36
magic, 2, 2, 6
stumped, 1, 1, 2
gender, 1, 1, 3
notes, 2, 2, 67
fewer, 1, 1, 2
try, 4, 4, 33
skipped, 1, 1, 1
imgur, 1, 1, 6
havent, 1, 1, -12
originally, 1, 1, 4
bernie, 5, 1, 8
pleas, 1, 1, 3
biased, 1, 1, 9
video, 5, 5, 62
enclosed, 2, 2, 8
picked, 4, 4, 13
imbecility, 1, 1, 2
manipulating, 2, 1, 1
dynamics, 1, 1, 6
cartel, 6, 4, 24
odd, 2, 2, 45
victor, 25, 18, 163
plays, 1, 1, 3
power, 4, 4, 38
giving, 2, 2, 151
disappearer, 2, 2, 3
leno, 1, 1, 2
vampire, 1, 1, 6
cell, 1, 1, 6
paying, 3, 3, 93
skylar, 24, 18, 223
twins, 1, 1, 9
elf, 1, 1, 1
crossed, 1, 1, 14
ginny, 2, 2, 10
nazis, 2, 2, 6
body, 2, 2, 97
gomie, 3, 3, 17
focuses, 4, 4, 9
led, 5, 5, 106
chose, 4, 3, 97
desires, 1, 1, 1
apologetic, 1, 1, 3
underwood, 1, 1, 4
punch, 1, 1, 3
growing, 2, 2, 12
packing, 1, 1, 88
objects, 1, 1, 6
let, 12, 11, 16
sink, 2, 2, 8
making, 16, 14, 243
noverbal, 1, 1, 3
squirming, 1, 1, 5
invented, 1, 1, 3
rely, 1, 1, 1
great, 24, 20, 109
engage, 1, 1, 7
talent, 1, 1, 3
uneasy, 1, 1, 3
involved, 2, 2, 13
larger, 1, 1, 22
37, 1, 1, 1
12am, 1, 1, 1
sword, 1, 1, 1
situations, 2, 2, 99
opinion, 11, 11, 219
climb, 1, 1, 2
gene, 2, 2, 3
makes, 16, 14, 154
thats, 2, 2, 18
tat, 1, 1, 12
examinations, 1, 1, 6
sat, 1, 1, 2
heart, 6, 6, 75
underhanded, 1, 1, 1
private, 4, 4, 49
outcomes, 1, 1, 7
coerced, 1, 1, 7
addressed, 2, 2, 33
soundman, 1, 1, 1
spent, 2, 2, 6
manipulate, 1, 1, 5
standing, 2, 1, 12
use, 9, 8, 113
remains, 2, 2, 21
illegal, 1, 1, 7
next, 7, 7, 53
camera, 3, 3, 10
showrunners, 1, 1, 1
sepinwall, 1, 1, 1
simpler, 1, 1, 1
sort, 1, 1, 2
clever, 6, 5, -9
rich, 2, 2, 91
started, 11, 11, 32
becomes, 2, 2, 4
visibility, 1, 1, 1
fuck, 10, 10, 299
sore, 1, 1, 150
heil, 4, 4, 18
train, 3, 2, 27
ashamed, 1, 1, 3
baby, 4, 4, 49
actual, 3, 3, 12
blindsided, 1, 1, 3
goal, 1, 1, 1
hints, 1, 1, 12
escaped, 2, 1, 7
f, 3, 3, 83
ride, 3, 1, 1
clients, 1, 1, 0
stroke, 1, 1, 5
pour, 1, 1, 2
obvious, 7, 7, 330
praise, 1, 1, 1
meet, 1, 1, 7
closing, 1, 1, 5
drops, 1, 1, 2
didnt, 3, 3, 9
proof, 1, 1, 3
control, 11, 9, 26
wearing, 2, 2, 45
violence, 1, 1, 1
links, 1, 1, 208
process, 1, 1, 1
discussed, 3, 3, 10
trumped, 1, 1, 3
transpired, 1, 1, 7
pieces, 2, 2, 2
high, 11, 10, 266
effectively, 2, 2, 6
villain, 2, 1, 6
tag, 3, 3, -2
pulling, 1, 1, 1
something, 34, 30, 226
slip, 1, 1, 1
triangle, 1, 1, 3
expandable, 1, 1, 3
united, 1, 1, 20
sit, 2, 2, 3
six, 1, 1, 9
hampshire, 1, 1, 1
instead, 5, 5, 107
comedy, 1, 1, 86
tact, 1, 1, 4
tension, 2, 2, 97
stop, 9, 8, 200
wallpaper, 2, 2, 15
unforgivable, 1, 1, 1
tied, 1, 1, 4
bothered, 3, 3, 16
mixed, 1, 1, 1
abuse, 3, 2, 16
iimgurcomsttuw2bjpg, 1, 1, 103
taco, 2, 2, -27
belongings, 1, 1, 9
ties, 1, 1, 103
heisenelf, 1, 1, 5
alibis, 1, 1, 7
pervs, 1, 1, 1
ambiguous, 2, 2, 6
realized, 3, 3, 7
drop, 1, 1, 2
purely, 2, 2, 3
light, 6, 5, 26
counter, 3, 3, 6
lines, 1, 1, 3
robot, 1, 1, -2
s3, 1, 1, 9
honestly, 4, 4, 14
realizes, 3, 3, 26
improvised, 1, 1, 12
tenure, 1, 1, 3
furious, 1, 1, 3
mentorship, 1, 1, 9
fuckup, 1, 1, -17
counted, 1, 1, 2
longest, 1, 1, 2
creation, 2, 1, 5
coolly, 1, 1, 7
move, 6, 5, 19
symbols, 2, 2, 6
including, 3, 2, 10
looks, 9, 9, 43
referencing, 1, 1, 1
mentioned, 4, 4, 7
badges, 4, 4, 22
badger, 4, 4, 38
perfect, 11, 11, 140
write, 3, 3, 9
dr, 1, 1, 7
sunday, 1, 1, 2
meantime, 1, 1, 3
vital, 1, 1, 6
spoiling, 1, 1, 6
s4e01, 1, 1, 12
orange, 9, 7, 79
criminal, 1, 1, 6
wellknown, 1, 1, 103
image, 1, 1, 3
2013, 1, 1, 70
dad, 4, 3, 38
freeman, 1, 1, 28
blackmail, 1, 1, 9
crash, 3, 3, 21
improsonment, 1, 1, 0
dan, 2, 1, 1
material, 1, 1, 1
flew, 1, 1, 22
unarmed, 1, 1, 3
mention, 2, 2, 7
hallway, 1, 1, 11
cutting, 2, 2, 7
hands, 2, 2, 9
front, 7, 5, 25
flee, 1, 1, 4
day, 14, 14, 151
worlds, 1, 1, 1
speaks, 1, 1, 3
edit, 8, 8, 20
unpredictable, 1, 1, 3
disregard, 2, 2, 9
references, 2, 2, 35
beneath, 1, 1, 5
erratic, 1, 1, 1
flair, 1, 1, 15
related, 6, 6, 121
skank, 1, 1, 15
88, 1, 1, 2
willfulness, 1, 1, 4
filmmaking, 1, 1, 2
meth, 45, 36, 318
special, 1, 1, 1
respects, 1, 1, 3
twice, 4, 4, 8
defend, 1, 1, 5
fathom, 1, 1, -2
petebadger, 1, 1, 0
mate, 1, 1, 13
5b, 2, 1, 1
hilarious, 1, 1, 3
wick, 1, 1, 1
brilliantly, 1, 1, 1
cause, 7, 6, 25
red, 2, 1, 12
disclose, 2, 1, 6
approached, 1, 1, 7
outkast, 1, 1, 2
frank, 1, 1, 4
tempo, 1, 1, 2
70s, 1, 1, 1
completely, 9, 9, 193
surely, 3, 3, 19
collection, 1, 1, 59
usual, 1, 1, 1
befriended, 1, 1, 1
precaution, 1, 1, 1
could, 69, 57, 422
times, 14, 13, 64
conversation, 6, 6, 99
chicken, 2, 2, 7
hence, 1, 1, 1
retain, 1, 1, 6
ears, 2, 2, 36
scare, 1, 1, 4
south, 1, 1, 1
guyz, 1, 1, -28
respond, 3, 2, 3
finest, 2, 2, 7
blown, 1, 1, 12
fleshed, 1, 1, 2
powerful, 2, 2, 72
scene, 55, 44, 434
owned, 1, 1, 11
jesus, 4, 3, 4
distraught, 1, 1, 5
bitch, 31, 26, 279
drastic, 1, 1, 1
reached, 2, 2, 5
quality, 4, 3, 10
horseman, 1, 1, 4
outfits, 1, 1, 1
long, 11, 11, 178
bonus, 1, 1, 5
fair, 3, 3, 34
los, 1, 1, 6
unknown, 1, 1, 25
achieved, 1, 1, 92
detailing, 1, 1, 1
system, 2, 1, 0
unspecified, 1, 1, 2
realistically, 1, 1, 8
heartrending, 1, 1, 9
perfectly, 6, 6, 66
final, 8, 7, 34
negra, 1, 1, 25
enforcement, 4, 3, 13
ironic, 1, 1, 12
stomach, 1, 1, 2
gear, 2, 2, 8
punish, 1, 1, 5
explanation, 2, 2, 7
exactly, 5, 5, 15
emasculated, 1, 1, 40
chemicals, 3, 3, 38
reflecting, 1, 1, 3
aryan, 1, 1, 0
manipulation, 1, 1, 1
fuzzy, 1, 1, 18
steel, 1, 1, 1
loved, 6, 6, 20
boring, 1, 1, 2
bother, 2, 2, 5
riches, 1, 1, 4
reacted, 1, 1, 4
roberts, 1, 1, 7
individual, 1, 1, -19
orchestrated, 1, 1, 2
loves, 3, 3, 8
lover, 1, 1, 1
visited, 2, 2, 8
downer, 1, 1, 13
bet, 2, 2, 5
vengeful, 1, 1, 6
wolfpack, 1, 1, 2
esposito, 1, 1, 2
lightly, 2, 2, 8
ehrmantraut, 1, 1, 5
gently, 1, 1, 12
comfortable, 1, 1, 2
fail, 1, 1, -1
defending, 1, 1, 4
need, 9, 8, 19
clearly, 6, 5, 108
screw, 2, 2, 10
congrats, 1, 1, -7
mib, 1, 1, 8
able, 8, 8, 197
instance, 2, 2, 26
concerns, 1, 1, 3
pivotal, 1, 1, 103
prototypical, 1, 1, 6
lily, 2, 2, 8
dogsesque, 1, 1, 12
youuuu, 1, 1, 3
heisenberg, 21, 16, 167
madman, 1, 1, 1
unless, 2, 2, 9
mcgill, 1, 1, 1
parenting, 1, 1, 1
connected, 5, 4, 53
amongst, 1, 1, 7
device, 1, 1, 1
subjective, 1, 1, 2
deny, 1, 1, 7
explosive, 1, 1, 1
refreshing, 1, 1, 9
eachother, 2, 2, 18
unsettling, 1, 1, 1
stronger, 1, 1, 0
questioned, 1, 1, 7
face, 6, 5, 76
looked, 5, 5, 272
lowered, 1, 1, 1
movie, 1, 1, 8
businessman, 1, 1, 2
skinny, 3, 3, 8
normally, 2, 2, 29
away, 11, 11, 89
fact, 15, 12, 104
affair, 3, 2, 95
iirc, 1, 1, 33
nags, 1, 1, 4
text, 1, 1, 0
agreed, 2, 2, 3
supported, 1, 1, 7
overwhelmed, 1, 1, 3
anyway, 2, 2, 10
brother, 3, 3, 11
connect, 1, 1, 22
bring, 2, 2, 2
planning, 5, 4, 10
twofold, 1, 1, 38
fear, 13, 8, 19
felina, 5, 4, 150
eyes, 3, 3, 15
agrees, 2, 2, 10
staff, 1, 1, 12
based, 5, 3, 17
knowledge, 2, 2, 15
jay, 1, 1, 2
upvote, 1, 1, 163
jar, 1, 1, 7
employer, 3, 3, 18
hector, 8, 6, 30
planted, 1, 1, 208
tape, 1, 1, 0
inherited, 1, 1, 1
riding, 2, 1, 1
52, 1, 1, 3
achieve, 1, 1, 20
meant, 5, 4, 13
cinematography, 1, 1, 12
postcollege, 1, 1, 88
handle, 1, 1, 2
means, 4, 4, 60
beat, 3, 3, 9
intellectually, 1, 1, 6
dope, 1, 1, 35
overall, 1, 1, 8
lucky, 2, 2, 5
forgives, 1, 1, 12
ones, 3, 3, 18
words, 2, 2, 21
bluray, 2, 2, 2
buyer, 1, 1, 1
kyuss, 1, 1, 0
nearly, 1, 1, 2
romantic, 1, 1, 3
gray, 4, 3, 12
evolution, 1, 1, 1
ended, 9, 9, 35
backor, 1, 1, 6
shy, 1, 1, 4
pinkwoman, 1, 1, 68
married, 2, 2, 91
taxes, 1, 1, 4
calling, 1, 1, 65
qa, 1, 1, 1
stuff, 5, 5, 29
dangerous, 2, 2, 11
grab, 1, 1, 3
fixed, 1, 1, 20
pertains, 1, 1, 70
view, 2, 2, 15
available, 2, 2, 3
exists, 1, 1, 11
acquired, 1, 1, 1
intensity, 3, 3, 23
legacy, 1, 1, 10
driveway, 1, 1, 2
desperate, 1, 1, 2
terms, 1, 1, 2
cold, 1, 1, 1
battery, 2, 2, 7
parallels, 1, 1, 1
closer, 1, 1, 1
closes, 1, 1, 2
interview, 1, 1, 2
hiring, 1, 1, 2
interacting, 1, 1, 4
attempting, 1, 1, 6
tend, 1, 1, 2
genius, 2, 2, 6
written, 3, 3, 21
correctly, 1, 1, 2
neither, 1, 1, 2
bunch, 4, 4, 102
frustrated, 1, 1, 150
bought, 3, 2, 4
pipe, 1, 1, 1
ends, 3, 3, 62
weighing, 1, 1, 7
ability, 2, 2, 4
bridges, 1, 1, 1
importance, 1, 1, 2
deliver, 1, 1, 20
willing, 1, 1, 1
job, 13, 11, 241
spoil, 2, 2, 20
police, 7, 7, 136
lawsuit, 1, 1, 1
distribution, 1, 1, 1
staring, 1, 1, 6
hits, 1, 1, 2
figured, 3, 3, 8
revoked, 1, 1, 90
site, 1, 1, 1
profanity, 1, 1, 12
taking, 10, 9, 237
drug, 12, 7, 24
etc, 9, 6, 60
admit, 2, 2, 97
eta, 1, 1, 208
sustain, 1, 1, 1
puff, 1, 1, 17
lofty, 1, 1, 4
jersey, 2, 1, 0
otherwise, 2, 1, 1
ck, 1, 1, 3
relevant, 1, 1, 3
co, 1, 1, 12
merkert, 1, 1, 7
agents, 3, 2, 11
wall, 1, 1, 2
cb, 1, 1, 44
ca, 22, 19, 135
insinuates, 1, 1, 3
walk, 5, 4, 19
walt, 316, 142, 1789
outgunned, 1, 1, 3
tvmovies, 1, 1, 1
arguement, 1, 1, 1
confronts, 2, 2, 33
flourish, 1, 1, 3
neat, 2, 2, 3
quit, 2, 2, 74
outsider, 1, 1, 1
addition, 1, 1, 3
decent, 2, 2, 3
snort, 1, 1, 0
taste, 3, 3, 9
bojack, 1, 1, 4
blatant, 1, 1, 3
slowly, 1, 1, 26
treat, 2, 2, 16
ah, 1, 1, 2
copied, 1, 1, 3
bragging, 1, 1, 92
mike, 47, 28, 121
controlled, 1, 1, 6
reasonings, 1, 1, 7
league, 1, 1, 2
moved, 2, 2, 3
vince, 7, 7, 66
assert, 2, 2, 2
finished, 10, 10, 54
perplexes, 1, 1, 1
tense, 3, 3, 13
kicks, 1, 1, 3
smoking, 10, 7, 35
vanity, 1, 1, 6
quotation, 1, 1, 5
multi, 1, 1, 1
abandoned, 1, 1, 3
unlike, 1, 1, 1
plain, 1, 1, 3
harder, 1, 1, 2
value, 2, 2, 7
podcasts, 1, 1, 1
fault, 1, 1, 12
promoted, 1, 1, 1
ensuing, 1, 1, 1
handwriting, 6, 4, 34
cutter, 4, 4, 23
examines, 1, 1, 7
vg, 1, 1, 1
almost, 8, 8, 27
av, 1, 1, 6
thus, 1, 1, 1
unintelligent, 1, 1, 9
helped, 1, 1, 1
unsellable, 1, 1, 6
snuck, 1, 1, 6
berated, 1, 1, 7
partner, 3, 3, 6
sits, 1, 1, 3
lynchpin, 1, 1, 27
chestpuffing, 1, 1, 40
portray, 1, 1, 2
capture, 1, 1, 7
shooting, 1, 1, 9
perhaps, 5, 5, 11
began, 1, 1, 3
cross, 4, 4, 43
proceeds, 3, 1, 1
member, 1, 1, 1
nod, 1, 1, 1
strange, 2, 2, 19
2005, 1, 1, 2
underground, 2, 2, 13
party, 3, 3, 153
gets, 15, 15, 153
repercussions, 1, 1, 7
difficult, 1, 1, 1
conflicting, 1, 1, 2
kidnapping, 1, 1, 7
http, 14, 14, 268
brag, 1, 1, 6
emotionally, 1, 1, 5
selfish, 1, 1, 4
appearances, 1, 1, 59
drink, 2, 2, 7
upon, 4, 4, 55
effect, 2, 2, 11
fucker, 1, 1, 5
decisionmaker, 1, 1, 1
student, 2, 1, 5
fucked, 4, 4, 17
build, 2, 2, 14
impeccable, 1, 1, 2
identity, 4, 1, 7
commenters, 1, 1, 6
ofc, 1, 1, 2
reflection, 2, 2, 4
well, 31, 30, 263
fighting, 1, 1, 3
thought, 25, 23, 234
jokingly, 1, 1, 12
insurmountable, 1, 1, 1
gutted, 1, 1, 2
english, 2, 2, 170
firstly, 1, 1, 1
breaker, 1, 1, 4
noticedappreciated, 1, 1, 4
latest, 1, 1, 9
arbitrarily, 1, 1, 4
coaster, 1, 1, 2
less, 9, 8, 219
moments, 5, 5, 28
executive, 2, 1, 9
rolled, 1, 1, 2
dose, 1, 1, 3
tough, 1, 1, 4
paul, 2, 2, 62
begin, 1, 1, 3
web, 8, 4, 5
tight, 3, 1, -14
suspiscion, 1, 1, 4
scarface, 1, 1, 4
drunk, 2, 2, -25
sky, 1, 1, 2
realize, 2, 2, 31
googling, 1, 1, 0
reasons, 8, 8, 94
add, 1, 1, 1
sweet, 2, 2, 7
reenact, 1, 1, 8
grow, 1, 1, 3
smart, 3, 3, 10
homework, 1, 1, 1
details, 4, 3, 0
fate, 2, 2, 67
government, 1, 1, 7
famously, 1, 1, 1
cruz, 1, 1, 8
know, 49, 40, 254
facial, 2, 2, 11
hallucinates, 1, 1, 1
immediately, 3, 3, 6
loss, 2, 2, 11
tl, 1, 1, 7
necessary, 3, 3, 29
like, 117, 88, 1124
lost, 4, 4, 22
fingerprints, 2, 2, 60
loser, 1, 1, 6
garage, 1, 1, 1
backlash, 1, 1, 17
rian, 1, 1, 2
lose, 2, 2, 6
explaination, 2, 1, 4
become, 8, 8, 19
works, 1, 1, 7
soft, 1, 1, 2
page, 1, 1, 3
accessible, 1, 1, 1
fruitless, 1, 1, 2
elevators, 1, 1, 12
scared, 3, 3, 97
searching, 1, 1, 0
alive, 4, 4, 3
tumblr, 1, 1, 2
expected, 1, 1, 0
home, 6, 4, 117
empire, 6, 5, 27
inocent, 1, 1, 1
immediate, 1, 1, 1
happens, 5, 5, 68
pinpoint, 1, 1, 3
lead, 2, 2, 10
literally, 4, 4, 21
appreciative, 1, 1, 6
serieswhich, 1, 1, 3
assuming, 2, 2, 8
screwed, 2, 2, 105
fruition, 1, 1, 3
regain, 2, 2, 6
ripped, 1, 1, 3
murderer, 1, 1, 5
cookkingpin, 1, 1, 150
ps, 1, 1, 2
acronym, 1, 1, 6
salamanca, 1, 1, 7
monetary, 2, 2, 7
happening, 1, 1, 12
pressure, 1, 1, 3
murdered, 2, 2, 10
xpost, 1, 1, 2
although, 4, 4, 74
worthy, 1, 1, 1
hiding, 4, 4, 27
throne, 1, 1, 1
a1, 3, 3, 14
rare, 1, 1, 2
puts, 3, 3, 19
getting, 23, 20, 185
freedom, 1, 1, 6
introduces, 1, 1, 17
chance, 6, 5, 20
recognized, 2, 2, 8
slayer, 1, 1, 6
sweat, 1, 1, 2
introduced, 2, 2, 13
swimming, 1, 1, 0
polished, 1, 1, 9
pbnj, 1, 1, 1
guard, 3, 2, 5
promise, 1, 1, 109
condemed, 1, 1, 1
female, 1, 1, 49
capable, 1, 1, 2
couldnt, 2, 2, 155
ton, 1, 1, 1
mere, 1, 1, 25
significantly, 1, 1, 1
breathlessly, 1, 1, 2
additional, 1, 1, 39
rushed, 4, 3, 4
transfer, 2, 2, 1
challenged, 1, 1, 12
noticed, 13, 12, 135
spread, 1, 1, 1
inner, 1, 1, 3
biggest, 2, 2, 10
relishing, 1, 1, 7
flynn, 1, 1, 8
naturally, 1, 1, 3
buy, 7, 5, 12
capsule, 1, 1, 2
bpuaj_crjn4, 1, 1, 59
constantly, 1, 1, 6
volatility, 1, 1, 3
delivery, 1, 1, 1
reminds, 1, 1, 2
hi, 1, 1, 6
gail, 5, 2, 11
ha, 1, 1, 2
eat, 2, 2, 12
2x04, 1, 1, 2
made, 35, 31, 114
yelp, 1, 1, 1
glory, 1, 1, 7
whether, 4, 4, 16
wish, 4, 4, 31
wife, 5, 5, 30
smooth, 1, 1, 1
flip, 3, 3, 9
thrice, 1, 1, 29
record, 1, 1, 7
convince, 2, 2, 9
limit, 1, 1, 1
pumped, 1, 1, 1
problem, 4, 4, 12
piece, 6, 6, 22
minutes, 1, 1, 9
display, 1, 1, 22
dots, 4, 4, 68
penetrating, 1, 1, 6
madrigal, 1, 1, 22
successfully, 1, 1, 2
deaths, 2, 2, 14
recognize, 2, 2, 28
sexually, 3, 3, 13
gtfo, 1, 1, 2
buffy, 1, 1, 6
lasted, 1, 1, 1
goodness, 1, 1, 12
unwatchable, 1, 1, 6
ing, 1, 1, 0
happen, 3, 3, 22
authority, 1, 1, 22
jesse, 152, 80, 579
spell, 2, 2, 6
compared, 1, 1, 2
incredible, 3, 3, 17
fascinating, 2, 2, 3
dressed, 1, 1, 1
45, 2, 2, 2
detail, 3, 3, 9
40, 1, 1, 14
pills, 2, 1, 1
book, 10, 8, 48
compares, 1, 1, 3
remindme, 1, 1, 1
sick, 1, 1, 2
suspiciously, 1, 1, 4
granite, 1, 1, 1
incredibly, 4, 3, 23
chemist, 1, 1, 15
conclusion, 1, 1, 9
motivator, 5, 4, 9
hacker, 1, 1, 1
diagnosis, 1, 1, 3
living, 3, 3, 6
class, 4, 4, 72
shown, 5, 5, 27
stay, 9, 9, 32
foil, 1, 1, 6
peasant, 1, 1, 1
wrenching, 1, 1, 2
kinda, 3, 3, 12
badass, 3, 3, 13
gap, 1, 1, 6
epilogue, 1, 1, 39
exposure, 1, 1, 1
constant, 1, 1, 40
using, 10, 10, 24
entertainment, 1, 1, 37
persistent, 1, 1, 3
intentionally, 1, 1, 1
chippy, 1, 1, 6
craft, 1, 1, 3
compete, 1, 1, 2
volumes, 1, 1, 9
lives, 4, 4, 14
indirectly, 1, 1, 12
bcs, 9, 8, 28
