Word, Frequency, Comment Frequency, Net Score
downpablo, 1, 1, 2
yellow, 1, 1, 25
everybody, 22, 14, 39
hating, 1, 1, -1
exmilitary, 3, 1, 1
ridiculous, 3, 3, 4
captain, 1, 1, 2
hate, 25, 11, 32
relationships, 8, 8, 30
whose, 1, 1, 3
eligible, 1, 1, 11
electricity, 8, 8, 30
stinky, 1, 1, 1
seriously, 4, 2, 3
tween, 1, 1, 1
aur, 1, 1, 2
whatsoever, 8, 8, 30
lord, 7, 3, 41
sorry, 7, 7, 418
regrets, 8, 8, 30
vash, 1, 1, 1
collaborate, 1, 1, 4
every, 32, 16, 75
updates, 2, 1, 11
affect, 8, 8, 30
month, 2, 2, 5
bringing, 1, 1, 25
vast, 2, 2, 59
dreamworks, 1, 1, 25
l4rx0kyy_0, 2, 2, 9
school, 3, 1, 1
skills, 1, 1, 4
supports, 1, 1, 8
oooo, 1, 1, 2
math, 1, 1, 1
packless, 6, 6, 9
venus, 1, 1, 1
garden, 1, 1, 3
clothes, 8, 8, 30
enjoy, 6, 6, 438
force, 1, 1, -1
tired, 18, 10, 33
phones, 1, 1, 1
holocaust, 1, 1, 5
scheming, 2, 2, 3
second, 11, 11, 132
street, 1, 1, 1
7th, 8, 8, 30
writing, 8, 8, 30
air, 2, 1, 3
shining, 1, 1, 25
even, 62, 19, 148
established, 2, 2, 59
oldest, 6, 6, 9
christ, 1, 1, 10
horcruxes, 2, 2, 59
endorse, 2, 2, 10
new, 36, 23, 149
ever, 8, 7, 159
disney, 5, 1, 25
told, 8, 8, 33
mee, 1, 1, 135
med, 1, 1, 5
agreement, 1, 1, 3
hero, 1, 1, 6
never, 42, 14, 47
equals, 1, 1, 60
met, 8, 8, 30
china, 1, 1, 3
pursuit, 1, 1, -1
tumblr, 4, 2, 3
spies, 3, 2, 96
kids, 17, 11, 2942
daughter, 12, 6, 9
yusssssssss, 1, 1, 1
changed, 8, 4, 97
jail, 2, 1, 3
adopt, 1, 1, 35
hokey, 1, 1, 7
mentor, 1, 1, 6
smoke, 2, 2, 19
stressed, 5, 5, 403
military, 1, 1, 10
punishment, 10, 10, 89
prints, 6, 6, 9
secure, 2, 1, 3
campaign, 10, 8, 55
visibly, 1, 1, 10
highly, 3, 2, 2
bro, 2, 2, 2
cons, 3, 3, 29
moral, 8, 8, 30
punching, 8, 8, 30
counts, 8, 8, 30
meaty, 1, 1, 1
would, 47, 28, 177
behind, 2, 2, 3
negative, 8, 8, 30
princess, 6, 1, 25
acoustically, 1, 1, 3
call, 11, 10, 167
therefore, 11, 11, 92
raids, 2, 1, 93
unfortunately, 8, 8, 30
strike, 1, 1, 2
nate, 1, 1, 1
type, 17, 9, 33
tell, 9, 9, 32
3lb, 1, 1, 35
musk, 1, 1, 2
snowden, 1, 1, 3
posting, 2, 2, 3
holy, 2, 1, 1
successful, 9, 9, 29
oscar, 3, 3, 3
wars, 1, 1, 7
award, 2, 2, 4
hurt, 1, 1, 1
phone, 1, 1, 11
adult, 3, 3, 65
teaching, 1, 1, 10
90, 7, 7, 11
hold, 3, 3, 98
must, 3, 3, 105
word, 5, 5, 7
room, 3, 2, 17
1999, 12, 6, 9
1998, 6, 6, 9
work, 1, 1, 7
theories, 8, 8, 30
movies, 2, 2, 30
locker, 2, 2, 5
upberned, 1, 1, 2
locket, 2, 2, 59
mr, 1, 1, 3
experts, 1, 1, 4
example, 17, 9, 31
cans, 1, 1, 1
give, 23, 22, 339
laughs, 1, 1, 25
want, 23, 17, 490
keep, 10, 10, 503
oppressing, 1, 1, 2
lexapro, 1, 1, -1
berniewell, 1, 1, 5
end, 17, 9, 29
thing, 14, 12, 435
provide, 1, 1, 11
nuts, 1, 1, 1
hot, 2, 2, 8
hop, 2, 2, 13
answer, 3, 3, 4
titillate, 1, 1, 7
beauty, 1, 1, 25
mess, 1, 1, 1
memorial, 2, 2, 5
familywomen, 6, 6, 9
wrong, 12, 12, 57
uuser_simulator, 5, 5, 6
destined, 1, 1, 93
president, 7, 7, 76
burly, 1, 1, 3
lesbian, 1, 1, 41
complacent, 1, 1, -1
effective, 6, 6, 89
mindsetway, 1, 1, 35
shrek, 15, 1, 25
41st, 1, 1, 1
greet, 2, 2, 5
greek, 1, 1, 3
complexity, 2, 2, 59
green, 1, 1, 2
keeps, 1, 1, 1
leggings, 1, 1, 1
operate, 2, 1, -1
make, 48, 39, 897
triggering, 1, 1, 3
wine, 1, 1, 35
operations, 1, 1, 3
interpretation, 1, 1, 5
office, 1, 1, 11
dreamed, 1, 1, 2
fall, 1, 1, -1
overstepping, 1, 1, -1
nsfl, 1, 1, 14
oven, 1, 1, 1
upfucks, 1, 1, 1
scalia, 2, 2, 5
uppablos, 1, 1, 1
unzipped, 1, 1, 1
cumulus, 6, 6, 9
personal, 17, 9, 29
borned, 6, 6, 9
imo, 1, 1, 1
crew, 2, 2, 5
better, 36, 12, 45
406, 1, 1, 2
405, 1, 1, 2
404, 5, 5, 8
403, 2, 2, 3
muchfor, 1, 1, 1
weeks, 3, 3, 4
easier, 1, 1, 35
banular, 1, 1, 1
combination, 1, 1, -1
prefer, 8, 8, 30
safe, 2, 1, 3
band, 1, 1, 1
lifeidentity, 1, 1, 35
reaches, 8, 8, 30
fillery, 1, 1, 2
bootstraps, 1, 1, 10
classified, 3, 1, 3
l, 10, 2, 37
filling, 1, 1, 11
edit7, 1, 1, 3441
feeds, 1, 1, 11
yung, 6, 6, 9
side, 8, 8, 68
phonebank, 2, 1, 11
fairly, 1, 1, 5
series, 2, 2, 10
pepes, 1, 1, 7
aide, 1, 1, 3
taught, 1, 1, 93
whiz, 1, 1, 7
forgot, 1, 1, 2
navy, 4, 2, 103
aids, 1, 1, 10
blinded, 1, 1, 7
gon, 6, 5, 122
network, 5, 2, 96
god, 4, 3, 10
tales, 2, 1, 25
forty, 1, 1, 93
tomorrow, 1, 1, 93
strangers, 8, 8, 30
remorse, 1, 1, 2
rare, 9, 9, 33
mayas, 1, 1, 7
got, 22, 13, 149
newly, 1, 1, -1
engineer, 24, 8, 30
forth, 1, 1, -1
given, 9, 9, 31
free, 15, 13, 181
245, 1, 1, 6
1min, 6, 6, 9
wanted, 11, 11, 40
greasy, 1, 1, 7
liebenstraum, 1, 1, 2
saggy, 1, 1, 1
wehrmacht, 1, 1, 2
created, 11, 10, 46
starts, 1, 1, 25
messages, 2, 1, 3
moment, 1, 1, 10
messagecompose, 3, 3, 29
flawless, 1, 1, -1
heck, 2, 1, -1
generalizations, 8, 8, 30
fuckin, 1, 1, 3
edward, 1, 1, 3
already, 9, 8, 99
grade, 8, 8, 30
fuckwad, 2, 1, 25
veggie, 1, 1, 1
hearing, 1, 1, -1
clear, 1, 1, 3
another, 11, 8, 127
175, 1, 1, 188
plastic, 1, 1, 35
anyone, 18, 16, 307
rated, 2, 2, 63
service, 4, 2, 5
hilton, 2, 1, 93
vagina, 1, 1, 1
fiction, 13, 12, 51
hollywood, 1, 1, 93
john, 3, 3, 1
ranging, 1, 1, 3
listen, 14, 13, 129
byelorussia, 1, 1, 2
d00m, 2, 1, 3
gym, 1, 1, 1
leaking, 1, 1, 2
took, 8, 8, 30
helen, 1, 1, 93
positively, 1, 1, -1
begins, 2, 2, 35
target, 3, 1, 93
showed, 6, 6, 413
legalize, 1, 1, 41
likely, 1, 1, 3
nations, 2, 1, 3
matter, 3, 3, 98
silly, 5, 5, 44
deserving, 9, 9, 40
k, 6, 6, 9
feeling, 18, 13, 412
solely, 6, 6, 9
bridge, 1, 1, 3
donkey, 2, 1, 25
fashion, 1, 1, -1
close, 2, 2, 4
dada, 1, 1, 2
mind, 5, 5, -6
mine, 7, 7, 10
glass, 1, 1, 35
spent, 8, 8, 30
talking, 12, 7, 36
rap, 1, 1, 3
seen, 12, 12, 192
seem, 1, 1, 25
edgy, 2, 1, 6
dozen, 8, 8, 30
forced, 1, 1, 5
strength, 2, 2, 59
genuine, 9, 9, 65
regretting, 1, 1, -1
thoroughly, 1, 1, 3
cope, 5, 5, 403
snow, 1, 1, 25
contact, 4, 4, 30
luxury, 1, 1, 10
forces, 2, 1, 93
laughed, 6, 6, 404
transmit, 8, 8, 30
grips, 1, 1, 1
unsecured, 1, 1, 3
blue, 2, 2, 5
nobody, 2, 2, 95
though, 20, 12, 35
regular, 2, 2, 3
hearts, 2, 2, 3
douchbags, 1, 1, -1
germans, 2, 2, 3451
peers, 1, 1, -1
accord, 8, 8, 30
professor, 6, 1, 10
lpt, 1, 1, 1
dod, 1, 1, 3
swamp, 2, 1, 25
dox, 2, 2, 3
points, 8, 8, 30
tech, 8, 8, 30
entertaining, 2, 1, 7
voting, 3, 3, 186
mating, 12, 6, 9
came, 4, 4, 30
saying, 5, 3, 29
simultaneously, 1, 1, -1
lyrics, 1, 1, -1
random, 6, 1, 3
ending, 1, 1, 25
5000, 1, 1, 10
solutions, 8, 8, 30
respectfully, 2, 2, 5
participate, 8, 8, 30
earth, 1, 1, 4
nevada, 5, 1, 11
lessons, 1, 1, -1
touches, 1, 1, 2
busy, 1, 1, -1
_ivsgenjqly, 1, 1, 1
quoted, 8, 8, 30
feeel, 1, 1, 2
situations, 5, 5, 403
explain, 1, 1, 25
rick, 10, 10, 49
rockington, 1, 1, 1
rice, 1, 1, 1
hrc, 1, 1, 3
personality, 1, 1, -1
wearing, 8, 8, 68
plate, 2, 2, 5
dvds, 1, 1, 35
di, 6, 6, 9
hostility, 1, 1, 1
de, 2, 2, 4
watch, 6, 6, 144
pocket, 1, 1, 1
amazon, 1, 1, 3
redditor, 2, 2, 7
wedding, 1, 1, 4
nasty, 6, 6, 9
dr, 2, 2, 24
warfare, 4, 1, 93
overbearing, 1, 1, 1
spilling, 2, 2, 59
countries, 1, 1, -1
guns, 3, 3, 8
ovulatiuon, 6, 6, 9
roulette, 3, 3, 4
bad, 17, 17, 435
bae, 1, 1, 8
pacifist, 8, 8, 30
steak, 1, 1, 35
steal, 1, 1, 1
valid, 1, 1, -1
secretary, 4, 1, 3
ethical, 8, 8, 30
fair, 9, 9, 55
sitnsleep, 1, 1, 5
pinot, 1, 1, 35
decided, 2, 1, 25
result, 16, 8, 30
fail, 4, 2, 2
iran, 2, 2, 7
best, 22, 14, 139
subject, 1, 1, 2
said, 31, 20, 140
lots, 17, 9, 33
pasted, 1, 1, 25
away, 17, 11, 446
highlyevolved, 1, 1, 10
wikipedia, 1, 1, 3
injuries, 8, 8, 30
grandmother, 1, 1, 5
future, 18, 10, 33
wiggers, 3, 3, 4
drawn, 1, 1, 3
warrior, 1, 1, 3
lazy, 1, 1, 25
men, 28, 20, 49
omg, 1, 1, 6
extend, 1, 1, 11
nature, 1, 1, 3
optimist, 1, 1, 93
weak, 1, 1, 3
however, 6, 6, 402
boss, 2, 2, 4
ekdm, 1, 1, 1
wear, 8, 8, 30
maymays, 1, 1, 7
dedication, 10, 5, 403
giggity, 1, 1, 1
times, 11, 11, 44
hills, 1, 1, 93
cop, 1, 1, 45
essentially, 8, 8, 30
frump, 1, 1, 14
bhosadike, 2, 1, 2
reported, 1, 1, 8
country, 4, 4, 205
cup, 1, 1, 35
games, 1, 1, 52
faces, 3, 3, 4
contribution, 4, 4, 30
argue, 2, 2, 92
mapberniesanderscom, 1, 1, 11
jack, 1, 1, 3
peacefully, 2, 2, 3
presumably, 2, 1, 25
tough, 1, 1, 3
height, 1, 1, 25
tons, 1, 1, 1
infants, 1, 1, 1
trust, 1, 1, 4
100, 1, 1, 1
hitler, 11, 11, 222
speak, 11, 11, 22
101, 4, 4, 30
buffett, 1, 1, 93
three, 4, 1, 93
confident, 1, 1, 1
beer, 1, 1, 35
much, 28, 12, 140
hitlery, 1, 1, 7
basic, 1, 1, -1
privilege, 1, 1, 2
idol, 1, 1, 7
website, 5, 2, 94
chug, 1, 1, 35
life, 43, 23, 543
drugs, 1, 1, 25
madarchod, 1, 1, 2
pandering, 5, 5, 403
doubts, 2, 2, 3
cunt, 1, 1, 1
applied, 1, 1, -1
exception, 10, 10, 89
conviction, 1, 1, -1
publicly, 2, 2, 191
n, 6, 3, 38
ugly, 3, 1, 25
near, 3, 3, 4
stopping, 8, 8, 30
voice, 7, 7, 14
employees, 1, 1, 7
mistake, 1, 1, 3
seven, 10, 9, 123
iz, 1, 1, 1
played, 1, 1, 1
iq, 16, 8, 30
sjw, 9, 5, 7
shame, 2, 2, 3
bakular, 1, 1, 1
im, 7, 3, 4
experience, 7, 7, 10
happening, 8, 8, 30
ie, 1, 1, 3
id, 1, 1, 1
confirmed, 16, 3, 152
ormation, 4, 4, 30
perform, 4, 4, 3
things, 28, 16, 168
realizing, 1, 1, -21
babies, 6, 6, 9
literallyhitler, 1, 1, 7
avoids, 1, 1, 1
several, 1, 1, 10
harming, 16, 8, 30
analysts, 1, 1, 3
independent, 1, 1, 3
raid, 5, 1, 93
published, 9, 9, 33
hang, 1, 1, 188
evil, 14, 4, 89
nie, 1250, 1, 3
adblock, 1, 1, 14
portal, 4, 4, 30
kim, 1, 1, -1
tyson, 1, 1, 2
opportunity, 1, 1, -1
thoughts, 10, 10, 58
kid, 2, 2, 27
vermont, 1, 1, 2
kept, 1, 1, 1
thx, 1, 1, 7
forceful, 1, 1, -1
smokes, 1, 1, 1
tho, 1, 1, 3
burgers, 1, 1, 1
practices, 1, 1, 3
greatest, 4, 2, 7
mother, 8, 8, 30
claims, 1, 1, 25
corporate, 1, 1, 1
musical, 1, 1, 3
left, 2, 2, 4
protocol, 1, 1, 3
decreasing, 1, 1, 13
physique, 2, 2, 3
gakular, 1, 1, 1
via, 1, 1, 3
identify, 2, 2, 3
thanks, 10, 10, 3553
human, 13, 11, 88
facts, 2, 2, 6
yes, 7, 7, 34
yet, 3, 3, 4
hai, 1, 1, 2
collars, 2, 2, 5
candidate, 2, 2, 189
dining, 1, 1, 35
character, 1, 1, 25
iontron, 1, 1, 3
spread, 2, 1, 3
easy, 13, 12, 43
prison, 1, 1, 2
ian, 1, 1, 1
save, 2, 2, 26
humanity, 1, 1, 5
gave, 11, 10, 71
casting, 2, 2, 59
sailors, 1, 1, 4
thatjust, 6, 6, 9
garuntee, 1, 1, 2
possible, 10, 10, 134
possibly, 11, 10, 60
cultural, 2, 2, 3
jontron, 1, 1, 8
performance, 2, 2, 2
brought, 1, 1, 3
texts, 2, 2, 8
57, 1, 1, 1
specific, 5, 5, 34
remind, 4, 4, 30
offices, 1, 1, 11
night, 5, 5, 16
hung, 1, 1, -1
security, 9, 3, 8
jean, 6, 6, 9
right, 25, 19, 609
old, 26, 17, 404
deal, 5, 5, 44
people, 105, 21, 190
edginess, 1, 1, 6
dead, 1, 1, 7
uthesurfingwalrus, 1, 1, 1
clubs, 2, 2, 5
ere, 1, 1, 2
election, 2, 2, 12
multiple, 16, 8, 30
guess, 9, 9, 29
enemies, 8, 8, 30
humor, 10, 5, 403
rsandersforpresident, 3, 3, 29
purple, 1, 1, 1
comments, 9, 9, 32
cisantideath, 1, 1, 2
everything, 19, 18, 108
asking, 10, 10, 100
every1, 1, 1, 3
420, 2, 2, 2112
christmas, 1, 1, 1
icu, 5, 5, 403
peek, 1, 1, 25
deleted, 1, 1, -4
tour, 1, 1, 1
burn, 1, 1, 2
circlejerk, 16, 16, 443
plz, 2, 2, 2
disappeared, 1, 1, 7
graduated, 8, 8, 30
post, 28, 19, 88
shaken, 1, 1, 10
plug, 1, 1, 11
rallying, 1, 1, 6
farquad, 3, 1, 25
newspapers, 2, 2, 5
months, 1, 1, 1
plus, 1, 1, -1
connected, 1, 1, 3
slightly, 13, 13, 433
ntermeschen, 1, 1, 2
facility, 1, 1, 3
civil, 1, 1, 188
sock, 6, 6, 9
ppl, 2, 1, 3
beings, 1, 1, -1
raises, 1, 1, 3
prepurposed, 1, 1, 1
soon, 1, 1, 13
wan, 3, 1, 1
rely, 1, 1, 11
support, 25, 17, 441
suffice, 8, 8, 30
corporeal, 2, 2, 59
class, 6, 3, 104
fucking, 7, 7, 82
fought, 1, 1, 188
way, 30, 19, 684
impassioned, 1, 1, -1
music, 11, 11, 35
wat, 2, 2, 2
war, 2, 2, 198
comcast, 2, 2, 9
form, 2, 2, 7
offer, 1, 1, 11
attempted, 2, 2, 59
finebros, 1, 1, 1
wireless, 8, 8, 30
hear, 2, 2, 5
bern, 1, 1, 136
true, 17, 10, 129
pillarman, 1, 1, 6
atop, 1, 1, 10
donald, 7, 7, 33
m8, 1, 1, 8
epps, 6, 6, 9
crystal, 1, 1, 35
spurofthemoment, 8, 8, 30
nicest, 2, 2, 5
faking, 8, 8, 30
dooooommmm, 1, 1, 3
proud, 1, 1, 93
liberal, 4, 2, 15
fury, 1, 1, 93
rahi, 1, 1, 2
covers, 1, 1, 25
evidence, 11, 11, 35
trashomo, 1, 1, 2
exist, 1, 1, 3
elon, 1, 1, 2
makular, 1, 1, 1
unholy, 1, 1, 93
shit, 23, 14, 159
supporters, 1, 1, 1
dying, 5, 5, 403
na, 7, 4, 97
reality, 13, 13, 433
til, 7, 5, 11
interested, 4, 4, 30
role, 7, 7, 12
holding, 1, 1, 25
test, 32, 8, 30
shootemup, 1, 1, 7
undeniably, 2, 1, -1
scored, 8, 8, 30
intend, 10, 5, 403
brothers, 1, 1, 1
dies, 1, 1, 6
welcome, 2, 2, 32
parenthood, 1, 1, -1
journey, 2, 1, 25
yeezyobama, 1, 1, 1
died, 2, 2, 35
billion, 3, 2, 55
pedophilia, 8, 8, 30
potato, 1, 1, -1
ephiepiepeipephilia, 1, 1, 5
together, 9, 9, 418
gorilla, 4, 1, 93
time, 71, 28, 3926
serious, 13, 12, 91
intimacy, 12, 6, 9
restored, 1, 1, 5
stick, 1, 1, 1
concept, 8, 8, 30
japan, 1, 1, 1
corps, 2, 1, 93
whoever, 8, 8, 30
woodwork, 1, 1, 3
berney, 1, 1, 3
primed, 1, 1, 3
upcure, 1, 1, 5
crocodile, 1, 1, 10
manager, 1, 1, 5
mile, 1, 1, 1
skin, 1, 1, 1
creative, 1, 1, 1
telemarketing, 1, 1, 2
hijacked, 6, 3, 4
supposedly, 1, 1, 25
ver, 1, 1, 1
flash, 1, 1, 3
father, 2, 2, 8
disgusting, 1, 1, 25
vey, 1, 1, 3
0, 1, 1, 6
finally, 2, 2, 26
rehabilitating, 8, 8, 30
stove, 1, 1, 1
sorkin, 1, 1, 3
shoot, 2, 2, 13
protective, 2, 2, 59
jerk, 1, 1, 7
beatifully, 6, 6, 9
degrasse, 1, 1, 2
vegan, 4, 4, 10
join, 1, 1, 11
minute, 1, 1, 93
governments, 1, 1, 3
moderator, 8, 8, 30
douchenozzle, 1, 1, 35
clouds, 6, 6, 9
impressive, 8, 8, 30
gud, 1, 1, 135
turns, 2, 1, 25
farquaad, 2, 1, 25
leave, 6, 4, 10
p, 34, 8, 60
soooo, 1, 1, 3
settle, 1, 1, 1
team, 5, 5, 41
quick, 8, 7, 102
guy, 17, 13, 69
yall, 18, 6, 9
revolution, 1, 1, 43
invader, 1, 1, 3
danular, 1, 1, 1
sign, 2, 2, 10
cost, 3, 2, 38
run, 1, 1, 1
helpless, 10, 5, 403
chicken, 1, 1, 1
snipers, 2, 1, 93
curse, 1, 1, 25
appear, 2, 2, 3
jeopardised, 1, 1, 3
melt, 1, 1, 7
uniform, 8, 8, 30
remembered, 1, 1, 2
goes, 1, 1, 25
guilt, 10, 9, 29
order, 1, 1, -1
1010, 1, 1, 1
buscemi, 1, 1, 3
hairy, 1, 1, 1
supporting, 2, 2, 12
crashboom, 1, 1, 7
learn, 4, 2, 92
iimgurcomp2tbkgrjpg, 1, 1, 11
understanding, 26, 10, 64
slow, 19, 7, 10
groups, 1, 1, 3
alone, 13, 11, 413
noir, 1, 1, 35
along, 2, 1, 25
teacher, 1, 1, 1
change, 14, 12, 266
wait, 3, 2, 25
boy, 1, 1, 2
incoming, 1, 1, 11
coerced, 8, 8, 30
healthy, 1, 1, -1
appraisal, 8, 8, 30
guilty, 1, 1, 7
rsubredditsimulator, 1, 1, 2
usually, 1, 1, 35
petitioned, 1, 1, 10
genuinely, 1, 1, 136
love, 18, 16, 177
morals, 8, 8, 30
lgbtquiasmd, 1, 1, 4
electromagnetically, 1, 1, 3
fake, 7, 7, 10
fbi, 1, 1, 3
rarely, 8, 8, 30
baby, 7, 7, 11
bulbs, 1, 1, 1
wealth, 1, 1, 10
sake, 8, 8, 30
ingenuity, 8, 8, 30
visit, 1, 1, 11
tears, 2, 1, 10
mrjbqok4qr8, 1, 1, 1
live, 15, 13, 160
explicitly, 1, 1, 3
ayy, 34, 3, 7
https, 21, 12, 59
memory, 6, 6, 9
matador, 1, 1, 3
today, 10, 6, 108
loving, 1, 1, 25
son, 12, 6, 9
sharing, 1, 1, 11
sessions, 3, 3, 4
afford, 1, 1, 35
drown, 1, 1, 93
ignorant, 1, 1, 1
savior, 1, 1, 10
goods, 6, 6, 9
effort, 4, 2, 7
mascot, 1, 1, 5
organizations, 1, 1, 4
deserved, 1, 1, 12
abortion, 1, 1, 10
ctfy, 6, 6, 9
cat, 2, 2, 59
wands, 2, 2, 59
following, 12, 12, 60
making, 10, 5, 403
tune, 6, 6, 9
arrive, 1, 1, 25
dollars, 3, 2, 48
spy, 1, 1, 3
crazy, 14, 14, 39
trump, 10, 10, 51
december, 6, 6, 9
awesome, 16, 8, 30
fuck, 16, 10, 86
sample, 6, 6, 9
unarmed, 1, 1, 93
flamboyance, 2, 2, 5
dropped, 4, 4, 17
allowed, 2, 2, 3
spanning, 1, 1, 3
listens, 1, 1, 3
sidney, 1, 1, 3
foul, 6, 6, 9
means, 3, 3, 5
1, 11, 11, 83
rubio, 1, 1, 7
vital, 1, 1, 3
somebodys, 12, 6, 9
endorsement, 1, 1, 5
nyc, 1, 1, 5
unbelievable, 2, 2, 3
huge, 2, 1, -1
may, 13, 13, 64
broad, 2, 1, 3
insecurities, 1, 1, -1
spot, 1, 1, 25
maa, 2, 1, 2
produce, 2, 2, 59
bermie, 1, 1, 3
dongers, 1, 1, 3
date, 12, 6, 9
guys, 7, 7, 21
man, 14, 14, 235
stress, 6, 6, 496
remember, 14, 13, 418
liquid, 1, 1, 4
whenever, 4, 4, 30
maybe, 9, 7, 521
trumpets, 1, 1, 1
irwin, 1, 1, 5
st, 8, 4, 30
tale, 1, 1, 25
complaining, 1, 1, 3
truck, 2, 2, 5
april, 1, 1, 1
basket, 1, 1, 7
pulled, 1, 1, 10
tumblrinas, 2, 2, 3
talk, 3, 2, 95
typical, 2, 1, 25
snapple, 1, 1, 1
acts, 8, 8, 30
pointed, 3, 3, 4
iimgurcom5moshawjpg, 1, 1, 2
unacceptable, 1, 1, 3
years, 26, 15, 153
course, 12, 12, 58
cuts, 2, 2, 5
kanye, 13, 9, 200
still, 5, 5, 104
blart, 3, 3, 2154
worship, 1, 1, 10
jock, 1, 1, 1
group, 5, 5, 8
thank, 9, 9, 3850
beliefs, 1, 1, -1
interesting, 1, 1, 25
wasting, 6, 6, 9
listing, 1, 1, 11
swans, 1, 1, 235
decades, 1, 1, 7
texas, 2, 2, 5
happened, 1, 1, 93
non, 2, 1, 6
within, 11, 9, 33
upbernie, 1, 1, 2897
3, 3, 3, 48
smarter, 1, 1, 1
bein, 1, 1, 3
introduce, 1, 1, 1
nation, 4, 2, 7
lunch, 3, 2, 4
bullshit, 1, 1, 7
enacted, 1, 1, 10
term, 1, 1, 3
name, 10, 9, 45
teri, 2, 1, 2
tere, 1, 1, 2
tera, 1, 1, 2
realistic, 2, 2, 59
realise, 2, 1, -1
rock, 2, 1, 10
entirely, 2, 2, 2
turtle, 6, 6, 9
domain, 2, 2, 28
fired, 1, 1, 10
yeah, 1, 1, 16
challenges, 1, 1, -1
persian, 2, 2, 59
ey, 1, 1, 3
sexually, 5, 5, 32
happen, 10, 10, 124
shoots, 1, 1, -1
album, 8, 5, 16
living, 1, 1, -1
shown, 8, 8, 30
accomplish, 1, 1, -1
space, 4, 4, 21
burrnnnn, 1, 1, 2
factory, 1, 1, 7
looking, 8, 8, 37
contained, 2, 1, 3
hacked, 1, 1, 3
internet, 9, 9, 33
squares, 1, 1, 188
bla, 6, 1, 25
correct, 2, 2, 6
managed, 1, 1, 1
shows, 12, 12, 35
eagle, 2, 2, 13
earlier, 1, 1, 25
existentialism, 8, 8, 30
quite, 11, 11, 64
zuckerberg, 1, 1, 45
trumpman, 1, 1, 1
pleb, 1, 1, 22
chutya, 1, 1, 2
grandma, 1, 1, 8
marine, 2, 1, 93
card, 1, 1, 1
care, 16, 8, 30
quesadillas, 4, 4, 30
language, 6, 6, 9
headphones, 3, 3, 7
honest, 2, 2, 135
turn, 15, 15, 442
place, 3, 3, 19
massive, 2, 2, 3
promotion, 1, 1, 25
think, 50, 25, 238
first, 28, 25, 179
origin, 1, 1, 10
assholish, 8, 8, 30
saving, 1, 1, 25
lone, 1, 1, 3
xd, 3, 3, 138
one, 31, 20, 202
coolndss, 1, 1, 6
americans, 3, 1, 1
otaku, 2, 1, 1
gimmemonayy, 1, 1, 3
vote, 2, 2, 189
message, 6, 6, 9
fight, 34, 10, 30
open, 2, 2, 5
cheesy, 2, 2, 8
size, 8, 8, 47
little, 20, 18, 212
necessarily, 1, 1, 93
personalities, 16, 8, 30
fieri, 1, 1, 7
stuck, 1, 1, 3
xykd, 1, 1, 1
establishment, 1, 1, 3
parallel, 1, 1, 3
carson, 1, 1, 7
cooling, 1, 1, 3
2, 16, 12, 71
lobbyists, 2, 2, 5
legally, 4, 4, 30
white, 5, 5, 195
speaking, 1, 1, 1
meme, 7, 4, 10
eyes, 1, 1, 3
mostly, 1, 1, 25
season, 12, 6, 9
huh, 2, 2, 3
artifact, 2, 2, 59
released, 1, 1, 1
hillary, 14, 8, 37
alas, 1, 1, 1
eyed, 1, 1, 3
copy, 2, 2, 35
representing, 2, 2, 5
becuz, 6, 6, 9
boyfriend, 8, 8, 30
13, 1, 1, 3
15, 8, 8, 30
lmao, 10, 10, 18
t3h, 2, 1, 3
depressed, 8, 8, 30
r, 14, 11, 125
happy, 2, 2, 59
russia, 1, 1, 3
san, 1, 1, 3
nicer, 1, 1, 35
correction, 1, 1, 3
seal, 1, 1, 10
argument, 3, 3, 58
say, 27, 22, 3640
buried, 1, 1, 22
saw, 14, 6, 410
sat, 11, 11, 40
nuanced, 1, 1, 35
answering, 2, 2, 5
doddfrank, 2, 2, 7
ideas, 8, 8, 30
note, 1, 1, 3
berni, 1, 1, 8
squad, 1, 1, 2
take, 54, 18, 333
online, 1, 1, 11
wanting, 5, 5, 403
blunt, 1, 1, 8
grammys, 1, 1, 12
channel, 2, 1, 3
sure, 6, 5, 36
pain, 8, 8, 30
opposite, 1, 1, 25
track, 4, 4, 30
shitposts, 3, 3, 4
knew, 9, 9, 31
spewing, 2, 2, 3
falls, 1, 1, 25
donation, 8, 4, 30
printed, 1, 1, 3
stormed, 1, 1, 10
america, 9, 5, 200
thou, 1, 1, 1
interacting, 1, 1, 3
especially, 24, 16, 50
considered, 10, 10, 89
babby, 1, 1, 1
average, 10, 9, 29
later, 1, 1, 25
drive, 3, 3, 8
mrs, 3, 1, 3
uncircumcised, 12, 6, 9
slaves, 1, 1, 188
professional, 1, 1, 93
masturbation, 3, 3, 4
prolife, 1, 1, 10
rating, 1, 1, 1
walking, 1, 1, 1
shot, 1, 1, 93
tron, 1, 1, 6
show, 7, 6, 128
german, 1, 1, 1
cheap, 6, 6, 9
discovered, 1, 1, 2
ama, 1, 1, 1
shoe, 1, 1, -1
corner, 1, 1, -21
removed, 2, 2, 3
romanian, 1, 1, 3
dick, 4, 1, 25
outside, 4, 3, 5
either, 1, 1, 35
debunk, 8, 8, 30
going, 62, 28, 464
black, 2, 2, 42
equipped, 1, 1, 4
cautioned, 1, 1, 3
shrill, 2, 2, 3
guarded, 2, 2, 59
get, 40, 26, 604
truly, 8, 3, 58
nearly, 1, 1, 136
gee, 1, 1, 7
conjunction, 1, 1, -1
prime, 1, 1, 3
disabled, 1, 1, 4
girl, 2, 2, 2
artist, 1, 1, -1
jokes, 6, 3, 28
stupid, 7, 6, 42
fictions, 1, 1, 3
uncover, 1, 1, 3
die, 1, 1, 3
jokey, 2, 2, 3
communicated, 6, 6, 9
rlimpbizkit, 3, 3, 4
wiki, 5, 5, 30
spork, 1, 1, 3
physically, 9, 9, 33
violated, 1, 1, 3
ends, 1, 1, 25
college, 10, 10, 30
existence, 1, 1, 3
apologies, 2, 2, 5
ruined, 1, 1, 1
dives, 1, 1, 7
wonder, 3, 3, 4
brave, 1, 1, 10
ways, 3, 2, 94
jumped, 1, 1, 1
enough, 22, 17, 220
reading, 10, 10, 56
across, 11, 11, 231
caucus, 3, 1, 11
infrastructure, 1, 1, 3
25, 1, 1, 1
farts, 1, 1, 35
unsecure, 1, 1, 3
killing, 8, 8, 30
blame, 4, 4, 30
awards, 1, 1, 12
diners, 1, 1, 7
jk, 1, 1, 1
coma, 5, 5, 403
come, 23, 15, 64
reaction, 1, 1, -1
jewishly, 1, 1, 10
installation, 1, 1, 3
tuck, 1, 1, 14
reddit, 34, 14, 224
many, 28, 12, 141
stupidest, 1, 1, -1
according, 1, 1, 3
sernie, 2, 2, 6
75, 1, 1, 1
senator, 1, 1, 2
reliefe, 1, 1, 1
duty, 1, 1, 10
among, 2, 2, 3
cabal, 2, 2, 3
afterwards, 5, 5, 403
cancer, 1, 1, 5
tonne, 1, 1, -1
mandate, 1, 1, 3
period, 1, 1, 1
spank, 2, 1, 1
69, 3, 3, 54
mattress, 1, 1, 5
considers, 1, 1, 12
runaway, 1, 1, -1
logic, 1, 1, -1
cares, 2, 2, 3
west, 5, 3, 8
mark, 1, 1, 45
cared, 1, 1, 25
production, 1, 1, 3
punished, 8, 8, 30
helicopter, 1, 1, 25
marx, 2, 1, 10
wants, 11, 11, 175
blessing, 1, 1, 3
turtleneck, 6, 6, 9
proven, 1, 1, 93
eaters, 2, 2, 59
hardcore, 1, 1, 136
irrelevant, 1, 1, 6
former, 2, 1, 3
sound, 8, 8, 105
operational, 3, 1, 3
voldemort, 6, 2, 59
cast, 6, 2, 59
policies, 1, 1, 136
promising, 1, 1, 93
situation, 8, 8, 30
margin, 8, 8, 30
sincere, 2, 2, 5
mixtape, 1, 1, 1
bros, 1, 1, 7
sleeping, 1, 1, 93
middle, 3, 3, 6
someone, 44, 14, 62
weakest, 1, 1, 3
heels, 1, 1, 3
return, 2, 2, 5
fame, 1, 1, -1
worry, 2, 2, 94
different, 17, 9, 65
harsh, 8, 8, 30
rooting, 1, 1, 3
media, 9, 8, 21
granted, 8, 8, 30
pepe, 2, 2, 5
steppes, 1, 1, 2
check, 2, 2, 5
wizards, 2, 2, 59
center, 6, 6, 9
weakness, 1, 1, -1
reminder, 2, 1, 93
document, 1, 1, 3
pao, 2, 2, 3
finish, 2, 2, 5
births, 6, 6, 9
drives, 6, 6, 9
weed, 2, 2, 19
driven, 1, 1, -1
sumo, 1, 1, 1
totally, 8, 8, 30
purposeful, 1, 1, 3
floor, 6, 3, 7
lady, 4, 3, 84
referrin, 6, 6, 9
without, 29, 13, 127
bot, 4, 4, 30
gates, 2, 2, 5
morons, 1, 1, 1
money, 4, 2, 92
armour, 1, 1, 25
rest, 8, 8, 50
maternity, 1, 1, 1
aspect, 16, 8, 30
blow, 1, 1, 2
death, 4, 4, 59
generator, 1, 1, 3
feminist, 11, 11, 34
thinking, 1, 1, -1
seems, 7, 7, 430
except, 9, 9, 31
4, 7, 7, 12
dicks, 1, 1, 4
real, 15, 12, 323
around, 23, 23, 470
kills, 14, 1, 93
read, 17, 17, 83
katana, 1, 1, 1
virginia, 8, 8, 30
early, 9, 9, 24
mom, 1, 1, 1
world, 16, 7, 24
accepted, 1, 1, 10
disappointed, 1, 1, 7
patronus, 4, 2, 59
stranger, 1, 1, 57
collective, 2, 2, 3
serves, 4, 4, 30
server, 1, 1, 2
fully, 10, 10, 479
served, 1, 1, 10
tower, 2, 1, 25
passionate, 6, 6, 9
eternity, 1, 1, 10
debut, 1, 1, 1
jews, 1, 1, 2
simulator, 1, 1, 1
thinks, 1, 1, 1
reasons, 2, 1, -1
gross, 1, 1, 3
confirm, 2, 2, 6
memories, 2, 2, 59
tube, 12, 6, 9
conservative, 1, 1, 136
critical, 1, 1, 3
911, 2, 2, 7
decent, 8, 8, 30
freee, 1, 1, 5
o0, 1, 1, 2
terrifies, 1, 1, -1
felt, 1, 1, 1
dispensary, 1, 1, 1
power, 2, 2, -18
pg13, 3, 2, 11
broken, 8, 8, 30
nme, 1, 1, 1
terrified, 3, 2, 2
sadder, 1, 1, -1
keede, 1, 1, 2
_, 64, 3, 15
unjerk, 2, 1, 3
oo, 1, 1, 2
ok, 9, 9, 33
package, 1, 1, 3
industry, 2, 2, 5
capable, 2, 2, 59
favorite, 9, 9, 33
meal, 1, 1, 35
practical, 1, 1, 93
srs, 4, 2, 3
chor, 1, 1, 2
muslims, 1, 1, 5
stand, 3, 3, 27
act, 3, 3, 9
mean, 17, 16, 67
op, 1, 1, 7
outlook, 8, 8, 30
nyone, 6, 6, 9
fundraising, 4, 4, 30
burning, 1, 1, 3
flawed, 1, 1, -1
blessed, 6, 6, 9
reeeeeeeeeeeee, 1, 1, 3
accounts, 1, 1, 11
uptown, 1, 1, 2
lastly, 1, 1, 11
buds, 1, 1, 1
prepare, 1, 1, 93
area, 8, 8, 30
naughty, 1, 1, 1
hey, 8, 4, 30
lol, 9, 8, 15
start, 3, 3, 97
lot, 32, 24, 578
decisive, 1, 1, 2
gibe, 2, 2, 4
societal, 8, 8, 30
sophisticated, 1, 1, 3
survived, 1, 1, 5
blazeit, 1, 1, 5
trying, 1, 1, 3
handsome, 2, 1, 25
mortals, 3, 3, 29
comics, 1, 1, 1
tiny, 1, 1, 35
harpies, 2, 2, 3
dirty, 1, 1, 25
mopping, 1, 1, 2
commentses, 1, 1, 3
agree, 2, 2, 193
expect, 8, 8, 30
strongly, 1, 1, 11
gone, 2, 2, 3
taylor, 1, 1, -1
einsatzgruppenss, 1, 1, 2
videos, 1, 1, 93
ah, 2, 2, 118
describe, 1, 1, 35
shoulders, 2, 2, 3
deep, 1, 1, 7
file, 1, 1, 3
hobbies, 2, 1, 35
politics, 3, 3, 4
film, 1, 1, 1
idiot, 2, 2, 94
deserve, 2, 2, 7
selfishly, 1, 1, -1
saturday, 1, 1, 11
field, 1, 1, 4
unparalleled, 1, 1, 4
5, 12, 12, 413
victimize, 8, 8, 30
gaining, 1, 1, -21
formed, 1, 1, 1
congress, 2, 2, 5
separate, 19, 9, 33
students, 1, 1, 10
includes, 1, 1, 3
walker, 1, 1, 1
podium, 2, 2, 5
important, 10, 6, 122
midget, 1, 1, 25
a4, 1, 1, 3
487, 1, 1, 6
thiss, 1, 1, 1
slang, 6, 6, 9
wife, 1, 1, -1
invest, 1, 1, 93
u, 11, 9, 14
paced, 6, 6, 9
treason, 1, 1, 3
songs, 2, 1, -1
starting, 1, 1, 93
original, 3, 3, 4
98, 6, 6, 9
migrated, 3, 3, 4
consider, 19, 10, 32
vile, 8, 8, 30
caused, 1, 1, 6
lack, 1, 1, -1
seals, 3, 1, 93
executing, 8, 8, 30
gt, 9, 2, 6
tours, 1, 1, 10
follow, 1, 1, 5
expressions, 1, 1, -1
faster, 1, 1, 93
children, 2, 2, 7
hunting, 2, 2, 5
tv, 2, 2, 10
uthegoldenboomer, 1, 1, 1
umbridge, 4, 2, 59
opportunities, 1, 1, 93
scrotum, 1, 1, 1
tl, 2, 2, 24
protocols, 2, 1, 3
th, 1, 1, 2
14, 1, 1, 1
smile, 4, 1, -21
ta, 12, 6, 9
case, 13, 11, 2142
woman, 3, 3, 31
worse, 18, 10, 89
sitting, 10, 5, 403
fat, 5, 5, 13
rogue, 1, 1, 1
worst, 8, 8, 30
minded, 6, 6, 9
revolving, 1, 1, -1
difference, 14, 14, 172
fieris, 1, 1, 7
bitly1qaecvc, 1, 1, 4
ironed, 1, 1, 1
wse, 6, 6, 9
stimulus, 2, 2, 7
list, 1, 1, 11
grandfather, 1, 1, 188
large, 1, 1, 25
dinosaur, 1, 1, 3
absolutepunknet, 1, 1, 1
small, 6, 5, 61
anal, 1, 1, 8
420blazeit, 1, 1, 7
banders, 2, 2, 6
owned, 1, 1, 3
fuvking, 1, 1, 6
ted, 1, 1, 7
past, 26, 10, 43
burger, 2, 1, 7
zero, 17, 9, 33
lawyer, 2, 2, 35
bully, 2, 2, 3
chalk, 2, 1, 10
primer, 4, 4, 30
stood, 1, 1, 10
sub, 7, 6, 88
wwwberniebnbcom, 1, 1, 11
witnessed, 4, 2, 3
driveins, 1, 1, 7
emotions, 1, 1, -1
milk, 6, 6, 9
public, 2, 2, 24
movement, 1, 1, 188
edited, 1, 1, 25
full, 7, 7, 15
christian, 2, 2, 15
installations, 1, 1, 3
misstatement, 1, 1, 3
sophist, 1, 1, 10
forgive, 4, 4, 30
hours, 5, 5, 403
operating, 8, 8, 30
epitome, 1, 1, 35
strong, 3, 3, 6
fantasies, 8, 8, 30
almost, 1, 1, 2
creeps, 2, 2, 59
ahead, 10, 10, 3564
inspired, 1, 1, 3
terminals, 1, 1, 3
creepy, 2, 2, 59
amount, 9, 9, 29
social, 2, 1, 11
action, 5, 5, 41
mentions, 1, 1, -1
hoga, 1, 1, 2
shorthand, 2, 2, 5
thankfully, 1, 1, 57
suddenly, 3, 3, 4
obamacare, 2, 2, 7
put, 3, 3, 3
armed, 2, 1, 93
flaws, 2, 1, -1
takes, 1, 1, 25
contains, 1, 1, 3
texting, 1, 1, 11
two, 5, 5, 102
chutmarike, 1, 1, 2
6, 3, 3, 4
taken, 13, 13, 153
homework, 2, 1, 1
wipes, 1, 1, 7
pixar, 1, 1, 25
flat, 1, 1, 10
knows, 6, 6, 109
flag, 1, 1, 10
basically, 11, 11, 32
broke, 1, 1, 3
known, 11, 10, 43
rcirclejerk, 7, 7, 20
town, 1, 1, 188
grill, 1, 1, 1
keeping, 1, 1, 3
hour, 8, 8, 30
anxieties, 1, 1, -1
sucks, 1, 1, 8
guards, 2, 2, 5
mall, 1, 1, 45
sent, 2, 2, 28
wrestler, 1, 1, 1
v, 7, 5, 27
strategies, 1, 1, 3
history, 3, 3, 8
summaries, 1, 1, 3
pushes, 6, 6, 9
stated, 12, 6, 9
sandersforpresident, 1, 1, 1
share, 7, 5, 123
accept, 1, 1, 10
states, 10, 9, 143
donating, 12, 4, 30
minimum, 8, 8, 30
numbers, 3, 3, 16
sense, 2, 2, 28
lacks, 2, 2, 5
species, 1, 1, 10
lucked, 1, 1, 7
firmly, 8, 8, 30
information, 15, 2, 14
needs, 2, 2, 6
court, 3, 3, 30
advantage, 1, 1, 3
rather, 8, 8, 30
comfort, 6, 6, 402
upberns, 1, 1, 1
cleansing, 1, 1, 2
unlucky, 1, 1, 1
scifi, 1, 1, 3
okay, 1, 1, 93
tried, 1, 1, 3
advice, 9, 9, 31
ego, 1, 1, 1
coming, 9, 7, 26
ethics, 1, 1, 52
response, 1, 1, 11
refuse, 1, 1, 35
short, 9, 9, 55
doctor, 1, 1, 10
dragon, 1, 1, 25
responsibility, 10, 10, 32
pay, 3, 2, 60
pleasure, 1, 1, 7
dream, 1, 1, 93
replied, 1, 1, 10
help, 11, 11, 2151
mission, 1, 1, 3
installed, 1, 1, 93
bcuz, 1, 1, 3
held, 3, 3, 15
paper, 1, 1, 3
signs, 8, 8, 30
hell, 10, 10, -9
suffer, 2, 2, 3
arrogant, 1, 1, 10
disagreed, 8, 8, 30
style, 1, 1, 3
mustread, 4, 4, 30
20, 3, 2, 37
carpeted, 3, 3, 7
baap, 1, 1, 2
actually, 25, 25, 664
late, 6, 6, 9
turtlr, 6, 6, 9
individuals, 1, 1, -1
dankometer, 4, 4, 30
disclosed, 1, 1, 3
disagrees, 1, 1, 136
bout, 7, 7, 17
cool, 3, 2, 7
might, 8, 4, 46
good, 89, 28, 581
somebody, 8, 7, 102
calm, 1, 1, 1
seeking, 8, 8, 30
ya, 2, 2, 26
dedp, 1, 1, 2
ye, 1, 1, 1
anticipated, 1, 1, -1
blumenthal, 3, 1, 3
communities, 4, 2, 3
yr, 6, 6, 9
instances, 1, 1, 3
always, 12, 12, 101
level, 1, 1, -1
truths, 1, 1, 7
tear, 1, 1, 10
habits, 1, 1, -1
stopped, 9, 9, 29
shekels, 2, 1, 2
gender, 16, 8, 30
found, 3, 3, 95
fairy, 3, 1, 25
ports, 1, 1, 3
referred, 1, 1, 3
harm, 8, 8, 30
everyone, 38, 18, 102
neil, 1, 1, 2
spacexxx, 1, 1, 2
house, 1, 1, 188
energy, 37, 9, 41
hard, 22, 17, 441
idea, 15, 15, 40
gun, 10, 10, 43
connect, 1, 1, 11
really, 64, 23, 562
gullible, 1, 1, 1
perry, 8, 8, 30
psychology, 16, 8, 30
clandestine, 1, 1, 3
since, 11, 11, 67
mattered, 5, 5, 403
research, 8, 8, 30
gucifer, 1, 1, 3
acting, 16, 8, 30
longtime, 1, 1, 3
upotty_mouth_bot, 1, 1, 2
induced, 5, 5, 403
issue, 16, 8, 30
ass, 12, 11, 39
firstrun, 1, 1, 7
confidence, 1, 1, -1
dementors, 2, 2, 59
motherfucker, 1, 1, 25
alquaeda, 4, 1, 93
splatter, 6, 6, 9
reason, 10, 10, 126
members, 12, 12, 37
ask, 7, 7, 34
teach, 1, 1, 1
rises, 4, 4, 30
guest, 6, 6, 9
thrown, 1, 1, -1
bumped, 1, 1, 93
thread, 9, 9, 35
computers, 1, 1, 3
terrible, 1, 1, 1
donationlink, 4, 4, 30
american, 5, 4, 29
expecting, 6, 6, 9
w, 6, 3, 20
castle, 1, 1, 25
top, 22, 13, 152
reinforced, 3, 1, 3
feed, 2, 2, 59
webcams, 3, 3, 4
dont, 3, 3, 12
3ds, 1, 1, 1
feel, 26, 17, 564
arsenal, 2, 1, 93
feet, 2, 2, 3
sympathy, 1, 1, 3
talked, 2, 2, 0
done, 14, 14, 436
scifs, 1, 1, 3
pablo, 1352, 3, 12
legalized, 1, 1, 5
contraceptions, 1, 1, 1
story, 3, 3, 66
jew, 1, 1, 1
jet, 1, 1, 7
indulgent, 5, 5, 403
leading, 1, 1, -1
interviews, 5, 5, 403
least, 11, 10, 32
station, 1, 1, 3
storm, 1, 1, 93
hundred, 1, 1, 93
justly, 1, 1, 10
passed, 2, 2, 7
fuggin, 1, 1, 1
programs, 3, 1, 3
hotel, 1, 1, 93
dentist, 1, 1, 1
part, 6, 6, 24
inventing, 16, 8, 30
albums, 2, 2, 11
believe, 42, 16, 443
purposefully, 2, 1, 3
obama, 7, 5, 19
kind, 9, 9, 87
scheme, 1, 1, 93
applebee, 1, 1, 35
inuyasha, 1, 1, 1
iranian, 1, 1, 3
gotten, 8, 8, 30
overcompensating, 2, 1, 25
freud, 8, 8, 30
dank, 8, 5, 3451
orger, 1, 1, 25
dang, 1, 1, 1
refrigerators, 1, 1, 10
fiona, 4, 1, 25
karl, 1, 1, 10
lie, 5, 5, 403
lil, 6, 6, 9
self, 37, 13, 433
couch, 1, 1, 93
majority, 10, 10, 89
costs, 2, 1, 3
applauded, 1, 1, 10
finding, 8, 8, 30
1500, 1, 1, 10
play, 7, 7, 12
towards, 1, 1, -1
gild, 1, 1, 57
quote, 9, 9, 37
reach, 9, 9, 421
brooklyn, 1, 1, 2
charm, 4, 2, 59
plan, 8, 8, 30
eaten, 2, 2, 59
nothing, 4, 3, 101
accepting, 1, 1, 3
extremely, 7, 7, 12
smbc, 8, 8, 30
stands, 1, 1, -1
ka, 1, 1, 2
muscle, 1, 1, 1
mobile, 1, 1, 93
ki, 2, 1, 2
sometimes, 1, 1, -1
outhouse, 1, 1, 25
iimgurcomkjs202qpng, 1, 1, 2
clean, 6, 6, 9
physics, 24, 8, 30
attacking, 18, 10, 33
joining, 4, 4, 30
particularly, 16, 8, 30
gold, 6, 6, 207
summer, 3, 3, 6
reembrace, 2, 2, 7
slytherin, 2, 2, 59
perched, 1, 1, 10
newest, 1, 1, -1
iimgurcom4hh3an7jpg, 1, 1, 1
fine, 4, 3, 41
find, 10, 9, 444
impact, 2, 2, 1
cell, 1, 1, 1
justice, 2, 2, 5
less, 5, 5, 403
idiots, 3, 3, 4
pretty, 56, 16, 44
8, 9, 9, 29
hip, 2, 2, 13
hit, 4, 2, 9
freaks, 6, 6, 9
hiv, 1, 1, 8
beams, 1, 1, 7
banned, 2, 2, 3
famous, 1, 1, 25
feels, 8, 8, 30
b, 1, 1, 2
preparing, 8, 8, 30
reporters, 2, 2, 5
frightening, 1, 1, -1
elf, 1, 1, 1
cringy, 1, 1, -5
roles, 16, 8, 30
progressive, 1, 1, 6
cry, 1, 1, 10
vitamin, 24, 6, 9
cretor, 1, 1, 25
witches, 2, 2, 59
hype, 2, 2, 5
kill, 101, 5, 129
body, 6, 6, 9
set, 2, 2, 26
stump, 1, 1, 3
ser, 1, 1, 135
creator, 7, 1, 25
intelligence, 8, 2, 2
carpool, 2, 1, 11
niprnet, 3, 1, 3
fillibusters, 2, 2, 5
sex, 18, 6, 9
plausible, 8, 8, 30
culture, 2, 2, 2
see, 50, 27, 689
individual, 1, 1, 3
bare, 1, 1, 93
confidant, 1, 1, 3
excusable, 1, 1, -1
knees, 1, 1, 10
learns, 1, 1, 3
threats, 1, 1, 3
movie, 12, 8, 491
wow, 2, 2, 3
please, 23, 11, 40
pickup, 3, 3, 6
smallest, 3, 3, 8
various, 2, 1, 3
probably, 4, 3, 26
donate, 9, 5, 2137
numerous, 1, 1, 93
law, 1, 1, 3
knowing, 9, 9, 9
muslim, 1, 1, 10
insulted, 8, 8, 30
pisses, 1, 1, 1
attention, 4, 4, 30
pamp, 6, 6, 9
succeed, 1, 1, -1
blurays, 1, 1, 35
egotism, 2, 2, 5
pissed, 3, 3, 4
last, 5, 5, 403
reverse, 2, 1, 25
license, 2, 2, 5
secrets, 1, 1, 3
barely, 1, 1, 13
foreign, 2, 1, 3
sensitive, 4, 1, 3
became, 5, 5, 197
iimgurcom5pikxxfjpg, 1, 1, 2
alot, 1, 1, 3
whole, 1, 1, 3
experimental, 1, 1, 1
millions, 4, 2, 3
hackers, 1, 1, 3
point, 4, 4, 37
simple, 11, 11, 74
sweet, 2, 1, 1
loan, 2, 2, 47
allegiance, 1, 1, 10
community, 31, 13, 41
likei, 1, 1, 1
simply, 14, 11, 32
faraday, 1, 1, 3
xkcd, 8, 8, 30
patiently, 2, 2, 5
raise, 1, 1, 3
usko, 1, 1, 2
conveyor, 1, 1, 7
create, 1, 1, 25
acceptance, 1, 1, 1
due, 3, 3, 84
strategy, 1, 1, 3
secret, 7, 1, 93
damn, 2, 2, 0
canser, 1, 1, 1
empty, 6, 6, 9
sanders, 3283, 24, 303
soulinfused, 2, 2, 59
lived, 1, 1, -1
champion, 1, 1, 10
gay, 7, 7, 257
sending, 1, 1, 3
fire, 1, 1, 10
remark, 1, 1, 25
else, 17, 17, 196
fund, 1, 1, 1
understand, 33, 18, 588
compromised, 3, 1, 3
systematic, 4, 2, 7
despite, 1, 1, -1
funk, 1, 1, 2
heavier, 1, 1, 2
politician, 4, 2, 5
look, 10, 10, 33
socialist, 3, 3, 4
compartmentalised, 1, 1, 3
pitchfork, 1, 1, 1
medically, 5, 5, 403
sexuality, 8, 8, 30
match, 1, 1, 2
behavior, 8, 8, 30
leaning, 1, 1, 11
fun, 9, 9, 133
engineers, 9, 9, 33
scheduled, 3, 3, 4
natanz, 1, 1, 3
backing, 2, 2, 3
funded, 1, 1, 4
gall, 1, 1, 3
sigmund, 8, 8, 30
rid, 1, 1, 5
rjontron, 1, 1, 3
hyperbole, 1, 1, 3
funny, 1, 1, 3
deadpool, 25, 19, 445
spectacular, 1, 1, 3
anymore, 3, 3, 119
slab, 1, 1, 1
hiwe, 1, 1, 8
ideologies, 2, 2, 3
rules, 6, 3, 4
copying, 1, 1, 3
pengu1n, 2, 1, 3
higher, 14, 14, 39
used, 11, 11, 209
cruical, 1, 1, 11
sanular, 1, 1, 1
yesterday, 13, 13, 433
patriotic, 1, 1, 10
helped, 6, 6, 404
walmart, 1, 1, 35
uses, 1, 1, 25
purpose, 1, 1, 3
necessity, 1, 1, 10
contractors, 1, 1, 3
infamous, 1, 1, 3
dark, 1, 1, 1
older, 1, 1, 5
poland, 1, 1, 1
anybody, 9, 9, 33
obviously, 2, 2, 4
person, 41, 9, 35
edge, 1, 1, 6
spend, 16, 8, 30
know, 92, 45, 957
glitz, 2, 2, 5
isolated, 1, 1, 3
questions, 3, 3, 8
using, 15, 15, 450
regardless, 1, 1, 136
sidebar, 4, 4, 30
prince, 1, 1, 25
cocks, 3, 3, 4
crapstupid, 1, 1, 1
letting, 16, 8, 30
cut, 3, 3, 5
danks, 1, 1, 3
also, 18, 13, 164
hated, 4, 2, 24
workers, 1, 1, 2
exclusively, 1, 1, 35
barack, 6, 4, 12
source, 7, 6, 14
crying, 1, 1, 10
influencing, 1, 1, -1
excited, 1, 1, 93
surprised, 1, 1, 1
hater, 1, 1, 2
shove, 1, 1, 1
marco, 1, 1, 7
adversaries, 1, 1, 3
conformed, 1, 1, 93
big, 3, 3, 29
couple, 7, 7, 497
jerked, 1, 1, 1
darude, 1, 1, 1
judgement, 8, 8, 30
game, 1, 1, 3
apt, 1, 1, 3
aerospace, 8, 8, 30
fortune, 8, 8, 30
bit, 9, 9, 465
helpful, 8, 8, 30
admittedly, 10, 9, 29
facets, 1, 1, 35
pressed, 1, 1, 1
chorus, 1, 1, 2
continue, 8, 8, 30
brakes, 8, 8, 30
absolutely, 2, 2, 105
goddamn, 3, 3, 97
back, 46, 15, 73
understood, 1, 1, 10
mmmmm, 1, 1, 2
examples, 16, 8, 30
sight, 2, 2, 3
mirror, 1, 1, 25
curious, 1, 1, 93
delivered, 1, 1, 3
describing, 1, 1, 1
contacts, 1, 1, 3
decision, 2, 2, 13
psychologically, 1, 1, 3
siprnet, 3, 1, 3
girlfreind, 1, 1, 3
pen, 6, 6, 9
civilization, 1, 1, 10
prosecuted, 1, 1, 3
necrophilia, 8, 8, 30
nose, 8, 8, 30
patient, 1, 1, 3
300, 1, 1, 93
bi, 2, 2, 10
subconscious, 6, 6, 9
percentile, 8, 8, 30
santa, 1, 1, 1
claw, 1, 1, 10
crap, 1, 1, 1
faith, 1, 1, 5
works, 2, 2, 38
anything, 44, 12, 133
virus, 1, 1, 3
deserves, 8, 8, 30
hatred, 1, 1, -1
clinton, 16, 5, 17
grammy, 2, 2, 15
hometown, 2, 2, 5
lawsuits, 1, 1, 25
services, 1, 1, 3
primarily, 2, 2, 5
ayyy, 2, 2, 4
lesson, 1, 1, -1
next, 4, 4, 14
smells, 1, 1, 35
realisation, 1, 1, -1
criticisms, 1, 1, -1
seldomly, 6, 6, 9
hugbox, 2, 2, 3
question, 10, 10, 35
long, 26, 18, 138
infected, 1, 1, 3
scared, 9, 7, 427
tutored, 1, 1, 188
registered, 1, 1, 10
glamour, 2, 2, 5
sammiches, 1, 1, 1
link, 12, 7, 126
repeatedly, 1, 1, -1
line, 7, 6, 37
posted, 1, 1, 2
antibird, 1, 1, 6
consist, 8, 8, 30
fries, 1, 1, 1
us, 21, 18, 321
ur, 1, 1, 3
maturity, 8, 8, 30
upjackdaws, 1, 1, 3441
exploration, 6, 6, 9
uh, 10, 10, 124
mature, 1, 1, 3
intently, 2, 2, 5
called, 5, 5, 55
hornet, 1, 1, 2
camp, 1, 1, 1
freak, 1, 1, -21
raging, 1, 1, 25
reallllly, 6, 6, 9
single, 11, 11, 40
chat, 4, 4, 6
nondank, 1, 1, 7
takedown, 1, 1, 3
hail, 1, 1, 1
defines, 6, 6, 9
rainbow, 1, 1, 19
judgmental, 8, 8, 30
fears, 1, 1, -1
occasional, 6, 6, 410
dbth, 2, 2, 5
ucerkies4lyf, 1, 1, 1
mock, 4, 3, -18
nice, 7, 5, 9
explaining, 1, 1, 25
muddled, 1, 1, 3
elements, 1, 1, 3
users, 4, 2, 3
favourite, 1, 1, 3
breasts, 1, 1, 1
visits, 1, 1, 3
prepared, 1, 1, -1
helping, 5, 5, 403
bludgeoning, 1, 1, 1
meaning, 6, 6, 9
utterly, 1, 1, 7
speach, 1, 1, 1
critiqued, 8, 8, 30
ago, 4, 4, 127
independently, 16, 8, 30
e, 22, 5, 55
vice, 1, 1, 2
age, 18, 10, 34
fastamp, 6, 6, 9
feud, 2, 1, 25
train, 1, 1, 3
karma, 4, 4, 33
leak, 1, 1, 8
far, 44, 11, 33
fresh, 2, 2, 28
katy, 1, 1, 3
code, 8, 8, 30
nongender, 1, 1, 4
steve, 1, 1, 3
dispel, 5, 5, 24
ge, 6, 6, 9
gand, 1, 1, 2
go, 41, 25, 594
iimgurcomng29cnopng, 1, 1, 3
psycho, 1, 1, 25
animal, 1, 1, 10
young, 12, 12, 228
arrogance, 1, 1, -1
citing, 8, 8, 30
blaze, 1, 1, 1
include, 1, 1, 3
resources, 1, 1, 11
sniper, 6, 1, 93
family, 41, 17, 43
wished, 2, 1, 10
mainstream, 1, 1, 4
wave, 1, 1, 2
balls, 1, 1, 1
facebook, 1, 1, 11
telling, 2, 2, 94
drinking, 1, 1, -1
subreddit, 8, 8, 35
autisitic, 1, 1, 22
wipe, 3, 2, 118
entire, 14, 9, 104
knight, 2, 1, 25
fml, 1, 1, -1
f, 5, 5, 31
ryan, 10, 8, 415
try, 4, 4, 47
mobilize, 1, 1, 11
noted, 8, 8, 30
bernie, 3336, 46, 555
smaller, 1, 1, 1
pledge, 1, 1, 10
goodies, 6, 6, 9
waking, 1, 1, -1
video, 3, 1, 93
traveling, 3, 2, 13
picked, 1, 1, 7
comprehend, 1, 1, -1
believes, 2, 2, 189
click, 8, 5, 123
graduating, 1, 1, 93
sandstorm, 1, 1, 1
whitehouse, 2, 2, 5
plays, 1, 1, -1
ovulation, 6, 6, 9
rate, 1, 1, 10
outsmart, 1, 1, 4
giving, 10, 10, 33
networks, 4, 1, 3
access, 9, 2, 96
waiting, 2, 2, 4
dualcitizen, 4, 4, 30
bird, 1, 1, 2
nazis, 1, 1, 7
fearlessness, 1, 1, 4
toast, 1, 1, -1
degree, 8, 8, 30
gathered, 1, 1, 3
lel, 1, 1, 0
punch, 1, 1, 1
nonexistent, 1, 1, 6
leo, 1, 1, 1
let, 29, 24, 2862
others, 16, 8, 30
downvote, 1, 1, 1
sexy, 1, 1, 2
invented, 8, 8, 30
fifteen, 1, 1, 93
irritating, 2, 1, 7
great, 22, 13, 225
involved, 2, 1, 3
30, 1, 1, 6
36, 1, 1, 1
beeeeerrnnnnnn, 1, 1, 57
defeat, 1, 1, 1
opinion, 8, 8, 427
implement, 1, 1, 93
makes, 14, 12, 19
thats, 3, 2, 5
named, 2, 2, 15
writer, 8, 8, 30
addresses, 1, 1, 11
win, 4, 4, 30
private, 2, 2, 5
wit, 1, 1, 3
apply, 8, 8, 30
standing, 2, 2, 5
use, 19, 18, 3485
refers, 1, 1, 3
usb, 1, 1, 3
readable, 1, 1, 13
iimgurcomoq6udayjpg, 1, 1, 3
doubt, 6, 6, 413
thermally, 1, 1, 3
zim, 1, 1, 3
judged, 1, 1, -1
biblical, 2, 2, 8
rodham, 1, 1, 3
started, 15, 15, 132
inclined, 1, 1, 5
infection, 1, 1, 3
confused, 1, 1, 3
heil, 1, 1, 2
carrying, 2, 2, 5
penis, 3, 1, 25
actual, 8, 8, 30
women, 49, 9, 33
customer, 1, 1, 3
account, 1, 1, 3
stabilized, 5, 5, 403
salad, 1, 1, -1
heard, 9, 9, 33
oh, 1, 1, 1
stuxnet, 1, 1, 3
anywhere, 8, 8, 30
obvious, 1, 1, 25
compartmented, 1, 1, 3
meet, 3, 2, 28
closing, 8, 8, 30
potus, 1, 1, 3
proof, 2, 1, 2
violence, 1, 1, 1
bent, 2, 2, 3
ushers, 2, 2, 5
process, 2, 2, 14
discussed, 9, 9, 33
tax, 1, 1, 10
high, 7, 7, 10
dankass, 1, 1, 10
something, 26, 18, 237
slip, 1, 1, 3
boner, 1, 1, 25
reynolds, 6, 4, 14
united, 10, 9, 143
embodiment, 1, 1, -1
sit, 2, 2, 5
toodles, 1, 1, 3
holds, 1, 1, 3
lamo, 1, 1, 3
fortunate, 1, 1, 93
sentiments, 6, 6, 9
dismissing, 1, 1, 35
instead, 2, 1, 25
intelligent, 8, 8, 30
stock, 2, 2, 6
stop, 3, 2, 0
philosophy, 24, 8, 30
collection, 3, 3, 4
2buckchuck, 1, 1, 35
unnaturally, 8, 8, 30
engineering, 24, 8, 30
light, 3, 2, 36
lines, 3, 3, 31
robot, 4, 4, 30
wwii, 8, 8, 30
honestly, 8, 8, 438
allow, 1, 1, -1
tenure, 1, 1, 10
volunteers, 2, 1, 11
696969, 1, 1, 1
redditors, 2, 2, 3
producer, 1, 1, 3
uthenocturnalagent, 1, 1, 1
competing, 8, 8, 30
bernular, 1, 1, 1
produced, 2, 2, 59
uentropyenthusiast, 1, 1, 2
looks, 1, 1, 25
mentioned, 6, 6, 406
warren, 1, 1, 93
perfect, 2, 2, 6
superior, 1, 1, 12
le, 5, 5, 17
ships, 1, 1, 3
emails, 4, 1, 3
lt, 1, 1, 3
willing, 3, 2, 34
degrees, 8, 8, 30
2015, 1, 1, 3
derivative, 1, 1, 7
2016, 2, 2, 2
2011, 2, 1, 1
sjws, 3, 3, 8
dad, 10, 5, 403
dae, 7, 7, 49
crash, 1, 1, 25
greater, 2, 2, 13
repercussions, 1, 1, 3
flew, 5, 3, 15
mention, 2, 2, 8
socks, 6, 6, 9
kiss, 1, 1, 25
hands, 3, 2, 94
republican, 2, 2, 51
cage, 1, 1, 3
day, 29, 13, 127
presidential, 1, 1, 7
mods, 4, 4, 7
eyyyy, 1, 1, 3
autistic, 2, 2, 60
profound, 1, 1, 3
edit, 36, 21, 566
warned, 1, 1, 4
transmitted, 1, 1, 3
truth, 2, 2, 5
electrically, 1, 1, 3
pools, 1, 1, 2
rising, 1, 1, 2
imgurcomvj5myjb, 1, 1, 2
glasses, 2, 2, 36
asspull, 1, 1, 7
globe, 1, 1, 3
related, 3, 3, 30
aggravated, 8, 8, 30
investigative, 1, 1, 4
80, 6, 6, 9
81, 1, 1, 1
special, 3, 2, 10
fondle, 1, 1, 1
tabloid, 2, 2, 5
huck, 1, 1, 2
acknowledgment, 1, 1, -1
banking, 8, 4, 30
jwics, 3, 1, 3
defend, 8, 8, 30
reporteddelet, 1, 1, 1
thriving, 3, 3, 4
memes, 4, 1, 7
cause, 2, 2, 101
red, 1, 1, 35
shut, 1, 1, 25
clarify, 2, 2, 15
completely, 11, 6, 496
x, 7, 7, 33
afterward, 2, 2, 5
could, 10, 6, 36
azkaban, 2, 2, 59
snape, 2, 2, 59
myoutubecomwatch, 2, 2, 9
scare, 8, 8, 30
south, 1, 1, 188
mad, 1, 1, 1
blown, 5, 5, 403
powerful, 9, 9, 29
scene, 1, 1, 3
sack, 1, 1, 4
jesus, 3, 2, 15
owner, 1, 1, 2
art, 1, 1, -1
hehe, 1, 1, 3
prank, 1, 1, 1
reference, 1, 1, -1
data, 1, 1, 11
buttondown, 1, 1, 1
system, 3, 1, 3
merrier, 1, 1, 3
attack, 8, 8, 30
cankular, 1, 1, 1
upbern, 1, 1, 2
egotistical, 1, 1, 0
final, 1, 1, 3
stomach, 1, 1, 1
alivelake, 1, 1, 8
academy, 1, 1, 3
explanation, 8, 8, 30
exactly, 6, 6, 45
apologise, 1, 1, 3
wwwyoutubecomwatch, 3, 2, 2
grandpa, 1, 1, 7
neck, 13, 7, 10
steel, 1, 1, 7
loved, 1, 1, 1
ben, 1, 1, 7
slack, 2, 1, 11
steed, 2, 1, 25
shill, 1, 1, 2
ber, 1250, 1, 3
dumb, 1, 1, 1
negatively, 1, 1, -1
enforced, 11, 11, 34
explicit, 1, 1, 3
gently, 1, 1, 1
tonight, 1, 1, 12
keller, 1, 1, 93
need, 7, 6, 89
apparently, 2, 2, 4
clearly, 5, 5, 19
screw, 2, 1, 1
bastard, 1, 1, 1
sel, 1, 1, 2
min, 6, 6, 9
able, 22, 10, 559
mid, 6, 6, 9
waffles, 1, 1, 3
infractions, 1, 1, 3
feeeeeel, 1, 1, 57
asshole, 3, 3, 31
coke, 2, 1, 1
thinkers, 1, 1, 4
unless, 5, 5, 123
combat, 4, 1, 93
plugging, 1, 1, 3
harmful, 16, 8, 30
eight, 8, 8, 30
comparison, 1, 1, 3
segment, 8, 8, 30
consequences, 1, 1, -1
face, 1, 1, 1
looked, 1, 1, 7
vernacular, 1, 1, 3
absurd, 1, 1, -1
semisuccesful, 1, 1, 25
fact, 15, 13, 186
smirked, 1, 1, 10
chances, 1, 1, 2
agreed, 8, 8, 30
supported, 1, 1, 10
anyway, 3, 2, 36
pinhead, 1, 1, 10
purely, 2, 2, 59
serving, 1, 1, 1
democrats, 2, 2, 5
utter, 1, 1, -1
fear, 3, 3, 2
longer, 2, 2, 3
trivial, 8, 8, 30
supporter, 1, 1, 3
highest, 8, 8, 30
based, 14, 14, 39
earned, 1, 1, 10
upvote, 1, 1, 60
dankuler, 1, 1, 1
jan, 6, 6, 9
unable, 4, 2, 59
maggots, 3, 3, 152
fuel, 1, 1, 7
marriage, 2, 1, -1
local, 1, 1, 1
hope, 1, 1, 3
insight, 1, 1, -1
handle, 1, 1, 3
watching, 8, 8, 507
displayed, 1, 1, 3
dope, 1, 1, 1
ones, 8, 8, 30
legitimate, 1, 1, 3
words, 21, 15, 38
coordinating, 1, 1, 11
tossed, 1, 1, 10
onez, 6, 6, 9
entity, 8, 8, 30
smash, 1, 1, 1
evolution, 1, 1, 10
evident, 1, 1, -1
smugly, 1, 1, 10
married, 1, 1, 3
calling, 1, 1, 1
default, 1, 1, -1
stuff, 2, 2, 5
generations, 6, 6, 9
spotted, 1, 1, 3
guessing, 16, 8, 30
omission, 1, 1, -1
freinds, 1, 1, 3
ogre, 1, 1, 25
shake, 6, 6, 9
humans, 9, 9, 29
makers, 1, 1, 3
edition, 1, 1, 3
terms, 1, 1, -1
responses, 1, 1, 3
error, 8, 8, 30
destiny, 1, 1, 93
999th, 8, 8, 30
genius, 2, 2, 10
state, 5, 2, 14
bunch, 1, 1, 25
email, 4, 2, 5
mainly, 6, 6, 9
bought, 2, 1, 93
bleed, 5, 5, 403
handful, 2, 1, 3
ability, 8, 8, 30
anonymously, 1, 1, 3
antics, 2, 2, 3
ignorance, 1, 1, -1
embarrassment, 1, 1, 10
job, 1, 1, 10
key, 2, 1, 3
precious, 6, 6, 9
swift, 1, 1, -1
jon, 2, 2, 9
hits, 1, 1, 25
figured, 1, 1, 25
joke, 10, 10, 444
taking, 10, 10, 58
minds, 3, 3, 7
lowtraffic, 8, 8, 30
etc, 8, 8, 30
moderators, 4, 4, 30
ranked, 1, 1, 1
rumoured, 1, 1, 25
brony, 8, 8, 30
flavortown, 1, 1, 7
otherwise, 5, 5, 403
comment, 13, 13, 72
paranoid, 1, 1, 3
went, 6, 6, 9
relevant, 1, 1, 1
diplomats, 1, 1, 3
wtf, 2, 2, 3
wall, 9, 5, 31
ca, 17, 16, 576
walk, 2, 2, 5
wth, 1, 1, 1
laugh, 6, 6, 382
news, 2, 2, 5
respect, 21, 11, 34
regenerative, 8, 8, 30
quit, 1, 1, 2
debt, 2, 1, -1
johnny, 1, 1, 1
tremendous, 1, 1, -1
discrimination, 1, 1, 2
thanked, 1, 1, 25
liberals, 1, 1, 10
permanent, 4, 4, 30
treat, 16, 8, 30
certain, 2, 2, 2
cena, 3, 2, 0
username, 1, 1, 1
mike, 6, 6, 9
homosexual, 1, 1, 10
colosus, 1, 1, 2
farmer, 1, 1, 1
assert, 1, 1, 6
ensuring, 1, 1, 3
bull, 1, 1, 3
smoking, 1, 1, 3
fellow, 1, 1, 1
present, 24, 8, 30
volunteer, 4, 1, 11
main, 2, 1, 2
laser, 8, 8, 30
unlike, 9, 9, 33
choices, 16, 8, 30
fiance, 6, 6, 9
dude, 2, 2, 2
resident, 5, 5, 41
neways, 1, 1, 3
vape, 2, 2, 3
site, 8, 4, 107
rips, 1, 1, 25
stakular, 1, 1, 1
watched, 7, 7, 406
whore, 1, 1, 25
capture, 8, 8, 30
dankism, 1, 1, 7
terrorist, 1, 1, 3
perhaps, 5, 4, 7
began, 3, 3, 29
wicked, 2, 2, 59
party, 4, 4, 3
gets, 2, 2, 59
propagate, 2, 2, 3
difficult, 2, 2, 59
http, 12, 12, 55
selfish, 5, 5, 403
eccentric, 1, 1, 7
drink, 2, 1, 35
hatedso, 1, 1, 1
censoring, 1, 1, 6
beast, 1, 1, 25
student, 2, 2, 4
frequently, 1, 1, -1
scholars, 1, 1, 5
deshawn, 1, 1, 10
well, 12, 8, 47
fighting, 16, 8, 30
asked, 6, 6, 30
thought, 20, 18, 76
sheer, 1, 1, -1
english, 1, 1, 1
position, 1, 1, -1
creators, 5, 5, 40
usual, 3, 3, 60
routinely, 1, 1, 4
negligence, 1, 1, 3
maggot, 2, 1, 93
downvotes, 4, 2, 3
executive, 1, 1, 25
himmler, 1, 1, 1
sources, 1, 1, 3
stored, 1, 1, 3
updanks, 1, 1, 3
mfw, 1, 1, 3
protecting, 8, 8, 30
paul, 3, 3, 2154
patrin, 1, 1, 1
downvoted, 1, 1, 2
happiness, 8, 8, 30
rapid, 1, 1, 11
lake, 1, 1, 10
upvoted, 8, 8, 30
discuss, 2, 2, 3
thermodynamics, 8, 8, 30
add, 1, 1, 4
book, 8, 8, 30
citizen, 4, 4, 30
acted, 1, 1, 3
inperson, 1, 1, 93
aclu, 1, 1, 10
tests, 1, 1, 1
sick, 3, 3, 8
government, 2, 2, 11
admit, 1, 1, -1
cruz, 1, 1, 7
five, 1, 1, 93
whatever, 6, 6, 404
immediately, 1, 1, -1
2nd, 6, 6, 9
like, 65, 32, 210
lost, 2, 2, 13
whateveri, 1, 1, 1
journalism, 1, 1, 52
garage, 1, 1, 93
undertaking, 2, 2, 7
become, 12, 12, 326
conrad, 1, 1, 93
lamest, 2, 2, 5
page, 9, 5, 55
replacement, 4, 4, 29
poor, 2, 2, 32
shed, 1, 1, 10
twitter, 1, 1, 11
elitism, 1, 1, 35
hair, 1, 1, 1
abusively, 6, 6, 9
infiltrated, 3, 3, 4
hospitalizing, 8, 8, 30
shes, 1, 1, 3
choosing, 1, 1, 2
home, 3, 2, 104
liking, 1, 1, 35
scares, 1, 1, -21
happens, 12, 6, 9
literally, 5, 4, 85
wittingly, 1, 1, 3
passion, 10, 5, 403
bureaucratic, 2, 2, 59
kiddo, 2, 2, 100
belt, 1, 1, 7
says, 4, 3, 117
noise, 1, 1, 3
reaching, 1, 1, 3
pressure, 10, 9, 29
although, 1, 1, 93
dankya, 1, 1, 135
hijack, 1, 1, 5
retribution, 9, 9, 123
lifestyle, 1, 1, 93
getting, 14, 14, 62
infrared, 8, 8, 30
universe, 2, 2, 59
certainty, 1, 1, 3
3hdwna52wao, 1, 1, 1
evoke, 1, 1, -1
fearless, 3, 1, -1
diabolical, 1, 1, 4
executives, 1, 1, 25
fucktober, 1, 1, 1
h8, 1, 1, 0
letters, 1, 1, 13
owe, 8, 8, 30
pussy, 1, 1, 8
washington, 1, 1, 10
billions, 2, 1, 3
actions, 16, 8, 30
lund, 1, 1, 2
pussi, 2, 2, 4
parentage, 2, 2, 5
sander, 1, 1, 2
housing, 2, 1, 11
noticed, 4, 4, 30
accountant, 1, 1, 5
inner, 6, 6, 9
biggest, 2, 2, 3
goin, 6, 6, 9
jealously, 1, 1, 10
naturally, 9, 9, 38
buy, 1, 1, 35
stadium, 1, 1, -1
triggered, 2, 2, 9
hp, 2, 2, 59
expected, 1, 1, 25
hi, 1, 1, 3
plague, 1, 1, 10
gain, 1, 1, 3
granny, 6, 6, 9
ha, 1, 1, 2
eat, 1, 1, 25
bud, 1, 1, 35
count, 1, 1, 6
made, 39, 27, 661
tactics, 4, 1, 93
places, 8, 8, 30
whether, 2, 1, -1
wish, 25, 9, 36
official, 11, 11, 50
signed, 1, 1, 3
record, 2, 1, 93
gaps, 2, 1, 3
woke, 2, 2, 3
imgurcomjqweanmjpg, 1, 1, 5
cake, 1, 1, 1
piece, 10, 10, 34
minutes, 7, 7, 497
supreme, 2, 2, 5
phonebanking, 2, 1, 11
deaths, 1, 1, 6
recognize, 9, 9, 35
year, 3, 3, 228
naming, 1, 1, 25
performed, 4, 4, 30
dadpoo, 1, 1, 1
variety, 1, 1, 3
46, 2, 1, 10
40, 2, 2, 5
details, 4, 1, 3
branch, 8, 8, 30
cockfull, 4, 4, 30
granite, 1, 1, 1
incredibly, 4, 4, 83
hacker, 2, 1, 3
star, 1, 1, 7
inescapable, 2, 2, 59
ultimately, 6, 6, 9
stay, 2, 2, 36
chance, 5, 5, 403
gloriously, 1, 1, -1
friends, 1, 1, -1
inspiration, 1, 1, 25
fundie, 1, 1, 5
amp, 132, 6, 9
mozart, 1, 1, 3
atheist, 1, 1, 10
blogs, 1, 1, 3
chut, 1, 1, 2
atheism, 1, 1, 41
craft, 1, 1, 35
lives, 2, 2, 2
