Word, Frequency, Comment Frequency, Net Score
limited, 2, 1, 2
kickstart, 3, 3, 6
nextwave, 2, 1, 6
firstgraders, 1, 1, 225
pardon, 1, 1, 15
resist, 1, 1, 6
saves, 1, 1, 2
dynamic, 1, 1, 6
yellow, 1, 1, 73
chaos, 2, 2, 16
four, 10, 9, 132
manicdepressive, 1, 1, 16
sleep, 2, 2, 23
asian, 1, 1, 19
tenuous, 1, 1, 16
hanging, 1, 1, 17
dauterman, 1, 1, 12
captain, 10, 9, 134
hate, 23, 21, 87
searly, 1, 1, 72
precrisis, 1, 1, 3
stinks, 1, 1, 5
whose, 1, 1, 2
592, 1, 1, 3
2030, 1, 1, 2
stainingrusting, 1, 1, 11
paris, 1, 1, 35
tweet, 1, 1, 2
sorta, 1, 1, 2
contained, 2, 2, 19
james, 4, 4, 168
endings, 1, 1, 8
presents, 3, 3, 5
swat, 1, 1, 1
edward, 1, 1, 6
indicate, 2, 2, 5
quotas, 1, 1, -1
fbomb, 1, 1, 3
recycle, 1, 1, 1
lord, 2, 2, 352
sorry, 9, 9, 33
pride, 2, 2, 9
worth, 17, 16, 137
horrorfantasy, 1, 1, 1
fists, 1, 1, 3
updated, 2, 2, 22
rescue, 1, 1, 35
petition, 1, 1, 1
sequartorg, 1, 1, 2
dollar, 1, 1, 6
rise, 3, 3, 20
umpteen, 1, 1, 2
flashpoint, 3, 3, 48
badlands, 1, 1, 2
handling, 1, 1, 11
every, 35, 32, 200
gaslight, 1, 1, 12
wildman, 1, 1, 6
batfamily, 1, 1, 3
affect, 1, 1, 3
stabbed, 2, 2, 17
month, 16, 15, 76
bringing, 1, 1, 5
identity, 2, 2, 13
school, 4, 4, 22
presidency, 1, 1, 20
batmansuperman, 1, 1, 0
strayed, 1, 1, 24
wooden, 2, 1, 4
cause, 3, 3, 16
companies, 1, 1, -5
wednesday, 3, 3, 52
precrazy, 1, 1, 14
correct, 5, 5, 119
lore, 1, 1, 1
frozen, 1, 1, 3
woods, 2, 2, 3
frenchcanadian, 1, 1, 2
caricatures, 1, 1, 1
informative, 2, 2, 5
enhance, 1, 1, 10
glued, 2, 2, 8
commented, 1, 1, 15
9pm, 1, 1, 60
enjoy, 19, 17, 88
chew, 3, 3, 14
force, 4, 4, 30
tired, 2, 2, 19
strikes, 1, 1, 5
miller, 8, 5, 39
consistent, 2, 2, 4
hating, 2, 2, 21
mercs, 1, 1, 2
publisherapp, 1, 1, 4
insured, 1, 1, 40
nail, 2, 2, 19
commandos, 1, 1, 10
second, 36, 36, 263
street, 1, 1, 3
valiant, 8, 7, 22
air, 2, 2, 5
specs, 1, 1, 1
even, 60, 55, 517
established, 3, 2, 7
brett, 1, 1, 2
preferences, 1, 1, 2
forgetting, 1, 1, 1
58, 1, 1, 2
mydra, 1, 1, 1
contributed, 1, 1, 2
fingers, 3, 3, 62
poison, 13, 11, 30
eyepoking, 1, 1, 25
dangler, 1, 1, 5
scumbag, 1, 1, 13
new, 78, 67, 578
poorly, 1, 1, 2
ever, 31, 30, 144
disney, 3, 3, 80
told, 3, 3, 379
evolving, 1, 1, 2
hero, 5, 4, 36
screams, 1, 1, 4
shocked, 1, 1, 6
pancakes, 2, 1, 3
micheal, 1, 1, 5
never, 31, 28, 389
wrapping, 1, 1, 2
meh, 4, 4, 14
met, 2, 2, 8
protection, 5, 3, 4
postcataclysmic, 1, 1, 9
hulk, 4, 4, 38
fuck, 18, 14, 253
103, 1, 1, 72
100, 5, 5, 16
previews, 2, 1, 38
104, 1, 1, 72
105, 1, 1, 72
gerry, 1, 1, -1
invade, 1, 1, -1
luther, 3, 3, 17
kids, 12, 6, 23
daughter, 2, 2, 3
hunting, 1, 1, 1
soul, 3, 2, 20
taper, 1, 1, 1
auction, 3, 2, 13
study, 4, 2, 14
changed, 2, 2, 5
ignoring, 1, 1, 1
eh, 2, 2, 17
credit, 3, 3, 31
harass, 1, 1, 6
goddamnit, 1, 1, 10
imgurcomavhhib, 1, 1, 6
browsing, 2, 2, 26
80searly, 1, 1, 7
advantages, 1, 1, 15
aka, 1, 1, -1
spotty, 1, 1, 15
changes, 2, 2, 20
york, 3, 1, 3
criticism, 1, 1, 31
golden, 7, 6, 12
fantastic, 20, 18, 144
straz, 1, 1, 0
campaign, 4, 4, 18
edgier, 1, 1, 2
search, 2, 1, 3
norse, 1, 1, 24
ashar, 1, 1, 3
root, 2, 2, 26
highly, 3, 3, 7
psychological, 2, 2, 11
patience, 2, 2, 2
smacked, 1, 1, 2
guests, 1, 1, 4
stern, 2, 2, 1
cosmiccomics, 1, 1, 1
padawan, 2, 1, 6
glance, 2, 2, 26
postflashpoint, 2, 1, 1
warzones, 1, 1, 6
dorkin, 1, 1, 2
plot, 14, 14, 80
scarred, 1, 1, 0
would, 95, 75, 1024
army, 1, 1, 5
browse, 1, 1, 38
keith, 1, 1, 5
hospital, 1, 1, 12
achieve, 1, 1, 1
bundles, 2, 1, 1
negative, 2, 2, 10
whereas, 3, 2, 18
leaks, 1, 1, 2
regards, 1, 1, 3
kneepads, 1, 1, 19
call, 3, 3, 67
quipping, 1, 1, 24
recommend, 16, 14, 45
survive, 1, 1, 4
25th, 1, 1, 4
type, 1, 1, 13
tell, 14, 14, 92
hollywood, 1, 1, 6
reevaluate, 2, 2, 18
inquiry, 1, 1, 3
posting, 1, 1, 4
holy, 6, 6, 45
wary, 1, 1, 11
successful, 1, 1, 78
oscar, 1, 1, 16
naive, 1, 1, 4
haha, 6, 6, 41
wars, 52, 33, 141
reign, 1, 1, 14
hurt, 3, 3, 20
99, 2, 2, 10
phone, 4, 4, 15
lazarus, 1, 1, 5
adult, 3, 3, 3
excellent, 4, 4, 7
90, 6, 5, 22
midst, 1, 1, 15
92, 1, 1, 72
pouch, 2, 2, 12
94, 1, 1, 2
97, 1, 1, 2
96, 1, 1, 72
disappointing, 5, 4, 25
intake, 1, 1, 1
1992, 1, 1, 15
word, 4, 4, 10
room, 5, 5, 14
poolovision, 1, 1, 24
rights, 3, 3, 10
mm, 1, 1, 4
work, 27, 27, 491
breakfast, 2, 2, 7
spec, 1, 1, 16
mu, 1, 1, 4
movies, 21, 21, 195
gentelman, 1, 1, 4
era, 3, 3, 16
ms, 2, 2, 40
henry, 1, 1, 29
akin, 1, 1, 3
example, 4, 4, 20
headtotoe, 1, 1, 19
longbow, 1, 1, 1
boyfriend, 1, 1, 0
scars, 2, 2, 5
give, 39, 33, 280
climax, 2, 1, 15
mayhew, 1, 1, 9
laughs, 1, 1, 8
stressing, 1, 1, 2
heartless, 1, 1, 3
dragons, 2, 2, 6
impair, 1, 1, 15
defeats, 1, 1, 4
walsh, 1, 1, 2
want, 65, 50, 314
peoples, 1, 1, 47
times, 7, 7, 81
answers, 1, 1, 1
absolute, 5, 4, 33
katana, 1, 1, 2
end, 19, 18, 556
deathmaze, 1, 1, 6
thing, 37, 35, 219
kieron, 2, 2, 6
ie, 3, 3, 12
sonja, 2, 2, 7
song, 2, 2, 19
nuts, 1, 1, -1
feature, 3, 3, 62
investment, 1, 1, 1
bunn, 2, 2, 8
machine, 2, 2, 33
amazing, 47, 45, 322
writers, 6, 6, 44
toxin, 2, 2, 7
answer, 2, 2, 15
heroantihero, 1, 1, 10
ronnie, 1, 1, 9
pizza, 2, 1, 9
becky, 2, 2, 21
description, 1, 1, 6
arcs, 4, 4, 35
replacing, 1, 1, 2
depiction, 1, 1, 1
lump, 1, 1, 11
objectively, 1, 1, 1
highprofile, 1, 1, 20
wrong, 6, 6, 26
thingy, 1, 1, 3
fat, 4, 1, 11
remender, 6, 5, 14
law, 2, 2, 13
excited, 34, 29, 210
types, 1, 1, 0
purchase, 1, 1, 6
pegg, 1, 1, 6
512, 1, 1, 1
attempt, 1, 1, 2
retroactively, 1, 1, 3
third, 4, 3, 40
youtube7okjfyrjlqs, 1, 1, 60
appreciate, 3, 2, 12
fictional, 1, 1, 10
harley, 6, 6, 32
daredevil, 17, 11, 167
complexity, 1, 1, 3
thebold, 1, 1, 15
green, 11, 9, 81
ultimate, 40, 8, 36
goodbye, 1, 1, 9
enter, 1, 1, 60
diary, 1, 1, 60
rewards, 1, 1, 2
acknowledges, 1, 1, 15
order, 10, 10, 95
reforming, 1, 1, 5
jack, 4, 4, 13
blind, 4, 4, 243
executed, 1, 1, 15
unfolds, 1, 1, 5
office, 1, 1, 33
creatorowned, 1, 1, 2
defenders, 2, 2, 8
satisfied, 2, 2, 21
london, 2, 2, 5
iimgurcomdabekaugifv, 1, 1, 6
japan, 1, 1, -1
spidermans, 1, 1, 6
omni, 1, 1, 1
ladyspider, 1, 1, 7
beside, 1, 1, 14
position, 2, 2, 12
fit, 7, 7, 141
personal, 5, 5, 80
fix, 1, 1, 15
blown, 2, 2, 20
expectations, 4, 4, 10
imo, 8, 8, 11
writing, 28, 18, 152
better, 41, 34, 271
shifts, 1, 1, 1
compelling, 2, 2, 17
condition, 4, 2, 10
fade, 1, 1, 1
clause, 1, 1, 2
whips, 1, 1, 0
2020, 1, 1, 4
weeks, 6, 6, 40
cred, 1, 1, 1
easier, 1, 1, 3
eventually, 5, 4, 62
affected, 1, 1, 5
upnever, 1, 1, 1
safe, 2, 2, 3
mastermen, 1, 1, 1
break, 6, 6, 18
snelling, 1, 1, 7
roommate, 2, 1, 5
heaven, 1, 1, 79
therapy, 1, 1, 6
mcniven, 1, 1, 3
indulge, 1, 1, 117
downright, 1, 1, 15
undeveloped, 1, 1, 11
silver, 17, 16, 139
cynical, 1, 1, 5
suicide, 5, 5, 24
pt11, 1, 1, 4
alex, 1, 1, 3
pawn, 1, 1, 0
acme, 1, 1, 15
slavers, 1, 1, 5
worthing, 1, 1, 7
edge, 1, 1, 1
debut, 2, 2, 9
backgrounds, 4, 1, 15
l, 2, 2, 9
detroit, 2, 1, 3
asia, 1, 1, 1
filling, 1, 1, 63
listless, 1, 1, 3
mcfarlane, 11, 3, 19
dixon, 1, 1, -1
arrow, 5, 5, 31
went, 16, 15, 292
fairyland, 12, 12, 28
bong, 1, 1, 5
side, 7, 7, 50
bone, 3, 2, 12
luck, 8, 8, 73
rebooted, 1, 1, 1
murdoc, 1, 1, 2
bright, 1, 1, 2
whim, 1, 1, 1
roxy, 1, 1, 4
billion, 3, 2, 12
whih, 1, 1, 3
cooooooool, 1, 1, 3
diana, 1, 1, 2
series, 87, 65, 259
magneto, 2, 1, 1
spider, 3, 3, 10
postapocalyptic, 1, 1, 3
joined, 1, 1, 1
literature, 5, 3, 65
xmen, 60, 51, 324
precedes, 1, 1, 3
fanboy, 1, 1, 9
hoitytoity, 1, 1, 11
logo, 1, 1, 84
principled, 1, 1, 117
sdcc, 1, 1, 1
attilan, 1, 1, 4
message, 2, 2, 11
brings, 4, 4, 30
reminding, 1, 1, 57
gon, 10, 10, 114
goi, 1, 1, 2
dinosaur, 2, 2, 6
god, 23, 21, 242
tales, 3, 3, 11
cameras, 1, 1, 0
monitor, 1, 1, 1
bennet, 1, 1, 3
george, 1, 1, 12
content, 2, 2, 5
encourage, 1, 1, 120
daniel, 1, 1, 1
ra, 1, 1, 0
reader, 2, 2, 12
got, 61, 56, 524
twice, 1, 1, 14
warhead, 3, 3, 32
smart, 1, 1, 12
foundation, 1, 1, 3
turning, 1, 1, 1
barrier, 2, 2, 26
associate, 1, 1, 4
worriednervous, 1, 1, 1
dracula, 1, 1, 10
cutesy, 1, 1, 2
eternal, 24, 22, 85
given, 6, 6, 46
free, 14, 14, 88
standard, 4, 4, 34
amadeus, 1, 1, 19
elsewhere, 1, 1, 15
delightfully, 1, 1, 5
jackman, 1, 1, 20
deceptive, 1, 1, 5
wanted, 16, 14, 105
carrey, 1, 1, 6
hateful, 1, 1, 7
publication, 1, 1, 2
rarity, 1, 1, 2
created, 6, 6, 31
abnett, 1, 1, 5
starts, 5, 5, 17
privacy, 1, 1, 1
correctness, 1, 1, 2
days, 15, 14, 67
tolerant, 1, 1, 117
unexcited, 1, 1, 19
fmv, 2, 1, 11
ish, 2, 1, 56
weirdness, 2, 2, 7
1970s, 1, 1, 6
yinyang, 1, 1, 2
uses, 1, 1, 1
loud, 2, 1, 29
bite, 1, 1, 31
fuckin, 1, 1, 13
stewart, 1, 1, 130
darkhawketc, 1, 1, 2
grownups, 1, 1, 1
200, 1, 1, 2
already, 26, 25, 224
features, 3, 2, 9
yank, 1, 1, 17
grade, 4, 2, 12
viral, 1, 1, 20
screened, 1, 1, 3
killingdeath, 1, 1, 24
channels, 1, 1, 5
andit, 1, 1, 1
spinning, 1, 1, 2
endorse, 1, 1, 2
another, 20, 19, 183
176, 1, 1, 1
comic, 87, 71, 565
remotely, 1, 1, 3
traitorous, 1, 1, 1
hood, 3, 3, 11
instagram, 1, 1, 1
irredeemable, 1, 1, 5
rated, 9, 8, 53
solicitations, 2, 2, 3
revival, 1, 1, 12
similarly, 1, 1, 1
goofed, 1, 1, 20
top, 24, 20, 166
girls, 2, 2, 4
twisted, 2, 2, 15
approximately, 1, 1, 8
fiction, 2, 2, 21
needed, 6, 6, 38
spawn, 2, 2, 3
compromise, 1, 1, 24
hiyo, 2, 1, 72
tom, 2, 1, 15
purposefully, 1, 1, 14
cycle, 11, 11, 30
massively, 1, 1, 10
ranging, 1, 1, 6
listen, 1, 1, 8
ceiling, 1, 1, 2
murder, 5, 5, 30
collapse, 1, 1, 14
simsamp, 1, 1, 5
1991, 1, 1, 11
unheard, 1, 1, -9
tool, 1, 1, 3
serve, 2, 2, 119
took, 4, 4, 20
direct, 3, 3, 12
western, 1, 1, 7
somewhat, 6, 4, 51
waids, 1, 1, 1
wasted, 1, 1, 3
bmamp, 1, 1, 4
kev, 2, 1, 2
artistic, 1, 1, 12
crawl, 1, 1, 1
norton, 1, 1, 6
begins, 1, 1, 1
spoiler, 6, 4, 187
trek, 1, 1, 8
kidnaps, 1, 1, 12
target, 2, 2, 24
rampage, 2, 1, 15
wheaties, 1, 1, 2
coward, 1, 1, 6
immigrants, 1, 1, 2
tree, 2, 2, 1
scenes, 8, 6, 96
ebay, 4, 4, 26
project, 5, 5, 98
matter, 1, 1, 11
rotten, 1, 1, 5
keyit, 1, 1, 2
silly, 2, 2, 47
speaking, 4, 3, 22
iron, 38, 32, 243
spoiled, 3, 3, 9
k, 1, 1, 2
entries, 1, 1, 4
feeling, 4, 4, 71
powers, 5, 5, 65
tdkr, 1, 1, 12
mini, 8, 7, 39
unintended, 1, 1, 39
humble, 3, 3, 5
sees, 3, 2, 20
objects, 1, 1, 3
ran, 1, 1, 1
modern, 4, 4, 31
caleb, 1, 1, 4
upset, 4, 4, 16
anybody, 3, 2, 247
talking, 5, 5, 18
graphics, 1, 1, 3
jacobs, 1, 1, 3
regularlyscheduled, 1, 1, 13
rap, 1, 1, 24
plunge, 2, 2, 8
seen, 20, 18, 166
seem, 7, 7, 28
picks, 1, 1, 10
seek, 1, 1, 7
tells, 2, 2, 4
dozen, 2, 2, 7
triangle, 1, 1, 6
forced, 1, 1, 15
mushroooms, 1, 1, 2
allegedly, 1, 1, 57
medias, 1, 1, 2
harper, 3, 3, 15
responsible, 2, 2, 19
gripe, 1, 1, 24
snow, 2, 2, 15
thorough, 1, 1, 2
brandon, 1, 1, 3
oriented, 1, 1, 1
recommended, 3, 2, 3
materials, 1, 1, 3
derek, 2, 1, 4
niece, 1, 1, 7
laughed, 4, 4, 115
chronicles, 1, 1, 2
marvelimage, 1, 1, 3
tcjcom, 1, 1, 1
rider, 1, 1, 6
yearlong, 1, 1, 79
mattdd, 1, 1, 14
glam, 1, 1, 2
nobody, 6, 5, 32
oddy, 1, 1, 1
though, 35, 31, 452
bruce, 15, 12, 117
huh, 1, 1, 1
warblade, 1, 1, 2
monadic, 1, 1, 3
ntmiss, 1, 1, 15
involving, 1, 1, 3
mouth, 2, 2, 0
alan, 2, 2, 3
plenty, 6, 4, 24
scripts, 1, 1, 8
phase, 1, 1, 31
coin, 1, 1, 4
alwayssince, 1, 1, 2
christ, 1, 1, 1
bradford, 1, 1, 3
smoked, 1, 1, 1
episode, 3, 3, 25
rogers, 1, 1, 72
thab, 1, 1, 3
doc, 1, 1, 1
spurrier, 1, 1, 3
dog, 2, 2, 6
passes, 1, 1, 1
swamp, 2, 2, 17
points, 1, 1, 15
aunt, 1, 1, 1
thunder, 2, 2, 3
entertaining, 2, 2, 3
promising, 3, 3, 5
wrecked, 1, 1, 117
came, 10, 10, 99
marvel, 61, 49, 398
rebooting, 1, 1, 1
saying, 7, 5, 33
simultaneously, 1, 1, 2
contacted, 1, 1, 4
saga, 2, 2, 19
checks, 1, 1, 150
random, 4, 4, 26
ending, 8, 8, 33
colors, 2, 1, 15
nonhuge, 1, 1, 3
alphona, 1, 1, 2
spacehorror, 1, 1, 1
keywords, 1, 1, 3
nephew, 2, 2, 19
speech, 1, 1, -1
d2, 1, 1, 8
enjoyed, 24, 21, 280
panic, 1, 1, 1
capes, 1, 1, 5
morlocks, 1, 1, 1
busy, 3, 3, 18
divinity, 2, 2, 7
spite, 1, 1, 15
became, 4, 3, 9
headline, 1, 1, 1
cousins, 1, 1, 15
guidance, 1, 1, 72
nullifier, 1, 1, 2
bust, 1, 1, 25
appreciated, 2, 2, 131
hrm, 1, 1, 3
theme, 1, 1, 3
screening, 1, 1, 17
rich, 2, 2, 24
gods, 3, 3, 8
folks, 2, 2, 16
announce, 1, 1, 1
revolutionary, 1, 1, 8
personality, 1, 1, 24
wearing, 4, 4, 115
imperium, 5, 5, 19
mixture, 1, 1, 2
wide, 1, 1, 11
dd, 6, 6, 44
de, 1, 1, 3
watch, 9, 9, 58
dc, 40, 37, 240
legs, 1, 1, 6
da, 1, 1, 3
goons, 1, 1, 15
velveteen, 1, 1, 60
despite, 6, 5, 50
report, 1, 1, 11
ben, 5, 5, 86
beings, 1, 1, 4
bodysuits, 1, 1, 19
dr, 3, 3, 13
sabrina, 2, 2, 12
modok, 1, 1, 1
monologues, 1, 1, 7
rebirth, 16, 15, 71
runs, 5, 5, 6
bar, 5, 5, 96
avenger, 1, 1, 4
nicely, 2, 2, 25
strongarm, 1, 1, 2
unkillable, 1, 1, 15
bag, 4, 3, 11
bad, 28, 27, 451
gears, 1, 1, 2
shots, 2, 2, 7
release, 6, 6, 33
implication, 1, 1, 7
squadron, 17, 16, 47
boarded, 1, 1, 4
steam, 2, 2, 3
deadpools, 1, 1, 1
saul, 1, 1, 8
respond, 1, 1, 4
takenby, 1, 1, 1
blew, 1, 1, 56
shootingsword, 1, 1, 8
decides, 2, 2, 2
reread, 2, 2, 26
reference, 4, 3, 7
beg, 1, 1, 15
unexpectedly, 1, 1, 13
milligan, 1, 1, 1
pads, 1, 1, 3
decided, 3, 3, 6
himsomeone, 1, 1, 58
bed, 1, 1, 5
hagar, 1, 1, 2
viewings, 1, 1, 24
resigned, 1, 1, 11
bleh, 1, 1, -1
best, 44, 35, 392
subject, 2, 2, 17
02, 1, 1, 2
rocoo, 1, 1, 3
said, 25, 21, 256
draws, 2, 2, 66
onto, 3, 3, 10
reprinting, 1, 1, 3
lots, 4, 3, 6
away, 19, 18, 469
iirc, 1, 1, 3
bb, 1, 1, 2
facebooks, 2, 1, 0
grandmother, 1, 1, 72
mug, 1, 1, 1
future, 8, 7, 192
vertigo, 2, 2, 19
pets, 1, 1, 20
hopefully, 11, 10, 34
seven, 1, 1, 2
drawn, 1, 1, 2
sorts, 3, 3, 64
irc, 1, 1, 18
approach, 1, 1, 11
saiz, 1, 1, 11
skimpy, 1, 1, 19
preserve, 1, 1, 1
warrior, 7, 7, 30
reddit, 4, 4, 40
men, 4, 4, 23
wears, 1, 1, 84
nature, 4, 4, 159
wo, 8, 8, 37
dumber, 2, 1, 15
weak, 5, 5, 15
ignorance, 1, 1, 11
ape, 1, 1, 19
ww, 5, 4, 30
spidermandeadpool, 3, 3, 3
phoning, 1, 1, 19
loading, 1, 1, 8
drew, 1, 1, 8
wtf, 1, 1, 3
clues, 1, 1, 21
dedication, 2, 2, 25
news, 5, 5, 131
picking, 4, 4, 7
surfer, 12, 12, 51
ham, 1, 1, 5
suggested, 1, 1, 1
foes, 1, 1, 5
climate, 1, 1, 2
rucka, 3, 2, 8
cow, 1, 1, 1
meredith, 1, 1, 2
fault, 2, 2, 26
ill, 1, 1, 2
adventures, 2, 2, 1
gotten, 3, 3, 27
players, 1, 1, 1
games, 3, 3, 5
receives, 1, 1, 1
logic, 1, 1, 14
distinction, 1, 1, 15
requests, 1, 1, 6
argue, 1, 1, 2
confronted, 1, 1, 117
asked, 2, 2, 7
con, 1, 1, 3
pre, 1, 1, 1
skill, 2, 2, 32
interracial, 1, 1, -24
tone, 5, 5, 37
appeared, 1, 1, 2
betting, 1, 1, 9
condescending, 1, 1, 4
inbetween, 1, 1, 2
karen, 1, 1, 2
illness, 1, 1, 2
throats, 2, 2, 12
quinn, 6, 6, 32
aftermath, 2, 2, 7
tony, 5, 5, 89
250, 1, 1, 72
uhhuh, 1, 1, 11
refrid, 1, 1, 5
smith, 2, 2, 7
aback, 1, 1, 6
cardboard, 2, 1, 4
proceeded, 1, 1, 5
dkr, 1, 1, 5
engines, 1, 1, 1
rangers, 3, 3, 21
union, 1, 1, 2
mcguiness, 1, 1, 7
binge, 3, 3, 15
claiming, 1, 1, 1
three, 9, 8, 25
quickly, 1, 1, 3
waypool, 1, 1, 1
confident, 1, 1, 4
much, 65, 59, 793
repurpose, 1, 1, 9
interest, 9, 9, 91
miraculously, 1, 1, 3
expected, 4, 4, 46
imgurcomax9ews, 1, 1, 72
duties, 2, 2, 8
threw, 1, 1, 4
website, 4, 4, 67
dry, 1, 1, 1
life, 32, 27, 170
deadpooldo, 1, 1, 0
barry, 1, 1, 2
publisher, 2, 2, 2
drugs, 1, 1, 5
turned, 2, 1, 5
sunshine, 1, 1, 4
ongoings, 2, 2, 6
irving, 1, 1, 1
uncommon, 1, 1, 11
xclub, 1, 1, 3
humphires, 1, 1, 6
kudos, 1, 1, 24
tapping, 1, 1, 1
personally, 4, 4, 77
catch, 4, 4, 14
dealers, 2, 1, 11
mcu, 1, 1, 1
sad, 4, 4, 45
nailbiter, 3, 3, 4
chill, 1, 1, 1
applied, 1, 1, 10
nearinstantly, 1, 1, 15
save, 3, 2, 5
adaptations, 1, 1, 26
hickman, 7, 6, 19
vendetta, 1, 1, 6
tang, 1, 1, 2
suitably, 1, 1, 1
tastes, 1, 1, 2
rcomicbooks, 6, 5, 166
n, 1, 1, 72
aim, 1, 1, 24
ugly, 2, 2, 23
near, 2, 1, 7
formatting, 1, 1, 120
neat, 4, 4, 23
hates, 1, 1, 9
cracked, 1, 1, 20
balance, 1, 1, 4
leaves, 2, 2, 37
chilling, 1, 1, 1
cab, 1, 1, 8
remembering, 1, 1, 20
veronica, 1, 1, 13
eldritch, 1, 1, 1
cons, 1, 1, 1
outstrip, 1, 1, 31
played, 2, 2, 5
lurking, 1, 1, 25
tease, 2, 2, 2
ii, 9, 7, 63
shame, 2, 2, 10
cant, 2, 2, 2
wose, 1, 1, 3
im, 8, 7, 71
experience, 3, 3, 80
moping, 1, 1, 2
victims, 1, 1, 6
spectrum, 4, 1, 1
tremendously, 1, 1, 2
mouse, 2, 1, 72
sells, 2, 2, 16
trusted, 1, 1, 5
interbellum, 1, 1, 3
recover, 1, 1, 3
abstracts, 1, 1, 3
ohhh, 1, 1, 6
stickied, 1, 1, 120
prior, 1, 1, 23
perform, 1, 1, 11
suggest, 7, 6, 30
make, 46, 39, 405
wound, 1, 1, 25
airport, 2, 1, 14
windsor, 1, 1, 2
forehead, 1, 1, 60
craigslist, 1, 1, 9
turok, 2, 1, 72
potentially, 1, 1, 1
split, 8, 8, 31
zoolander, 1, 1, 5
80s, 2, 2, 2
several, 3, 3, 18
couple, 11, 11, 58
european, 1, 1, 1
hank, 1, 1, 13
fairly, 2, 2, 11
peaks, 2, 1, 3
published, 4, 3, 14
hang, 1, 1, 4
microphone, 1, 1, 1
evil, 7, 5, 74
hand, 13, 10, 92
liberties, 1, 1, 8
norwegian, 1, 1, 1
funding, 1, 1, 47
characters, 39, 36, 324
military, 3, 3, 4
jealous, 2, 2, 19
marvelanalogues, 1, 1, 5
protected, 1, 1, 1
opportunity, 4, 4, 122
fyi, 1, 1, 1
thoughts, 5, 4, 134
kid, 7, 7, 73
otherworld, 2, 2, 4
knockoff, 1, 1, 2
kept, 3, 3, 8
scenario, 1, 1, 0
matters, 1, 1, 6
1602, 2, 2, 1
boxes, 5, 2, 6
ocean, 2, 2, 4
tho, 1, 1, 6
academic, 4, 1, 3
charity, 1, 1, 2
contact, 3, 3, 75
greatest, 2, 2, 7
mother, 3, 3, 40
452, 1, 1, 3
claims, 2, 2, 2
riverdale, 1, 1, 2
corporate, 1, 1, 3
spencer, 6, 6, 45
left, 5, 5, 39
opinions, 4, 4, 25
goellner, 1, 1, 4
stringent, 1, 1, 10
graded, 8, 4, 97
alluded, 2, 2, 28
sentence, 1, 1, 24
photo, 1, 1, 8
distribute, 1, 1, 24
ideas, 5, 5, 68
thanks, 30, 28, 235
human, 3, 3, 12
yes, 20, 16, 67
32, 2, 2, 3
yet, 23, 23, 284
previous, 6, 6, 11
collectibles, 1, 1, 2
buyers, 1, 1, 1
enters, 1, 1, 58
huckleberry, 1, 1, 72
candidate, 1, 1, 20
legion, 3, 2, 5
southwark, 1, 1, 2
unfold, 1, 1, 4
character, 24, 23, 204
genevieve, 1, 1, 8
mainly, 1, 1, 3
shout, 1, 1, 10
animation, 2, 2, 7
collections, 6, 5, 24
board, 6, 6, 33
easy, 5, 5, 72
joss, 1, 1, 5
tolerable, 1, 1, 14
gave, 4, 4, 36
shoulder, 1, 1, 3
casting, 3, 2, 27
lightsaber, 1, 1, 5
ninjas, 2, 1, 1
vanessa, 4, 3, 109
reagan, 1, 1, 3
breaks, 2, 2, 17
colorist, 1, 1, 1
looks, 48, 44, 322
possible, 1, 1, 1
possibly, 1, 1, 1
tarzan, 3, 1, 72
capo, 1, 1, 3
bastards, 2, 2, 63
crewsigh, 1, 1, 12
birth, 1, 1, 10
wanting, 4, 2, 23
cape, 1, 1, 3
slurs, 1, 1, 3
burns, 2, 2, 22
vigilante, 3, 2, 5
rumor, 5, 4, 29
apart, 3, 3, 16
barbarian, 2, 2, 3
brought, 1, 1, 3
megadildo, 1, 1, 5
59, 1, 1, 1
ditto, 2, 1, 3
eatmore, 1, 1, 18
kickstartcampaigns, 1, 1, 2
hunt, 10, 10, 106
51, 1, 1, 2
50, 9, 9, 108
52, 10, 10, 130
specific, 4, 4, 13
remind, 1, 1, 236
534, 1, 1, 38
night, 8, 7, 104
security, 1, 1, 4
ennis, 7, 6, 16
azzarello, 1, 1, 1
criminal, 2, 2, 7
humongous, 1, 1, 4
maximize, 1, 1, 11
right, 30, 24, 529
old, 25, 25, 189
ole, 1, 1, 1
deal, 5, 5, 39
people, 47, 41, 357
sends, 1, 1, 15
hindsight, 1, 1, 1
gleason, 2, 2, 13
dead, 12, 8, 35
standing, 2, 2, 9
born, 4, 4, 6
donald, 1, 1, 3
jupiter, 1, 1, 3
election, 2, 1, 20
superzero, 1, 1, 3
offload, 1, 1, 2
guess, 9, 9, 107
counts, 3, 2, 16
confusing, 3, 3, 34
orbiter, 1, 1, 3
humor, 7, 6, 24
bottom, 1, 1, 2
phenomenal, 1, 1, 3
takeaways, 1, 1, 24
fox, 3, 3, 120
ice, 2, 2, 65
rhiphopheads, 1, 1, 8
contributing, 1, 1, 2
everything, 21, 17, 117
asking, 4, 3, 112
archer, 1, 1, 9
shakespeare, 1, 1, 11
meeting, 2, 2, -21
beating, 1, 1, 4
adorable, 1, 1, 10
christmas, 5, 5, 19
core, 1, 1, 2
bold, 3, 3, 93
marveldc, 1, 1, 3
dnd, 2, 2, 5
deleted, 1, 1, 3
marketing, 4, 4, 33
burn, 2, 2, 4
plz, 1, 1, 5
peed, 1, 1, 1
standalone, 3, 3, 8
deadly, 4, 4, 20
promos, 1, 1, 31
criminals, 20, 20, 51
bolt, 1, 1, 5
losing, 1, 1, 4
memorable, 1, 1, 5
post, 8, 7, 206
misunderstood, 1, 1, 3
super, 20, 19, 142
supes, 3, 3, 6
plug, 1, 1, 11
everyday, 1, 1, 3
impenetrable, 1, 1, 3
sr_1_4, 1, 1, 3
dollars, 3, 3, 13
months, 11, 10, 25
racialgender, 1, 1, -1
zub, 1, 1, 19
catchy, 1, 1, 20
magazine, 1, 1, -1
despair, 1, 1, 2
plus, 11, 10, 62
afternoon, 1, 1, 1
horizon, 1, 1, 1
shitter, 1, 1, 2
definition, 1, 1, 1
slightly, 3, 3, 6
osborn, 1, 1, 1
pym, 2, 2, 32
spiky, 1, 1, 3
presence, 1, 1, 15
civil, 17, 14, 98
oneshot, 1, 1, 1
son, 18, 18, 119
rendering, 1, 1, 15
valleys, 2, 1, 3
donated, 2, 2, 7
mambo, 1, 1, 3
balanced, 1, 1, 24
attrition, 1, 1, 3
snowpiercer, 1, 1, 1
methods, 1, 1, 21
existed, 2, 2, 3
maple, 1, 1, 1
amidst, 1, 1, 8
crowd, 3, 2, 50
fined, 1, 1, 2
4999, 1, 1, 20
support, 4, 4, 12
flying, 2, 2, 29
offshoring, 1, 1, 56
nova, 4, 2, 22
fight, 8, 6, 92
stuck, 3, 3, 35
quote, 2, 1, 2
editor, 2, 1, 4
way, 50, 49, 414
greatness, 2, 1, 1
jane, 2, 2, 8
music, 2, 2, 30
gim, 2, 1, 1
gil, 1, 1, 1
war, 30, 24, 147
happy, 13, 13, 420
starve, 4, 4, 10
head, 7, 5, 72
medium, 3, 3, 9
form, 3, 3, 12
likeever, 1, 1, 3
batman, 78, 61, 455
becoming, 2, 2, 131
gorgeous, 3, 3, 10
oneliner, 1, 1, -1
snows, 1, 1, 9
somehow, 3, 3, 20
monologueing, 1, 1, 15
sagas, 1, 1, 24
uncle, 1, 1, 12
gangbusters, 1, 1, 5
229, 1, 1, 1
justify, 2, 2, -8
removed, 1, 1, 20
true, 4, 4, 6
goldballs, 1, 1, 6
absent, 1, 1, 2
preview, 3, 3, 11
builds, 1, 1, 3
adults, 2, 2, 9
versions, 1, 1, 4
invincible, 15, 14, 112
inside, 1, 1, 4
morning, 2, 2, 9
attached, 3, 3, 8
trends, 1, 1, 1
aguirresacasa, 1, 1, 8
ruined, 1, 1, 24
duggan, 1, 1, -1
isif, 1, 1, 72
azz, 1, 1, 11
decorate, 1, 1, 9
repulsors, 1, 1, 1
emotional, 2, 2, 4
panels, 1, 1, 16
average, 1, 1, 11
spiderpunk, 1, 1, 2
trim, 1, 1, 3
150, 3, 2, 11
result, 1, 1, 2
proud, 2, 2, 16
ragtag, 1, 1, 6
scropio, 1, 1, 5
storyarc, 1, 1, 7
fury, 1, 1, 1
nudity, 1, 1, 42
escape, 2, 2, 5
2c100_amp, 1, 1, 5
israel, 1, 1, 8
covers, 11, 10, 42
sale, 2, 2, 6
howling, 1, 1, 10
sometime, 2, 2, 4
exist, 4, 3, 22
promised, 2, 2, 5
universes, 1, 1, 5
aftercredits, 1, 1, 24
accounting, 1, 1, 2
awhile, 1, 1, 4
annoying, 4, 4, 16
dealer, 3, 3, 99
shit, 16, 14, 94
tpbs, 3, 3, 16
crutcher, 1, 1, 3
astonishing, 3, 3, 11
scaramangalike, 1, 1, 6
nm, 1, 1, 0
dying, 1, 1, 3
colder, 1, 1, 3
na, 10, 10, 114
proceedings, 1, 1, 10
actor, 4, 4, 44
reality, 2, 2, 82
cliffhanger, 1, 1, 3
tin, 1, 1, 72
interested, 27, 27, 97
role, 2, 1, 15
holding, 1, 1, 5
digital, 8, 7, 30
test, 2, 2, 25
tie, 3, 3, 15
seconding, 1, 1, 3
depot, 1, 1, 6
shrink, 1, 1, 8
eversince, 1, 1, 3
allred, 2, 2, 9
picture, 1, 1, 3
omnibuses, 2, 2, 27
nuance, 1, 1, 3
brothers, 8, 2, 2
phoenix, 1, 1, 1
retcon, 1, 1, 6
surprise, 2, 2, 25
felt, 16, 15, 117
rollins, 1, 1, 29
update, 1, 1, 6
diet, 1, 1, 1
mightily, 1, 1, 1
trailers, 3, 3, 9
chiang, 1, 1, 11
fell, 3, 3, 20
intent, 1, 1, 3
wwwtcjcom, 1, 1, 2
scores, 1, 1, 11
sticks, 2, 2, 2
comicbooks, 1, 1, 2
weekend, 14, 10, 211
died, 1, 1, 3
jones, 2, 2, 2
younger, 2, 2, 9
evilvillainlexisback, 1, 1, 2
faster, 2, 2, 12
bullet, 1, 1, 31
fanboys, 1, 1, 10
assume, 5, 4, 54
batgirl, 2, 2, 6
grading, 1, 1, 8
freed, 1, 1, 2
together, 8, 7, 83
mra, 1, 1, 8
vietnam, 1, 1, 3
fact, 7, 6, 42
time, 68, 58, 801
push, 2, 1, 6
serious, 3, 3, 43
lineup, 2, 2, 192
profits, 1, 1, 11
stick, 5, 4, 12
1st, 1, 1, 5
detective, 1, 1, 3
concept, 2, 2, 14
managed, 2, 2, 20
broke, 1, 1, 2
corps, 1, 1, 6
whoever, 5, 5, 46
dance, 1, 1, 15
rob, 4, 4, 295
particular, 2, 2, 12
focus, 3, 3, 18
batmobile, 1, 1, 0
bubble, 1, 1, 5
themes, 2, 2, 18
roy, 1, 1, 72
manager, 1, 1, 4
parker, 8, 6, 17
comments, 2, 2, 122
skin, 3, 3, 5
battle, 2, 2, 19
undisturbed, 1, 1, 1
creative, 7, 6, 56
milk, 2, 2, 20
competition, 1, 1, 1
avngers, 1, 1, 4
devoted, 1, 1, 0
certainly, 3, 3, 4
hold, 6, 5, 36
grats, 1, 1, 5
zone, 2, 2, 13
filming, 1, 1, 48
caldwell, 2, 2, 17
dpsrc, 1, 1, 5
flash, 5, 4, 36
father, 4, 3, 77
editors, 2, 2, 8
0, 1, 1, 6
finally, 25, 23, 98
watchmen, 4, 4, 4
m5_a0wx0ju4amp, 1, 1, 60
810, 4, 2, 31
claim, 1, 1, 20
suffered, 3, 2, 20
must, 7, 7, 384
hardman, 1, 1, 1
henderson, 1, 1, 1
shoot, 1, 1, 15
androgue, 1, 1, 4
arrowhawkeye, 1, 1, 1
inhuman, 1, 1, 2
jerk, 1, 1, 16
tubby, 1, 1, 72
keeping, 6, 6, 22
choice, 1, 1, 17
fees, 1, 1, 11
ranked, 1, 1, 6
reinventing, 1, 1, 3
artwork, 3, 3, 19
cook, 1, 1, 1
join, 3, 3, 8
blast, 4, 3, 12
exact, 1, 1, 1
cool, 45, 42, 180
groth, 7, 1, 11
heathentown, 1, 1, 1
staples, 4, 4, 29
regardless, 2, 2, 21
bring, 9, 9, 218
die, 5, 5, 54
dig, 3, 3, 9
posts, 2, 2, 134
brother, 3, 3, 19
standards, 1, 1, 15
leave, 7, 7, 60
item, 2, 1, 9
stapled, 1, 1, 20
settle, 1, 1, 1
apathetic, 1, 1, 15
team, 18, 16, 161
quick, 5, 4, 17
guy, 13, 11, 47
dip, 1, 1, 11
round, 1, 1, 1
added, 3, 3, 10
drawings, 1, 1, 6
possibility, 1, 1, 4
prevent, 1, 1, 120
brave, 1, 1, 72
says, 7, 7, 38
regret, 3, 3, 35
insignificant, 1, 1, 1
trend, 2, 2, 4
sigh, 1, 1, 14
tradewaiting, 1, 1, 1
karnak, 1, 1, 5
prediction, 1, 1, 3
sign, 7, 7, 39
blue, 1, 1, 6
pissing, 1, 1, 5
cost, 6, 4, 20
rcomicbookcollecting, 1, 1, 4
comedically, 1, 1, 31
booster, 1, 1, 2
sexually, 1, 1, 3
eating, 1, 1, 12
mj, 3, 3, 4
fear, 2, 2, 21
substitute, 2, 2, 14
bagging, 1, 1, 1
treatment, 2, 2, 13
curse, 1, 1, 29
essence, 1, 1, 1
stands, 2, 2, 6
filler, 4, 4, 14
sadie, 1, 1, 18
havoc, 1, 1, 2
agrees, 1, 1, 1
current, 9, 8, 26
300, 4, 3, 11
irritating, 1, 1, 1
energy, 1, 1, 2
suspect, 1, 1, 5
carey, 1, 1, 2
goes, 8, 8, 58
guilt, 1, 1, 12
falling, 1, 1, 1
sweaters, 1, 1, 6
filled, 1, 1, 4
dangelo, 1, 1, 1
aja, 1, 1, 1
supporting, 4, 3, 100
unsure, 1, 1, 5
1232, 1, 1, 3
jubilee, 1, 1, 10
amalgam, 1, 1, 2
hairs, 1, 1, 2
makeup, 3, 2, 4
french, 3, 2, 4
waid, 7, 7, 39
water, 5, 5, 13
abandon, 1, 1, 14
wasis, 1, 1, 3
entertain, 1, 1, 1
netfix, 1, 1, 15
groups, 1, 1, 1
address, 1, 1, 7
alone, 6, 6, 19
based, 11, 11, 79
along, 7, 5, 42
appears, 1, 1, 0
change, 11, 11, 50
wait, 30, 26, 335
box, 8, 8, 81
boy, 5, 5, 33
descender, 3, 3, 53
acidic, 3, 1, 1
standout, 1, 1, 2
shove, 1, 1, 5
exsuperhero, 1, 1, 3
brilliant, 3, 3, 51
shift, 6, 5, 90
shoulders, 1, 1, 1
east, 3, 3, 13
trial, 1, 1, 1
women, 1, 1, 13
protagonist, 4, 2, 10
hallucinatory, 1, 1, 6
franklin, 1, 1, 4
suggestion, 2, 2, 3
usually, 11, 11, 65
readed, 1, 1, 1
weird, 14, 12, 144
reclaim, 1, 1, 3
genuinely, 3, 3, 46
lowers, 1, 1, 0
teenage, 2, 2, 24
treasure, 1, 1, 5
love, 55, 50, 536
humour, 1, 1, 15
extra, 3, 3, 51
saints, 2, 2, 11
humanity, 2, 2, 6
prefer, 4, 4, 41
sample, 1, 1, 1
marked, 2, 2, 131
cloak, 1, 1, 5
overarching, 3, 3, 30
quibble, 1, 1, 1
logically, 2, 1, 15
fake, 1, 1, 2
forefront, 1, 1, 3
crisis, 2, 1, 3
market, 2, 2, 1
everybody, 3, 3, 150
afterlife, 1, 1, 2
resources, 1, 1, 4
taskmaster, 1, 1, 3
russell, 2, 2, 13
working, 7, 6, 88
sake, 1, 1, 17
positive, 1, 1, 12
angry, 1, 1, 7
scan, 1, 1, 2
dude, 9, 8, 137
tears, 1, 1, 21
angela, 6, 5, 33
territories, 1, 1, 2
live, 3, 3, 13
going, 85, 70, 438
andy, 1, 1, 5
wondering, 4, 4, 16
prez, 2, 2, 6
films, 4, 3, 47
moment, 1, 1, 3
familar, 1, 1, 7
today, 5, 5, 33
loving, 8, 7, 35
introducing, 2, 2, 2
899, 1, 1, 1
bennett, 3, 3, 14
technically, 1, 1, 1
faith, 2, 2, 2
towers, 1, 1, 3
india, 1, 1, 6
apparent, 1, 1, 1
bringbackmaggott, 1, 1, 6
clients, 1, 1, 6
defalco, 2, 1, 15
ignorant, 1, 1, 11
misconception, 1, 1, 14
earth, 3, 3, 33
canadian, 2, 1, 1
batcow, 1, 1, 3
graphic, 14, 8, 84
deserved, 1, 1, 30
tokyo, 2, 2, 5
jab, 1, 1, 3
netflix, 5, 5, 19
motherfucking, 1, 1, 1
ibe, 1, 1, 0
cat, 1, 1, 3
reviews, 5, 5, 132
wallet, 1, 1, 11
labeled, 1, 1, 11
printing, 3, 1, 3
growing, 4, 4, 32
making, 10, 9, 53
chapter, 1, 1, 1
slightest, 1, 1, 15
social, 1, 1, -1
nemesis, 1, 1, 2
dedicated, 1, 1, 4
trump, 1, 1, 20
figure, 3, 3, 69
locke, 6, 6, 24
mentality, 1, 1, 11
december, 1, 1, 11
geeks, 2, 2, 41
confused, 3, 3, 7
agent, 1, 1, 9
topic, 2, 1, 17
heard, 9, 9, 70
critic, 1, 1, 2
dropped, 3, 3, 9
hides, 1, 1, 3
sharp, 1, 1, 7
dameron, 2, 2, 9
offense, 2, 2, 31
meninist, 1, 1, 8
dennis, 2, 2, 78
clothing, 1, 1, 6
winter, 1, 1, 6
deserves, 3, 3, 33
arkham, 1, 1, 1
s2, 3, 2, 13
discussion, 5, 5, 202
means, 7, 7, 72
strixfocused, 1, 1, 13
pine, 1, 1, 1
1, 113, 78, 466
blurays, 1, 1, 3
rose, 1, 1, 18
fourth, 2, 2, 39
otomo, 1, 1, 3
speaks, 1, 1, 24
rewatched, 1, 1, 8
deteriorate, 1, 1, 2
map, 1, 1, -1
product, 2, 2, 22
explores, 1, 1, 3
stoked, 2, 2, 3
140, 1, 1, 38
information, 4, 4, 21
may, 19, 16, 47
max, 4, 4, 10
dive, 2, 2, 18
spot, 3, 3, 10
1052, 1, 1, 72
pathetic, 1, 1, 1
per, 1, 1, 1
contingency, 1, 1, 10
4th, 3, 3, 39
mad, 1, 1, -1
date, 4, 4, 12
heroes, 7, 7, 58
guys, 11, 11, 29
avengers, 42, 37, 226
man, 71, 63, 501
wwwyoutubecomwatch, 3, 3, 63
natural, 2, 2, 6
remember, 12, 12, 59
succeeded, 1, 1, 29
conscious, 1, 1, 60
whenever, 1, 1, 117
maybe, 27, 23, 122
corben, 2, 1, 1
renumbering, 1, 1, 17
favorit, 1, 1, 3
descriptor, 1, 1, 1
st, 2, 2, 32
tale, 2, 2, 4
complaining, 1, 1, 47
switch, 2, 2, 7
wayera, 1, 1, 24
glynis, 1, 1, 15
april, 1, 1, 2
kurt, 1, 1, -1
drone, 1, 1, 31
pulled, 4, 3, 48
travel, 2, 2, 16
talk, 3, 3, 31
typical, 2, 2, 15
cute, 1, 1, 24
unsolicited, 2, 2, 17
breaking, 5, 4, 64
shield, 3, 3, 33
distributors, 1, 1, 11
cutoff, 1, 1, 60
nicieza, 2, 2, 1
indeed, 1, 1, 1
pointed, 1, 1, 2
127, 1, 1, 19
frankie, 1, 1, 1
years, 30, 28, 273
course, 11, 10, 87
experiments, 1, 1, 8
crack, 2, 2, 7
cuts, 1, 1, 1
horrify, 1, 1, 1
kanye, 2, 2, 10
peterson, 1, 1, 3
still, 46, 40, 351
blocked, 1, 1, 3
adhesive, 1, 1, 1
revenge, 2, 2, 4
overlord, 2, 2, 8
group, 5, 5, 32
thank, 12, 12, 89
sugarcoat, 1, 1, 24
faults, 1, 1, 15
interesting, 36, 30, 156
jim, 3, 3, 15
sexiest, 1, 1, 9
hot, 3, 3, 11
hellboy, 2, 2, 14
hardcovers, 2, 2, 6
lumberjanes, 1, 1, 3
bagley, 1, 1, 9
mail, 3, 2, 71
main, 11, 11, 91
decades, 1, 1, 21
conquest, 1, 1, 5
texas, 1, 1, 2
happened, 13, 11, 62
ramon, 1, 1, 3
sidearc, 1, 1, 5
lonely, 1, 1, 3
symbiote, 1, 1, 4
gassing, 1, 1, 2
views, 3, 2, 21
hinting, 1, 1, 3
killer, 2, 2, 4
introduce, 1, 1, 6
nation, 3, 3, 6
interview, 4, 3, 13
touching, 3, 3, 6
compelled, 2, 2, 9
seekudos, 1, 1, 2
shadow, 1, 1, 1
half, 7, 7, 86
survives, 1, 1, 1
twilight, 3, 3, 18
discuss, 1, 1, 120
84, 1, 1, 5
plotcharacter, 1, 1, 10
gushing, 1, 1, 15
term, 2, 2, 4
foolow, 1, 1, 4
name, 13, 12, 153
lies, 1, 1, 13
beach, 1, 1, 1
drop, 7, 7, 31
sensibilities, 1, 1, 17
unhinged, 1, 1, 3
debating, 1, 1, 4
realistic, 1, 1, 2
fabian, 2, 2, 1
suffering, 1, 1, 2
rock, 3, 3, 5
entirely, 8, 8, 310
eyeballs, 1, 1, 1
em, 2, 1, 1
homestate, 1, 1, 3
significantly, 2, 2, 17
perlman, 1, 1, 2
buyer, 1, 1, 1
ed, 3, 2, 12
hitman, 1, 1, 3
kane, 1, 1, 1
communication, 1, 1, 3
yeah, 12, 11, 57
conventions, 1, 1, 11
goose, 1, 1, 3
sandwich, 1, 1, 41
ex, 5, 3, 13
entering, 1, 1, 3
year, 22, 20, 174
et, 2, 1, 4
girl, 8, 8, 87
avoided, 1, 1, 14
obsession, 1, 1, 29
shoots, 1, 1, 6
plans, 2, 2, 16
album, 4, 4, 18
hcs, 1, 1, 6
shown, 2, 2, 47
new52, 1, 1, 8
space, 8, 7, 91
yojimbo, 1, 1, 1
novice, 1, 1, 1
interference, 2, 2, 34
looking, 38, 35, 171
mess, 1, 1, 24
seriously, 7, 7, 65
storyteller, 2, 2, 6
wolf, 3, 2, 29
kent, 2, 2, 8
internet, 2, 2, 13
churches, 1, 1, 1
stela, 3, 1, 4
receiving, 1, 1, 25
advice, 5, 3, 27
shows, 6, 5, 13
romana, 4, 4, 11
monster, 3, 2, 5
wendig, 1, 1, 1
trilogies, 1, 1, 5
million, 2, 2, 10
boobs, 1, 1, 44
albuquerque, 1, 1, 2
hiram, 1, 1, 13
quite, 16, 16, 90
spiel, 1, 1, 2
complicated, 1, 1, 15
crazier, 2, 2, 4
success, 5, 5, 44
subscriptions, 1, 1, 17
unnamed, 1, 1, 60
remainder, 1, 1, 3
clicked, 1, 1, 1
xfactor, 3, 2, 32
care, 12, 9, 69
advance, 2, 2, 84
training, 1, 1, 1
depressed, 1, 1, 2
language, 3, 3, 47
ministry, 2, 2, 3
mos, 1, 1, 4
dunno, 2, 2, 18
tomahawk, 2, 2, 79
transition, 1, 1, 1
punk, 2, 2, 4
tries, 1, 1, 12
british, 1, 1, 2
honest, 6, 5, 36
demographic, 1, 1, 20
turn, 2, 2, 7
revolutionizing, 1, 1, 3
place, 15, 15, 64
massive, 1, 1, 0
fantomex, 3, 3, 10
widow, 1, 1, 2
magik, 1, 1, 2
think, 80, 56, 375
first, 82, 77, 470
origin, 6, 6, 52
cheese, 1, 1, 2
initial, 1, 1, 8
saving, 2, 2, 4
symmetry, 2, 2, 5
guessing, 2, 2, 10
feige, 1, 1, 9
waves, 1, 1, 1
gangs, 2, 1, 14
btw, 1, 1, 3
xd, 1, 1, 3
one, 143, 113, 1269
monstress, 2, 2, 4
americans, 6, 3, 11
semirecent, 1, 1, 14
directly, 3, 3, 5
invasion, 1, 1, 2
sounds, 23, 23, 60
drove, 1, 1, -1
tomorrow, 5, 5, 29
ripping, 1, 1, 12
punisherdd, 1, 1, 14
city, 7, 5, 15
little, 28, 26, 227
necessarily, 2, 2, 5
checked, 2, 2, 38
wrath, 6, 6, 24
gif, 1, 1, 15
swanky, 1, 1, 2
caught, 10, 8, 51
anyone, 26, 24, 150
psychotic, 1, 1, 15
returns, 3, 3, 11
2, 74, 63, 438
tragic, 2, 2, 32
alfred, 1, 1, 11
convention, 1, 1, 11
white, 12, 11, 61
friend, 8, 7, 141
gives, 1, 1, 6
subplot, 3, 2, 16
eyes, 1, 1, 2
legitimately, 1, 1, 4
horseman, 1, 1, 2
fraction, 4, 4, 28
mostly, 8, 8, 55
season, 8, 8, 285
puts, 1, 1, 8
continuous, 1, 1, 1
proving, 1, 1, 3
braun, 1, 1, 2
boba, 1, 1, 3
asides, 1, 1, 11
padding, 7, 4, 17
released, 5, 5, 18
hillary, 1, 1, 3
ridiculous, 6, 6, 53
enigma, 1, 1, 1
hur, 1, 1, 72
scalped, 1, 1, 8
probably, 33, 28, 237
lazy, 2, 2, 16
copy, 5, 5, 71
cleanse, 1, 1, 17
titans, 13, 11, 44
11, 13, 12, 159
10, 20, 18, 104
13, 8, 8, 29
12, 12, 11, 130
15, 9, 7, 31
unfortunately, 3, 3, 15
17, 2, 2, 4
16, 25, 24, 108
19, 4, 4, 77
18, 3, 3, 10
rubble, 1, 1, 2
summary, 1, 1, 6
browning, 1, 1, 11
frontier, 1, 1, 1
midtown, 2, 2, 42
dissed, 1, 1, 2
r, 17, 13, 189
venture, 1, 1, 16
miles, 10, 7, 37
janitor, 1, 1, 11
shakeup, 1, 1, 3
sean, 1, 1, 19
hairline, 1, 1, 14
unsubstantiated, 1, 1, 11
san, 1, 1, 7
sam, 2, 2, 13
remained, 1, 1, 120
seal, 1, 1, 1
talia, 3, 3, 37
argument, 2, 2, 13
alley, 1, 1, 2
voices, 1, 1, 16
winding, 1, 1, 4
say, 30, 28, 195
loki, 1, 1, 5
suspense, 1, 1, 1
ibutpeter, 1, 1, 15
cap, 1, 1, 1
plotlines, 2, 2, 5
speedforce, 1, 1, 7
hellraiser, 2, 2, 13
20k, 1, 1, 6
dragon, 3, 3, 20
saw, 22, 20, 248
capullo, 5, 5, 13
superman, 51, 42, 230
confirmation, 1, 1, 4
squat, 1, 1, 2
nuanced, 1, 1, 1
alien, 27, 27, 78
warriors, 8, 8, 30
fucking, 27, 23, 174
offer, 4, 4, 6
somethings, 1, 1, 11
1000000, 1, 1, 11
note, 4, 4, 72
dining, 1, 1, 6
gotham, 10, 8, 49
squad, 6, 6, 37
berthnal, 1, 1, 12
take, 22, 20, 160
roster, 2, 2, 6
online, 4, 4, 87
shocker, 1, 1, 6
performance, 1, 1, 1
heaps, 1, 1, 1
awaits, 1, 1, 6
joelle, 1, 1, 1
switching, 2, 2, 4
channel, 2, 2, 43
resurrections, 1, 1, 4
begin, 1, 1, 2
sure, 42, 41, 272
multiple, 2, 2, 18
john, 2, 2, 9
theatre, 3, 3, 45
normal, 4, 4, 3
impulsively, 1, 1, 25
greatglad, 1, 1, 2
price, 3, 3, 12
knew, 6, 6, 61
betrayal, 1, 1, 4
paid, 1, 1, 0
falls, 1, 1, 4
invinicble, 1, 1, 1
nolan, 2, 2, 77
minions, 1, 1, 2
1455593917amp, 1, 1, 3
pleasure, 1, 1, 3
complaints, 1, 1, 11
supremely, 1, 1, 1
america, 10, 9, 42
pages, 5, 5, 36
damage, 2, 2, 8
queens, 1, 1, 4
latex, 1, 1, 1
forever, 3, 3, 16
operate, 1, 1, 2
especially, 16, 16, 141
flawlessly, 1, 1, 26
failure, 3, 2, 37
diversity, 1, 1, 1
egg, 3, 3, 14
later, 10, 10, 57
renae, 1, 1, 3
drive, 1, 1, 14
mods, 1, 1, 2
crafty, 1, 1, 9
ways, 5, 5, 49
sunset, 1, 1, 72
slaves, 1, 1, 2
axe, 1, 1, 2
spiderwoman, 7, 7, 22
hear, 7, 7, 34
senior, 1, 1, 4
nightmare, 1, 1, 1
archs, 1, 1, 2
catalyst, 1, 1, 31
shop, 6, 6, 40
rating, 6, 5, 152
walking, 8, 8, 39
shot, 9, 8, 60
letterer, 1, 1, 1
originmedical, 1, 1, 8
show, 21, 20, 482
cheap, 9, 8, 42
avengersnew, 2, 2, 4
3490, 1, 1, 11
sites, 1, 1, 2
discovered, 4, 4, 12
ants, 1, 1, 13
midnighter, 4, 4, 9
brubaker, 2, 1, 5
shoe, 1, 1, 3
hack, 2, 2, 6
interruptions, 1, 1, 10
corner, 1, 1, 11
tend, 3, 2, 14
mister, 1, 1, 1
injection, 1, 1, 38
ground, 3, 3, 374
sharing, 1, 1, 2
landis, 2, 2, 5
slow, 7, 6, 17
witch, 2, 2, 22
supporters, 1, 1, 20
title, 18, 17, 83
notice, 1, 1, 3
dick, 13, 13, 109
venom, 3, 2, 8
outside, 2, 2, 42
crime, 3, 3, 12
robo, 2, 2, 4
iv, 1, 1, 23
wood, 6, 4, 13
black, 22, 20, 104
filmimagine, 1, 1, 18
thompson, 1, 1, 19
azaceta, 1, 1, 2
shockwave, 1, 1, 6
viewpoint, 1, 1, 115
get, 102, 89, 956
grossing, 1, 1, 7
expectation, 1, 1, 3
sss, 1, 1, 4
truly, 3, 3, 8
simplistic, 2, 2, 21
baghdad, 3, 2, 9
responding, 1, 1, 1
nearly, 4, 4, 34
lighter, 1, 1, 3
dksa, 1, 1, 7
installed, 2, 1, 2
chewbacca, 2, 2, 7
gem, 2, 2, -1
freaking, 4, 4, 40
xman, 4, 3, 140
reveal, 1, 1, 4
regarding, 1, 1, 10
harbinger, 1, 1, 1
xstatix, 1, 1, 5
refeernces, 1, 1, 2
artist, 12, 11, 74
floods, 1, 1, 2
dramas, 1, 1, 1
colossus, 8, 6, 145
selfcongratulatory, 1, 1, 1
borrow, 1, 1, 3
ahmad, 2, 1, 3
worried, 5, 5, 30
joker, 4, 4, 19
jokes, 27, 22, 340
stupid, 1, 1, 2
bombs, 2, 2, 14
scott, 10, 8, 19
finishing, 3, 3, 18
16th, 1, 1, 0
vision, 5, 5, 53
ignored, 1, 1, 24
morose, 1, 1, 11
concert, 2, 1, 5
often, 3, 3, 8
station, 1, 1, 2
psychopaths, 1, 1, 2
comparable, 1, 1, 2
academy, 2, 2, 7
namely, 1, 1, 1
actively, 2, 2, 6
college, 2, 2, 6
anyways, 3, 3, 22
existence, 1, 1, 3
apologies, 1, 1, 1
deadpoolness, 2, 2, 121
lowballing, 1, 1, 3
enacting, 1, 1, 10
wonder, 32, 27, 203
refresher, 1, 1, 8
fails, 1, 1, 11
satisfying, 1, 1, 350
rumours, 1, 1, 3
gags, 4, 2, 82
tackling, 1, 1, 21
managing, 1, 1, 3
subsequent, 1, 1, 24
review, 2, 2, 26
jizzed, 1, 1, 2
colours, 1, 1, 2
tglbuz94y, 1, 1, 1
behind, 15, 13, 83
zoos, 1, 1, 3
digest, 1, 1, 20
morales, 5, 3, 10
justified, 1, 1, 21
reading, 46, 40, 234
iimgurcomlplhz24jpg, 1, 1, 3
across, 4, 4, 88
oversized, 3, 3, 21
ought, 1, 1, 3
travels, 1, 1, 19
fragmenting, 1, 1, 3
jobs, 1, 1, 2
uk, 2, 2, 2
useful, 1, 1, 3
messed, 2, 2, 71
screen, 7, 7, 157
realised, 1, 1, 1
26, 3, 3, 79
tradesfloppies, 1, 1, 5
killing, 4, 4, 256
doses, 1, 1, 0
smashed, 1, 1, 1
comedic, 1, 1, 24
styles, 2, 2, 8
heal, 2, 1, 15
prematurely, 1, 1, 2
article, 5, 5, 40
cities, 1, 1, 3
come, 25, 24, 113
receded, 1, 1, 14
reaction, 2, 2, 22
smartphonefriendly, 1, 1, 4
stitched, 1, 1, 1
stinker, 1, 1, 4
profoundnostalgic, 1, 1, 8
sunfire, 1, 1, 1
many, 22, 22, 442
throughline, 1, 1, 3
trades, 14, 13, 41
quiet, 2, 2, 7
flipped, 1, 1, 5
fratboy, 1, 1, 5
somewhere, 2, 2, 19
wellbalanced, 1, 1, 11
disappointment, 2, 2, 22
setpiece, 1, 1, 117
remake, 1, 1, -8
charecter, 1, 1, 3
spare, 2, 2, 1
share, 1, 1, 3
bloomsbury, 1, 1, 3
comes, 9, 9, 33
among, 3, 3, 26
catwoman, 1, 1, 8
cabal, 1, 1, 16
key, 7, 7, 25
cancer, 1, 1, 24
fulfills, 1, 1, 3
color, 3, 3, 16
highlight, 1, 1, 1
endless, 1, 1, 2
request, 2, 1, 6
jeans, 1, 1, 6
period, 2, 2, 2
pop, 1, 1, 2
60, 2, 2, 82
61, 1, 1, 38
maintained, 1, 1, 5
64, 1, 1, 72
65, 1, 1, 1
learning, 3, 3, 48
67, 1, 1, 1
68, 1, 1, 2
associated, 1, 1, 1
pfwrinfoparser, 1, 1, 38
crew, 2, 2, 21
polk, 1, 1, 4
villalobos, 1, 1, 3
boat, 2, 2, 6
millar, 7, 6, 16
considering, 6, 6, 77
destroyed, 1, 1, 3
punisher, 28, 24, 342
oliver, 1, 1, 15
nope, 1, 1, 8
spinoff, 1, 1, 1
howard, 2, 2, 1
stretch, 1, 1, 3
west, 3, 3, 13
skew, 1, 1, 8
classic, 5, 5, 18
crossfire, 1, 1, 15
mark, 18, 13, 135
needlessly, 1, 1, 15
prime, 1, 1, 1
marv, 1, 1, 1
dcnew, 1, 1, 17
qid, 1, 1, 3
reflective, 1, 1, 117
featuring, 3, 3, 2
prototype, 1, 1, 2
tried, 2, 2, 5
503, 1, 1, 3
500, 4, 3, 30
wants, 7, 7, 59
1211, 1, 1, 72
gist, 1, 1, 4
hated, 1, 1, 6
maniron, 1, 1, 1
coughing, 2, 2, 44
shoutout, 1, 1, 1
lcs, 3, 3, 11
dramatic, 1, 1, 0
goran, 1, 1, 1
proven, 1, 1, 138
hashtag, 1, 1, 24
foggy, 2, 2, 8
laying, 1, 1, 3
spirit, 1, 1, 0
pilot, 2, 2, 5
case, 7, 7, 44
shaft, 2, 2, 6
klaus, 2, 2, 19
anatomy, 2, 2, 5
woooooooah, 1, 1, 19
spiderman, 45, 35, 287
cash, 3, 3, 30
pointless, 1, 1, 2
apogee, 1, 1, 2
trick, 1, 1, 12
cast, 6, 5, 151
diverse, 1, 1, 2
ongoing, 5, 5, 9
editorial, 3, 2, 15
darin, 1, 1, 14
cancelled, 2, 2, 9
situation, 2, 2, 22
supergirl, 2, 2, 9
reactioncoping, 1, 1, 24
etcwere, 1, 1, 24
stormwatch, 1, 1, 1
ruffalo, 1, 1, 6
twists, 2, 2, 4
figurines, 1, 1, 3
canon, 3, 2, 61
coffee, 1, 1, 18
bros, 3, 3, 28
according, 1, 1, 11
middle, 5, 5, 38
good, 121, 102, 1156
embrace, 1, 1, 1
dafuq, 1, 1, 8
muffins, 1, 1, 1
donating, 1, 1, 14
somebody, 4, 4, 38
property, 1, 1, 19
technology, 2, 2, 6
ivy, 13, 11, 30
worry, 2, 2, 6
darkseid, 1, 1, 2
wytches, 8, 7, 12
helmet, 1, 1, 60
different, 14, 14, 157
perhaps, 1, 1, 8
develop, 1, 1, 2
doctor, 10, 10, 37
pax, 4, 4, 11
pay, 5, 3, 15
granted, 1, 1, 117
skips, 1, 1, 1
check, 25, 25, 143
stilt, 1, 1, 4
figuring, 1, 1, 14
irksome, 1, 1, 11
arguments, 2, 2, 11
buys, 1, 1, 11
haveswants, 1, 1, 1
shadowman, 1, 1, 1
reminder, 2, 2, 2
physical, 2, 2, 6
events, 6, 4, 21
homophobic, 1, 1, 3
deadpoolish, 1, 1, 24
week, 44, 29, 160
pedantic, 1, 1, 1
finish, 4, 4, 19
shipdigital, 1, 1, 3
enjoyment, 1, 1, 15
driver, 1, 1, 8
ness, 1, 1, 3
companion, 1, 1, 5
driven, 2, 2, 18
hawkeye, 8, 7, 41
running, 3, 2, 20
edges, 1, 1, 0
rkanye, 1, 1, 8
statue, 1, 1, 2
guardians, 3, 3, 8
changing, 1, 1, 6
anticipated, 1, 1, 4
totally, 10, 10, 42
cartoon, 3, 3, 5
mentally, 1, 1, 7
underwhelms, 1, 1, 5
complained, 2, 1, 16
consign, 1, 1, 11
awesomeness, 1, 1, 2
theater, 9, 8, 113
listings, 2, 2, 3
lady, 2, 2, 3
roughly, 2, 2, 30
pacing, 1, 1, 29
amounts, 1, 1, 1
without, 18, 18, 127
squadgoals, 1, 1, 5
mann, 1, 1, 1
renegades, 1, 1, 1
discord, 1, 1, 1
bana, 1, 1, 6
cca, 1, 1, 27
mashup, 1, 1, 8
amazed, 1, 1, 1
effects, 2, 2, 6
lysol, 1, 1, 5
summer, 6, 6, 17
actiony, 1, 1, 6
twothree, 1, 1, 16
money, 22, 20, 570
armour, 1, 1, 6
neon, 1, 1, 8
valuable, 2, 1, 4
violent, 4, 4, 20
woodworking, 1, 1, 4
kill, 13, 13, 166
showed, 1, 1, 21
aspect, 1, 1, 2
touch, 1, 1, 16
subtitle, 1, 1, 10
speed, 1, 1, 10
captured, 3, 2, 27
weekly, 5, 4, 44
blow, 2, 2, 8
announcement, 2, 2, 1
death, 17, 16, 55
skrulls, 1, 1, 2
nick, 3, 3, 16
thinking, 7, 7, 36
odin, 1, 1, 13
regent, 1, 1, 19
seems, 18, 17, 105
except, 2, 2, 19
improvement, 2, 2, 12
blog, 2, 2, 7
kimberly, 1, 1, 5
lets, 2, 2, -19
setting, 5, 4, 24
4, 124, 78, 377
hine, 1, 1, 1
republic, 1, 1, 2
tuesday, 3, 3, 35
antman, 2, 2, 9
real, 17, 16, 133
terrify, 1, 1, 19
around, 27, 20, 140
spectacular, 1, 1, 15
onscreen, 1, 1, 117
ama, 3, 1, 4
kirkman, 3, 3, 11
sandman, 6, 6, 18
pos, 1, 1, 8
dark, 22, 18, 53
ditf, 1, 1, 3
bandage, 2, 1, 60
listening, 2, 2, 26
cedar, 1, 1, 1
amp, 19, 17, 72
accepted, 1, 1, 3
disappointed, 10, 10, 182
vague, 1, 1, 5
grin, 1, 1, 5
ruled, 1, 1, 0
bizarro, 1, 1, 1
fortune, 1, 1, 11
heightened, 1, 1, 3
sidelined, 1, 1, 5
verner, 1, 1, 2
patrick, 1, 1, 3
unrequited, 1, 1, 12
piece, 2, 2, 8
oddly, 2, 2, 24
sanity, 1, 1, 8
wwwtfawcom, 1, 1, 1
audience, 5, 5, 67
laughing, 4, 3, 46
retailers, 1, 1, 11
clay, 2, 2, 6
2500, 2, 1, 11
thunderbolts, 3, 3, 23
spiderverse, 1, 1, 2
recognize, 1, 1, 1
3000, 1, 1, 11
caliber, 1, 1, 1
spans, 1, 1, 3
exposed, 2, 2, 6
dormammu, 3, 3, 8
pacific, 1, 1, 9
chuck, 1, 1, -1
shallow, 1, 1, 5
elements, 1, 1, 2
images, 1, 1, 8
diving, 2, 2, 15
roses, 1, 1, 4
swimsuit, 1, 1, 19
bigger, 2, 2, 5
thinks, 3, 3, 14
convoluted, 1, 1, 3
alternates, 1, 1, 5
basic, 2, 2, 2
starman, 2, 2, 7
ellis, 8, 6, 14
12yo, 4, 2, 17
confirm, 2, 2, 37
ported, 1, 1, 4
highest, 1, 1, 7
overly, 1, 1, 18
stops, 1, 1, 6
moon, 8, 8, 30
critical, 3, 3, 64
dies, 1, 1, 3
911, 2, 1, 7
910, 1, 1, 7
knife, 1, 1, 24
severed, 2, 2, 3
caring, 3, 3, 52
diced, 1, 1, 1
welcome, 30, 30, 266
lodbell, 1, 1, 3
racism, 1, 1, 8
business, 2, 2, 67
asap, 1, 1, 1
pg13, 4, 4, 33
arts, 1, 1, 1
chose, 1, 1, 1
credits, 4, 4, 123
meets, 2, 2, 5
negateenage, 1, 1, 8
lcd, 1, 1, 24
terrified, 1, 1, 2
cena, 1, 1, 6
nml, 2, 2, 5
francis, 4, 4, 44
throw, 2, 2, 9
powerfull, 1, 1, 4
ok, 9, 9, 65
casuals, 1, 1, 8
ace, 1, 1, 1
oh, 18, 18, 85
ragemoor, 1, 1, 1
island, 2, 2, 12
industry, 2, 2, 210
violence, 7, 6, 82
favorite, 23, 22, 134
meaning, 1, 1, 3
chop, 1, 1, 24
journey, 3, 3, 17
shameless, 1, 1, 8
stand, 11, 9, 57
pockets, 1, 1, 63
act, 5, 5, 19
mixed, 2, 2, 11
invested, 1, 1, 1
rrating, 1, 1, 4
mean, 19, 17, 121
road, 6, 5, 25
op, 5, 5, 13
wwwstelacom, 1, 1, 4
teddy, 1, 1, 1
takeda, 1, 1, 1
lands, 2, 2, 5
dagger, 1, 1, 5
burning, 2, 2, 15
inclusion, 1, 1, 2
shadowlandesque, 1, 1, 2
image, 21, 19, 170
amazons, 1, 1, 10
nazi, 1, 1, 1
charts, 1, 1, 1
poly, 1, 1, 1
marjorie, 1, 1, 1
references, 2, 2, 5
lively, 1, 1, 5
shock, 1, 1, 6
strip, 1, 1, 72
wade, 6, 6, 122
annoys, 1, 1, 1
happening, 5, 5, 238
nowadays, 1, 1, 8
vaughan, 2, 2, 10
lob, 1, 1, 1
breath, 2, 2, 16
reaaal, 1, 1, 19
spidey, 1, 1, 2
shells, 1, 1, 3
omega, 3, 3, 11
strictly, 1, 1, 1
insults, 1, 1, 12
hey, 6, 6, 41
lol, 4, 4, 35
fates, 1, 1, 11
start, 17, 17, 65
mindless, 1, 1, 1
impromptu, 1, 1, -1
low, 4, 4, 57
stars, 2, 2, 3
fisk, 3, 1, 14
johns, 3, 2, 7
hysterical, 2, 2, 74
utf8amp, 2, 2, 8
morrison, 18, 15, 58
ago, 15, 15, 72
purgatory, 1, 1, 79
complete, 13, 12, 65
enough, 27, 26, 167
yayy, 1, 1, 1
gory, 1, 1, 2
paying, 1, 1, 11
likeheroesthe, 1, 1, 3
fawlty, 1, 1, 3
societal, 1, 1, 12
ended, 2, 2, 90
gore, 7, 6, 160
survived, 1, 1, 3
implies, 1, 1, 3
card, 1, 1, 3
trying, 18, 17, 566
buying, 11, 10, 75
longer, 11, 10, 117
abused, 3, 3, 12
pull, 12, 10, 61
hire, 1, 1, 15
october, 1, 1, 5
operating, 1, 1, 14
romantic, 1, 1, 5
rage, 1, 1, 8
comics, 112, 81, 569
hooray, 1, 1, 11
gert, 1, 1, 4
sadness, 1, 1, 8
cdisplay, 1, 1, 2
cyclops, 6, 5, 61
dirty, 1, 1, 3
abuses, 1, 1, 12
trading, 1, 1, 1
politically, 1, 1, -24
advantage, 1, 1, 2
agree, 2, 2, 11
harrow, 2, 2, 12
connect, 1, 1, 1
gone, 5, 5, 32
wendigo, 1, 1, 10
leaked, 1, 1, 24
ad, 2, 2, 10
johnny, 1, 1, 2
gratuitous, 2, 2, 141
ai, 1, 1, 78
certain, 5, 5, 42
describe, 2, 2, 4
moved, 3, 3, 9
al, 6, 6, 53
ao, 1, 1, 2
general, 9, 9, 178
cringey, 1, 1, 2
imagination, 1, 1, 3
restores, 1, 1, 5
belt, 2, 1, 4
girlfriend, 2, 2, 21
watched, 1, 1, 8
hound, 1, 1, 72
bishop, 1, 1, 13
film, 18, 16, 363
fill, 2, 2, 14
fanfuckingtastic, 1, 1, 42
recognizable, 1, 1, 1
receive, 1, 1, 2
2003, 1, 1, 3
idiot, 1, 1, 2
deserve, 1, 1, 3
liefeld, 8, 8, 325
hybrid, 2, 2, 64
nc17, 1, 1, 4
80s90s, 1, 1, 2
comedies, 1, 1, 5
effin, 1, 1, 1
nasa, 1, 1, 3
5, 66, 51, 311
underwater, 1, 1, 7
uboomshine, 1, 1, 6
delays, 3, 3, 4
trash, 3, 3, 14
mentions, 1, 1, 2
2007, 2, 1, 3
poor, 3, 3, 41
requested, 2, 1, 6
briefly, 1, 1, 3
ecstatic, 1, 1, 4
joygasms, 1, 1, 2
vocabulary, 1, 1, 11
separate, 3, 3, 26
ross, 1, 1, 1
spoilers, 1, 1, 2
youtubel0wphaau1ts, 1, 1, 8
forgot, 4, 4, 14
anywhere, 2, 2, 4
includes, 2, 2, 21
seriousness, 2, 2, 5
walker, 4, 3, 24
important, 8, 7, 36
bullets, 2, 2, 14
fresh, 1, 1, 2
tackle, 2, 2, 6
trotsky, 1, 1, 2
2008, 2, 1, 3
pool, 1, 1, -1
lipstick, 1, 1, 1
building, 4, 4, 25
assassins, 2, 2, 5
remote, 1, 1, 9
aftershock, 2, 1, 1
wife, 6, 6, 18
omnibus, 10, 10, 39
comicbook, 6, 5, 122
thorn, 2, 2, 10
fartman, 2, 1, 0
interacting, 1, 1, 2
websites, 1, 1, 10
hello, 1, 1, 72
directors, 1, 1, 0
commercially, 1, 1, 5
o_0, 1, 1, 2
4001, 1, 1, 5
hugely, 2, 2, 6
resembles, 1, 1, 3
alright, 4, 4, 34
wake, 1, 1, 1
mutantfightermad, 1, 1, 16
deluxe, 2, 2, 4
starting, 11, 9, 34
original, 9, 8, 39
sinestro, 3, 3, 19
grimdark, 1, 1, 5
surrounded, 1, 1, 3
liar, 1, 1, 24
forget, 3, 3, 31
pointing, 1, 1, -1
caused, 3, 3, 27
instincts, 1, 1, 3
lack, 5, 5, 58
disassembled, 2, 2, 11
sunu, 1, 1, 4
databases, 1, 1, 2
received, 1, 1, 5
fairness, 1, 1, 1
follow, 7, 6, 26
wash, 1, 1, 1
children, 6, 6, 98
carpet, 1, 1, 0
strix, 1, 1, 13
shattered, 1, 1, 6
shotbeen, 1, 1, 1
sara, 2, 2, 4
chain, 3, 2, 25
vikings, 1, 1, 0
homage, 1, 1, 3
tv, 7, 7, 104
bonkers, 1, 1, 1
themed, 3, 3, 14
laid, 1, 1, 2
thursday, 1, 1, 4
former, 3, 3, 11
aaron, 5, 5, 19
program, 2, 2, 18
tj, 2, 2, 34
depending, 1, 1, 115
solicit, 2, 2, 27
14, 32, 32, 83
enjoying, 12, 10, 223
midwest, 1, 1, 3
ta, 3, 3, 3
sound, 2, 2, 13
uptick, 1, 1, 18
woman, 22, 19, 129
premium, 1, 1, 42
returned, 3, 3, 5
straightforward, 1, 1, 4
sitting, 7, 6, 82
horror, 13, 11, 38
faq, 1, 1, 7
saved, 2, 2, 35
baited, 1, 1, 14
selfies, 1, 1, 1
scout, 1, 1, 15
fan, 22, 21, 172
decide, 1, 1, 17
fall, 2, 2, 16
awful, 5, 5, 45
sony, 1, 1, 5
difference, 1, 1, 5
pt1, 1, 1, 4
oneshots, 1, 1, 2
treating, 1, 1, 12
enjoyable, 2, 2, 14
mild, 1, 1, 11
venditti, 1, 1, 4
17th, 1, 1, 38
cable, 18, 17, 343
shenanigans, 2, 2, 5
crossovers, 5, 4, 32
list, 25, 18, 153
prolonged, 1, 1, 10
sliding, 1, 1, 1
large, 2, 2, 90
anad, 5, 5, 18
nighthawks, 1, 1, 19
namor, 2, 2, 4
harry, 1, 1, 17
small, 10, 10, 174
astro, 3, 3, 6
conflicted, 1, 1, 11
yt, 1, 1, 1
firefight, 1, 1, 15
flick, 1, 1, 43
cookies, 1, 1, 1
titled, 1, 1, 60
andor, 2, 2, 8
ten, 2, 2, 39
harder, 1, 1, 2
streets, 1, 1, 3
grabs, 2, 2, 27
understanding, 3, 3, 12
past, 7, 7, 113
winds, 1, 1, 5
zero, 5, 5, 136
titles, 15, 12, 104
design, 3, 3, 23
perspective, 2, 2, 12
lawyer, 1, 1, 216
pass, 2, 2, 12
hawkeey, 1, 1, 8
casual, 1, 1, 8
chuckle, 3, 3, 28
hick, 2, 1, 4
gunn, 1, 1, 138
90s, 5, 5, 29
tweeted, 1, 1, 8
sub, 6, 6, 45
richard, 1, 1, 1
sun, 1, 1, 3
section, 3, 3, 56
soooo, 1, 1, 5
supercrimminal, 1, 1, 3
emotions, 1, 1, 2
halleluiah, 1, 1, 2
isolationist, 1, 1, 2
version, 7, 7, 39
reboots, 5, 3, 22
undecided, 1, 1, 12
garth, 5, 5, 15
learned, 1, 1, 2
leia, 1, 1, 6
public, 1, 1, 11
contrast, 1, 1, 117
movement, 3, 2, 16
pantheri, 1, 1, 2
edited, 1, 1, 8
knees, 1, 1, 2
full, 8, 8, 148
cass, 3, 3, 17
fave, 1, 1, 1
bestselling, 1, 1, 3
loose, 1, 1, 60
magekiller, 3, 3, 20
liefield, 1, 1, 58
forgive, 2, 2, 17
hours, 8, 7, 151
ranger, 1, 1, 9
tracks, 2, 2, 19
anticipation, 1, 1, 3
threads, 1, 1, 14
compressed, 1, 1, 2
nonsoapboxy, 1, 1, 31
directions, 1, 1, 2
biweekly, 2, 2, 14
strong, 4, 4, 145
tragedy, 3, 3, 39
hellblazer, 1, 1, 1
fantasies, 1, 1, 7
cloonan, 1, 1, 2
mythology, 1, 1, 4
substance, 1, 1, 3
colored, 1, 1, 2
ahead, 3, 3, 34
wwwrusskickcomgccl, 1, 1, 60
bullshit, 1, 1, -5
bernthal, 4, 4, 17
creepy, 2, 2, 15
rocky, 2, 2, 9
fired, 2, 2, 21
soldier, 3, 3, 23
amount, 7, 7, 236
advertising, 1, 1, 8
stiffness, 1, 1, 2
pick, 17, 16, 63
action, 17, 16, 217
melodramatically, 1, 1, 9
murdering, 2, 2, 16
welder, 1, 1, 7
weirder, 1, 1, 1
skippable, 1, 1, 5
struggle, 1, 1, 2
sticking, 1, 1, 9
useless, 1, 1, 4
technique, 1, 1, 2
followed, 1, 1, 1
family, 11, 9, 61
suddenly, 1, 1, 14
barker, 2, 2, 13
clapping, 2, 2, 46
betsy, 1, 1, 1
sliced, 2, 2, 25
ask, 5, 5, 30
semester, 1, 1, 3
aimed, 1, 1, 17
annihilator, 2, 2, 7
toys, 1, 1, 6
implausible, 1, 1, 6
pulls, 2, 2, 4
moneygrab, 1, 1, 2
establish, 1, 1, 5
finchs, 3, 2, 14
wwwscribdcomg51dpus, 2, 1, 1
conventional, 1, 1, 15
jughead, 2, 2, 3
eye, 4, 3, 21
takes, 3, 3, 27
twd, 1, 1, 8
intense, 1, 1, 1
makeupeffects, 1, 1, 2
wolfer, 1, 1, 2
cho, 3, 2, 20
two, 29, 29, 346
kamala, 1, 1, 5
faced, 1, 1, 1
apprehend, 1, 1, 2
splash, 1, 1, 1
trip, 1, 1, 3
6, 41, 38, 174
taken, 2, 2, 126
mora, 2, 2, 19
_sl500_sr100, 1, 1, 5
butbutthe, 1, 1, 23
teen, 3, 3, 13
flat, 5, 5, 34
chickenless, 1, 1, 8
knows, 2, 1, 15
stylistic, 1, 1, 15
relevant, 1, 1, 5
reviled, 1, 1, 7
company, 3, 3, 8
createdpublished, 1, 1, 7
site, 1, 1, 1
excuse, 1, 1, 72
landed, 1, 1, 58
cadwell, 1, 1, -1
skottie, 1, 1, 1
basically, 6, 6, 67
goodpromising, 1, 1, 2
20000, 1, 1, 2
known, 2, 2, 5
doom, 6, 5, 22
cult, 2, 1, 3
glad, 19, 19, 315
largescale, 1, 1, 17
town, 4, 4, 82
hardware, 2, 2, 9
none, 5, 4, 27
underwhelming, 1, 1, 8
hour, 1, 1, 14
strain, 1, 1, 1
painting, 1, 1, 6
recall, 2, 2, 15
sucks, 1, 1, -1
1994, 1, 1, 3
kickass, 1, 1, 10
tastefully, 1, 1, 24
bomber, 1, 1, 6
del, 1, 1, 1
uhnew, 1, 1, 15
evolved, 1, 1, 2
v, 8, 8, 84
knocked, 1, 1, 24
audiences, 1, 1, 3
childyou, 1, 1, 2
paradise, 1, 1, -1
history, 5, 5, 13
beautiful, 5, 5, 21
stated, 1, 1, 3
suggestions, 3, 3, 18
accept, 2, 2, 22
states, 4, 4, 64
pushed, 1, 1, 4
minimum, 3, 3, 18
sense, 9, 8, 40
libertarian, 1, 1, 7
phrase, 1, 1, 15
disliked, 1, 1, 23
robinson, 3, 3, 11
offspring, 1, 1, 56
mainstream, 2, 2, 9
huge, 13, 12, 87
needs, 4, 4, 23
court, 1, 1, 5
goal, 1, 1, 4
awkward, 1, 1, 24
rather, 11, 10, 103
acts, 1, 1, 10
hugh, 1, 1, 20
stayed, 1, 1, 8
fame, 1, 1, 11
hampered, 1, 1, 1
polysuede, 1, 1, 1
occasionally, 1, 1, 1
commercial, 1, 1, 5
influences, 1, 1, 12
tp, 2, 2, 2
xmas, 1, 1, 1
acknowledging, 1, 1, 15
5372, 1, 1, 3
continues, 2, 2, 24
okay, 10, 10, 41
fu, 1, 1, 4
bags, 3, 1, 3
suppose, 2, 2, 20
610, 5, 3, 15
zeus, 1, 1, 1
variant, 8, 8, 87
par, 1, 1, 5
sponsors, 1, 1, 3
replace, 1, 1, 20
bkv, 2, 2, 16
trier, 1, 1, 4
director, 1, 1, 1
adventure, 5, 5, 140
ff, 8, 7, 28
coming, 12, 12, 56
cambridge, 1, 1, 3
gasp, 1, 1, 6
ethics, 1, 1, 2
decsibed, 1, 1, 9
fascinating, 1, 1, 4
snotty, 1, 1, 0
refuse, 1, 1, 2
short, 13, 13, 77
coat, 1, 1, 87
bid, 1, 1, 14
rooting, 1, 1, 29
eats, 1, 1, 1
stash, 1, 1, 1
spectre, 1, 1, 2
bashing, 1, 1, 3
booth, 2, 1, 2
xfilms, 1, 1, 8
fests, 1, 1, 2
dread, 1, 1, 1
anticlimatic, 1, 1, 1
facebook, 5, 5, 17
xxx, 1, 1, 5
dream, 3, 3, 17
playing, 1, 1, 8
uninstall, 1, 1, 2
ito, 1, 1, 2
rounded, 2, 2, 2
help, 12, 12, 70
september, 1, 1, 5
developed, 3, 3, 23
stays, 1, 1, 3
soon, 11, 10, 30
tradd, 1, 1, 3
trade, 12, 12, 54
held, 1, 1, 5
logan, 9, 9, 298
paper, 5, 4, 14
499, 1, 1, 9
committee, 1, 1, -24
hell, 19, 17, 180
stankonia, 1, 1, 3
visceral, 1, 1, 24
arrogant, 1, 1, -1
dont, 4, 4, 14
24, 3, 3, 27
25, 5, 5, 15
style, 7, 6, 34
27, 2, 2, 82
20, 28, 24, 152
21, 2, 2, 41
22, 2, 2, 41
23, 2, 2, 41
wishful, 1, 1, 1
lai, 2, 1, 1
solving, 1, 1, 2
28, 2, 2, 83
29, 2, 1, 72
conjugation, 1, 1, 2
actually, 32, 27, 359
late, 10, 10, 145
strange, 3, 3, 11
cowboyninjaviking, 1, 1, 3
ruining, 2, 2, 52
bummer, 2, 2, 19
relate, 1, 1, 56
stephen, 2, 2, 30
pad, 1, 1, 8
mockingbird, 1, 1, 2
bendis, 10, 9, 61
might, 36, 35, 181
alter, 1, 1, 18
angered, 1, 1, 2
teeters, 1, 1, 1
hurting, 1, 1, 5
someone, 22, 20, 99
return, 7, 7, 158
food, 1, 1, 5
fee, 2, 2, 11
kobain, 1, 1, -1
arsenal, 1, 1, 2
masks, 1, 1, 3
someonw, 1, 1, 9
norman, 1, 1, 1
hundred, 1, 1, 2
dealing, 2, 2, 12
vaughn, 5, 3, 23
yu, 1, 1, 3
complain, 1, 1, 60
viewers, 2, 2, 3
sucked, 1, 1, 4
mystery, 8, 8, 10
easily, 6, 6, 44
exiles, 1, 1, 1
pak, 1, 1, 19
fantasy, 3, 3, 15
always, 28, 26, 214
minibus, 1, 1, 3
level, 13, 7, 20
loosely, 1, 1, 4
dress, 2, 2, 226
altering, 1, 1, 17
legend, 6, 6, 64
goofy, 2, 2, 9
stopped, 4, 4, 20
turns, 3, 3, 22
441, 1, 1, 3
found, 12, 10, 131
shocking, 3, 2, 10
biscuits, 3, 3, 20
trailer, 7, 7, 182
lantern, 5, 5, 69
heavy, 1, 1, 31
everyone, 22, 22, 323
neil, 1, 1, 5
mental, 1, 1, 1
weight, 3, 3, 30
p, 1, 1, 1
generation, 1, 1, 1
house, 7, 7, 113
fish, 1, 1, 1
hard, 12, 12, 413
reduce, 1, 1, 1
idea, 14, 13, 44
engaging, 1, 1, 1
glasheen, 1, 1, 60
extended, 1, 1, 19
expect, 10, 10, 58
fist, 29, 26, 88
todd, 3, 1, 11
infinity, 1, 1, 1
beyond, 3, 3, 32
insurance, 1, 1, 6
britain, 1, 1, 3
really, 170, 127, 1419
deals, 2, 2, 6
groove, 2, 2, 4
prolly, 1, 1, 12
missed, 7, 7, 54
track, 6, 6, 34
robert, 2, 2, 9
since, 27, 26, 180
mattered, 1, 1, 18
milgrom, 2, 1, 15
douglas, 1, 1, 3
research, 1, 1, 3
wolverine, 21, 18, 151
mentallo, 1, 1, 2
acting, 2, 2, 12
lucifer, 10, 7, 13
hill, 25, 25, 143
7, 39, 36, 155
absorb, 1, 1, 4
print, 8, 3, 12
issue, 88, 64, 357
occurs, 1, 1, 14
highway, 1, 1, 29
harpercollins, 2, 1, 3
ass, 4, 4, 25
outrageous, 1, 1, 25
beenaltered, 1, 1, 3
drifting, 1, 1, 25
timeline, 1, 1, 3
claws, 1, 1, 1
gut, 2, 1, 24
horse, 6, 5, 19
pleasant, 25, 25, 84
extraordinary, 29, 29, 99
reason, 3, 3, 26
basketball, 1, 1, 1
included, 2, 2, 6
brightest, 1, 1, 57
members, 3, 3, 29
imagine, 3, 3, 6
put, 19, 17, 87
recs, 1, 1, 2
beginning, 5, 5, 31
generate, 1, 1, 4
asm, 1, 1, 1
thrown, 2, 2, 21
cheers, 2, 2, 2
unique, 1, 1, 1
service, 3, 3, 22
thread, 9, 6, 146
launch, 1, 1, 17
needing, 1, 1, 4
terrible, 9, 8, 97
insexcts, 1, 1, 23
american, 36, 35, 96
cullen, 2, 2, 8
expecting, 7, 7, 36
kung, 1, 1, 4
threat, 1, 1, 3
rogues, 1, 1, 29
snippets, 1, 1, 1
castle, 4, 4, 37
apocalypse, 9, 8, 33
hardcore, 1, 1, 17
throws, 1, 1, 15
etrigan, 1, 1, 2
major, 4, 4, 14
mr, 6, 6, 32
utility, 2, 1, 4
unhealthy, 1, 1, 29
slipped, 1, 1, 5
feel, 39, 34, 740
radical, 5, 4, 65
andreas, 1, 1, 7
number, 8, 8, 52
fancy, 1, 1, 2
valentine, 2, 2, 9
feet, 3, 3, 359
fucked, 2, 2, 13
talked, 5, 5, 41
done, 21, 20, 165
brubakers, 1, 1, 1
dong, 1, 1, 4
pablo, 1, 1, 14
bland, 2, 2, 11
gripping, 1, 1, 1
miss, 9, 9, 69
stage, 1, 1, 2
molests, 1, 1, 14
obligatory, 1, 1, 6
story, 66, 53, 272
soule, 1, 1, 3
heads, 1, 1, 39
guest, 1, 1, 21
script, 3, 3, 75
introduction, 1, 1, 0
leading, 4, 4, 35
threatening, 2, 2, 89
gpa, 1, 1, 11
least, 11, 11, 71
hollows, 1, 1, 1
pinned, 1, 1, 11
belongs, 1, 1, 4
180, 1, 1, 3
wonderful, 7, 7, 47
expand, 1, 1, 2
passed, 1, 1, 72
noobness, 1, 1, 72
ton, 2, 2, 11
deep, 1, 1, 1
scheme, 1, 1, 15
southern, 1, 1, 3
banana, 2, 1, 3
store, 10, 10, 25
figures, 3, 2, 4
selling, 5, 4, 13
option, 1, 1, 117
relationship, 6, 5, 51
trapped, 1, 1, 2
halfmeasure, 1, 1, 1
contains, 1, 1, 3
hotel, 1, 1, 2
park, 1, 1, 24
scooby, 2, 2, 13
discover, 1, 1, 1
luckily, 1, 1, 24
part, 20, 18, 199
chainsawpowered, 1, 1, 5
authors, 2, 2, 12
surprising, 1, 1, 3
translation, 2, 2, 6
believe, 16, 16, 416
rampant, 1, 1, 6
inferno, 3, 3, 83
carnage, 15, 12, 32
peaked, 1, 1, 25
king, 6, 6, 83
kind, 33, 29, 312
b, 1, 1, 117
namesake, 1, 1, 14
double, 2, 2, 23
anticipate, 1, 1, 1
genesis, 1, 1, 6
username, 1, 1, 4
evenly, 1, 1, 3
greg, 7, 6, 16
marriage, 1, 1, 7
supposed, 8, 7, 26
shacks, 1, 1, 1
dang, 1, 1, 56
_______, 1, 1, 60
toward, 1, 1, 0
catatonic, 1, 1, 3
mickey, 1, 1, 72
deciding, 1, 1, 8
motivation, 2, 2, 11
storytelling, 2, 2, 5
outstanding, 1, 1, 1
wasnt, 2, 1, 8
adrian, 1, 1, 2
fights, 2, 2, 18
organisations, 1, 1, 1
superboy, 2, 2, 73
randomly, 2, 2, 62
pedestrian, 1, 1, 5
pre52, 2, 1, 8
controlled, 1, 1, 5
nightcrawler, 4, 4, 19
congratulatory, 1, 1, 1
sell, 18, 11, 83
welp, 1, 1, 78
wondercon, 1, 1, 1
generic, 1, 1, 2
madcap, 1, 1, 5
helicarrier, 1, 1, 117
lil, 1, 1, 60
self, 4, 4, 29
cave, 3, 3, 16
scotland, 1, 1, 7
minwax, 1, 1, 1
oak, 1, 1, 1
anthologies, 1, 1, 2
also, 81, 69, 758
entirety, 1, 1, 1
costs, 3, 3, 13
superior, 2, 2, 6
showcases, 1, 1, 31
finding, 4, 4, 32
poplar, 1, 1, 1
liz, 1, 1, 3
club, 2, 2, 8
annihilation, 2, 1, 5
play, 9, 7, 58
towards, 4, 4, 68
hires, 1, 1, 15
jsa, 1, 1, 1
14amp, 1, 1, 3
singles, 1, 1, 2
ludicrously, 1, 1, 15
eggs, 1, 1, 2
sets, 1, 1, 15
darth, 9, 8, 92
mutantkind, 1, 1, 1
77, 1, 1, 72
rmovies, 1, 1, 42
hopeless, 1, 1, 6
negasonic, 3, 3, 97
plan, 6, 5, 35
70, 1, 1, 2
nothing, 20, 18, 241
alpha, 2, 2, 8
acquired, 1, 1, 3
spartans, 1, 1, 3
splat, 1, 1, 29
funnies, 1, 1, 72
mistake, 2, 2, 14
audio, 1, 1, 1
tpb, 2, 2, 3
incase, 1, 1, 12
windows, 1, 1, 2
clear, 4, 4, 22
sometimes, 4, 3, 9
cover, 21, 18, 119
storyline, 5, 5, 6
bullseye, 3, 2, 16
clean, 4, 4, 10
producerwriter, 1, 1, 8
ron, 1, 1, 2
notch, 1, 1, 5
blend, 1, 1, 2
technical, 1, 1, 11
standoff, 25, 25, 88
foxing, 1, 1, 11
1s, 1, 1, 11
ugh, 1, 1, 2
particularly, 4, 4, 28
cereal, 1, 1, 2
gold, 3, 3, 5
gates, 1, 1, 3
fond, 4, 4, 11
vader, 12, 9, 101
mustread, 1, 1, 5
autumnlands, 2, 2, 12
hyped, 5, 5, 31
stalker, 1, 1, 87
carefully, 2, 2, 12
stores, 1, 1, 0
font, 1, 1, 2
fine, 7, 7, 34
overwhelmed, 1, 1, 3
mimgurcoma3naid, 1, 1, 3
impact, 3, 3, 15
peels, 1, 1, 3
giant, 3, 3, 77
interviewer, 1, 1, 1
rocket, 1, 1, 2
securing, 1, 1, 14
duncan, 1, 1, 1
justice, 9, 9, 41
nervous, 2, 2, 8
writes, 3, 3, 31
less, 12, 12, 44
distributed, 1, 1, 3
waiting, 13, 12, 54
technologically, 1, 1, 2
failed, 1, 1, 0
wayne, 2, 2, 3
explodes, 1, 1, 3
pretty, 60, 52, 390
factor, 2, 2, 14
ultron, 1, 1, 19
8, 31, 30, 134
pack, 2, 2, 12
darwin, 1, 1, 6
giants, 1, 1, 7
clarifying, 1, 1, 1
jea, 1, 1, 5
hit, 9, 8, 25
8c7u5pykh0e, 1, 1, 2
luke, 1, 1, 34
simonson, 1, 1, 0
cheaper, 2, 2, 15
famous, 1, 1, 9
feels, 8, 8, 73
grew, 4, 4, 20
sfv, 1, 1, 1
rest, 7, 7, 109
pretending, 1, 1, 2
international, 2, 2, 15
desire, 1, 1, 3
reprint, 2, 2, 15
workouts, 1, 1, 1
kindly, 1, 1, 1
enemy, 1, 1, 20
fluff, 1, 1, 3
123126, 1, 1, 3
roles, 1, 1, 191
transitional, 1, 1, 60
moviegoers, 1, 1, 5
lois, 2, 2, 11
generally, 3, 3, 12
populace, 1, 1, 3
background, 1, 1, 1
sojourn, 1, 1, 79
driveby, 1, 1, 24
reputable, 1, 1, 11
gloves, 1, 1, 1
common, 2, 2, 26
devoid, 1, 1, 17
recommendations, 3, 3, 6
hype, 2, 2, 9
x, 3, 3, 16
gee, 1, 1, -1
wrote, 5, 5, 23
storming, 1, 1, -1
insane, 1, 1, 1
set, 14, 13, 77
art, 57, 41, 188
dump, 1, 1, 3
creepiest, 1, 1, 8
throwing, 2, 2, 4
naked, 1, 1, 6
juuust, 1, 1, 19
arrives, 1, 1, 35
sex, 25, 24, 92
achieves, 1, 1, 10
culture, 5, 4, 8
see, 93, 78, 1537
arc, 21, 19, 80
luthor, 2, 2, 4
sea, 3, 3, 85
poe, 2, 2, 9
close, 1, 1, 3
arm, 1, 1, 1
considered, 1, 1, 5
feared, 1, 1, 3
kickstarterfunded, 1, 1, 60
youth, 2, 2, 4
1m8s, 1, 1, 0
threats, 1, 1, 1
fegredo, 1, 1, 1
mine, 4, 4, 20
movie, 86, 56, 811
wow, 6, 5, 76
currently, 8, 8, 75
please, 18, 18, 95
crisp, 1, 1, 18
fans, 3, 3, 31
plywood, 1, 1, 1
splatters, 1, 1, 0
cutout, 1, 1, 20
donate, 4, 4, 14
numerous, 1, 1, 2
6yo, 1, 1, 3
piss, 1, 1, 14
knowing, 5, 4, 19
solo, 1, 1, 2
hellspawn, 1, 1, 1
recently, 7, 7, 91
creating, 3, 2, 168
missing, 1, 1, 44
tlop, 1, 1, 2
sold, 6, 5, 27
attention, 1, 1, 25
shadowhawk, 1, 1, 2
centrality, 1, 1, 3
incident, 2, 2, 2
titty, 1, 1, 2
premise, 5, 5, 48
knights, 1, 1, 2
franchise, 3, 3, 8
delivering, 1, 1, 11
prelude, 1, 1, 2
remaining, 2, 2, 22
pissed, 2, 2, 20
rehashing, 1, 1, 1
league, 10, 9, 78
unapologetic, 1, 1, 24
last, 51, 43, 349
wolfman, 1, 1, 1
secrets, 1, 1, 3
annual, 1, 1, 72
randumb, 1, 1, 3
event, 19, 17, 76
thor, 37, 34, 155
improves, 1, 1, 6
context, 2, 2, 38
retarded, 1, 1, 31
focused, 1, 1, 14
whole, 15, 15, 67
finds, 1, 1, 9
baltimore, 1, 1, 3
load, 1, 1, 18
deadman, 2, 2, 3
liked, 18, 16, 127
point, 14, 14, 80
reasons, 2, 2, 6
sweet, 6, 6, 44
editions, 1, 1, 2
rad, 1, 1, 1
community, 2, 2, 41
coincidence, 1, 1, 6
thedas, 1, 1, 13
simply, 1, 1, 1
weasel, 2, 2, 3
marveling, 1, 1, 3
throughout, 5, 5, 40
mission, 1, 1, 10
slott, 4, 4, 32
beats, 2, 2, 17
noir, 1, 1, 4
bolster, 1, 1, 1
worthless, 2, 1, 2
devil, 1, 1, 2
filth, 1, 1, 8
planetary, 4, 4, 10
aphra, 1, 1, 4
monthly, 4, 4, 8
damp, 1, 1, 4
trilogy, 2, 1, 6
political, 5, 3, 23
due, 5, 5, 93
mikey, 1, 1, 4
dug, 4, 4, 141
carano, 1, 1, 8
runner, 1, 1, 2
secret, 21, 20, 109
dropping, 5, 5, 26
damn, 13, 13, 171
nother, 1, 1, 11
collected, 10, 10, 23
faulkner, 1, 1, 60
bendisallnewxmen, 1, 1, 3
whoa, 1, 1, 350
pl, 1, 1, 38
walter, 1, 1, 0
sanders, 1, 1, 20
dialogue, 2, 2, 3
lived, 1, 1, 0
izombie, 1, 1, 5
squirrel, 2, 2, 5
gay, 2, 2, 8
niles, 1, 1, 3
mind, 15, 15, 108
ada, 1, 1, 3
pairup, 1, 1, 1
storylines, 2, 2, 1
else, 28, 24, 449
rumble, 1, 1, 10
jlaavengers, 1, 1, 1
butdo, 1, 1, 8
understand, 3, 3, 7
knowthe, 1, 1, 3
realms, 1, 1, 4
demand, 1, 1, 42
gag, 2, 2, 97
firt, 1, 1, 6
rai, 1, 1, 1
intriguing, 2, 2, 9
supermen, 1, 1, 25
look, 30, 28, 248
n52, 1, 1, 7
raw, 1, 1, 11
solid, 5, 5, 37
straight, 9, 7, 27
bill, 3, 3, 8
budget, 1, 1, 3
pill, 1, 1, 8
pace, 1, 1, 10
substantial, 1, 1, 2
kick, 3, 3, 9
yesthis, 1, 1, 1
leaning, 1, 1, 0
fun, 48, 42, 403
animated, 3, 3, 20
robin, 32, 24, 96
theres, 4, 4, 17
birthright, 10, 10, 24
larger, 3, 3, 5
costly, 1, 1, 3
hoping, 19, 18, 95
century, 2, 2, 29
vol, 25, 14, 90
dcyou, 1, 1, 31
von, 2, 2, 6
everywhere, 1, 1, 2
binding, 6, 3, 12
decommissionmurder, 1, 1, 3
rip, 1, 1, 3
calvin, 1, 1, 1
rin, 1, 1, 72
fiona, 1, 1, 3
reads, 1, 1, 7
superheroics, 1, 1, 1
ready, 7, 6, 35
rid, 2, 2, 17
leaving, 6, 6, 85
definitive, 1, 1, 3
becauseyou, 1, 1, 3
funny, 21, 19, 157
deadpool, 123, 80, 1163
fate, 7, 7, 19
anymore, 7, 7, 85
grant, 12, 9, 36
indianthemed, 1, 1, 6
servicetech, 1, 1, 2
bombshells, 6, 6, 35
shorter, 1, 1, 1
read, 105, 82, 414
hester, 1, 1, 3
widely, 1, 1, 2
grand, 1, 1, 11
9, 43, 30, 210
gift, 1, 1, 6
relatively, 2, 2, 17
hitmanmafiaespionage, 1, 1, 1
composition, 1, 1, 3
day, 10, 10, 293
higher, 2, 2, 6
development, 2, 2, 14
hallway, 1, 1, 42
unvarnished, 1, 1, 1
used, 8, 7, 129
dime, 1, 1, 60
anarchofascist, 1, 1, 7
cigar, 1, 1, 1
yesterday, 1, 1, 1
infuses, 1, 1, 7
alert, 2, 2, 60
henchmen, 2, 2, 10
raccoon, 1, 1, 2
viewing, 2, 2, 35
moving, 1, 1, 2
cleaning, 1, 1, 72
necessity, 1, 1, 4
haunting, 1, 1, 15
invest, 1, 1, 7
bob, 4, 4, 98
keye, 1, 1, 12
recent, 6, 6, 23
escalated, 1, 1, 1
early, 10, 10, 89
lower, 2, 2, 8
picky, 1, 1, 3
shortlived, 1, 1, 2
older, 3, 3, 11
dancing, 1, 1, 2
spent, 3, 3, 356
county, 2, 2, 12
edgy, 2, 2, 13
artifact, 1, 1, 35
person, 5, 5, 135
synopsis, 1, 1, 14
formulaic, 1, 1, 1
frankencastle, 1, 1, 2
frazer, 1, 1, 1
floyds, 1, 1, 3
kelly, 8, 7, 38
entry, 3, 3, 32
rdj, 1, 1, 127
rates, 1, 1, 3
spend, 4, 4, 60
know, 69, 61, 624
things, 35, 26, 219
abilities, 1, 1, 7
mom, 3, 3, 87
shehulk, 1, 1, 31
shuster, 1, 1, 1
devolution, 5, 5, 13
distracting, 1, 1, 2
shape, 3, 3, 17
hercules, 2, 2, 28
atomic, 3, 3, 3
questions, 4, 4, 137
world, 23, 21, 256
retired, 1, 1, 1
flashbacks, 1, 1, 2
tvma, 1, 1, 9
letting, 2, 2, 42
tables, 1, 1, 9
cut, 6, 6, 80
helping, 2, 2, 47
kingpin, 2, 1, 14
advanced, 1, 1, 2
readers, 8, 7, 40
surprises, 1, 1, 14
alternate, 4, 4, 8
cuz, 1, 1, 6
increasingly, 2, 2, 3
posterform, 1, 1, 5
source, 4, 4, 156
buyselltrade, 1, 1, 1
location, 1, 1, 15
tamer, 1, 1, 8
snap, 2, 2, 24
input, 1, 1, 14
confederacy, 2, 2, 3
reverted, 1, 1, 0
surprised, 3, 3, 10
defiantly, 1, 1, 2
march, 3, 3, 62
lacking, 1, 1, 2
format, 5, 5, 33
looming, 1, 1, 2
big, 24, 22, 98
showing, 4, 4, 92
sleeper, 1, 1, 5
unlimited, 8, 6, 18
reuse, 1, 1, 16
rebranding, 1, 1, 17
shitty, 2, 2, 10
game, 7, 7, 38
quest, 1, 1, 2
cataclysm, 5, 5, 15
logical, 1, 1, 15
nationalist, 1, 1, 2
diehards, 1, 1, 24
bit, 38, 34, 434
bloody, 2, 2, 27
spirithistory, 1, 1, 24
wings, 1, 1, 1
projects, 5, 3, 15
helpful, 1, 1, 1
shattuck, 1, 1, 1
knock, 1, 1, 0
outright, 1, 1, 3
postcrisis, 2, 2, 4
52nd, 1, 1, 1
spine, 2, 2, 13
admittedly, 1, 1, 19
wasp, 1, 1, 6
gaiman, 1, 1, 5
rcomicswap, 1, 1, 1
postrebirth, 1, 1, 15
ignore, 1, 1, 8
arthur, 1, 1, 24
continue, 4, 4, 12
indication, 1, 1, 6
entice, 1, 1, 1
popular, 4, 4, 8
corinna, 1, 1, 1
hook, 1, 1, 2
disorder, 2, 1, 12
licensing, 1, 1, 3
hyphen, 1, 1, 143
google, 2, 2, 2
konga, 2, 1, 72
collectors, 3, 2, 7
sewn, 1, 1, 3
absolutely, 9, 9, 116
goddamn, 1, 1, 1
dumbest, 1, 1, 15
back, 53, 49, 328
global, 1, 1, 4
lips, 1, 1, 1
martian, 15, 15, 50
mighty, 25, 25, 85
nonetheless, 1, 1, 1
curious, 8, 8, 45
editing, 1, 1, 1
pale, 2, 2, 14
twister, 1, 1, 1
xforce, 11, 9, 223
lars, 1, 1, 4
sized, 1, 1, 2
gradually, 2, 1, 3
garage, 1, 1, -1
pet, 1, 1, 56
prison, 1, 1, 2
pep, 1, 1, 6
desirable, 1, 1, 11
edition, 7, 6, 15
providence, 1, 1, 2
lcbs, 1, 1, 2
comet, 1, 1, 2
central, 2, 2, 6
ray, 1, 1, 3
tends, 3, 3, 13
epic, 6, 6, 16
worst, 3, 3, 13
minimal, 3, 3, 14
either, 16, 14, 156
cgi, 2, 2, 15
run, 44, 34, 265
mullet, 2, 2, 18
requiem, 1, 1, 6
wayward, 1, 1, 2
effecting, 1, 1, 1
cgc, 11, 6, 135
continuing, 2, 2, 13
rug, 1, 1, 17
zombie, 1, 1, 4
step, 7, 5, 61
characterhas, 1, 1, 2
bp, 1, 1, 6
nowhere, 1, 1, 0
santa, 4, 3, 14
become, 6, 5, 43
becomeswho, 1, 1, 5
crap, 4, 4, 41
relating, 1, 1, 24
raider, 1, 1, 4
gibbons, 1, 1, 4
troops, 1, 1, 3
roundup, 1, 1, 2
react, 2, 1, 11
tommy, 4, 1, 5
anything, 31, 23, 194
postfilm, 1, 1, 43
exaggerated, 1, 1, 117
idw, 2, 2, 3
hairy1ime, 1, 1, 1
firing, 1, 1, 15
75, 1, 1, 353
drama, 2, 2, 6
financial, 1, 1, 30
range, 2, 2, 11
regular, 1, 1, 2
pmla, 1, 1, 3
obiwan, 1, 1, 6
replacement, 1, 1, 2
outmarvel, 1, 1, 1
silence, 1, 1, 1
seeing, 21, 19, 213
rats, 1, 1, 12
garbage, 1, 1, 3
terrorists, 1, 1, 6
precisely, 1, 1, 0
visit, 1, 1, 4
within, 4, 4, 21
integral, 1, 1, 2
invading, 1, 1, 6
civilizationwhat, 1, 1, 3
withit, 1, 1, 9
thisll, 1, 1, 2
revisits, 1, 1, 19
master, 3, 3, 6
contributor, 1, 1, 1
sports, 1, 1, 11
katie, 1, 1, 1
criticisms, 1, 1, 42
arcade, 1, 1, 6
hydra, 1, 1, 9
spending, 1, 1, 1
extremely, 4, 3, 35
imgurcomam3byz, 1, 1, 6
question, 8, 8, 24
fast, 2, 2, 2
henson, 1, 1, 3
ordered, 1, 1, 1
doubt, 3, 3, 35
infected, 3, 2, 62
suit, 5, 5, 147
forward, 11, 11, 44
translate, 1, 1, 2
twitter, 1, 1, 5
opens, 1, 1, 3
files, 2, 2, 10
mountains, 1, 1, 1
https, 29, 16, 125
jewish, 1, 1, 7
poster, 2, 2, 12
memory, 1, 1, 18
hoped, 5, 5, 18
archaia, 1, 1, 60
boys, 2, 2, 7
properly, 1, 1, 10
link, 5, 4, 6
library, 2, 2, 10
newer, 3, 3, 13
russian, 2, 1, 1
line, 19, 16, 524
immortal, 1, 1, 5
pain, 1, 1, 20
raising, 1, 1, 3
posted, 4, 4, 13
info, 1, 1, 8
writerartist, 1, 1, 3
jonathan, 3, 2, 11
4001ad, 1, 1, 1
skull, 3, 2, 87
restarted, 1, 1, 1
goodwill, 1, 1, 2
us, 18, 16, 129
planet, 6, 6, 12
paired, 1, 1, 24
cautiously, 2, 2, 65
uh, 2, 2, 12
mature, 9, 8, 37
sum, 1, 1, 40
continuously, 1, 1, 21
locally, 1, 1, 3
execs, 1, 1, 18
similar, 4, 4, 17
called, 14, 12, 113
inhumans, 15, 14, 44
bell, 2, 2, 18
constant, 3, 3, 44
113, 1, 1, 60
figured, 1, 1, 2
metal, 1, 1, 15
parser, 1, 1, 38
package, 1, 1, 3
scarlet, 3, 3, 26
single, 16, 14, 106
warning, 1, 1, 6
ingredients, 1, 1, 3
chat, 2, 2, 19
thier, 1, 1, 12
basterds, 1, 1, 3
youtubeamp, 1, 1, 60
empire, 2, 2, 18
kidney, 1, 1, 14
shaky, 1, 1, 1
rainbow, 1, 1, 3
passable, 1, 1, 8
begone, 1, 1, 2
sakai, 1, 1, 2
tuft, 1, 1, 1
levity, 1, 1, -1
hint, 1, 1, 1
peace, 1, 1, 3
kills, 9, 9, 28
scares, 1, 1, 11
application, 1, 1, 16
definitely, 16, 15, 264
parlov, 1, 1, 1
bewhat, 1, 1, 15
department, 1, 1, 17
inglorious, 1, 1, 3
stryfe, 1, 1, 3
manhattan, 2, 2, 13
nice, 19, 18, 85
dale, 2, 2, 75
explaining, 1, 1, 2
draw, 6, 6, 90
claus, 1, 1, 6
gross, 1, 1, 8
favourite, 4, 4, 70
problems, 4, 4, 22
liners, 1, 1, 2
visits, 1, 1, 3
mcfarland, 1, 1, 3
william, 1, 1, 60
arabicsounding, 1, 1, 13
drag, 1, 1, 2
est, 1, 1, 60
evan, 1, 1, 2
utterly, 3, 2, 21
lent, 1, 1, 1
batgordon, 1, 1, 5
depicting, 1, 1, 2
wrinkle, 1, 1, 4
desert, 1, 1, 2
relaunch, 2, 2, -6
lang, 2, 1, 29
lane, 2, 2, 11
land, 6, 5, 28
e, 1, 1, 58
practically, 2, 2, 12
crease, 1, 1, 1
age, 18, 13, 94
teams, 2, 2, 4
alongside, 1, 1, 6
walked, 3, 3, 34
ubuparwiggum, 1, 1, 6
nonsuperheroes, 1, 1, 1
solicits, 1, 1, 2
depth, 1, 1, 5
implied, 2, 2, 17
reprinted, 1, 1, 3
ignoramus, 1, 1, 11
narrative, 3, 3, 64
far, 28, 25, 147
ohhhhing, 1, 1, 3
underrated, 1, 1, 6
menace, 1, 1, 72
intentional, 1, 1, 3
bvs, 6, 5, 16
35003600, 1, 1, 11
gt, 21, 14, 229
jason, 5, 4, 12
wire, 1, 1, 3
borderlands, 1, 1, 8
justflat, 1, 1, 15
kanan, 2, 1, 6
appear, 2, 2, 2
results, 1, 1, 1
steve, 7, 6, 37
gf, 1, 1, 3
wolverines, 1, 1, 24
legal, 1, 1, 10
august, 1, 1, 2
go, 43, 40, 365
gn, 1, 1, 1
conservative, 1, 1, 14
kate, 3, 2, 79
issues, 56, 46, 235
seemed, 5, 5, 15
simon, 1, 1, 6
crossover, 8, 6, 28
glows, 1, 1, 1
disposal, 1, 1, 13
concerned, 1, 1, 7
young, 5, 5, 16
send, 5, 5, 53
parobeck, 1, 1, 1
campfire, 1, 1, 10
helps, 3, 3, 8
miniseriesone, 1, 1, 2
dislike, 2, 2, 23
include, 4, 4, 19
friendly, 6, 6, 25
yount, 1, 1, 4
brigade, 1, 1, 2
rag, 2, 2, 5
wb, 1, 1, 5
dicaprio, 1, 1, 16
infinite, 1, 1, 3
murderous, 1, 1, 15
torture, 4, 4, 36
organizations, 1, 1, 3
gina, 1, 1, 8
kitty, 2, 1, 2
710, 1, 1, 15
headaches, 1, 1, 1
51k4qwdq2lamp, 1, 1, 5
putting, 6, 6, 79
traced, 1, 1, 8
mixing, 1, 1, 10
themyscira, 1, 1, 9
continued, 1, 1, 6
framing, 2, 2, 4
catchphrase, 1, 1, 20
timely, 1, 1, 1
entire, 10, 10, 169
magic, 3, 3, 9
knight, 13, 12, 44
michael, 3, 2, 3
ryan, 14, 14, 642
prototypes, 1, 1, 3
try, 17, 16, 71
brutal, 1, 1, 3
skipped, 1, 1, 5
race, 1, 1, 3
congrats, 1, 1, 3
dealt, 1, 1, 6
imgur, 1, 1, 1
havent, 1, 1, 5
choppy, 1, 1, 1
freaked, 1, 1, 8
bernie, 1, 1, 20
hunter, 1, 1, 1
someday, 1, 1, 2
gender, 1, 1, -24
melodrama, 1, 1, 5
booty, 1, 1, 4
focuses, 1, 1, 2
templesmith, 1, 1, 3
visuals, 1, 1, 1
crow, 1, 1, 3
buttransmetropolitan, 1, 1, 1
scientist, 1, 1, 3
modified, 1, 1, 3
jump, 2, 2, 4
00s, 1, 1, 0
blowing, 2, 2, 3
video, 4, 4, 66
traveling, 1, 1, 4
picked, 5, 5, 44
subtle, 1, 1, 2
ardent, 1, 1, 24
oda, 1, 1, 1
dynamics, 2, 1, 6
odd, 2, 2, 18
click, 1, 1, 6
folk, 1, 1, 2
victor, 1, 1, 19
south, 1, 1, 1
6issue, 1, 1, -1
plays, 2, 2, 5
power, 30, 29, 127
minor, 1, 1, 2
giving, 3, 3, 64
fianc, 1, 1, 2
kingdom, 6, 6, 12
schedule, 2, 2, 3
recommendation, 1, 1, 1
vampire, 5, 5, 13
find, 28, 25, 224
access, 1, 1, 2
consistently, 2, 2, 11
19th, 1, 1, 15
indian, 1, 1, 8
twins, 1, 1, 19
obvious, 2, 2, 1
barakapool, 1, 1, 58
nazis, 1, 1, 2
referenceshomages, 1, 1, 1
body, 2, 2, 15
inspect, 1, 1, 1
led, 1, 1, 1
lee, 11, 6, 120
degree, 1, 1, 3
orleans, 1, 1, 2
weirds, 1, 1, 2
nitpick, 3, 2, 16
gathered, 2, 1, 72
pushing, 2, 2, 82
subpar, 1, 1, 3
punch, 2, 2, 16
iconic, 1, 1, 2
20112012, 1, 1, 3
following, 8, 7, 22
explore, 1, 1, 1
gillen, 3, 3, 9
let, 17, 16, 235
separation, 1, 1, 1
others, 9, 8, 65
lex, 2, 2, 4
sexy, 1, 1, 24
scrapped, 1, 1, 1
invented, 1, 1, 2
fifteen, 1, 1, 87
kidnapped, 1, 1, 87
mindset, 1, 1, 64
waste, 1, 1, 1
great, 110, 88, 821
talent, 1, 1, 11
thati, 1, 1, 12
groot, 1, 1, 2
33, 2, 2, 110
involved, 2, 2, 12
30, 13, 8, 97
37, 2, 2, 110
36, 2, 2, 79
35, 2, 2, 110
34, 2, 2, 40
resurrect, 1, 1, 1
suggests, 1, 1, 1
1244, 1, 1, 72
defeat, 1, 1, 1
popcorn, 1, 1, 3
opinion, 6, 4, 25
nameless, 3, 3, 31
gene, 1, 1, 1
makes, 13, 13, 80
ruin, 1, 1, 6
thats, 3, 3, 4
leinil, 1, 1, 3
writer, 21, 13, 74
205, 1, 1, 3
dcu, 1, 1, 2
clark, 4, 4, 12
heart, 4, 4, 33
win, 6, 6, 10
app, 1, 1, 4
dpid, 1, 1, 5
crazy, 14, 13, 191
private, 1, 1, 8
talon, 1, 1, 2
bechko, 1, 1, 1
wit, 1, 1, 5
halfassed, 1, 1, 1
names, 2, 2, 71
vols, 2, 1, 6
sewers, 1, 1, 1
fosthor, 1, 1, 1
gimmick, 1, 1, 191
route, 1, 1, 3
announced, 3, 3, 25
megapost, 1, 1, 120
use, 14, 12, 174
exciting, 2, 2, 11
stream, 1, 1, 60
usa, 1, 1, 3
revile, 1, 1, 1
readable, 1, 1, 1
next, 31, 26, 200
spacemans, 1, 1, 2
camera, 1, 1, 6
familyfriend, 1, 1, 7
rrated, 3, 3, 20
twdparody, 1, 1, 3
inserts, 1, 1, 1
length, 2, 2, 10
panel, 4, 3, 47
intend, 1, 1, 2
awesome, 29, 28, 294
rick, 3, 2, 7
sort, 10, 10, 58
151, 1, 1, 1
clever, 4, 2, 39
upcoming, 5, 3, 68
baffled, 1, 1, 17
started, 15, 15, 149
becomes, 5, 5, 21
charming, 1, 1, 24
payne, 1, 1, 1
heartily, 1, 1, 2
babs, 1, 1, 10
rabbit, 2, 2, 63
vol2, 1, 1, 31
actual, 2, 2, 17
tearing, 1, 1, 6
rivalry, 2, 2, 6
circle, 1, 1, 16
starter, 1, 1, 2
subscription, 2, 2, 61
customer, 1, 1, 2
torn, 1, 1, 5
account, 1, 1, 2
animals, 1, 1, 3
origins, 3, 3, 63
tynion, 3, 2, 31
unarmed, 1, 1, 15
gabriel, 1, 1, 1
ride, 4, 4, 195
sounded, 2, 2, 119
cartooncomic, 1, 1, 31
asgardian, 1, 1, 4
panter, 1, 1, 11
tag, 2, 2, 12
crossed, 6, 6, 26
oneoff, 1, 1, 17
praise, 3, 3, 11
tochinni, 1, 1, 1
meet, 1, 1, 3
didnt, 1, 1, 8
coffin, 2, 1, 3
embezzled, 1, 1, 57
bend, 1, 1, 1
control, 2, 2, 16
continuity, 7, 7, 57
weaker, 1, 1, 3
patrol, 3, 3, 14
thermopylae, 1, 1, 3
links, 4, 4, 166
telling, 1, 1, 4
process, 3, 3, 27
proportions, 1, 1, 15
allowed, 1, 1, 44
3630, 1, 1, 11
pieces, 2, 2, 11
high, 15, 15, 133
sought, 1, 1, 3
villain, 16, 12, 109
dm, 1, 1, 1
pulling, 4, 3, 23
something, 37, 36, 418
documenting, 1, 1, 60
bastardization, 1, 1, 19
blvd, 1, 1, 1
boner, 1, 1, 216
nitpicky, 1, 1, 15
reynolds, 15, 15, 833
rape, 1, 1, 10
native, 1, 1, 2
hesitate, 1, 1, 12
malware, 1, 1, 2
fett, 1, 1, 3
vibe, 3, 3, 5
stole, 1, 1, 8
purpose, 1, 1, 2
six, 14, 14, 77
anakin, 1, 1, 6
delay, 2, 2, 15
brian, 4, 4, 16
zdarsky, 1, 1, 1
swear, 1, 1, 19
forest, 1, 1, 2
animal, 3, 3, 13
instead, 7, 7, 196
comedy, 8, 8, 82
intelligent, 1, 1, 2
circular, 1, 1, 11
stray, 1, 1, 4
attend, 1, 1, 2
kickstarter, 4, 3, 68
stop, 10, 9, 37
tithe, 1, 1, 1
philosophy, 1, 1, 48
collection, 7, 7, 95
3, 51, 46, 454
ronald, 1, 1, 3
independent, 2, 2, 5
abuse, 2, 1, 3
fatigue, 1, 1, 31
beard, 1, 1, 1
taco, 2, 2, 43
fits, 1, 1, 191
reggie, 1, 1, 12
toddlers, 1, 1, 1
tomb, 1, 1, 4
united, 1, 1, 2
assassin, 1, 1, 6
underused, 1, 1, 8
concern, 1, 1, 1
light, 2, 2, 20
hefty, 1, 1, 40
lame, 3, 3, 12
lines, 5, 5, 149
liner, 1, 1, 1
wwii, 1, 1, 4
potential, 2, 2, 8
lnir, 1, 1, 1
honestly, 9, 9, 84
nightwing, 2, 2, 14
classy, 2, 2, 22
lined, 1, 1, 15
divided, 1, 1, 1
transformation, 1, 1, 3
littleknown, 1, 1, -1
doctorinternational, 1, 1, 16
wares, 1, 1, 3
producer, 1, 1, 1
move, 3, 3, 70
gimmmmeeeee, 1, 1, 1
133, 1, 1, 38
referenced, 4, 4, 112
including, 3, 2, 12
costume, 1, 1, 2
referencing, 1, 1, 11
paperbacks, 1, 1, 12
letters, 1, 1, 10
galaxy, 3, 3, 8
warren, 8, 6, 14
perfect, 14, 10, 91
write, 8, 8, 30
blake, 1, 1, 5
chosen, 1, 1, 3
banner, 1, 1, 17
rectify, 1, 1, 17
remembered, 1, 1, 2
strode, 3, 3, 17
lt, 2, 2, 56
willing, 4, 4, 10
firmly, 1, 1, 2
possiblelikely, 1, 1, 3
2015, 1, 1, 7
covered, 1, 1, 6
2016, 2, 2, 54
2011, 3, 2, 8
spreading, 1, 1, 24
rat, 3, 3, 6
dad, 8, 4, 122
flex, 1, 1, 2
designs, 3, 2, 17
crash, 1, 1, 1
pure, 1, 1, 2
90day, 1, 1, 11
matchesjealous, 1, 1, 5
catherine, 1, 1, 3
towait, 1, 1, 15
material, 3, 3, 34
bat, 1, 1, 1
ship, 1, 1, 3
xchartacers, 1, 1, 1
bolded, 1, 1, 6
mention, 4, 4, 33
cutting, 2, 2, 18
youtubeqajynrnypms, 1, 1, 8
stout, 1, 1, 4
hands, 9, 9, 395
front, 4, 3, 26
spidermen, 2, 2, 21
cage, 1, 1, 15
realize, 4, 3, 9
decapitate, 1, 1, 79
creators, 2, 2, 4
uncanny, 20, 20, 252
worlds, 2, 2, 4
february, 3, 2, 42
wallowing, 1, 1, 2
damian, 1, 1, 3
profound, 1, 1, 31
edit, 25, 23, 531
imgurcomgalleryznsaq, 1, 1, 2
university, 2, 2, 5
mcavoy, 1, 1, 130
luna, 1, 1, 1
resemblance, 1, 1, 10
dawn, 1, 1, 19
xbooks, 1, 1, 6
trap, 3, 2, 18
crossing, 1, 1, 58
rising, 1, 1, 4
shaking, 1, 1, 16
warner, 1, 1, 7
lie, 1, 1, 2
studios, 1, 1, 15
cry, 3, 3, 21
platform, 2, 2, 4
sanda, 1, 1, 1
dreaming, 1, 1, 3
snaps, 1, 1, 1
related, 4, 4, 129
nonexistant, 1, 1, 3
milsap, 1, 1, 9
society, 2, 2, 8
junkie, 1, 1, 3
books, 65, 49, 324
jailand, 1, 1, 3
exceeded, 1, 1, 3
80, 2, 2, 7
differ, 1, 1, 1
86, 2, 1, 15
special, 2, 2, 5
nickelodeon, 1, 1, 16
matt, 3, 3, 31
merc, 2, 2, 1
entertainment, 1, 1, 60
armor, 2, 2, 34
aside, 5, 5, 13
confess, 1, 1, 12
unsheathing, 1, 1, 2
reboot, 8, 8, 56
halfway, 2, 2, 9
critics, 1, 1, 5
reh, 1, 1, 4
hilarious, 7, 6, 152
kelley, 1, 1, 1
goliath, 2, 2, 13
wincing, 1, 1, 24
red, 16, 15, 147
glover, 1, 1, 3
thanking, 1, 1, 5
wallpaper, 1, 1, 2
angular, 1, 1, 2
alleged, 1, 1, 3
outkast, 1, 1, 3
interactions, 1, 1, 1
frank, 5, 4, 12
contrarian, 1, 1, 15
steel, 1, 1, 4
hopkins, 1, 1, 3
antihero, 1, 1, 3
completely, 5, 5, 52
tied, 1, 1, 10
usual, 2, 2, 29
thrust, 1, 1, 11
firestorm, 1, 1, 1
anyhow, 1, 1, 4
fallout, 2, 2, 7
princess, 1, 1, 6
salute, 1, 1, 3
backwards, 1, 1, 2
allies, 1, 1, 2
comixology, 9, 9, 86
g, 1, 1, 2
lone, 1, 1, 19
could, 61, 44, 686
area, 3, 2, 15
kiss, 1, 1, 44
keep, 23, 20, 146
keen, 2, 1, 1
smartass, 1, 1, 191
birthday, 1, 1, 5
protagonists, 1, 1, 6
biting, 1, 1, 3
parallel, 1, 1, 10
chills, 3, 3, 5
invisible, 1, 1, 3
cannonball, 3, 3, 13
wolk, 1, 1, 3
scribd, 3, 1, 1
afforded, 1, 1, 2
finest, 2, 2, 73
eat, 1, 1, 12
succeeds, 1, 1, 14
offbrand, 1, 1, 5
powerful, 2, 2, 2
scene, 7, 7, 106
skills, 1, 1, 1
jesus, 5, 5, 21
tier, 1, 1, 10
phil, 1, 1, 3
bitch, 6, 6, 12
soso, 1, 1, 5
mandatory, 1, 1, 1
blows, 1, 1, 3
kidding, 4, 4, 24
quality, 8, 8, 85
suck, 1, 1, 19
owning, 1, 1, 2
humblest, 1, 1, -1
bprd, 1, 1, 2
long, 16, 16, 79
sadly, 2, 2, 4
fair, 1, 1, 5
nighthawk, 5, 4, 26
revealed, 2, 2, 11
hobbes, 1, 1, 1
relations, 1, 1, 0
grow, 1, 1, 3
roche, 1, 1, 3
taunts, 1, 1, 3
trending, 1, 1, 0
intelligence, 1, 1, -1
wrapped, 2, 2, 4
racist, 1, 1, 7
pd_aw_sim_14_of_5, 1, 1, 5
perfectly, 2, 2, 194
behaved, 1, 1, 117
final, 7, 6, 64
superheros, 2, 2, 13
robliefeld, 1, 1, 1
interests, 1, 1, 3
vid, 1, 1, 2
shell, 2, 2, 8
stomach, 1, 1, 1
lot, 51, 47, 521
somethin, 1, 1, 2
shelf, 5, 4, 105
completed, 1, 1, 1
exactly, 7, 6, 86
lists, 2, 1, 38
depressing, 4, 3, 60
chemicals, 1, 1, 1
ogn, 1, 1, 3
greenlight, 1, 1, 24
dynamite, 1, 1, 1
july, 2, 2, 4
neck, 1, 1, 6
producers, 1, 1, 0
loved, 24, 23, 308
ultimatum, 2, 1, 6
preordering, 1, 1, 0
characterizations, 2, 2, 15
boring, 4, 4, 31
bother, 3, 3, 28
bea, 1, 1, 24
schizophrenia, 1, 1, 24
submitted, 2, 2, 38
tortured, 1, 1, 3
cartoonish, 1, 1, 15
ss, 1, 1, 4
halcyon, 1, 1, 3
loves, 5, 4, 16
sr, 1, 1, 3
dumb, 2, 2, 5
negatively, 1, 1, 5
providing, 1, 1, 16
counting, 1, 1, 10
cosmonauts, 1, 1, 3
malekith, 1, 1, 7
collecting, 2, 2, 4
imaginative, 2, 2, 19
enforced, 1, 1, -1
counter, 1, 1, 3
villains, 6, 6, 149
10000, 1, 1, 5
coolio, 1, 1, 2
ehrmantraut, 1, 1, 1
screenwriter, 2, 2, 60
comfortable, 1, 1, 3
tonight, 1, 1, 1
discussions, 1, 1, 3
unlikely, 1, 1, 12
disturbing, 1, 1, 1
need, 20, 19, 416
handbullseye, 1, 1, 14
apparently, 1, 1, 3
clearly, 6, 6, 32
catholic, 1, 1, 12
bagsamp, 1, 1, 0
tomasi, 1, 1, 3
angle, 1, 1, 24
psyche, 2, 2, 8
dallas, 1, 1, 3
prismatic, 1, 1, 1
elements4thwall, 1, 1, 24
able, 9, 9, 31
gravity, 5, 4, 65
weirdworld, 3, 3, 10
copypasting, 1, 1, 42
demolished, 1, 1, 1
funds, 1, 1, 3
ock, 1, 1, 1
truck, 1, 1, 3
underlings, 1, 1, 14
visor, 1, 1, 1
livewire, 1, 1, 1
realizes, 1, 1, 3
goddamned, 1, 1, 3
pete, 1, 1, 1
galactus, 4, 3, 11
unless, 3, 3, 21
obviously, 2, 2, 4
khan, 1, 1, 5
sailors, 1, 1, 10
claremont, 2, 1, 3
delayed, 1, 1, 1
naturally, 1, 1, 1
misogynistic, 1, 1, 8
01, 3, 3, 63
connected, 1, 1, 3
demise, 1, 1, 14
device, 2, 2, 16
thoses, 1, 1, 1
batartists, 1, 1, 1
delivery, 1, 1, 9
refreshing, 3, 3, 152
consequences, 3, 3, 21
deathstroke, 2, 2, 10
alaskan, 1, 1, 3
smaller, 1, 1, 1
clive, 2, 2, 13
face, 4, 4, 35
looked, 7, 7, 198
midseries, 1, 1, 5
roku, 1, 1, 3
gesture, 2, 2, 6
nailed, 2, 2, 9
lakes, 1, 1, 2
xavier, 2, 2, 10
skinny, 1, 1, 1
vertigoimage, 1, 1, 17
normally, 2, 2, 2
2010, 1, 1, 3
tear, 1, 1, 1
mk, 1, 1, 6
selection, 4, 4, 9
starbrand, 1, 1, 1
text, 1, 1, 5
agreed, 3, 3, 17
unseen, 1, 1, 15
anyway, 6, 6, 26
wins, 1, 1, 20
hardcover, 3, 2, 13
planning, 3, 3, 19
reaching, 1, 1, 7
hc, 1, 1, 5
iimgurcom48lbxb4jpg, 1, 1, 29
portfolio, 1, 1, 4
rough, 2, 2, 27
shangchi, 1, 1, 1
pleased, 1, 1, 9
decade, 2, 2, 19
staff, 1, 1, 4
lando, 1, 1, 6
envy, 1, 1, 2
filmed, 1, 1, 1
grabbed, 2, 2, 26
knowledge, 3, 3, 44
timm, 1, 1, 2
miniseries, 9, 8, 96
maggott, 1, 1, 6
euphoric, 1, 1, 2
bracing, 1, 1, 2
tape, 1, 1, 2
reorganizing, 1, 1, 6
cameos, 4, 3, 15
attoseconds, 1, 1, 7
riding, 1, 1, 4
chinese, 1, 1, 2
jae, 2, 1, 15
local, 9, 9, 55
hope, 30, 28, 312
meant, 3, 3, 87
labio, 1, 1, 3
insight, 2, 2, 6
handle, 2, 2, 7
listened, 1, 1, 0
watching, 6, 6, 110
beat, 1, 1, 3
familiar, 1, 1, 9
dope, 1, 1, 1
giffen, 1, 1, 5
overall, 1, 1, 17
bear, 1, 1, 1
likely, 8, 8, 58
120, 1, 1, 72
tbh, 1, 1, 2
ones, 14, 13, 73
words, 1, 1, 1
bluray, 1, 1, 42
timing, 1, 1, 24
subscribe, 1, 1, 6
burned, 1, 1, 4
marvels, 4, 4, 71
aforce, 3, 3, 48
liu, 1, 1, 1
evolution, 1, 1, 6
cosplayers, 1, 1, 1
dps, 1, 1, 24
brain, 1, 1, 4
shy, 1, 1, 2
twitterfeed, 1, 1, 3
panther, 4, 4, 7
calling, 3, 3, 57
charactersapocalypse, 1, 1, 1
bacon, 1, 1, 1
stuff, 42, 34, 228
semilocal, 1, 1, 72
grab, 1, 1, 3
fixed, 2, 2, 63
view, 2, 2, 6
spotted, 1, 1, 60
available, 3, 3, 6
author, 1, 1, 2
nightmask, 1, 1, 1
exists, 2, 2, 16
disavowed, 1, 1, 3
dillon, 2, 2, 22
tdksa, 3, 3, 15
showdown, 1, 1, 4
humans, 1, 1, 1
grayson, 3, 3, 27
reinforce, 1, 1, 12
wielding, 1, 1, 5
faces, 1, 1, 2
desperate, 1, 1, 3
sleeping, 1, 1, 19
europa, 1, 1, 3
stack, 2, 2, 6
cold, 1, 1, 12
packed, 1, 1, 1
parallels, 1, 1, 3
closer, 1, 1, 3
cents, 1, 1, 2
error, 1, 1, 3
superhero, 10, 9, 101
thereright, 1, 1, 0
mentioned, 6, 6, 39
learn, 1, 1, 29
xtitles, 1, 1, 8
assumed, 1, 1, 3
superb, 1, 1, 4
xray, 1, 1, 84
favor, 1, 1, 3
written, 13, 13, 100
convince, 1, 1, 14
injustice, 3, 3, 4
closed, 1, 1, 1
horrible, 2, 2, 28
limit, 2, 2, 5
bunch, 6, 6, 123
invisibles, 1, 1, 5
supervillain, 3, 2, 7
bought, 6, 5, 30
publishers, 2, 2, 1
ends, 1, 1, 3
handful, 1, 1, 15
faceless, 1, 1, 15
exam, 1, 1, 2
sorely, 1, 1, 2
opening, 5, 5, 127
ohc, 3, 3, 12
iimgurcomehf7lbwjpg, 1, 1, 58
seriestoo, 1, 1, 2
deliver, 2, 2, 55
however, 4, 4, 21
foreshadow, 1, 1, 39
embarrassment, 1, 1, 5
job, 9, 9, 135
hooks, 1, 1, 3
joe, 8, 7, 18
spoil, 2, 2, 21
police, 2, 2, 5
reappears, 1, 1, 3
boss, 1, 1, 1
wright, 1, 1, 3
jon, 3, 3, 24
david, 6, 6, 27
titties, 1, 1, 24
hits, 2, 2, 8
commenting, 2, 2, 122
trovi, 1, 1, 2
career, 3, 3, 10
joke, 7, 7, 275
taking, 10, 9, 38
equal, 1, 1, 16
drug, 1, 1, 6
etc, 8, 8, 23
admit, 1, 1, 4
succeed, 2, 2, 16
geoff, 3, 2, 7
cares, 1, 1, 6
grail, 1, 1, 1
darker, 1, 1, 2
glorious, 1, 1, 4
otherwise, 1, 1, 3
comment, 5, 5, 79
1602league, 1, 1, 4
reacting, 1, 1, 3
co, 1, 1, 1
extent, 1, 1, 5
wall, 7, 6, 62
shoving, 1, 1, 6
ca, 41, 39, 416
disservice, 1, 1, 3
snowfall, 14, 14, 44
walk, 1, 1, 0
walt, 1, 1, 72
genre, 1, 1, 6
outsmarts, 2, 1, 4
laugh, 9, 7, 152
sequences, 1, 1, 15
respect, 3, 2, 154
uber, 1, 1, 2
quit, 1, 1, 2
yay, 1, 1, 10
shut, 2, 2, 7
leads, 3, 3, 17
powered, 1, 1, 1
addition, 1, 1, 2
decent, 4, 4, 15
hunters, 1, 1, 1
cinema, 2, 2, 4
romero, 1, 1, 12
copies, 4, 3, 71
inflict, 1, 1, 6
imagery, 3, 3, 65
literacy, 1, 1, 3
monthlies, 2, 2, 48
whedon, 2, 2, 8
slowly, 1, 1, 8
treat, 1, 1, 12
ah, 1, 1, 10
proposal, 1, 1, 3
kitchen, 3, 2, 17
recurring, 1, 1, 1
chute, 1, 1, 3
trinity, 1, 1, 1
2001, 1, 1, 3
butchers, 1, 1, 1
bragging, 1, 1, 4
mike, 7, 7, 22
penny, 1, 1, 3
tieins, 3, 3, 12
finishes, 1, 1, 1
465, 1, 1, 3
listing, 1, 1, 3
laquer, 1, 1, 1
essentially, 1, 1, 5
sales, 3, 3, 19
bulk, 3, 2, 11
hmm, 2, 2, 49
finished, 7, 7, 21
udon, 1, 1, 3
mundo, 1, 1, 1
decompressed, 1, 1, 0
angler, 1, 1, 5
kicks, 1, 1, 2
consecutive, 1, 1, 2
fellow, 3, 2, 7
present, 3, 2, 8
cbr, 2, 2, 15
novel, 8, 6, 19
splits, 1, 1, 2
unlike, 1, 1, 8
pummeling, 1, 1, 1
airboy, 1, 1, 5
vanilla, 1, 1, 8
appearance, 6, 6, 41
tshirt, 2, 2, 9
value, 6, 6, 39
choices, 1, 1, 6
quitely, 1, 1, 2
stunning, 1, 1, 6
broadly, 1, 1, 10
country, 3, 2, 6
wild, 5, 5, 12
pictures, 2, 1, 11
ultra, 1, 1, 12
frustrating, 2, 2, 12
uhhhhyeah, 1, 1, 15
restoration, 1, 1, 2
archie, 34, 26, 84
versaci, 1, 1, 3
mutant, 2, 2, 72
conveying, 1, 1, 3
almost, 10, 10, 95
blood, 5, 5, 22
insanely, 2, 2, 43
thus, 2, 2, 22
surprisingly, 4, 4, 102
chapeau, 1, 1, 8
helped, 1, 1, 1
simone, 2, 2, 4
vr, 1, 1, 2
vs, 11, 8, 39
properties, 1, 1, 14
optimistic, 2, 2, 65
politics, 6, 3, 42
thug, 1, 1, 4
bucks, 1, 1, 1
rightwing, 1, 1, 7
superheroes, 3, 3, 8
submariner, 1, 1, 2
looot, 1, 1, 19
shooting, 1, 1, 3
twistoriented, 1, 1, 2
began, 2, 2, 44
maddening, 1, 1, 2
funniest, 1, 1, 16
underwhelmed, 2, 2, 30
eric, 2, 2, 8
serving, 2, 2, 11
prophecy, 1, 1, 3
parts, 4, 3, 26
slammed, 1, 1, 29
shuttle, 1, 1, 3
party, 3, 3, 26
negotiate, 1, 1, 1
gets, 27, 24, 280
dan, 3, 3, 24
tomatoes, 1, 1, 5
difficult, 2, 2, 8
ball, 1, 1, 3
http, 43, 27, 416
alot, 2, 2, 7
emotionally, 1, 1, 3
novels, 4, 4, 15
promo, 3, 3, 63
premiere, 2, 2, 5
canadians, 1, 1, 6
upon, 3, 3, 39
outcast, 1, 1, 2
manhunter, 15, 15, 50
nightly, 1, 1, 1
sooner, 1, 1, 1
student, 1, 1, 5
uni, 1, 1, 5
dust, 1, 1, 0
frequently, 1, 1, 14
ikea, 1, 1, 10
tighter, 1, 1, 117
pleasantly, 1, 1, 1
videos, 1, 1, 0
compendium, 1, 1, 1
gutter, 2, 2, 11
gambitwe, 1, 1, 4
adapted, 1, 1, 1
weapon, 1, 1, 1
incredible, 3, 3, 13
well, 52, 47, 423
fighting, 8, 8, 44
thought, 27, 25, 261
354, 1, 1, 42
hearkened, 1, 1, 19
english, 2, 2, 2
comparisons, 1, 1, 3
fail, 1, 1, 4
muscle, 1, 1, 2
drawing, 2, 2, 24
latest, 3, 3, 17
manapul, 1, 1, 17
cameo, 3, 3, 108
legendary, 1, 1, 6
cried, 1, 1, 56
heavily, 3, 3, 20
moments, 5, 5, 128
storage, 1, 1, 2
accurate, 1, 1, 9
rolled, 1, 1, 8
sources, 2, 2, 5
lemire, 11, 10, 55
mistakes, 1, 1, 29
seats, 1, 1, 3
tough, 4, 3, 28
paul, 4, 4, 36
glue, 1, 1, 1
downvoted, 3, 3, 3
web, 11, 8, 28
generous, 1, 1, 2
rapid, 1, 1, 12
bibliography, 1, 1, 3
ads, 1, 1, 5
tight, 2, 2, 11
mcfarline, 1, 1, 3
podcast, 1, 1, 2
jeff, 4, 4, 16
sky, 2, 2, 15
studio, 1, 1, 3
cybernetic, 1, 1, 3
killed, 8, 7, 116
mccloud, 2, 1, 3
288, 1, 1, 72
add, 8, 8, 23
usagi, 3, 2, 3
citizen, 4, 4, 13
subscribed, 1, 1, 3
booksamp, 1, 1, 3
tray, 2, 2, 4
barrow, 1, 1, 3
balloons, 1, 1, 5
284, 1, 1, 72
match, 2, 2, 25
boom, 4, 4, 8
innocents, 1, 1, 15
wont, 1, 1, 3
increased, 1, 1, 3
myth, 1, 1, 7
government, 1, 1, 3
checking, 5, 5, 74
aquaman, 2, 2, 4
masters, 1, 1, 3
royalty, 1, 1, 150
five, 8, 8, 74
whatever, 15, 12, 232
burden, 1, 1, 42
bottoms, 1, 1, 6
press, 2, 1, 3
immediately, 4, 3, 6
variants, 3, 3, 29
2nd, 2, 2, 91
prest, 1, 1, 5
sauvage, 1, 1, 19
loss, 2, 2, 17
displaced, 1, 1, 3
incredibly, 5, 5, 52
necessary, 3, 3, 10
like, 212, 162, 1488
lost, 12, 11, 36
sizes, 1, 1, 20
overandover, 1, 1, 2
cableamp, 1, 1, 1
spiderdeadpoolman, 1, 1, 2
swapping, 1, 1, -24
we3, 4, 4, 16
flamethrowers, 1, 1, 15
fighter, 1, 1, 3
lose, 3, 3, 18
chick, 1, 1, 8
works, 9, 8, 52
page, 13, 11, 53
backlog, 2, 2, 20
adaptation, 1, 1, 5
accessible, 2, 2, 7
exceed, 1, 1, 3
ratedr, 1, 1, 1
sequence, 2, 1, 10
celebrate, 1, 1, 1
footage, 1, 1, 24
angles, 1, 1, 6
searching, 1, 1, 1
alive, 2, 2, 10
cringiest, 1, 1, 15
hair, 3, 3, 10
jla, 3, 3, 10
choosing, 1, 1, 15
112, 1, 1, 72
proper, 2, 2, 15
home, 10, 10, 24
liking, 8, 7, 30
peter, 12, 10, 41
suddencrime, 1, 1, 3
transport, 1, 1, 1
disrupting, 1, 1, 20
happens, 3, 3, 9
completionist, 1, 1, 15
60s, 1, 1, 0
lead, 1, 1, 5
steaming, 1, 1, 6
literally, 8, 8, 82
avoid, 5, 4, 97
thumbnail, 1, 1, 2
teamup, 2, 2, 15
passion, 1, 1, 3
masked, 1, 1, 3
assuming, 1, 1, 3
expo, 1, 1, 1
speak, 1, 1, 3
leader, 4, 4, 43
betty, 2, 2, 36
locate, 1, 1, 16
duh, 1, 1, 7
thinly, 2, 1, 18
finale, 2, 2, 23
murderer, 1, 1, 8
medieval, 3, 2, 3
slight, 1, 1, 73
journal, 5, 3, 16
ability, 1, 1, 7
pressure, 1, 1, 8
although, 10, 10, 47
worthy, 3, 3, 11
drained, 1, 1, 17
described, 1, 1, 2
multiversity, 2, 2, 14
barely, 1, 1, 7
science, 1, 1, 38
sister, 2, 2, 26
redraw, 1, 1, 10
rare, 1, 1, 0
boards, 2, 2, 3
kevin, 1, 1, 1
getting, 40, 36, 288
3500, 1, 1, 11
universe, 24, 22, 136
sinister, 3, 3, 8
chance, 6, 6, 19
shipping, 4, 3, 49
slayer, 2, 2, 7
roofscene, 1, 1, 60
piqued, 2, 2, 8
sweat, 1, 1, 1
saddens, 1, 1, 3
xcutioner, 1, 1, 18
introduced, 2, 2, 7
create, 1, 1, 3
unlikable, 1, 1, 19
stakes, 1, 1, 18
turtle, 1, 1, 6
moore, 2, 2, 4
editorinchief, 1, 1, 4
keeps, 2, 2, 14
owe, 2, 1, 11
hwy, 1, 1, 7
washington, 1, 1, 2
elektra, 7, 5, 109
chris, 1, 1, 3
guard, 4, 3, 37
weather, 1, 1, 6
promise, 2, 2, 6
tiny, 3, 3, 56
female, 1, 1, 2
artists, 4, 4, 10
exgirlfriends, 1, 1, 29
fullyformed, 1, 1, 5
whos, 1, 1, 8
sonany, 1, 1, 12
encased, 1, 1, 3
lowkey, 1, 1, 1
thadland, 1, 1, 14
boost, 1, 1, 1
van, 1, 1, 3
additional, 1, 1, 3
maalefaak, 1, 1, 3
spitereading, 1, 1, 2
minority, 2, 2, 6
snyder, 13, 11, 48
spiral, 1, 1, 5
spots, 1, 1, 3
noticed, 7, 6, 130
kooky, 1, 1, 1
trigger, 1, 1, 72
frustration, 1, 1, 10
biggest, 8, 7, 85
troubling, 1, 1, 11
exposure, 1, 1, 5
cancel, 1, 1, 2
doomsday, 1, 1, 6
bagged, 1, 1, 4
tricky, 1, 1, 1
buy, 14, 12, 94
coverit, 1, 1, 1
shane, 2, 2, 2
constantly, 5, 5, 39
brand, 3, 3, 10
sequel, 8, 8, 99
ultimates, 11, 4, 48
inked, 1, 1, 2
volume, 17, 16, 99
reminds, 5, 5, 28
hi, 3, 3, 66
plague, 2, 2, 17
gain, 1, 1, 1
oooh, 1, 1, 6
gail, 1, 1, 3
sprinkling, 1, 1, 1
ear, 1, 1, 3
bug, 1, 1, 3
count, 5, 5, 7
made, 22, 19, 124
wise, 1, 1, 1
thrillkiller, 1, 1, 4
places, 4, 4, 8
whether, 3, 3, 59
wish, 15, 14, 122
manga, 1, 1, 2
official, 3, 3, 127
smooth, 1, 1, 3
88, 1, 1, 11
excitement, 10, 4, 14
record, 1, 1, 15
projecting, 1, 1, 12
stories, 26, 20, 95
woke, 1, 1, 1
pumped, 5, 5, 22
junji, 1, 1, 2
problem, 3, 3, 23
pm, 5, 3, 21
minutes, 4, 3, 89
odds, 1, 1, 3
chip, 1, 1, 72
drifter, 1, 1, 3
youtubek8c4srlpte, 1, 1, 0
supreme, 16, 16, 64
cmon, 1, 1, 1
mask, 4, 4, 28
pic, 1, 1, 3
lanning, 1, 1, 5
buffy, 2, 2, 7
ins, 1, 1, 5
multimodal, 1, 1, 3
crusade, 1, 1, 8
conan, 1, 1, 2
flight, 1, 1, 2
geeze, 1, 1, 16
mysteriously, 1, 1, 1
pit, 1, 1, 2
happen, 7, 7, 17
authority, 4, 3, 7
deeper, 2, 1, 1
pussycat, 1, 1, 11
tumblr, 2, 1, 6
compared, 6, 6, 43
ungraded, 1, 1, 2
49, 5, 4, 55
46, 2, 2, 3
sexual, 3, 3, 22
44, 1, 1, 38
45, 3, 3, 20
offensive, 2, 2, 19
detail, 1, 1, 6
40, 1, 1, 1
lately, 1, 1, 13
surreal, 1, 1, 60
book, 107, 76, 603
guarantee, 1, 1, 5
details, 3, 3, 6
sick, 1, 1, 19
finch, 5, 5, 17
playhouse, 1, 1, 2
u, 3, 1, 2
comicswap, 1, 1, 10
trophies, 1, 1, 4
conclusion, 1, 1, 5
canada, 3, 3, 10
repeat, 2, 1, 8
star, 47, 30, 132
volumes, 3, 3, 4
floppies, 1, 1, 5
living, 2, 2, 3
feelings, 1, 1, 12
class, 7, 7, 25
june, 2, 2, 7
ultimately, 3, 3, 36
bundle, 5, 3, 5
stay, 10, 9, 54
solicts, 1, 1, 5
foil, 1, 1, 6
huck, 23, 20, 66
wrenching, 1, 1, 24
kinda, 14, 12, 71
stan, 3, 3, 92
badass, 5, 5, 34
gap, 1, 1, 3
friends, 8, 6, 119
overseas, 1, 1, 3
vein, 4, 4, 12
squeal, 1, 1, 73
ghost, 2, 2, 6
jen, 1, 1, 1
platter, 1, 1, 10
using, 5, 5, 32
fund, 1, 1, 7
subreddit, 1, 1, 2
resolution, 1, 1, 6
1qhmz182hzgz3ym4nrkv, 1, 1, 5
marguerite, 3, 3, 30
acidfree, 1, 1, 1
intentionally, 1, 1, 7
runaways, 3, 3, 12
mercenary, 1, 1, 15
diagnosis, 1, 1, 24
searched, 1, 1, 0
rural, 1, 1, 10
gilad, 2, 1, 4
talentless, 1, 1, 8
baked, 1, 1, 1
