Word, Frequency, Comment Frequency, Net Score
smugger, 1, 1, -1
downvoting, 2, 2, -12
czzymf5, 1, 1, 6
ciao, 1, 1, 2
34m33s, 1, 1, 3
child, 1, 1, 2
dynamic, 4, 4, 82
dynasty, 1, 1, 2
four, 3, 3, 12
andre, 2, 2, 9
protest, 1, 1, 1
sleep, 3, 3, 267
controversial, 1, 1, 3
hating, 2, 2, -3
hate, 7, 6, 79
166, 1, 1, 12
payoff, 4, 3, 16
relationships, 1, 1, 17
whose, 1, 1, 5
auc, 1, 1, 1
buddy, 2, 2, 10
complainabrag, 1, 1, 9
tweet, 3, 2, 73
endings, 9, 7, 29
_____, 1, 1, 6
sorry, 3, 3, 156
worth, 10, 9, 121
lure, 1, 1, 33
rescue, 1, 1, 8
diehard, 1, 1, 1
void, 1, 1, 76
100x, 1, 1, -19
intriguing, 1, 1, 297
every, 17, 16, 424
jack, 2, 2, 16
honorable, 2, 2, 4
2676882011, 1, 1, 0
multiple, 1, 1, 14
greathilarious, 1, 1, 3
school, 6, 6, 138
skills, 2, 2, 17
stun, 1, 1, 38
wednesday, 1, 1, 2
ambushing, 1, 1, 5
irrationally, 1, 1, 5
oooh, 1, 1, 1
monologue, 1, 1, 4
glued, 1, 1, 5
heading, 1, 1, 101
enjoy, 5, 5, 13
force, 1, 1, 27
61k31tslamp, 1, 1, 7
consistent, 1, 1, 13
direct, 1, 1, 10
chex, 1, 1, 15
nail, 1, 1, 14
surrounding, 1, 1, 3
second, 15, 14, 372
perfect, 5, 5, 23
emptiness, 1, 1, 1
shining, 1, 1, 8
even, 36, 32, 597
established, 2, 2, 13
relieving, 1, 1, 7
exactly, 2, 2, 6
selected, 1, 1, 4
fingers, 1, 1, 7
bleep, 1, 1, 17
new, 15, 14, 346
poorly, 2, 2, 43
ever, 22, 20, 483
admiral, 1, 1, 39
told, 2, 2, 8
kicked, 1, 1, 13
hero, 1, 1, 2
screams, 2, 2, 18
never, 32, 29, 729
s04e02, 1, 1, 6
meh, 3, 3, 5
hundreds, 1, 1, 0
anthropology, 1, 1, 149
met, 1, 1, 2
109, 3, 3, 14
axe, 2, 2, 17
fleet, 1, 1, 39
active, 2, 1, 5
100, 5, 4, 41
cardboard, 1, 1, 3
confronts, 2, 2, 25
wiseguy, 1, 1, 1
waittwo, 1, 1, 19
changorg, 1, 1, 1
daughter, 2, 2, 35
study, 11, 11, 208
economics, 2, 2, 4
itunes, 2, 2, 7
credit, 1, 1, 5
crap, 2, 1, 20
aka, 1, 1, 1
spacetime, 4, 4, 23
cancellation, 1, 1, 32
joshua, 1, 1, 4
golden, 1, 1, 149
fantastic, 3, 3, 10
secure, 1, 1, 1
magically, 1, 1, 5
spooky, 2, 2, 5
explained, 2, 2, 8
schooling, 1, 1, 27
highly, 2, 2, -9
brought, 3, 3, 13
moral, 1, 1, 0
meats, 1, 1, 27
romantically, 1, 1, 18
stand, 1, 1, -3
total, 1, 1, 5
forums, 1, 1, 0
ebony, 1, 1, 1
plot, 6, 4, 19
cheating, 1, 1, 3
would, 79, 62, 1085
palestinian, 2, 2, 40
hospital, 1, 1, 6
crapload, 1, 1, 4
negative, 1, 1, 9
bleed, 1, 1, 24
music, 7, 7, 51
calm, 1, 1, 3
typo, 1, 1, 3
recommend, 3, 3, 222
strike, 2, 2, 10
heralded, 1, 1, 8
type, 2, 2, 37
tell, 7, 7, 50
subtletvcom_r45rsb1, 2, 1, 6
posting, 3, 3, -77
holy, 1, 1, 5
relax, 1, 1, 2
successful, 1, 1, 0
brings, 1, 1, -3
schrader, 1, 1, 7
snarky, 2, 2, 24
yahoo, 13, 11, 68
aware, 2, 2, 17
99, 1, 1, 2
phone, 3, 2, 6
warm, 1, 1, 1
loose, 1, 1, 2
charged, 1, 1, 6
vpn, 3, 3, 20
immature, 1, 1, 1
word, 1, 1, 5
room, 4, 4, 114
player, 2, 2, 68
work, 8, 8, 433
roof, 1, 1, 3
theories, 4, 4, 156
movies, 3, 3, 30
tng, 1, 1, 39
tinder, 1, 1, 4
mr, 1, 1, 8
guise, 1, 1, 5
example, 4, 4, 309
initial, 1, 1, 12
indicated, 1, 1, 18
give, 16, 16, 22
unjust, 1, 1, 32
teasily, 1, 1, 2
dragons, 6, 6, 97
urahrah, 1, 1, 1
indicates, 2, 2, 2
czzrtn7, 1, 1, 6
reviewing, 1, 1, 2
want, 26, 23, 193
keep, 10, 9, 450
absolute, 3, 3, 28
troyabed, 2, 2, 25
end, 42, 35, 243
farce, 1, 1, 5
turn, 4, 4, 20
ie, 1, 1, 2
travel, 5, 4, 166
sitting, 1, 1, 6
damage, 1, 1, 2
march, 4, 4, 15
amazing, 8, 8, 340
writers, 4, 4, 322
answer, 9, 8, 75
ordinary, 1, 1, 1
blanket, 1, 1, 1
pizza, 3, 2, 11
regional, 2, 2, 2
description, 1, 1, 4
korea, 1, 1, 1
mess, 5, 5, 24
typed, 1, 1, 4
oneits, 1, 1, 15
confirmed, 1, 1, 1
customs, 1, 1, -3
less, 3, 3, 9
possum, 1, 1, 17
wrong, 10, 10, 159
ready, 1, 1, 58
law, 3, 3, 42
disagree, 2, 2, 18
lesbian, 1, 1, 59
types, 1, 1, 4
shirt, 4, 4, 285
danny, 6, 6, 224
third, 3, 3, -6
looove, 1, 1, 1
wins, 1, 1, 149
longingly, 1, 1, 10
appreciate, 4, 4, 416
subplots, 1, 1, 7
rogue, 1, 1, 1
funniest, 3, 3, 11
goodbye, 1, 1, 3
suggest, 3, 3, 21
worst, 8, 7, 5
order, 8, 6, 32
joseph, 1, 1, 1
__, 3, 1, 12
youtubetk0p17fzzkg, 1, 1, 55
feedback, 1, 1, -1
office, 9, 9, 209
fall, 2, 2, 6
jerry, 2, 2, 14
frailty, 1, 1, 1
pascal, 2, 2, 4
shirely, 1, 1, 8
hotass, 1, 1, 10
nets, 1, 1, 5
s03e17, 1, 1, 12
s03e12, 1, 1, 6
somewhere, 6, 6, 30
highlights, 1, 1, 285
swapped, 1, 1, 2
expectations, 1, 1, 10
imo, 2, 2, 4
writing, 9, 9, 357
better, 13, 12, 39
production, 1, 1, 4
hidden, 2, 1, 4
easier, 1, 1, 27
overcome, 1, 1, 8
split, 1, 1, 89
yooba, 1, 1, 171
combination, 1, 1, 8
yells, 1, 1, 2
sexits, 1, 1, -3
break, 2, 2, 58
bang, 2, 2, 5
therapy, 1, 1, 4
madedaydreamed, 1, 1, 19
one, 83, 65, 1079
bank, 3, 2, 96
alex, 4, 2, 20
lupine, 4, 4, 19
arrested, 7, 7, 220
l, 1, 1, 12
twostriker, 1, 1, 85
filling, 1, 1, 3
daughters, 1, 1, 2
arrow, 1, 1, 155
went, 9, 9, 262
side, 7, 6, 47
mean, 16, 16, 189
bright, 1, 1, -3
whim, 1, 1, 4
voiceover, 1, 1, 27
deanalingaling, 1, 1, 101
series, 17, 17, 376
crimes, 1, 1, 5
spider, 1, 1, 0
joined, 1, 1, 0
celebrating, 1, 1, 23
taught, 3, 3, 191
yvette, 2, 2, 6
forgot, 1, 1, 2
saturday, 3, 3, 30
gon, 10, 10, 159
network, 2, 2, 73
quality, 10, 9, 16
hooked, 1, 1, 2
strangers, 1, 1, 8
laid, 1, 1, 101
daniel, 2, 1, 31
remorse, 1, 1, 7
got, 37, 34, 664
washes, 1, 1, 17
dennys, 1, 1, 11
theirselves, 1, 1, 8
given, 2, 2, 23
free, 8, 7, 20
standard, 2, 2, -1
nightman, 1, 1, 1
sheet, 1, 1, 9
wanted, 11, 8, 350
universally, 1, 1, 58
enormous, 1, 1, -3
crentist, 1, 1, 4
rbeatingwomen2, 1, 1, 1
starts, 4, 4, 58
days, 7, 7, 80
syndication, 1, 1, 1
youtubeg0zybjrewkw, 1, 1, 22
takeout, 1, 1, 8
heck, 1, 1, 27
soda, 1, 1, 2
yinyang, 1, 1, 7
uses, 1, 1, 5
quirkiness, 1, 1, 8
already, 8, 8, 429
features, 4, 4, 16
rant, 1, 1, 1
featured, 1, 1, 0
another, 16, 13, 469
immensely, 1, 1, 3
clarity, 1, 1, 47
toy, 1, 1, 5
service, 5, 5, 298
top, 6, 6, 64
girls, 2, 2, 87
tango, 1, 1, 8
fiction, 3, 3, 62
needed, 3, 3, 36
eartha, 1, 1, 4
master, 1, 1, 5
hypothetical, 1, 1, 2
tom, 1, 1, 2
hollywood, 2, 2, 32
legs, 3, 1, 6
carrey, 1, 1, 11
urban, 1, 1, -1
ceiling, 1, 1, 2
hangout, 1, 1, 2
realization, 1, 1, 5
leaking, 1, 1, 1
took, 10, 8, 396
wisdom, 1, 1, 46
predictable, 1, 1, 15
canvas, 1, 1, 12
wasted, 1, 1, 1
begins, 2, 1, 45
spoiler, 1, 1, 3
messing, 1, 1, 5
roles, 2, 2, 49
heshe, 1, 1, 2
scenes, 5, 5, 38
packed, 1, 1, 1
nations, 1, 1, 4
project, 1, 1, 0
matter, 3, 3, 89
filmmaker, 1, 1, 4
silly, 2, 2, 3
divisiveness, 1, 1, 12
k, 1, 1, 12
hacking, 1, 1, 5
feeling, 5, 5, 49
powers, 1, 1, 5
hologram, 1, 1, 1
rag, 1, 1, 58
conflict, 1, 1, -1
ran, 1, 1, 8
modern, 8, 7, 67
mind, 8, 8, 115
mine, 3, 3, 7
anybody, 2, 1, 1
talking, 8, 7, 68
rap, 13, 10, 269
seen, 12, 10, 411
seem, 10, 10, 37
picks, 1, 1, 10
tells, 1, 1, 6
ray, 2, 2, 16
triangle, 2, 2, 4
forced, 3, 3, 10
nipples, 2, 2, 297
traditionally, 1, 1, 31
genuine, 4, 4, 89
convenient, 1, 1, 5
latter, 1, 1, 10
sound, 1, 1, 4
recommended, 1, 1, 1
causing, 3, 1, 5
absorbed, 1, 1, 5
doors, 1, 1, 31
laughed, 1, 1, 1
explanation, 1, 1, 3
hauntingly, 2, 2, 18
blue, 3, 3, 28
links, 1, 1, 17
shallow, 1, 1, -1
stopmotion, 1, 1, 1
committing, 1, 1, 5
though, 14, 14, 292
solidified, 1, 1, -1
limitless, 1, 1, 1
troughs, 1, 1, 58
anatomy, 1, 1, 17
mouth, 1, 1, 30
initials, 1, 1, 2
x, 1, 1, 3
glop, 1, 1, 99
depressing, 1, 1, -15
chemistry, 2, 2, 16
episode, 134, 88, 1708
observation, 2, 2, 7
professor, 1, 1, 3
dog, 1, 1, 12
musical, 1, 1, 1
definitely, 7, 7, 279
tech, 1, 1, 5
boutrosghali, 2, 2, 2
haha, 3, 3, 49
entertaining, 2, 2, 6
annoyed, 2, 2, 12
came, 5, 5, 64
marvel, 1, 1, -1
saying, 13, 12, 265
roleplaying, 1, 1, 8
bomb, 2, 2, 10
hunger, 1, 1, 8
writeoff, 1, 1, 185
brilliance, 1, 1, 3
sexist, 1, 1, 185
ending, 7, 7, 309
attempts, 1, 1, 0
5000, 2, 1, 101
queer, 1, 1, 0
keywords, 1, 1, 7
subtle, 5, 5, 52
enjoyed, 7, 6, 19
make, 27, 27, 139
parodies, 2, 2, 284
touches, 1, 1, 1
copy, 1, 1, 2
clicked, 1, 1, 7
ru2hh_gkpqc, 2, 2, 18
thisssss, 1, 1, 2
situations, 2, 1, 7
explain, 4, 4, 300
minnesota, 1, 1, 74
appreciated, 1, 1, 5
bush, 1, 1, 23
rick, 5, 5, 33
pursuing, 1, 1, 5
emphatically, 1, 1, 5
continuity, 1, 1, 5
10, 13, 6, 35
waaaaaay, 1, 1, 3
honda, 2, 2, 25
watch, 52, 46, 354
13, 5, 5, 16
da, 1, 1, 23
amazon, 7, 6, 12
12, 4, 4, 20
competitive, 2, 2, 3
despite, 2, 2, 307
smug, 1, 1, -1
happiest, 3, 3, 489
dr, 12, 11, 228
14, 4, 4, 7
runs, 1, 1, 12
bar, 3, 3, 38
s03e06, 1, 1, 12
autistic, 3, 1, 5
16, 2, 2, 6
animation, 1, 1, 1
bag, 2, 2, 35
bad, 27, 24, 645
mp_s_a_1_1, 1, 1, 7
givengave, 1, 1, 0
shots, 1, 1, 5
release, 4, 4, 7
implication, 1, 1, 5
steal, 1, 1, 5
secretary, 3, 2, 59
headed, 1, 1, 58
blew, 1, 1, 0
fair, 2, 2, 58
habit, 1, 1, 13
claymation, 1, 1, 1
zones, 1, 1, 5
depends, 2, 2, 3
decided, 2, 2, 26
imho, 1, 1, 5
discussions, 1, 1, 1
noodles, 1, 1, 7
wazzoo, 1, 1, 3
best, 19, 17, 437
pete, 1, 1, -3
03, 1, 1, 1
said, 15, 14, 179
04, 1, 1, 1
05, 1, 1, 1
lots, 3, 3, 86
away, 14, 13, 91
iirc, 1, 1, 5
shaved, 1, 1, 15
grandmother, 1, 1, 39
paintballsfor, 1, 1, 29
r, 1, 1, 5
irl, 1, 1, 1
finger, 1, 1, 13
hopefully, 1, 1, 227
gayyyy, 1, 1, 8
pirate, 1, 1, 1
reddit, 4, 3, 43
rcommunity, 3, 3, -70
wears, 2, 1, 281
s1e10, 1, 1, 101
wo, 7, 7, 13
confusion, 1, 1, -3
communityseason6amp, 1, 1, 7
however, 3, 3, 13
s04e03, 1, 1, 6
toothbrush, 1, 1, 1
cut, 2, 2, 12
wtf, 2, 2, 41
news, 5, 3, 110
roller, 1, 1, 49
faced, 1, 1, 8
cop, 2, 2, 7
essentially, 1, 1, 5
fault, 1, 1, 6
hao, 1, 1, 3
adventures, 2, 2, 39
gotten, 4, 4, 8
participating, 1, 1, 3
layered, 1, 1, -3
games, 1, 1, 8
mildly, 4, 3, 11
faces, 1, 1, -3
argue, 2, 2, 12
com, 1, 1, 2
asked, 4, 4, 13
con, 1, 1, 155
presumably, 2, 2, 24
thoughtkilling, 1, 1, 5
tough, 4, 4, 30
relatable, 1, 1, 285
troypierce, 1, 1, 5
2nd, 1, 1, 5
cult, 1, 1, 2
tons, 1, 1, 82
periscope, 1, 1, 5
exempting, 1, 1, 1
blonde, 2, 1, 6
trust, 1, 1, -1
speak, 3, 3, 16
aback, 1, 1, 10
strong, 2, 2, 9
incomparable, 1, 1, 3
basis, 1, 1, 5
chrome, 1, 1, 6
binge, 1, 1, 2
three, 8, 8, 81
quickly, 3, 3, 9
confident, 1, 1, 1
murdersuicide, 1, 1, 12
much, 45, 42, 641
interest, 1, 1, 1
basic, 7, 6, 37
privilege, 1, 1, 4
youtubedue3yd5vasc, 1, 1, 3
life, 14, 12, 126
recomend, 1, 1, 1
goodnight, 1, 1, 25
eastern, 1, 1, 7
locations, 1, 1, 3
dave, 7, 3, 16
kids, 3, 2, 25
lawbathroomcameras, 1, 1, 5
personally, 4, 4, 20
catch, 7, 7, 89
worked, 4, 4, 51
applied, 1, 1, 149
unpopular, 1, 1, 33
save, 4, 4, 180
fallon, 1, 1, 55
tastes, 1, 1, 58
air, 1, 1, 8
ugly, 1, 1, 85
near, 2, 2, 14
mates, 1, 1, 7
suppose, 1, 1, 8
cracked, 2, 2, 127
voice, 3, 3, 10
reunion, 3, 3, 13
leaves, 3, 3, 305
mistake, 1, 1, 79
remembering, 1, 1, 5
seven, 2, 2, 5
changed, 3, 3, 9
played, 8, 6, 83
uphysicscat, 1, 1, 3
ii, 1, 1, 2
shame, 1, 1, 2
creepy, 1, 1, 2
victims, 1, 1, 5
seattle, 1, 1, 2
mouse, 1, 1, 8
id, 2, 2, -4
grown, 2, 2, 4
damaged, 1, 1, 8
stickied, 7, 7, 86
things, 26, 18, 152
realizing, 2, 2, 114
lingerie, 1, 1, 10
amount, 2, 2, 5
linked, 2, 2, 19
complex, 4, 3, 12
potentially, 1, 1, 58
kevin, 2, 1, -3
dvds, 4, 4, 8
success, 1, 1, 8
several, 3, 3, 31
showing, 8, 8, 115
megadean, 1, 1, 19
european, 1, 1, 7
hank, 1, 1, 7
independent, 1, 1, 7
peaks, 1, 1, 58
social, 2, 2, 8
hang, 1, 1, 4
ellf, 1, 1, 155
evil, 6, 4, 47
hand, 4, 4, 10
grammar, 1, 1, 9
reruns, 6, 6, 83
characters, 25, 17, 429
mentions, 1, 1, 1
insisted, 1, 1, 5
opportunity, 1, 1, 0
thoughts, 4, 4, 20
czzq0h8, 1, 1, 6
mentioning, 1, 1, 1
kept, 2, 2, 13
bingeworthy, 1, 1, 7
matters, 1, 1, 1
settled, 1, 1, 0
eps, 1, 1, 1
bms, 1, 1, -5
weirder, 1, 1, 10
tho, 2, 2, -2
burgers, 1, 1, 18
contact, 3, 3, 20
greatest, 3, 3, 7
qualities, 1, 1, 2
mother, 1, 1, 2
dxzybclmvec, 1, 1, 2
left, 7, 6, 212
opinions, 2, 2, 9
spurred, 1, 1, 5
appease, 1, 1, 1
background, 2, 2, 47
sentence, 1, 1, 9
yea, 1, 1, 1
photo, 2, 1, 1
newton, 1, 1, 2
torrented, 1, 1, 2
aside, 1, 1, -1
quotes, 2, 2, 3
psych, 1, 1, 27
thanks, 7, 7, 35
human, 11, 9, 272
facts, 1, 1, 1
yes, 9, 9, 129
caregiver, 1, 1, 5
yet, 9, 8, 46
previous, 8, 8, 90
hah, 1, 1, 103
adding, 1, 1, 2
remedial, 10, 10, 46
nudge, 1, 1, 5
hills, 1, 1, 1
mix, 1, 1, 15
ease, 2, 2, 235
character, 37, 26, 393
reuniting, 1, 1, 8
youtube5qqfjcbnnnm, 1, 1, 1
n, 1, 1, 2
board, 1, 1, 1
easy, 2, 2, 0
youtubekxsiqzgq6y, 1, 1, 3
hat, 1, 1, 20
humanity, 1, 1, 4
gave, 6, 6, 199
quirk, 1, 1, -1
breaks, 1, 1, 0
possible, 5, 4, 91
brownie, 3, 1, 2
arab, 3, 2, 38
ty62yzgryu4, 1, 1, 7
boxes, 1, 1, 3
3pm, 6, 6, 83
quicksand, 1, 1, 8
wanting, 1, 1, 19
judge, 2, 2, 124
unique, 1, 1, 8
advanced, 9, 9, 106
apart, 3, 3, 16
bro, 1, 1, 8
rewatching, 7, 7, 52
ridda, 1, 1, 4
56, 1, 1, 2
51, 1, 1, 6
unnecessary, 1, 1, 107
nopenopenopenope, 1, 1, 1
remind, 6, 6, 83
misled, 1, 1, 5
muppet, 1, 1, 1
steps, 2, 2, 5
night, 8, 7, 220
preorders, 1, 1, -13
right, 15, 14, 125
old, 7, 7, 231
crowd, 3, 3, 38
people, 35, 29, 727
somehow, 7, 2, 17
dead, 2, 2, 13
born, 1, 1, 1
donald, 5, 5, 107
altered, 1, 1, 8
wha, 1, 1, 8
befriend, 1, 1, 7
ignore, 2, 2, 5
toxic, 2, 2, 85
humor, 3, 3, 33
bottom, 1, 1, 4
establish, 1, 1, 12
opposite, 1, 1, 86
fox, 1, 1, -3
comments, 2, 2, 2
creative, 4, 3, 7
everything, 13, 9, 22
cooped, 1, 1, 149
asking, 1, 1, 43
rwisconsinbadgers, 1, 1, 7
pattern, 1, 1, 4
beating, 1, 1, 1
adorable, 1, 1, 82
christmas, 6, 5, 13
espionage, 1, 1, 32
avatar, 1, 1, -12
holiday, 2, 2, 2
deleted, 1, 1, -12
payment, 1, 1, 4
burn, 1, 1, -1
kickball, 1, 1, 4
blooper, 1, 1, 3
coolcoolcoolcool, 1, 1, 7
paid, 1, 1, 4
starring, 1, 1, 1
losing, 2, 2, -2
flaws, 1, 1, 3
post, 23, 17, 243
super, 3, 2, 7
wept, 1, 1, 90
impersonates, 1, 1, 8
derailed, 1, 1, 5
meow, 4, 2, 9
dollars, 2, 2, -3
months, 5, 5, 226
choke, 1, 1, 3
ukeurope, 1, 1, 1
misleading, 1, 1, 32
plus, 2, 2, 8
steadily, 1, 1, 393
palestinians, 1, 1, 31
printed, 1, 1, 101
raised, 1, 1, 46
presence, 1, 1, 185
pays, 2, 2, 26
ahh, 1, 1, 5
carrot, 1, 1, 6
son, 3, 3, 28
brittaed, 2, 1, -12
abed, 97, 57, 699
google, 1, 1, 2
raises, 1, 1, 13
sow, 2, 1, 5
dean, 47, 32, 584
chipspizza, 1, 1, 2
rounds, 1, 1, 1
cones, 1, 1, 4
strangely, 2, 2, 5
existed, 3, 1, 5
stereotype, 1, 1, 9
support, 4, 4, 45
constantly, 1, 1, 7
fight, 2, 2, 11
stuck, 2, 2, 66
dong, 2, 2, 11
quirks, 1, 1, 2
way, 44, 38, 732
resulted, 1, 1, 8
call, 4, 4, 5
purposely, 1, 1, 1
happy, 11, 11, 289
selection, 1, 1, 0
head, 4, 3, 595
bdsm, 1, 1, 1
form, 1, 1, 1
hangover, 1, 1, 8
batman, 4, 4, 25
becoming, 1, 1, 5
skittering, 1, 1, 17
back, 31, 26, 392
failure, 2, 2, 189
uncle, 1, 1, 55
justify, 2, 1, 18
removed, 4, 4, -54
true, 4, 4, 338
fort, 3, 3, 291
humbled, 1, 1, 8
genealogy, 1, 1, 1
versions, 1, 1, 8
heartwarming, 1, 1, 1
inside, 6, 6, 42
thsn, 1, 1, 6
clubs, 2, 1, 13
nicest, 1, 1, 29
critical, 1, 1, 17
nerdy, 2, 2, 35
emotional, 7, 5, 16
average, 1, 1, 0
mails, 1, 1, 58
constable, 1, 1, 6
proud, 1, 1, 0
screaming, 1, 1, 5
classic, 3, 2, 1
mishaps, 1, 1, 149
suspicions, 1, 1, 5
evidence, 2, 2, 40
prover, 1, 1, 6
sometime, 1, 1, 3
exist, 3, 3, 42
believable, 2, 2, 27
ship, 3, 3, 64
annoying, 3, 3, -31
mold, 1, 1, 2
check, 5, 5, 37
shit, 5, 5, 11
physical, 1, 1, 1
willingly, 1, 1, 7
ni, 1, 1, 3
write, 1, 1, 149
dfor, 1, 1, 2
na, 16, 16, 346
whereas, 1, 1, 12
stake, 1, 1, 8
actor, 4, 4, 81
reality, 2, 2, 5
til, 1, 1, 5
tim, 1, 1, 1
setting, 2, 2, 2
role, 2, 2, 6
whew, 1, 1, 1
holding, 2, 2, 7
digital, 6, 5, 12
test, 2, 2, 13
tie, 2, 2, 15
3gt, 1, 1, 13
node, 1, 1, 0
picture, 4, 4, 54
cleric, 2, 2, 156
pronounced, 2, 1, 2
toad, 1, 1, 2
pudi, 8, 7, 124
felt, 11, 10, 406
stealing, 1, 1, 60
update, 1, 1, 12
fell, 2, 2, 13
miranda, 1, 1, 1
rolling, 1, 1, 10
pizzas, 1, 1, 297
weekend, 1, 1, 0
diamonds, 1, 1, 3
died, 5, 5, 323
trobed, 1, 1, 4
longer, 4, 4, 40
bullet, 1, 1, 4
glass, 2, 2, 20
australians, 1, 1, 5
fears, 1, 1, 7
pseudo, 1, 1, 8
memorial, 1, 1, 15
together, 24, 19, 390
subscription, 1, 1, 1
vietnam, 2, 1, 16
text, 1, 1, 9
fact, 5, 5, 63
time, 50, 45, 701
push, 2, 1, 3
serious, 3, 3, 8
lineup, 1, 1, 4
dust, 1, 1, 0
decision, 2, 1, 45
paced, 2, 2, 42
songs, 2, 2, 297
premeditated, 1, 1, 5
shop, 2, 2, 186
concept, 4, 4, 305
managed, 1, 1, 12
roo, 1, 1, 2
dance, 6, 6, 249
skip, 5, 5, -1
excellent, 1, 1, 23
rod, 1, 1, 12
focus, 1, 1, -1
leads, 2, 2, 305
manages, 1, 1, 285
understandable, 2, 2, 89
commentaries, 1, 1, 3
certainly, 3, 3, 19
clarification, 1, 1, 1
shkreli, 1, 1, 7
father, 2, 2, 32
changjason, 1, 1, 0
0, 1, 1, 6
finally, 7, 5, 19
promoting, 1, 1, 5
rhythm, 2, 2, 18
marks, 1, 1, 8
abeds, 1, 1, 4
splutter, 1, 1, -1
brown, 3, 3, 102
massive, 1, 1, 2
icing, 1, 1, 5
jerk, 1, 1, 27
none, 3, 3, 34
choice, 2, 2, 34
fatigued, 1, 1, 2
stays, 2, 2, 9
cook, 2, 2, 62
join, 1, 1, 4
airing, 2, 2, 10
exact, 2, 2, 7
cool, 21, 15, 397
jeffbritta, 1, 1, 5
staples, 1, 1, 8
level, 2, 2, -3
die, 1, 1, -3
rights, 1, 1, 19
posts, 1, 1, 14
gun, 2, 2, 305
standards, 2, 2, 9
leave, 6, 6, 12
solved, 2, 1, 5
soooo, 1, 1, -1
16m34s, 1, 1, 3
aviators, 3, 2, 127
team, 2, 2, 20
guy, 14, 14, 85
yall, 3, 2, 3
talked, 2, 2, 50
says, 15, 14, 187
regret, 1, 1, 8
sabbathtage, 1, 1, 4
sucks, 1, 1, 1
discover, 3, 2, 8
sign, 2, 2, 0
cost, 1, 1, 3
run, 4, 4, 68
chicken, 1, 1, 17
fistful, 2, 2, 30
appear, 1, 1, 1
aloofness, 1, 1, 82
filler, 1, 1, 6
imagined, 1, 1, 2
bc, 1, 1, 1
agrees, 2, 2, 45
business, 4, 4, 231
suspect, 3, 3, 25
goes, 8, 8, 63
communitycommunity, 1, 1, 1
shared, 3, 3, 8
falling, 2, 2, 11
boost, 1, 1, 185
corn, 1, 1, 4
filled, 1, 1, 3
trampoline, 2, 2, 8
transportation, 2, 1, 55
smartflix, 1, 1, 1
changs, 1, 1, 20
doubt, 6, 5, 59
learn, 3, 3, 211
french, 1, 1, 6
costumes, 1, 1, 101
water, 2, 2, 7
groups, 1, 1, 8
address, 1, 1, 1
alone, 8, 8, 35
based, 3, 2, 5
along, 4, 4, 58
teaches, 1, 1, 185
teacher, 3, 2, 15
change, 4, 4, 42
wait, 10, 10, 188
box, 4, 3, 8
preorder, 1, 1, 1
redemption, 1, 1, 8
noticeable, 1, 1, 2
canadian, 8, 6, 47
lazy, 2, 2, 5
studied, 1, 1, 18
bot, 3, 2, 23
bow, 1, 1, 5
trial, 1, 1, 6
franklin, 1, 1, 12
boo, 1, 1, 78
usually, 6, 3, 22
weird, 8, 8, 98
studies, 3, 3, 20
pillow, 1, 1, 285
plotted, 1, 1, 5
dick, 1, 1, 6
love, 53, 46, 956
os, 1, 1, 2
ages, 1, 1, 1
marriaaaaage, 1, 1, 8
marked, 1, 1, 8
thumbnail, 1, 1, 7
fake, 3, 2, 119
rarely, 2, 2, 42
everybody, 2, 2, 62
urology, 4, 4, 19
estate, 4, 4, 8
working, 3, 3, 16
positive, 2, 2, 4
angry, 3, 3, 28
dude, 7, 6, 34
tightly, 1, 1, 17
france, 1, 1, 1
imaginations, 1, 1, 1
live, 3, 3, 30
andy, 1, 1, -3
opposed, 1, 1, 12
wondering, 4, 4, 12
memory, 4, 4, 54
schlock, 1, 1, -8
angels, 1, 1, 2
today, 20, 14, 126
juk9k1laxp4, 1, 1, 2
menstrual, 1, 1, 6
teased, 1, 1, 6
club, 4, 4, 11
curriculum, 1, 1, 32
clue, 4, 2, 13
carnival, 1, 1, 101
teaser, 1, 1, -1
everywhere, 1, 1, 5
degrade, 1, 1, -8
effort, 4, 3, 7
fly, 1, 1, 2
deserved, 2, 2, 17
prof, 1, 1, 1
originally, 4, 4, 17
flu, 1, 1, 5
soup, 1, 1, 8
hardest, 1, 1, 1
youtubejnk8juewvfy, 1, 1, 5
cam, 1, 1, 2
growing, 1, 1, 5
making, 9, 9, 213
german, 1, 1, 12
texted, 1, 1, 12
heart, 8, 7, 19
dedicated, 1, 1, 5
diarama, 1, 1, 3
stream, 9, 7, 59
awesome, 14, 14, 341
fuck, 7, 7, 351
topic, 1, 1, 3
heard, 6, 5, 161
goofy, 1, 1, 0
dropped, 1, 1, 0
stole, 1, 1, 5
periscoped, 1, 1, 5
asmr, 1, 1, 5
s3, 4, 3, 3
buttered, 1, 1, 7
discussion, 6, 6, 66
watching, 31, 26, 552
s6, 2, 2, 2
s5, 2, 2, 1
s4, 4, 4, 110
1, 35, 28, 195
till, 3, 3, 11
sunday, 10, 8, 94
fourth, 4, 3, 19
nyc, 1, 1, 3
speaks, 1, 1, 31
rewatched, 6, 5, 193
conspiracy, 3, 3, 153
map, 3, 2, 3
staying, 2, 2, 14
samuel, 1, 1, 12
information, 2, 2, 22
may, 10, 7, 34
max, 5, 1, 155
cherish, 2, 1, 83
scoff, 1, 1, 4
respective, 1, 1, 14
diva, 1, 1, 24
s2e9, 1, 1, 1
mac, 1, 1, 2
4th, 2, 2, 23
mad, 2, 2, 37
mocks, 1, 1, 5
suck, 2, 2, -7
s2e3, 1, 1, 3
guys, 13, 13, 453
grow, 3, 3, 9
harmon, 18, 17, 506
prob, 1, 1, 2
wwwyoutubecomwatch, 17, 14, 332
natural, 3, 3, 25
remember, 12, 11, 80
conscious, 1, 1, 1
whenever, 2, 2, 12
sr, 1, 1, 7
devs, 1, 1, 1
switch, 1, 1, 8
sitcoms, 7, 6, 322
linmanuel, 1, 1, 1
deconstruction, 2, 1, 285
tall, 1, 1, 6
increase, 1, 1, 4
talk, 2, 2, 40
nearly, 1, 1, 35
cute, 1, 1, 1
breaking, 2, 2, 7
shoes, 1, 1, 281
grifting, 3, 3, 23
uncommunity, 1, 1, 2
gradual, 1, 1, 2
pointed, 2, 2, 15
mainly, 1, 1, 1
unacceptable, 1, 1, 16
years, 10, 8, 293
ended, 8, 8, 99
episodes, 74, 60, 599
hurt, 1, 1, 2
cold, 2, 2, 23
still, 51, 47, 441
pointer, 1, 1, 13
tendency, 1, 1, 2
machine, 1, 1, 27
group, 29, 25, 630
thank, 6, 5, 240
interesting, 6, 6, 30
bagels, 2, 2, 2
jim, 5, 4, 22
attraction, 1, 1, 8
window, 2, 1, 2
pandering, 1, 1, 2
listing, 2, 1, 34
hanks, 1, 1, 2
main, 5, 5, 206
loophole, 1, 1, 2
petition, 1, 1, 1
happened, 3, 3, 32
closure, 2, 2, 8
finance, 1, 1, -3
youtube_vunjkzxbr0, 1, 1, 121
introduce, 1, 1, 0
interview, 3, 3, 67
touching, 2, 1, 8
hamilton, 1, 1, 1
subscribers, 1, 1, 13
half, 10, 10, 95
feature, 2, 1, 6
ahaha, 1, 1, 2
killed, 1, 1, 5
matched, 2, 2, 6
sy200_ql40amp, 1, 1, 7
term, 3, 2, 75
name, 8, 7, 125
thankful, 1, 1, 8
drop, 3, 3, 106
drow, 3, 2, 158
beings, 1, 1, 1
debating, 1, 1, 101
establishing, 1, 1, 9
differing, 1, 1, 0
rock, 3, 3, 8
selfesteem, 1, 1, 22
aspergers, 1, 1, 3
vpns, 1, 1, 2
individually, 1, 1, 5
weighted, 1, 1, 0
fired, 1, 1, 0
busts, 1, 1, 8
eg, 1, 1, 4
_vunjkzxbr0, 1, 1, 6
yeah, 8, 8, 53
conventions, 2, 2, 7
gaps, 1, 1, 8
begun, 1, 1, 8
year, 14, 14, 178
girl, 6, 6, 22
summary, 1, 1, 8
obsession, 2, 2, 25
ep, 2, 2, 5
minority, 1, 1, 1
canada, 1, 1, 0
living, 3, 3, 25
shown, 4, 3, 303
opened, 3, 3, 13
fanboy, 1, 1, 5
profit, 1, 1, 4
abide, 1, 1, 1
looking, 4, 4, 34
noncomedic, 1, 1, 6
seriously, 3, 3, 35
investigation, 2, 1, 5
hacked, 1, 1, 5
internet, 1, 1, 2
dinner, 1, 1, 17
correct, 3, 3, 24
becomeagitated, 1, 1, 25
shows, 28, 24, 791
earlier, 3, 3, 69
theory, 16, 16, 347
wan, 6, 6, 187
perfectly, 4, 4, 85
million, 1, 1, -3
possibility, 1, 1, 5
quite, 6, 6, 62
hulu, 9, 9, 18
ontario, 1, 1, 1
complicated, 1, 1, 5
crazier, 1, 1, 14
envirodale, 1, 1, 101
orc, 1, 1, 155
care, 7, 7, 343
partner, 2, 2, 1
advance, 1, 1, 4
underwear, 1, 1, 6
language, 1, 1, 4
yup, 2, 2, 5
coulda, 1, 1, 5
pirates, 1, 1, 39
british, 1, 1, 5
honest, 4, 4, 26
chevy, 5, 5, 219
thing, 25, 24, 120
place, 10, 10, 324
silently, 1, 1, 8
timelines, 3, 3, 315
liveaction, 1, 1, 1
view, 2, 2, 1
yess, 1, 1, 5
think, 60, 56, 756
first, 49, 40, 958
blind, 1, 1, 1
cheese, 1, 1, 3
tennis, 3, 1, 6
surviving, 1, 1, 1
dungeons, 6, 6, 97
outtakes, 1, 1, 15
waves, 2, 2, 9
fast, 1, 1, -1
spanish, 1, 1, 1
vote, 1, 1, 17
impossible, 1, 1, 5
message, 2, 1, 5
open, 2, 2, 12
tomorrow, 3, 3, 26
engineer, 1, 1, 1
city, 6, 2, 18
little, 18, 17, 674
necessarily, 5, 5, 40
checked, 1, 1, 7
gif, 1, 1, 15
bite, 1, 1, 4
anyone, 18, 17, 265
faveriote, 1, 1, -1
2, 35, 29, 675
convention, 3, 3, 19
legally, 1, 1, 5
white, 5, 5, 165
bits, 1, 1, 1
friend, 8, 7, 39
gives, 2, 2, 3
rainman, 1, 1, 33
eyes, 2, 2, 16
hug, 2, 2, 6
workcom, 1, 1, 15
mostly, 1, 1, 8
foreplay, 1, 1, 2
season, 173, 104, 1372
palestinianpolish, 1, 1, 7
viewing, 1, 1, 3
released, 5, 5, 18
dudes, 2, 2, 14
ridiculous, 2, 2, 287
butt, 3, 3, 28
shirley, 28, 19, 592
flowers, 2, 2, 23
cleanse, 1, 1, 2
11, 4, 3, 23
wide, 2, 2, 15
television, 7, 7, 25
cracks, 2, 2, 9
15, 1, 1, -10
unfortunately, 7, 7, 80
minidrama, 1, 1, 8
19, 1, 1, 6
sendoffs, 1, 1, 1
future, 4, 4, 8
booted, 1, 1, 8
sophie, 1, 1, 185
outcome, 1, 1, 3
janitor, 1, 1, 2
browses, 1, 1, 4
alot, 1, 1, 2
opinioni, 1, 1, -19
surname, 1, 1, 24
stylings, 1, 1, 19
nicer, 1, 1, 185
craig, 1, 1, 6
premier, 1, 1, 4
argument, 4, 3, 11
alley, 2, 1, 2
sad, 17, 13, 275
say, 38, 35, 279
slam, 1, 1, 2
buried, 1, 1, 3
lurking, 1, 1, 3
allen, 1, 1, 1
breakfast, 2, 2, 77
saw, 6, 5, 24
marathon, 1, 1, 7
sat, 1, 1, 0
bailed, 1, 1, 5
translate, 1, 1, 5
offer, 1, 1, -8
ideas, 2, 2, 7
note, 4, 4, 17
potential, 5, 3, 8
take, 12, 12, 202
online, 3, 3, -1
creatively, 1, 1, 8
green, 1, 1, 1
switching, 1, 1, 1
channel, 15, 9, 96
200, 1, 1, 15
videos, 2, 1, 6
sure, 18, 18, 258
pain, 2, 2, 235
normal, 2, 2, 15
track, 6, 3, 61
price, 1, 1, 4
knew, 19, 8, 203
fails, 1, 1, 2
buffet, 1, 1, 1
falls, 2, 2, 34
beta, 1, 1, 1
1454972824amp, 1, 1, 7
skinner, 1, 1, 12
pair, 3, 3, 22
playlist, 2, 1, 6
forever, 2, 2, 1
especially, 13, 11, 76
surprising, 1, 1, 1
fills, 1, 1, 5
montage, 7, 6, 149
lates, 1, 1, 95
later, 16, 15, 611
steady, 1, 1, 38
sale, 1, 1, 0
sideburns, 1, 1, 15
nuclear, 1, 1, 4
hear, 15, 15, 233
repeatedly, 1, 1, 1
detective, 3, 1, 5
walking, 2, 2, 12
shot, 6, 6, 309
rambling, 1, 1, 1
show, 96, 76, 1618
cufflink, 1, 1, 5
cheap, 3, 2, 9
kwon, 1, 1, 8
wayhey, 1, 1, 1
discovered, 1, 1, 5
troy, 43, 31, 731
therapist, 1, 1, 1
ama, 1, 1, 3
shoe, 1, 1, 5
data, 1, 1, 10
paradoxes, 1, 1, 191
crackling, 1, 1, 8
ratio, 1, 1, 2
dice, 1, 1, 2
title, 8, 8, 130
daily, 1, 1, 2
zombie, 2, 2, 1
halfling, 1, 1, 155
behind, 5, 5, 238
crime, 3, 2, 17
going, 19, 19, 284
black, 6, 6, 142
gheith, 1, 1, 4
outrage, 2, 1, 18
bringer, 1, 1, 6
1amp, 1, 1, 7
get, 48, 44, 920
contracts, 1, 1, 19
jazz, 1, 1, 8
intonation, 1, 1, 1
truly, 3, 3, 7
state, 1, 1, 8
unconsciously, 2, 2, 84
icarly, 1, 1, 18
chewbacca, 1, 1, 2
freaking, 1, 1, 7
prime, 5, 4, 8
reveal, 2, 2, 28
radar, 1, 1, 3
kidneys, 2, 1, 1
dramas, 3, 1, 7
eddison, 1, 1, 7
morning, 5, 5, 72
naked, 4, 4, 162
jokes, 11, 9, 131
stupid, 6, 6, 380
worries, 1, 1, 49
mwahahahahahahaha, 1, 1, -12
finishing, 1, 1, 6
xmas, 1, 1, 1
husband, 1, 1, 12
wiki, 1, 1, 8
declared, 1, 1, 5
concert, 2, 2, 6
signs, 2, 2, 81
derogatory, 1, 1, 78
relative, 1, 1, 3
college, 8, 4, 22
broadway, 1, 1, 1
iimgurcomp2efitgjpg, 1, 1, 138
jeong, 4, 4, 5
wonder, 3, 3, 38
8fsw3vmrpv0, 3, 3, 210
suspects, 2, 1, 1
satisfying, 2, 2, 2
gags, 1, 1, 5
ways, 3, 3, 18
subsequent, 2, 2, 21
review, 1, 1, 1
definite, 2, 2, 23
sites, 1, 1, 5
whereabouts, 1, 1, 5
3, 51, 42, 636
brie, 2, 2, -11
reading, 2, 2, 4
across, 2, 2, 17
sirens, 1, 1, 5
multiplied, 1, 1, 5
notice, 4, 4, 19
mature, 1, 1, 1
farts, 2, 2, 18
screen, 13, 11, 67
rerun, 16, 6, 83
koog, 1, 1, 3
style, 1, 1, 393
killing, 2, 2, 290
spare, 1, 1, -3
hurts, 2, 2, 18
jd, 3, 2, 65
childbirth, 1, 1, 6
come, 16, 16, 302
ja, 1, 1, 1
recall, 1, 1, 4
reaction, 3, 3, 300
brody, 1, 1, 2
philosophically, 1, 1, 3
many, 14, 14, 285
according, 1, 1, 103
personal, 1, 1, 58
xapturx1jpe, 1, 1, 6
dated, 1, 1, 1
czzrsfs, 1, 1, 6
expression, 3, 3, 5
comes, 7, 6, 122
superchillin, 1, 1, -10
afterwards, 2, 2, 11
authenticity, 1, 1, 1
period, 1, 1, 1
pop, 3, 2, 7
66, 1, 1, 6
article, 3, 3, 41
ordered, 2, 2, 12
pod, 1, 1, 0
crew, 1, 1, 1
consider, 2, 2, -6
tropes, 1, 1, 8
nicole, 2, 2, 6
considering, 1, 1, 4
survivors, 1, 1, 8
unusual, 1, 1, 7
subscribed, 1, 1, 15
bitter, 1, 1, 0
scandalous, 1, 1, 0
coupe, 1, 1, 17
subscribes, 1, 1, 7
matured, 2, 2, 5
motives, 1, 1, 5
qid, 1, 1, 7
nit, 1, 1, 17
bullshit, 1, 1, -1
wants, 3, 3, 13
offered, 1, 1, 3
reemerging, 1, 1, 5
mocking, 1, 1, 5
geothermal, 1, 1, 3
dramatic, 1, 1, 6
proven, 1, 1, 6
calligraphy, 5, 5, 38
evilohhhhhhhh, 1, 1, 10
weeks, 1, 1, 1
pilot, 5, 4, 22
case, 6, 3, 22
sauce, 1, 1, 3
pettiness, 1, 1, 7
nadirjoey, 1, 1, 34
wellexecuted, 1, 1, 28
cast, 22, 19, 488
cancelled, 5, 4, 63
dooba, 2, 1, 171
aqirbgfkfbq, 1, 1, 6
beenz, 1, 1, 8
soif, 1, 1, 5
eventually, 2, 2, 12
twists, 1, 1, 5
purse, 1, 1, 297
cookiecutter, 1, 1, 2
couples, 1, 1, 8
middle, 1, 1, 1
tiny, 4, 4, 311
embrace, 1, 1, 15
somebody, 2, 2, 9
worry, 3, 3, 17
different, 15, 13, 384
rooting, 1, 1, 1
pay, 6, 6, 5
reminded, 1, 1, 5
eyvevqkfcpm, 1, 1, 1
trip, 1, 1, 1
mobster, 1, 1, 8
speech, 5, 5, 321
reminder, 9, 9, 170
events, 1, 1, 8
week, 14, 11, 130
jeffrey, 1, 1, 9
finish, 4, 4, 9
barefoot, 1, 1, 8
closest, 2, 2, 6
enjoyment, 1, 1, 1
entangled, 1, 1, 0
drives, 1, 1, 31
driven, 1, 1, 4
running, 3, 3, 8
barber, 1, 1, 1
favorites, 1, 1, 2
changing, 1, 1, 13
totally, 9, 9, 40
cartoon, 3, 2, 33
longing, 1, 1, 3
gordon, 1, 1, 1
bondage, 1, 1, 1
clickbaiting, 1, 1, -81
roughly, 1, 1, 3
manwoman, 1, 1, 89
without, 10, 9, 623
solve, 1, 1, 5
hahahahahaha, 1, 1, 3
otherwise, 2, 2, 8
researchers, 1, 1, 6
parody, 6, 2, 8
comment, 3, 3, 9
frankie, 3, 2, 25
money, 6, 6, 35
exaggerating, 1, 1, 3
rest, 7, 7, 66
shouts, 1, 1, 10
gdb, 1, 1, 11
unclear, 1, 1, 0
kill, 4, 4, 48
aspect, 1, 1, 8
polish, 4, 3, 21
rewatch, 13, 13, 83
speed, 1, 1, -3
dueling, 1, 1, 23
blondes, 1, 1, 6
76, 1, 1, 6
death, 5, 5, 191
grounded, 1, 1, 8
thinking, 6, 6, 250
seems, 16, 15, 226
except, 4, 4, 3
pallet, 1, 1, 2
allude, 1, 1, 4
interested, 3, 3, 40
pile, 1, 1, 9
4, 50, 45, 620
hink, 1, 1, 2
malcolm, 1, 1, 3
momentum, 1, 1, 1
real, 15, 15, 446
hover, 1, 1, 3
aspects, 1, 1, 5
around, 13, 13, 103
kills, 1, 1, 19
read, 6, 6, 47
docks, 1, 1, 8
capstone, 1, 1, 3
sums, 2, 2, 8
stereoplayer, 1, 1, 2
sixseasonsandamovie, 1, 1, 13
early, 7, 5, 66
traffic, 2, 2, 37
mirroring, 1, 1, 8
mom, 3, 3, 54
amp, 8, 8, 59
accepted, 1, 1, 2
blankets, 5, 5, 6
malfunctions, 1, 1, 2
vending, 1, 1, 27
subscribe, 2, 2, 5
smell, 1, 1, 3
unrequited, 1, 1, 8
lightning, 1, 1, 12
facing, 1, 1, 8
audience, 1, 1, 5
occasions, 1, 1, 38
beverly, 1, 1, 1
served, 1, 1, 5
herstory, 2, 2, 13
climactic, 1, 1, 8
verbal, 1, 1, 2
jeffamp, 1, 1, 6
pronounce, 1, 1, 74
youtubexapturx1jpe, 1, 1, 15
thinks, 4, 4, 17
bones, 2, 1, 12
confirm, 1, 1, 3
douchebag, 1, 1, 5
shirtless, 1, 1, 63
recorded, 1, 1, 5
legal, 1, 1, 4
noooooooooooooo, 1, 1, 0
hipster, 1, 1, -10
watchchat, 8, 8, 99
dies, 1, 1, 155
bananapants, 1, 1, 1
quitting, 1, 1, -1
refer, 1, 1, 6
biased, 2, 2, -15
welcome, 2, 2, 53
power, 3, 2, 13
seconds, 2, 2, 5
sixth, 3, 3, 7
elroyabed, 1, 1, 0
weirdest, 1, 1, 15
notably, 1, 1, 8
dpid, 1, 1, 7
drawn, 1, 1, 1
sadder, 2, 2, 6
stereotypes, 3, 2, 35
throw, 3, 3, 8
fondness, 1, 1, 6
acb, 36, 3, 12
central, 1, 1, 23
origins, 4, 4, 28
oh, 11, 10, 184
favorite, 28, 25, 438
practical, 1, 1, 13
stretch, 1, 1, 13
journey, 2, 2, 6
greatly, 1, 1, 3
rumpus, 1, 1, 101
act, 1, 1, 5
luck, 2, 2, 5
deranged, 1, 1, 155
op, 3, 3, 8
researching, 1, 1, 2
diagnosed, 1, 1, 3
burning, 1, 1, 2
communication, 1, 1, 3
yap, 2, 2, 23
references, 3, 3, 52
inbox, 1, 1, 1
homeless, 1, 1, 5
technically, 1, 1, 8
racquet, 3, 1, 6
legacy, 2, 1, 1
video45, 1, 1, 0
hip, 1, 1, -1
rgreenbaypackers, 1, 1, 7
distracted, 1, 1, 5
hey, 8, 8, 129
start, 10, 9, 426
fletchtype, 1, 1, 1
racist, 4, 3, 195
low, 4, 4, 27
lot, 28, 24, 170
aerodynamics, 1, 1, 2
cultures, 1, 1, 7
heh, 3, 2, -6
yah, 1, 1, 78
pottery, 3, 3, 217
complete, 5, 5, 23
enough, 7, 7, 189
pitches, 1, 1, 1
e, 2, 2, 21
mice, 1, 1, 8
trying, 7, 7, 142
buying, 1, 1, 4
happening, 4, 4, 15
football, 7, 5, 113
toned, 2, 1, 2
arranged, 2, 1, 5
rage, 1, 1, -1
moviegenre, 1, 1, 3
spamming, 1, 1, 200
assume, 2, 2, 5
sadness, 1, 1, 3
russ, 1, 1, 26
advantage, 1, 1, 1
agree, 12, 11, 12
affection, 2, 2, 5
darker, 1, 1, 15
strongly, 1, 1, 10
gone, 6, 6, 31
scanner, 2, 2, 5
ag, 1, 1, 17
gratuitous, 1, 1, 107
conundrum, 2, 2, 4
certain, 1, 1, 5
arabs, 1, 1, 31
describe, 2, 1, -3
moved, 2, 2, 4
sales, 2, 2, 8
watches, 3, 3, 2
cbs, 3, 3, 15
intro, 6, 6, 226
hobbies, 1, 1, 3
girlfriend, 2, 2, 31
watched, 23, 22, 436
deandong, 1, 1, 6
nerd, 5, 3, 23
film, 5, 5, 24
fill, 2, 2, 9
stumbled, 2, 2, 5
inflated, 1, 1, 1
interior, 3, 3, 8
quintessential, 1, 1, 107
comedies, 1, 1, 1
tight, 1, 1, 2
1113, 1, 1, 8
5, 34, 30, 285
poor, 1, 1, 14
poop, 2, 2, 30
prework, 1, 1, 0
pillows, 5, 5, 6
regardless, 1, 1, 1
separate, 2, 2, 23
students, 3, 3, 35
spoilers, 1, 1, 38
finale, 16, 13, 41
drift, 1, 1, 7
peas, 1, 1, 0
renaming, 1, 1, 101
important, 5, 3, 266
peak, 2, 2, 66
suited, 1, 1, 5
realised, 2, 2, 9
included, 2, 2, 62
pool, 1, 1, 6
psychology, 3, 3, 9
tricky, 1, 1, 3
calls, 3, 3, 307
wife, 3, 3, 30
contemporary, 1, 1, 1
maitland, 1, 1, 1
hello, 3, 3, 13
christmastime, 1, 1, 1
u, 1, 1, 5
god, 3, 3, 6
alright, 1, 1, 3
dvr, 1, 1, 12
starting, 2, 2, 6
original, 3, 3, 11
neighbors, 1, 1, 8
forget, 4, 4, 37
chinese, 1, 1, 8
complements, 1, 1, 8
caused, 7, 1, 5
forbidden, 1, 1, 7
lack, 4, 3, 292
month, 4, 4, 51
code, 1, 1, -1
cooperative, 8, 8, 45
rtotesmessenger, 2, 1, 17
talks, 4, 4, 14
follow, 1, 1, 17
revealed, 3, 2, 13
strips, 1, 1, 17
causes, 2, 2, 2
hmmm, 1, 1, 1
content, 3, 3, 39
apartment, 1, 1, 5
fits, 1, 1, 0
referring, 1, 1, 13
homage, 6, 1, 5
tv, 22, 13, 149
lining, 1, 1, 104
thursday, 1, 1, 0
laughing, 1, 1, -7
diluting, 1, 1, 2
tl, 1, 1, 2
program, 2, 2, 28
gaaay, 1, 1, 2
premeditation, 1, 1, 5
enjoying, 1, 1, 1
presentation, 2, 2, 188
ta, 8, 8, 53
paying, 3, 3, 19
woman, 3, 3, 16
worse, 3, 2, 9
straightforward, 1, 1, 4
song, 4, 3, 26
far, 9, 9, 369
activated, 1, 1, 12
horror, 2, 2, 5
fav, 1, 1, 4
ouch, 1, 1, 17
toss, 1, 1, 2
verb, 1, 1, 2
fan, 11, 8, 85
difficult, 1, 1, 1
surprise, 1, 1, 10
awful, 1, 1, -3
castcrew, 1, 1, 1
difference, 3, 3, 152
common, 1, 1, 393
heaven, 1, 1, 19
hooking, 1, 1, 1
louis, 1, 1, 4
list, 2, 2, 8
worded, 1, 1, 0
large, 1, 1, 5
sane, 1, 1, 5
alzheimer, 1, 1, 1
small, 3, 3, 21
mile, 1, 1, -3
benjamin, 1, 1, 12
upvotes, 1, 1, -12
streets, 11, 10, 430
ted, 1, 1, 15
past, 2, 2, 1
rate, 1, 1, 5
titles, 2, 2, 9
design, 4, 4, 14
perspective, 3, 3, 300
lawyer, 3, 3, 6
pass, 1, 1, 5
nbc, 1, 1, 1
jesus, 2, 2, 92
abc, 2, 2, 141
sub, 5, 5, 18
deeply, 2, 2, 287
wrecked, 1, 1, 1
anniversary, 1, 1, 23
steadying, 1, 1, 2
crush, 1, 1, 8
version, 5, 4, 4
undecided, 1, 1, 5
destroyed, 1, 1, 2
learned, 1, 1, 1
doting, 1, 1, 5
full, 6, 6, 26
tags, 1, 1, 2
twang, 3, 1, 2
seeping, 1, 1, 2
hahaha, 2, 2, 8
answers, 1, 1, 7
hours, 2, 2, 17
threads, 3, 3, 28
situation, 2, 2, 9
concluding, 1, 1, 8
mourning, 1, 1, 2
respect, 1, 1, 17
coaster, 1, 1, 49
5gt, 1, 1, 13
substance, 1, 1, 1
teeth, 1, 1, 3
ahead, 9, 9, 230
experience, 6, 6, 249
pics, 1, 1, 1
host, 1, 1, 8
prior, 1, 1, 5
airport, 1, 1, 6
advertising, 1, 1, 4
pick, 4, 3, 24
action, 1, 1, 1
assuming, 1, 1, 13
options, 1, 1, 1
sticking, 1, 1, 8
via, 1, 1, 5
followed, 1, 1, 18
family, 4, 4, 16
suddenly, 2, 2, 9
traumatized, 1, 1, -47
batshit, 1, 1, 2
ask, 6, 5, 218
3299, 1, 1, 3
muslim, 1, 1, 4
toys, 1, 1, 4
gosh, 1, 1, 21
herring, 3, 2, 8
eye, 1, 1, 3
takes, 2, 2, 107
former, 1, 1, 4
2m33s, 1, 1, 55
etc, 1, 1, 1
texting, 1, 1, 9
two, 16, 16, 75
s2e21, 1, 1, 101
warmed, 1, 1, 7
6, 29, 24, 306
taken, 4, 4, 13
arguing, 1, 1, 21
minor, 1, 1, 2
flat, 1, 1, 5
diamond, 2, 1, 5
door, 3, 3, 10
knows, 2, 2, 10
canon, 3, 2, 19
company, 2, 2, 18
leonard, 2, 2, 19
excuse, 1, 1, 4
stick, 6, 6, 18
broke, 2, 2, 5
particular, 2, 2, 8
known, 2, 2, 109
karaoke, 1, 1, 58
glad, 2, 2, 115
presumed, 1, 1, 1
keeping, 1, 1, 8
hour, 3, 3, 52
science, 3, 3, 11
created, 1, 1, 1
farted, 1, 1, 15
messagecompose, 1, 1, 17
malk, 1, 1, 7
101, 4, 4, 9
v, 25, 16, 341
abandon, 1, 1, 5
broi, 1, 1, 2
male, 2, 2, 9
spontaneous, 1, 1, 8
def, 1, 1, 3
history, 1, 1, 2
beautiful, 2, 2, 18
_encoding, 1, 1, 0
morty, 4, 4, 32
glee, 1, 1, 6
dialling, 1, 1, 17
share, 7, 6, 365
accept, 2, 2, 8
terrible, 3, 3, -79
pushed, 2, 2, 22
gbgi6fltzqe, 1, 1, 4
booorring, 1, 1, -1
sandwhiches, 1, 1, 4
sense, 9, 9, 97
amahzing, 1, 1, 7
peirce, 3, 1, 3
disliked, 1, 1, 1
dress, 1, 1, 9
firmly, 1, 1, 4
homicide, 1, 1, 5
huge, 2, 2, 19
needs, 7, 7, 48
https, 78, 52, 957
goal, 1, 1, 185
awkward, 1, 1, 4
rather, 3, 3, 12
acts, 2, 2, 33
stayed, 3, 3, 414
untied, 1, 1, 5
boxset, 2, 2, 68
scifi, 1, 1, 19
explains, 1, 1, 297
ensemble, 1, 1, 76
bloop, 1, 1, 17
aplenty, 1, 1, 2
sandwich, 2, 2, 193
okay, 5, 5, 319
tried, 4, 4, -44
emulate, 2, 2, 16
rhyme, 1, 1, 47
advice, 4, 4, 0
anecdote, 1, 1, -10
hankie, 1, 1, 6
reflect, 1, 1, 185
replace, 2, 2, 9
tries, 1, 1, 4
terrorist, 1, 1, 2
finality, 3, 3, 16
adventure, 1, 1, 1
coming, 8, 8, 25
authentic, 1, 1, 5
response, 3, 3, 79
rossmeet, 1, 1, 26
contrived, 1, 1, -1
burns, 1, 1, 15
short, 2, 2, 9
footer, 1, 1, 17
reiterate, 1, 1, 5
loud, 1, 1, -81
anytime, 1, 1, 4
generic, 2, 2, 73
usurped, 1, 1, 5
banks, 1, 1, 0
adrien, 1, 1, 2
dream, 3, 3, 34
playing, 3, 3, 7
ncis, 1, 1, 7
help, 8, 8, 73
copying, 1, 1, 2
bowl, 1, 1, 17
heartfelt, 2, 2, 2
soon, 5, 5, 24
womanizing, 1, 1, 1
mixing, 1, 1, 18
committee, 1, 1, 27
replies, 1, 1, 10
hell, 4, 4, 33
smiling, 1, 1, 12
winger, 5, 4, 54
rooted, 1, 1, 4
24, 1, 1, 5
25, 2, 2, 6
jacobs, 3, 3, 75
comedic, 1, 1, 19
20, 1, 1, 3
22, 1, 1, 149
23, 1, 1, 1
abbey, 2, 1, 43
actually, 23, 23, 158
late, 2, 2, 8
minutes1, 1, 1, 11
strange, 1, 1, 1
systems, 1, 1, 5
bummer, 1, 1, 3
symptoms, 1, 1, 1
might, 12, 11, 38
hurting, 1, 1, 5
good, 57, 51, 1278
return, 3, 3, 11
severely, 1, 1, 2
ya, 3, 3, 98
goon, 1, 1, 1
81amp, 1, 1, 7
noticing, 2, 2, 30
fooseball, 1, 1, 8
s3e11, 1, 1, 0
milestone, 1, 1, 8
inception, 1, 1, 10
shershow, 1, 1, 8
harrow, 1, 1, 1
bigger, 1, 1, 1
hotdogs, 1, 1, 1
mystery, 1, 1, 5
easily, 4, 3, 21
impressionists, 1, 1, 1
groupcreated, 1, 1, 3
everytime, 2, 2, 3
sundays, 6, 6, 83
always, 39, 37, 651
presented, 1, 1, 0
spinning, 1, 1, 1
refresh, 1, 1, 3
denny, 2, 2, 39
fanboying, 1, 1, 5
tear, 1, 1, 3
someone, 21, 19, 415
dint, 1, 1, 1
stopped, 3, 3, 7
turns, 1, 1, 19
found, 9, 8, 343
nongasleak, 1, 1, 2
friendship, 4, 4, 89
joel, 7, 7, 206
trailer, 1, 1, 10
spoil, 1, 1, 13
everyone, 15, 10, 46
neil, 1, 1, 7
delicious, 1, 1, 8
briefcase, 1, 1, 1
house, 1, 1, 55
fish, 1, 1, 5
hard, 12, 12, 157
idea, 16, 16, 578
wacky, 2, 2, 7
accidentally, 1, 1, 6
bickering, 2, 2, 12
ball, 1, 1, 10
expect, 1, 1, 8
todd, 2, 2, 19
genres, 1, 1, 1
beyond, 2, 2, 5
event, 2, 2, 7
really, 74, 59, 1002
missed, 11, 10, 107
wondered, 1, 1, 1
p, 1, 1, 3
4pm, 16, 8, 94
since, 15, 15, 457
research, 1, 1, 103
studying, 1, 1, 57
acting, 1, 1, 4
acbismultiplepeople, 1, 1, 5
7, 9, 8, 321
print, 1, 1, 101
issue, 2, 2, 2
ass, 6, 6, 387
bye, 1, 1, 95
timeline, 11, 7, 432
friday, 5, 5, 59
guess, 12, 12, 130
reason, 8, 7, 68
senor, 1, 1, 0
members, 6, 6, 44
imagine, 5, 5, 21
put, 11, 10, 64
teach, 1, 1, 12
beginning, 9, 8, 38
heroic, 2, 2, 18
thrown, 1, 1, 9
3cyzq29espg, 1, 1, 13
thread, 3, 3, 37
sitcom, 4, 4, 35
deanamp, 1, 1, 6
american, 2, 2, 1
twenty, 1, 1, 5
testament, 1, 1, 2
comforts, 2, 2, 21
devolve, 1, 1, 7
throws, 2, 2, 12
knots, 2, 2, 6
major, 1, 1, 8
dont, 1, 1, -5
feel, 26, 24, 416
relate, 1, 1, 7
number, 3, 2, 13
linking, 1, 1, 3
feet, 2, 2, 6
instances, 1, 1, -11
unexpected, 1, 1, 12
done, 7, 7, 4
investors, 2, 2, 101
fees, 1, 1, 9
joeldanny, 1, 1, 5
miss, 3, 2, 51
baggle, 1, 1, 4
razor, 1, 1, 5
story, 6, 6, 25
heads, 1, 1, -1
discussed, 1, 1, 4
script, 2, 2, 26
introduction, 5, 5, 18
leading, 1, 1, 31
interact, 1, 1, 1
litany, 1, 1, 4
least, 10, 9, 31
tradition, 1, 1, 1
pinned, 1, 1, 5
prescient, 1, 1, 5
expand, 1, 1, 0
passed, 4, 4, 28
sigh, 1, 1, 18
ton, 1, 1, 3
hoth, 1, 1, 1
selling, 2, 2, 105
option, 1, 1, 7
relationship, 9, 9, 336
corporations, 1, 1, 2
ugutqowzvzq, 1, 1, 2
sam, 1, 1, 23
dentist, 2, 2, 9
part, 17, 11, 294
sold, 1, 1, 9
believe, 9, 8, 606
gilbert, 1, 1, 24
albeit, 1, 1, 6
kind, 12, 11, 166
b, 3, 3, 326
double, 3, 3, 21
recording, 3, 2, 11
marriage, 2, 2, 3
doubly, 1, 1, -12
str, 1, 1, 155
stale, 1, 1, -3
toward, 1, 1, 5
declare, 1, 1, 5
procedural, 1, 1, 5
charlotte, 1, 1, 38
uncomfortable, 2, 2, 5
basically, 7, 7, -24
headwear, 1, 1, 101
wasnt, 1, 1, 5
preist, 1, 1, 155
enwikipediaorgwiki4h, 1, 1, 2
juicy, 1, 1, 5
randomly, 2, 2, 4
substantial, 1, 1, 8
7s, 1, 1, 2
philly, 1, 1, 1
backseat, 1, 1, 3
sell, 2, 2, 5
mountain, 1, 1, 8
airballoon, 1, 1, 4
draper, 1, 1, 2
dancing, 3, 3, 24
self, 3, 2, 15
cradlerobber, 1, 1, 7
also, 62, 45, 960
ftrlnk, 1, 1, 6
useless, 1, 1, 5
analogy, 2, 2, 18
finding, 3, 3, 12
kim, 2, 1, 1
aired, 14, 3, 113
added, 4, 4, 8
dalmatians, 1, 1, 10
reckon, 1, 1, -1
quote, 5, 5, 168
approves, 1, 1, 3
sets, 1, 1, 5
brooklyn, 1, 1, 2
plan, 2, 2, 6
significant, 1, 1, 3
nothing, 10, 9, 189
seasons, 30, 26, 380
extremely, 2, 2, 2
ditzy, 1, 1, 7
funnier, 1, 1, 22
understands, 1, 1, 1
cause, 1, 1, 3
windows, 1, 1, 6
clear, 1, 1, 5
sometimes, 4, 4, 36
bills, 1, 1, 4
optical, 1, 1, 1
bodies, 1, 1, 2
clean, 2, 2, 6
usual, 4, 4, 11
lying, 1, 1, 5
standoff, 1, 1, 1
despise, 1, 1, 2
ugh, 2, 2, 6
particularly, 3, 3, 74
gold, 1, 1, 1
hugging, 2, 2, 22
session, 2, 2, 4
relation, 1, 1, 3
hyped, 1, 1, 1
excessive, 1, 1, 0
fine, 1, 1, 12
find, 21, 20, 328
spoofbased, 1, 1, 14
relive, 1, 1, 0
dental, 1, 1, 11
current, 1, 1, 6
giant, 2, 2, 7
rocket, 1, 1, 1
duncan, 8, 2, 6
writer, 1, 1, 8
waiting, 3, 3, 3
failed, 3, 1, 12
indian, 2, 2, 15
kidnap, 1, 1, 3
pretty, 19, 18, 164
factor, 1, 1, 8
8, 6, 5, 21
circle, 1, 1, 27
briefly, 3, 3, 27
hit, 1, 1, 5
mein, 1, 1, 8
banned, 2, 2, 15
sunny, 8, 8, 39
phallically, 1, 1, 9
feels, 2, 2, 5
valuable, 1, 1, 46
pretending, 1, 1, 5
devising, 1, 1, 297
combinations, 2, 2, 18
tbone, 2, 1, 45
marathoned, 1, 1, 0
elf, 2, 2, 12
byelaws, 1, 1, 2
showed, 3, 3, 10
generally, 2, 2, -5
mailgooglecommailu0, 1, 1, 1
remove, 1, 1, 4
sacrifices, 1, 1, 8
glover, 4, 4, 122
recommendations, 1, 1, 1
fateful, 1, 1, 5
hedrick, 1, 1, 2
wrote, 1, 1, 8
reshitpost, 1, 1, -33
bars, 1, 1, 2
set, 10, 8, 105
achieved, 2, 1, 5
throwing, 2, 2, 6
togther, 1, 1, 8
sex, 2, 2, -4
140000, 1, 1, 13
see, 55, 49, 824
individual, 1, 1, 5
dumb, 6, 5, 405
sea, 1, 1, 5
close, 2, 2, 9
romances, 1, 1, 7
stuntwoman, 1, 1, 19
degree, 1, 1, 27
gijeffaiiight, 1, 1, 1
movie, 41, 34, 807
wow, 3, 3, 24
currently, 1, 1, 1
please, 13, 12, 102
slapped, 1, 1, 5
halves, 1, 1, 8
fans, 7, 4, 130
various, 1, 1, 0
youtubeqgctud1p9k4, 1, 1, 3
poopooing, 1, 1, 3
probably, 21, 19, 527
donate, 1, 1, 163
sirone, 1, 1, 3
corruption, 1, 1, 23
supposed, 9, 9, 141
knowing, 6, 5, 19
sexualize, 1, 1, 7
makeup, 1, 1, 38
recently, 7, 7, 55
jeffabed, 1, 1, 5
ghali, 1, 1, 10
missing, 3, 3, 8
masterful, 1, 1, 5
attention, 2, 2, 11
youtubebebn2cwmdu0, 1, 1, 10
outfit, 2, 2, 14
6gt, 1, 1, 13
ranked, 1, 1, 2
premise, 1, 1, 5
genre, 8, 3, 22
dane, 1, 1, 2
pissed, 1, 1, 2
prospects, 1, 1, 1
paradigms, 4, 4, 54
last, 25, 23, 291
legitimately, 1, 1, 29
coupledom, 1, 1, 7
barely, 1, 1, 16
minus, 1, 1, 1
bandit, 7, 6, 47
adored, 1, 1, 2
connection, 1, 1, 7
became, 7, 5, 119
annie, 46, 35, 551
buzz, 2, 1, 3
collection, 1, 1, -1
reply, 1, 1, 3
whole, 19, 14, 133
finds, 1, 1, 6
liked, 13, 11, 192
onward, 1, 1, 1
elliot, 1, 1, 38
point, 20, 18, 129
reasons, 3, 3, 20
sweet, 2, 2, 10
acted, 3, 3, 2
movinghas, 1, 1, -1
community, 92, 76, 1045
coincidence, 5, 1, 5
improper, 1, 1, 13
likes, 1, 1, 3
sing, 1, 1, 8
throughout, 3, 3, 22
mission, 1, 1, 1
expensive, 1, 1, 4
ps, 1, 1, 5
czzudg3, 1, 1, 6
czzqwdw, 1, 1, 6
due, 1, 1, 0
runner, 1, 1, 2
secret, 1, 1, 3
damn, 9, 9, 185
pe, 1, 1, 6
pi, 1, 1, 7
meeting, 1, 1, 5
whoa, 1, 1, 5
eko, 1, 1, 8
dialogue, 1, 1, 13
goodwell, 1, 1, 15
gay, 10, 10, 912
assorted, 1, 1, 31
fire, 1, 1, 2
beforehand, 1, 1, 8
crack, 4, 3, 37
gas, 9, 9, 38
39, 3, 1, 6
storylines, 2, 2, 19
else, 17, 15, 142
anthony, 1, 1, -3
udalarro, 1, 1, 4
whatever, 6, 5, 49
lives, 3, 3, 16
gah, 1, 1, 3
fandom, 1, 1, 49
unnecessarily, 1, 1, 5
pierce, 57, 35, 965
look, 12, 11, 117
solid, 1, 1, 2
youtubevxex1wrpna0, 1, 1, 8
budget, 1, 1, 1
pace, 1, 1, 20
sexuality, 2, 2, 2
bachelors, 1, 1, 27
smart, 4, 4, 42
behavior, 1, 1, 24
leaning, 1, 1, 2
fun, 10, 10, 335
kissing, 1, 1, 38
animated, 3, 3, 17
guide, 1, 1, 185
lingo, 1, 1, 7
theres, 1, 1, 4
styles, 1, 1, 1
hoping, 4, 4, 32
cents, 1, 1, 5
greendale, 14, 12, 394
boutros, 4, 3, 12
comparable, 1, 1, 2
34, 1, 1, 2
rjontron, 1, 1, 2
chase, 2, 2, 15
funny, 15, 14, 117
anymore, 3, 3, 7
suggests, 2, 1, 2
lengths, 1, 1, 2
barnes, 1, 1, 5
belong, 2, 2, 19
wherein, 1, 1, 8
rules, 2, 2, 18
discourse, 1, 1, 25
skit, 1, 1, 1
widely, 1, 1, 8
9, 5, 4, 24
eww, 1, 1, 2
day, 10, 10, 87
higher, 1, 1, 1
development, 10, 9, 230
used, 11, 11, 370
bonus, 1, 1, 2
assignment, 1, 1, 1
yesterday, 2, 2, 3
nvgs, 1, 1, 5
stacy, 1, 1, 2
moment, 11, 10, 69
moving, 3, 3, 19
purpose, 3, 3, 13
nickname, 1, 1, 45
bob, 1, 1, 18
focal, 1, 1, 40
recent, 1, 1, 1
organically, 1, 1, 37
task, 1, 1, 6
suspicious, 1, 1, 4
spent, 3, 3, 44
analysis, 2, 2, 7
obviously, 2, 2, 6
person, 9, 8, 112
edge, 1, 1, 5
chronicles, 1, 1, 4
nicholson, 1, 1, 8
genuinely, 4, 4, 26
weakest, 1, 1, 8
alluring, 1, 1, 8
listening, 1, 1, 1
alum, 1, 1, 22
birthday, 4, 4, 36
questions, 1, 1, 5
world, 3, 3, 26
useful, 1, 1, 2
alternative, 2, 2, 4
primedp_piv, 1, 1, 0
letting, 4, 4, 27
elven, 1, 1, 155
geniuslevel, 1, 1, -3
ucslayer23, 1, 1, 1
majority, 3, 2, 10
hated, 8, 8, 4
alternate, 1, 1, 2
source, 2, 2, 13
parents, 1, 1, 12
location, 1, 1, 3
crying, 3, 3, -76
easter, 1, 1, 3
remaining, 3, 2, 10
surprised, 3, 3, 29
build, 2, 2, 16
vaughn, 3, 3, 38
australia, 1, 1, 1
dppl, 1, 1, 7
insert, 1, 1, -3
conformed, 1, 1, 2
big, 9, 9, 41
couple, 4, 4, 4
spoton, 1, 1, 101
shitty, 2, 2, 61
game, 3, 3, 33
quest, 1, 1, 8
spoof, 1, 1, 1
logical, 2, 2, 4
bit, 17, 15, 0
awaken, 3, 3, 323
desipolish, 1, 1, 7
projects, 1, 1, 13
zingers, 1, 1, -1
admittedly, 1, 1, 2
clay, 1, 1, 15
separately, 1, 1, 2
continue, 2, 2, 52
popular, 3, 2, 9
disorder, 1, 1, 5
essential, 1, 1, 2
ecology, 3, 3, 7
often, 4, 4, 484
fucking, 2, 2, -6
spring, 1, 1, 3
fathers, 2, 2, 367
1st, 1, 1, 10
play, 11, 11, 104
ah, 2, 2, 5
understood, 1, 1, 9
trends, 1, 1, 42
towards, 1, 1, 2
pricing, 1, 1, 7
mirror, 1, 1, 23
selfishness, 1, 1, 7
curious, 3, 3, 62
yknow, 1, 1, 0
canadians, 1, 1, 74
delivered, 1, 1, 3
acquaintance, 1, 1, 5
stables, 1, 1, 5
pet, 1, 1, 0
singing, 1, 1, 58
absolutely, 2, 2, 4
exceeding, 1, 1, 10
per, 3, 3, 105
religion, 1, 1, 2
pen, 2, 2, 3
pronounces, 1, 1, -13
excluding, 1, 1, 1
peg, 1, 1, 5
eggs, 1, 1, 3
either, 4, 4, 406
foley, 1, 1, 3
eating, 1, 1, 5
rapping, 1, 1, 6
strapped, 1, 1, 3
s13, 1, 1, 4
bo, 1, 1, 8
use, 13, 12, 190
refused, 1, 1, -1
feelings, 2, 2, 9
step, 1, 1, 8
nowhere, 1, 1, 38
metaphor, 2, 1, 8
developped, 1, 1, 285
anything, 12, 12, 366
netflix, 37, 33, 184
justi, 1, 1, 149
drama, 3, 3, 19
deserves, 1, 1, 1
similarbetter, 1, 1, 2
dwight, 1, 1, 8
silence, 1, 1, 4
seeing, 6, 6, 39
jimmy, 1, 1, 55
clinton, 1, 1, 23
colorado, 1, 1, 1
garbage, 4, 4, 7
terrorists, 1, 1, 31
traflorkian, 1, 1, 99
tiff, 1, 1, 101
within, 1, 1, 7
nonsense, 1, 1, 5
servers, 1, 1, -10
services, 1, 1, 4
steven, 1, 1, 1
binged, 1, 1, 8
downhill, 1, 1, 7
alison, 7, 7, 181
calming, 1, 1, 6
statistics, 3, 3, 12
dayman, 1, 1, 1
infuriating, 1, 1, 3
spending, 1, 1, 72
plots, 1, 1, -1
openers, 1, 1, 4
question, 4, 4, 19
remarked, 1, 1, 1
long, 10, 8, 661
approved, 1, 1, -1
pronunciation, 4, 2, 3
childishness, 1, 1, 7
preordered, 2, 2, 4
79, 1, 1, 2
bored, 2, 2, 14
scared, 1, 1, 1
opens, 2, 2, 32
files, 1, 1, 10
roxanne, 1, 1, 297
endtag, 1, 1, 19
poster, 1, 1, 10
anywhere, 1, 1, 1
boys, 3, 2, 14
link, 5, 5, 157
beans, 1, 1, 1
newer, 1, 1, -1
potato, 1, 1, 2
hopes, 2, 2, 4
line, 13, 11, 320
reel, 2, 2, 34
considerable, 1, 1, 5
posted, 3, 3, -8
info, 2, 2, 23
hair, 1, 1, 10
fulfilling, 1, 1, 13
sounds, 6, 6, -24
us, 20, 18, 594
planet, 1, 1, 101
paired, 2, 2, 12
exploration, 1, 1, 4
uh, 2, 2, 84
uk, 8, 8, 428
sum, 1, 1, 1
z, 1, 1, 5
similar, 4, 4, 257
called, 6, 6, 28
rnocontext, 1, 1, 17
changes, 1, 1, 3
constant, 2, 2, 8
uggghh, 1, 1, 31
single, 1, 1, 14
warning, 1, 1, 49
chat, 1, 1, 6
appetizing, 1, 1, 15
stripper, 1, 1, 9
s05e01, 1, 1, 12
s05e07, 1, 1, 1
ockham, 1, 1, 5
gainesville, 1, 1, 2
occasional, 1, 1, 15
points, 1, 1, 3
actors, 2, 2, 16
nat, 1, 1, 1
sails, 1, 1, 8
mock, 1, 1, 5
nice, 13, 12, 103
bagul, 1, 1, 2
draw, 1, 1, 31
deans, 1, 1, 4
smitten, 1, 1, 8
favourite, 9, 7, 33
problems, 4, 2, 16
robots, 1, 1, -1
helping, 2, 2, 5
meaning, 1, 1, 8
youtubecomwatch, 7, 1, 6
utterly, 1, 1, 4
sides, 1, 1, 0
structure, 2, 2, 23
feasible, 1, 1, 7
ago, 5, 5, 11
tailored, 1, 1, 5
notch, 1, 1, 1
fighter, 3, 3, 178
dvd, 13, 11, 239
age, 2, 2, 196
youtube, 2, 2, 10
walked, 1, 1, 8
utilised, 1, 1, 2
waxing, 1, 1, 0
karma, 3, 2, 298
leak, 9, 9, 38
failures, 1, 1, 3
2009, 1, 1, 1
intentional, 1, 1, 13
gt, 8, 8, 82
hurricane, 1, 1, 1
totes, 2, 2, -9
penis, 2, 2, -31
pearce, 1, 1, 2
jjim, 1, 1, 11
go, 25, 24, 382
barbecue, 1, 1, 149
flashback, 2, 2, 31
gl, 1, 1, 2
centers, 1, 1, 1
gi, 4, 4, 18
seemed, 6, 6, 10
rewatches, 1, 1, 2
peanut, 2, 2, 12
wizard, 1, 1, 1
young, 1, 1, 4
rall, 1, 1, 7
helps, 1, 1, 2
stable, 1, 1, 0
exit, 1, 1, 11
dislike, 2, 2, 21
include, 1, 1, 106
sent, 1, 1, 9
garret, 1, 1, 4
infinite, 1, 1, 5
outside, 3, 3, 85
redditors, 1, 1, 6
peyton, 1, 1, 5
continues, 1, 1, 43
kitty, 2, 1, 1
meowmeowbeenz, 1, 1, 0
putting, 1, 1, 5
midwestern, 1, 1, 1
telling, 4, 4, 58
drinking, 1, 1, 0
subreddit, 4, 4, 7
continued, 1, 1, 5
categories, 1, 1, 155
edible, 1, 1, 5
timely, 1, 1, 103
entire, 10, 9, 371
recreation, 2, 2, 8
gender, 1, 1, 2
marry, 1, 1, 574
shock, 1, 1, 8
itamp, 1, 1, 6
try, 6, 6, 32
skipped, 1, 1, 2
czzv2zt, 1, 1, 6
imgur, 1, 1, 138
storyarch, 1, 1, 7
deleting, 1, 1, 5
noted, 1, 1, 5
joey, 1, 1, 96
smaller, 1, 1, 14
biology, 2, 2, 9
jump, 1, 1, 1
video, 6, 6, 44
misfits, 1, 1, 0
picked, 2, 2, 15
earth, 2, 2, 3
odd, 2, 2, 3
makers, 1, 1, 1
victor, 1, 1, 1
poke, 1, 1, 42
plays, 2, 2, 8
unavailable, 1, 1, 32
junior, 1, 1, 74
showcase, 1, 1, 10
giving, 4, 4, 23
colonel, 1, 1, 3
vampire, 2, 2, 10
practices, 1, 1, -3
access, 3, 1, 5
payday, 4, 3, 39
experiment, 1, 1, 2
crossed, 1, 1, 7
ahhhhh, 1, 1, 7
3e, 1, 1, 5
melancholy, 1, 1, 1
led, 2, 1, 5
chose, 1, 1, 24
utf8amp, 1, 1, 0
exchange, 1, 1, 7
backstory, 1, 1, 5
pushing, 1, 1, 2
commercial, 2, 2, 23
packing, 1, 1, 1
let, 10, 10, 124
others, 3, 3, 32
downvote, 1, 1, -11
slater, 5, 5, 25
fifteen, 1, 1, 11
kidnapped, 1, 1, 12
great, 39, 35, 896
drops, 2, 2, -2
receive, 1, 1, 7
involved, 1, 1, 1
30, 4, 4, 14
scientology, 1, 1, 2
leaving, 5, 5, 38
panned, 1, 1, 58
weekday, 1, 1, 2
opinion, 6, 6, 19
chang, 19, 17, 100
makes, 18, 18, 307
tvmovie, 1, 1, 1
thats, 2, 2, 8
named, 1, 1, 13
daybreak, 1, 1, 3
spy, 1, 1, 15
win, 1, 1, 0
app, 2, 2, 4
s04, 1, 1, 3
crazy, 17, 13, 397
apt, 4, 4, 15
winnerloser, 1, 1, 3
gimmick, 1, 1, 1
redo, 2, 2, 111
cha, 1, 1, 155
confidence, 1, 1, 185
usd, 1, 1, -10
figure, 1, 1, 24
illegal, 1, 1, 5
next, 12, 12, 129
cougarton, 2, 1, 43
jonathan, 1, 1, 0
antioxidants, 1, 1, 86
sort, 4, 4, 27
clever, 2, 2, 37
dentists, 1, 1, 22
upcoming, 1, 1, 5
started, 9, 9, 58
becomes, 3, 3, 11
sister, 1, 1, 2
confused, 1, 1, 7
trail, 1, 1, 12
gettin, 1, 1, 4
baby, 2, 2, 31
ok, 1, 1, 3
rivalry, 1, 1, 2
duped, 1, 1, 5
hints, 1, 1, 10
customer, 3, 3, 4
tad, 1, 1, 185
account, 2, 2, 6
practicing, 1, 1, 6
pedaler, 1, 1, 8
tease, 1, 1, -1
nadir, 1, 1, 1
monster, 1, 1, 0
archer, 3, 3, 18
obvious, 4, 4, 96
island, 1, 1, 8
closing, 1, 1, 1
corpse, 1, 1, 19
blaine, 1, 1, 14
control, 2, 2, 16
wearing, 2, 2, 7
reanimated, 1, 1, 19
pawn, 1, 1, 5
hiatus, 2, 2, 104
halloween, 2, 2, 7
high, 7, 7, 65
effectively, 2, 1, 5
villain, 2, 2, 3
tag, 3, 3, 17
pulling, 1, 1, 8
something, 31, 29, 813
1015, 1, 1, -3
boner, 1, 1, 15
rape, 1, 1, 8
native, 1, 1, 18
educational, 1, 1, 0
united, 1, 1, 4
lame, 1, 1, 0
cliches, 1, 1, 5
ribs, 1, 1, 1
holds, 1, 1, 191
awake, 1, 1, 2
located, 1, 1, 5
nucular, 1, 1, 4
instead, 3, 3, 37
comedy, 7, 7, 229
panic, 1, 1, 6
cliched, 1, 1, 5
profile, 1, 1, 37
tension, 2, 1, 7
puppets, 3, 3, 9
genuined, 1, 1, 4
kickstarter, 2, 2, 160
stop, 4, 4, 6
immersed, 1, 1, 5
mantzoukas, 1, 1, 0
winners, 1, 1, 15
tied, 1, 1, 2
bothered, 2, 2, 2
paintball, 7, 7, 18
syllable, 2, 1, 2
men, 1, 1, 2
taco, 2, 1, -3
faucets, 1, 1, 5
spelling, 2, 2, 31
perepisode, 1, 1, 5
solidarity, 1, 1, 6
realized, 4, 4, 11
polygraphy, 2, 2, 2
daycare, 1, 1, 5
light, 1, 1, 1
sit, 3, 3, 30
lines, 6, 6, 130
redundant, 1, 1, 3
20131023082955, 1, 1, 5
sanest, 1, 1, 8
vibe, 1, 1, 13
chief, 1, 1, 23
honestly, 8, 8, 12
realizes, 1, 1, 89
scrubs, 1, 1, 38
s2, 3, 2, 5
mustache, 1, 1, 3
longest, 1, 1, 1
leftfield, 1, 1, 5
six, 6, 6, 99
aiken, 1, 1, 15
producer, 1, 1, 7
move, 5, 4, 19
ladies, 1, 1, 6
unofficially, 1, 1, 12
including, 3, 3, 44
costume, 3, 3, 195
referencing, 4, 4, 29
mentioned, 4, 4, 40
agricultural, 1, 1, 13
pervy, 1, 1, 2
jsnwmqy9ccu, 1, 1, 8
dt, 1, 1, 2
bunch, 4, 4, 10
lf, 1, 1, 285
spotify, 1, 1, 1
la, 2, 2, 12
paintballs, 2, 2, 30
witnesses, 1, 1, 12
broadcast, 3, 3, 6
lt, 2, 2, 19
willing, 1, 1, 2
choose, 2, 2, 10
deanied, 1, 1, 2
2016, 6, 6, 83
spot, 2, 2, 1
dad, 4, 4, 303
eaten, 1, 1, 39
g0zybjrewkw, 1, 1, 6
dan, 14, 14, 166
material, 1, 1, 5
mention, 3, 3, 9
adequately, 1, 1, 14
kid, 1, 1, 8
hands, 2, 2, 5
front, 2, 2, 109
realize, 3, 2, 7
orgasmically, 1, 1, 8
february, 1, 1, 138
spilling, 2, 2, 25
edit, 18, 18, 501
jeffannie, 6, 5, 40
nobodies, 1, 1, 8
underdog, 1, 1, 1
delightful, 1, 1, 2
weather, 1, 1, 3
trap, 1, 1, 5
truth, 2, 2, 21
crossing, 1, 1, 33
stock, 2, 2, 4
episodeand, 1, 1, 85
imgurcomqtzj3, 1, 1, 6
remdial, 1, 1, 1
books, 2, 2, 6
filmmaking, 3, 3, 70
britta, 53, 44, 1644
special, 3, 3, 17
category, 1, 1, 1
arriving, 1, 1, 2
rep, 1, 1, 0
playlistamp, 1, 1, 6
chaos, 14, 14, 338
hilarious, 9, 9, 60
rec, 2, 2, -2
ref, 1, 1, 7
red, 5, 4, 15
cartoons, 2, 2, 2
7gh5qszpbva, 2, 2, 25
shut, 2, 2, 26
frank, 1, 1, 2
reacts, 1, 1, 4
clarify, 1, 1, 2
completely, 5, 5, 9
york, 4, 4, 226
homages, 2, 2, 6
anyhow, 1, 1, 2
afterward, 1, 1, 2
additional, 1, 1, 9
scary, 3, 3, 21
organic, 1, 1, 27
timey, 1, 1, 1
mesmerized, 1, 1, 8
could, 42, 38, 430
area, 1, 1, 2
florida, 1, 1, 23
times, 16, 16, 269
conversation, 2, 2, 6
explored, 2, 2, 302
pudding, 1, 1, 0
binging, 1, 1, 2
hence, 1, 1, 5
biting, 1, 1, 5
chills, 1, 1, 2
south, 2, 2, 151
martin, 1, 1, 7
confuse, 1, 1, 5
scene, 11, 11, 89
reaches, 1, 1, 8
philadelphia, 3, 3, 33
introspective, 1, 1, 285
date, 5, 5, -32
puppet, 3, 3, 24
bitch, 3, 3, 10
drastic, 1, 1, 58
scent, 1, 1, 5
horseman, 1, 1, 38
outfits, 2, 2, 40
laughingly, 1, 1, 2
management, 1, 1, 10
sadly, 2, 2, 229
reference, 1, 1, -1
unknown, 1, 1, 5
system, 3, 2, 302
intermediate, 1, 1, 1
pavel, 1, 1, 5
wrapped, 2, 2, 6
man, 12, 12, 678
final, 5, 5, 15
painful, 2, 2, -1
interests, 1, 1, 0
ypour, 1, 1, -1
stars, 1, 1, 15
completed, 1, 1, 5
nobody, 3, 3, 15
apologise, 1, 1, 25
lists, 1, 1, 0
s5e7, 1, 1, 0
environmental, 1, 1, 10
vouch, 1, 1, 1
s5e3, 1, 1, 5
keibler, 1, 1, 2
institution, 1, 1, 0
loved, 10, 9, 326
warfare, 7, 7, 67
manning, 1, 1, 5
beg, 1, 1, 2
bed, 2, 2, 56
cartoonish, 1, 1, 58
appealing, 1, 1, 8
arc, 1, 1, 1
observer, 1, 1, 8
loves, 6, 5, 81
maybe, 16, 15, 86
surrogacy, 1, 1, 3
flashes, 1, 1, 1
drunk, 1, 1, 17
false, 1, 1, 5
clip, 6, 6, 111
carrots, 1, 1, 15
abomination, 2, 2, 7
pelton, 5, 2, 25
comfortable, 1, 1, 1
imdb, 1, 1, 34
unlikely, 1, 1, 5
need, 16, 15, 155
apparently, 3, 3, 14
clearly, 3, 3, 22
escapism, 2, 2, 8
sings, 1, 1, 297
itt, 1, 1, 4
afraid, 2, 2, 0
rearranged, 1, 1, 1
coolcool, 1, 1, 26
allergies, 1, 1, 4
forgotten, 1, 1, 4
agency, 1, 1, 15
able, 3, 3, 42
gravity, 1, 1, 1
parks, 4, 4, 6
jacobson, 1, 1, 12
bagel, 4, 2, 3
instance, 1, 1, 5
korean, 2, 2, 152
trivia, 1, 1, 2
firefly, 3, 2, 51
02, 1, 1, 1
unless, 3, 3, -5
pretzels, 1, 1, 15
deploy, 1, 1, 47
camper, 1, 1, 3
pausing, 2, 2, 5
01, 1, 1, 1
connected, 1, 1, 8
cracking, 2, 1, 5
device, 1, 1, 5
awe, 1, 1, 0
socializing, 1, 1, 393
delivery, 4, 4, 217
placement, 1, 1, 4
refreshing, 2, 1, 31
consequences, 3, 3, 6
saddest, 1, 1, 6
gather, 1, 1, 15
upset, 1, 1, 6
face, 3, 3, 98
looked, 2, 2, 10
absurd, 1, 1, 2
runaway, 1, 1, 4
pictures, 1, 1, 1
painting, 1, 1, -3
08, 1, 1, 1
contemptuous, 1, 1, 5
jnk8juewvfy, 1, 1, 6
impression, 2, 2, -43
qualms, 1, 1, 7
showupcoming, 1, 1, 8
agreed, 2, 2, 10
anyway, 6, 6, 36
brother, 1, 1, 1
connect, 2, 2, 10
bring, 12, 11, 72
alltime, 1, 1, 1
planning, 4, 4, 8
kitt, 1, 1, 4
purposefully, 1, 1, 1
unreliable, 1, 1, 2
fear, 3, 3, 10
darkest, 3, 3, 115
torrenting, 1, 1, 5
debate, 4, 4, 24
staff, 1, 1, 23
redirect, 1, 1, 3
inspiring, 1, 1, 29
pause, 1, 1, 1
noir, 1, 1, 1
knowledge, 3, 1, 5
jay, 1, 1, 5
upvote, 5, 5, 19
hopeful, 1, 1, 4
degrading, 1, 1, 107
rash, 6, 5, 23
terminal, 1, 1, 5
fraternizing, 1, 1, 10
satan, 1, 1, 8
belated, 1, 1, 101
cameos, 1, 1, 1
indeed, 1, 1, 2
irrelevant, 2, 1, 101
piano, 1, 1, 23
thousands, 1, 1, 0
hope, 6, 6, 357
discovers, 1, 1, 8
meant, 4, 4, 13
pee, 1, 1, 17
handle, 1, 1, -1
abba, 1, 1, 0
means, 5, 5, 45
beat, 2, 1, 18
familiar, 2, 1, -3
photography, 1, 1, 13
props, 1, 1, 71
overall, 1, 1, 1
lucky, 2, 2, 101
likely, 2, 2, 75
tbh, 1, 1, 2
bean, 1, 1, 15
ones, 1, 1, 2
legitimate, 1, 1, 24
words, 1, 1, 20
bluray, 2, 2, 78
timing, 1, 1, 85
scrolling, 1, 1, 4
tbd, 1, 1, 1
antagonist, 2, 2, 29
evolution, 1, 1, 3
dishearten, 2, 2, 11
5050, 1, 1, 5
course, 7, 7, 92
married, 1, 1, 3
stuff, 14, 14, 108
grab, 1, 1, 2
cycles, 2, 2, 9
looks, 5, 5, 86
available, 5, 5, 10
btw, 1, 1, 1
exists, 1, 1, 2
frame, 1, 1, 12
starburns, 1, 1, 15
computer, 2, 2, 47
signed, 1, 1, -1
9654, 1, 1, 6
bti, 1, 1, 2
speechlessness, 1, 1, 38
creating, 1, 1, 7
closer, 1, 1, 1
cornelius, 1, 1, 24
destiny, 1, 1, 8
record, 1, 1, 2
genius, 2, 2, 38
horribly, 1, 1, 1
favor, 1, 1, 4
written, 5, 5, 8
convince, 1, 1, 38
supernatural, 1, 1, 0
shudders, 1, 1, 17
correctly, 1, 1, 1
horrible, 2, 2, 9
neither, 1, 1, 2
frustrated, 1, 1, 5
email, 2, 2, 10
bought, 5, 5, 76
ken, 15, 13, 294
ends, 3, 3, 15
opening, 1, 1, 185
keg, 1, 1, 5
joy, 1, 1, 1
deliver, 1, 1, 1
job, 2, 2, 6
finales, 2, 2, 15
shittiest, 1, 1, 11
joe, 2, 2, 2
merry, 1, 1, 11
reappears, 1, 1, 2
mcdowell, 1, 1, 3
ios, 1, 1, 2
mage, 1, 1, 155
david, 2, 2, 22
paraphrasing, 1, 1, 5
restrictions, 1, 1, 1
hits, 2, 1, 297
figured, 1, 1, 27
limits, 1, 1, 1
joke, 21, 17, 135
taking, 2, 2, 8
1835, 1, 1, -1
ramp, 1, 1, 2
equal, 2, 2, 155
prefer, 1, 1, 3
moderators, 1, 1, 3
atleast, 1, 1, 7
smilin, 1, 1, 8
passing, 1, 1, -1
halfdressed, 1, 1, 7
grounds, 1, 1, 10
ck, 1, 1, 4
vent, 1, 1, 8
relevant, 2, 1, -12
extent, 1, 1, 0
romance, 1, 1, 8
cb, 1, 1, 5
ca, 39, 31, 1050
teasing, 1, 1, 7
paranormal, 1, 1, 6
walk, 1, 1, 6
walt, 1, 1, 8
betrayed, 1, 1, 5
laugh, 9, 6, 148
table, 3, 3, 44
halfpalestinian, 1, 1, 4
andamovie, 2, 2, 4
neat, 1, 1, 1
erased, 1, 1, 4
hawkins, 1, 1, 185
iimgurcomvoxnjpcjpg, 1, 1, 1
prooves, 1, 1, -12
qvze64a28ni, 1, 1, 2
decent, 3, 3, 50
automoderator, 1, 1, 3
copies, 1, 1, 2
responds, 1, 1, 6
faxon, 1, 1, 1
yam, 1, 1, 5
bojack, 2, 1, 38
slowly, 2, 2, 64
treat, 1, 1, 1
revisted, 1, 1, 1
inadequate, 1, 1, 8
curtain, 1, 1, 5
pic, 2, 2, -13
league, 8, 7, 28
selfcontained, 1, 1, 31
crappy, 1, 1, 4
neighbour, 1, 1, 5
finished, 7, 7, 23
deep, 5, 5, 10
covered, 1, 1, 3
anniejeff, 1, 1, 7
atlanta, 1, 1, 2
general, 3, 3, 60
present, 2, 2, 18
reverse, 1, 1, 1
criminal, 1, 1, 1
fanhood, 1, 1, 5
harder, 1, 1, 18
dorm, 2, 1, 5
value, 4, 4, 21
choices, 1, 1, 0
s06e07, 1, 1, 6
ittttt, 1, 1, 5
revisited, 1, 1, 3
mythology, 2, 2, 10
baygul, 1, 1, 2
8bit, 1, 1, 1
almost, 10, 10, 357
blood, 1, 1, 23
walks, 2, 2, 8
site, 2, 2, -8
helped, 6, 4, 194
vs, 1, 1, 1
bucks, 1, 1, -13
inspector, 4, 4, 23
tattoo, 1, 1, 8
spoofed, 1, 1, 14
shooting, 1, 1, 6
grinder, 3, 3, 11
perhaps, 1, 1, 5
solely, 1, 1, 1
campus, 3, 3, 40
member, 1, 1, 185
parts, 3, 3, 54
speaker, 1, 1, 18
crazytown, 1, 1, 1
party, 3, 3, -3
gets, 13, 11, 356
planned, 1, 1, 24
departures, 1, 1, 58
practice, 1, 1, 4
http, 16, 14, 318
context, 11, 5, 40
emotionally, 1, 1, 1
conceived, 1, 1, 8
upon, 2, 1, 5
effect, 1, 1, 4
sprek, 1, 1, 0
hawkthorne, 2, 2, 9
student, 2, 1, 27
fucked, 1, 1, 200
poignant, 1, 1, 3
identity, 1, 1, 5
pull, 1, 1, 5
center, 2, 2, 10
obstacles, 1, 1, 8
well, 31, 28, 443
thought, 25, 24, 466
patterns, 1, 1, 101
amends, 1, 1, 8
command, 1, 1, 5
oops, 1, 1, 19
english, 3, 3, 22
creators, 2, 2, 105
latest, 1, 1, 8
rocker, 1, 1, 8
cameo, 1, 1, 8
legendary, 1, 1, -1
cried, 2, 2, 7
heavily, 1, 1, 0
moments, 14, 14, 303
downvotes, 3, 3, 194
cries, 1, 1, 10
mistakes, 1, 1, 46
tone, 1, 1, 14
glue, 1, 1, 191
hizzy, 1, 1, 3
mchale, 3, 3, 44
claim, 1, 1, -8
imparts, 1, 1, 46
jeff, 111, 67, 1772
demographic, 1, 1, -1
discuss, 8, 8, 89
googling, 2, 2, 3
simple, 1, 1, 2
add, 1, 1, 14
book, 1, 1, 6
ada, 1, 1, 5
usage, 1, 1, 393
ohhh, 1, 1, 3
kick, 2, 2, 34
resolved, 2, 2, 13
btyg5kibyws, 1, 1, 17
psa, 1, 1, 2
admit, 1, 1, 4
antiwinger, 1, 1, 7
five, 5, 5, 42
know, 43, 41, 665
yag5saw1n0c, 1, 1, 37
loss, 2, 2, 31
tail, 1, 1, 1
necessary, 1, 1, 5
like, 121, 97, 1165
lost, 11, 5, 184
chairs, 1, 1, 8
journalism, 1, 1, 5
candy, 2, 2, 12
lawson, 1, 1, 24
lose, 2, 2, 71
become, 4, 4, 218
works, 1, 1, 58
soft, 1, 1, 0
indications, 1, 1, 4
gillian, 7, 6, 130
shabby, 1, 1, 4
habitat, 1, 1, 4
pierce_raps, 1, 1, 17
twitter, 2, 2, 36
searching, 1, 1, 8
alive, 1, 1, 5
motive, 5, 2, 17
expected, 1, 1, 1
home, 3, 3, 6
liking, 1, 1, 1
blade, 1, 1, 8
happens, 5, 5, 55
est, 22, 8, 94
lead, 2, 2, 11
steaming, 1, 1, 5
literally, 7, 7, 178
avoid, 2, 2, 13
lean, 1, 1, 0
appreciative, 1, 1, -8
rewarding, 1, 1, 8
sayonara, 1, 1, 2
refunded, 1, 1, 6
comical, 1, 1, 2
leader, 1, 1, 8
deciding, 1, 1, 13
ripped, 1, 1, 2
blowing, 1, 1, 0
slight, 1, 1, 13
asteroid, 1, 1, 2
pasts, 1, 1, 8
hawthorne, 3, 3, 65
epidemiology, 2, 2, 1
murdered, 1, 1, 5
although, 6, 6, 35
sandwiches, 1, 1, 8
insults, 1, 1, 19
stage, 1, 1, 5
quarter, 3, 2, 35
actual, 3, 3, 104
boards, 1, 1, 3
extension, 1, 1, 6
getting, 12, 11, 300
universe, 3, 3, 3
introduces, 1, 1, 43
foil, 1, 1, 76
shipping, 2, 2, 8
trope, 1, 1, 1
epiphany, 1, 1, 7
documentary, 4, 4, 72
equally, 1, 1, 3
recognise, 1, 1, 1
keeps, 1, 1, 17
previously, 2, 2, 15
guard, 1, 1, 33
doesnt, 1, 1, 1
esteem, 2, 1, 18
brilliantly, 1, 1, 4
parentage, 1, 1, 6
rowboat, 1, 1, 6
billionth, 1, 1, 8
regarded, 1, 1, 15
brownies, 1, 1, 8
exciting, 1, 1, 7
submarine, 1, 1, 3
mastermind, 1, 1, 1
pairing, 2, 2, 25
plsrch, 1, 1, 7
spiral, 1, 1, 7
noticed, 6, 6, 40
maze, 1, 1, 4
garrity, 1, 1, 1
uncontrollable, 5, 5, 13
naturally, 1, 1, 8
function, 1, 1, 6
buy, 10, 9, 38
north, 1, 1, 149
chatting, 1, 1, 43
mucked, 1, 1, 1
coke, 1, 1, 2
mutter, 1, 1, 7
repilot, 1, 1, 12
reminds, 4, 4, 133
glip, 1, 1, 99
hi, 3, 3, 6
related, 4, 4, 33
ha, 2, 2, 8
eat, 1, 1, 17
hd, 2, 2, 74
count, 1, 1, 1
made, 25, 25, 445
wise, 2, 2, 70
harmontown, 2, 2, 60
whether, 1, 1, 58
wish, 9, 9, 235
official, 12, 6, 83
flip, 2, 2, 7
triumphant, 1, 1, 5
excitement, 1, 1, 19
placed, 1, 1, 9
meta, 3, 3, 300
cake, 1, 1, 5
demonstrate, 1, 1, -1
problem, 6, 6, 156
piece, 2, 2, 25
rcommunityepisodes, 1, 1, 2
stirring, 1, 1, 1
irish, 1, 1, 8
pin, 1, 1, 3
sanders, 1, 1, 3
int, 1, 1, 155
recognize, 1, 1, 5
contribute, 2, 2, 11
dearth, 1, 1, 31
twist, 1, 1, 5
lived, 3, 3, 214
ink, 2, 2, 1
dawson, 1, 1, 1
education, 2, 2, 14
happen, 3, 3, 11
deeper, 1, 1, 32
compared, 3, 3, 10
48, 1, 1, 12
incredible, 2, 2, 5
46, 1, 1, -2
dressed, 1, 1, 8
detail, 4, 4, 161
40, 1, 1, 11
41, 3, 3, 65
boom, 1, 1, 3
incredibly, 1, 1, 1
illusion, 1, 1, 1
conclusion, 2, 2, -4
album, 1, 1, 1
stat, 5, 1, 155
star, 2, 2, 54
volumes, 1, 1, 31
class, 2, 2, 13
ultimately, 1, 1, 2
stay, 4, 3, 39
chance, 4, 4, 8
sped, 1, 1, 1
sandwhich, 1, 1, 4
kinda, 2, 2, 47
globalconglomerate, 1, 1, 15
0r9whrd_68, 1, 1, 2
friends, 10, 10, 78
ghost, 3, 2, 5
unspeakably, 1, 1, 0
redux, 2, 2, 69
using, 2, 2, 97
investigationending, 1, 1, 5
space, 4, 4, 9
rule, 1, 1, 0
intentionally, 1, 1, 6
blu, 1, 1, 1
extras, 1, 1, 1
4h, 5, 4, 24
understand, 9, 8, 85
defend, 1, 1, 8
8th, 1, 1, 7
