Word, Frequency, Comment Frequency, Net Score
aided, 1, 1, 5
secondly, 1, 1, 1
pardon, 1, 1, 4
migrated, 1, 1, 2
1200, 1, 1, 2
pejorative, 1, 1, 1
yellow, 1, 1, 1
four, 2, 2, 2
facilities, 1, 1, 10
woods, 2, 2, 17
hanging, 3, 2, 16
consists, 2, 2, 6
undersecretary, 2, 1, 2
hate, 1, 1, -10
consider, 3, 2, 2
looking, 2, 2, 19
votes, 2, 2, 7
feeding, 2, 2, 8
pointing, 1, 1, 10
hordes, 1, 1, 1
presents, 1, 1, 13
edward, 1, 1, 9
assets, 2, 1, 1
voted, 2, 2, 16
warplanes, 1, 1, 6
sorry, 1, 1, 2
pride, 1, 1, 1
sway, 1, 1, 4
worth, 6, 5, 20
insofar, 1, 1, 3
digit, 1, 1, 7
saves, 1, 1, 1
risk, 5, 3, 20
blanket, 1, 1, 5
rise, 2, 1, 13
disinfo, 3, 3, 9
fingers, 1, 1, 10
mania, 1, 1, 12
every, 15, 14, 15
jack, 1, 1, 0
viral, 1, 1, 14
viewing, 1, 1, 12
look, 15, 14, 124
school, 5, 5, 96
presidency, 2, 2, 11
skills, 1, 1, 2
companies, 7, 4, 16
monsanto, 3, 3, 20
outdoing, 1, 1, 1
cholesterol, 3, 2, 5
enhance, 1, 1, 1
settings, 1, 1, -3
socialist, 2, 1, -5
force, 5, 5, 8
leaders, 1, 1, 1
mid, 1, 1, 5
infancy, 1, 1, 2
guidelines, 1, 1, 1
direct, 2, 2, 6
capriciousness, 1, 1, 5
horn, 1, 1, 77
nail, 1, 1, 10
surrounding, 3, 3, 4
second, 2, 2, 7
street, 2, 2, 2
safe, 2, 2, 14
n, 1, 1, 1
even, 30, 24, 833
reddit4611ct, 1, 1, 12
hide, 2, 1, 1
preferences, 1, 1, -3
prisons, 1, 1, 12
religious, 1, 1, 4
defenses, 1, 1, 2
lizard, 1, 1, 1
liberty, 3, 1, 5
children, 6, 4, -3
lights, 1, 1, 77
jerome, 1, 1, 3
fossil, 1, 1, 1
new, 16, 12, 13
tips, 1, 1, 12
poorly, 2, 2, 8
ever, 10, 9, 12
disney, 1, 1, 2
told, 14, 12, 338
injections, 1, 1, 1
agreement, 2, 2, -13
dispatched, 1, 1, 5
dahm, 1, 1, 1
offenses, 2, 2, 7
never, 24, 22, 63
brainwashed, 1, 1, 1
nutjob, 1, 1, 3
met, 2, 2, 5
martyring, 1, 1, -10
china, 4, 4, 18
cult, 2, 2, 6
path, 1, 1, 2
100, 6, 5, 60
101, 1, 1, 12
substantial, 2, 2, 14
kids, 2, 2, 86
antisemitic, 3, 1, 2
items, 1, 1, 12
study, 3, 3, 7
economics, 2, 2, 97
vicepresident, 1, 1, 2
sjw, 6, 2, 0
reports, 2, 1, 1
ignoring, 1, 1, 1
kudos, 1, 1, 1
credit, 4, 3, 16
analysts, 1, 1, 2
military, 6, 4, 16
changes, 1, 1, 2
criticism, 1, 1, 3
appropriately, 1, 1, 2
swearing, 1, 1, 1
tu, 1, 1, 0
besides, 1, 1, -1
classification, 1, 1, 4
straw, 1, 1, 12
hydrofracking, 1, 1, 1
reagan, 1, 1, 3
treatment, 1, 1, 3
julia, 1, 1, -1
highly, 7, 6, 44
brought, 6, 5, 7
visible, 1, 1, 2
moral, 3, 3, 2
org, 1, 1, -10
total, 5, 4, 21
2fparents, 1, 1, 1
wwwthoughtmaybecom, 1, 1, 13
hoping, 2, 2, 2
criminals, 3, 3, 23
would, 56, 46, 1183
army, 5, 4, -6
alongside, 3, 3, 18
175, 1, 1, 2
negative, 5, 5, 27
princess, 1, 1, 0
sympathy, 1, 1, 1
asses, 1, 1, -7
foster, 2, 2, 5
music, 2, 2, 2
sr_1_1amp, 1, 1, 1
passport, 1, 1, 3
recommend, 9, 8, 303
type, 1, 1, 1
slaughtered, 1, 1, 1
supporters, 1, 1, 771
holy, 1, 1, 0
straussian, 1, 1, 2
beauty, 1, 1, 2
brings, 1, 1, 1
naive, 2, 2, 3
haha, 1, 1, 1
wars, 10, 7, 18
hurt, 1, 1, 1
phone, 2, 1, 10
kgb, 1, 1, 5
arms, 2, 2, 1
excellent, 1, 1, 1
90, 1, 1, 7
hole, 6, 6, 8
92, 2, 2, 90
95, 1, 1, 771
must, 8, 7, 6
intake, 1, 1, 4
join, 2, 2, 2
room, 1, 1, 1
rights, 1, 1, 1
1999, 1, 1, 3
work, 14, 12, 317
declassify, 1, 1, 3
mk, 1, 1, 5
theories, 6, 6, 6
movies, 1, 1, 1
imperialism, 1, 1, 1
alleged, 1, 1, 2
guise, 2, 2, 4
im, 6, 5, 4
masterminds, 1, 1, -13
example, 4, 4, 12
shook, 1, 1, 271
unmarked, 1, 1, 5
give, 11, 10, 21
hebrew, 1, 1, 3
currency, 1, 1, 17
foods, 1, 1, 1
caution, 2, 2, 0
want, 27, 25, 72
counseling, 1, 1, 2
noticied, 1, 1, 17
association, 1, 1, 2
dyke, 1, 1, 1
absolute, 1, 1, 8
ceremony, 1, 1, 1
aging, 1, 1, 3
visited, 1, 1, 1
end, 8, 8, 9
straightforward, 1, 1, 1
turn, 7, 7, 17
provide, 3, 3, 12
boatswains, 1, 1, -2
travel, 4, 3, 7
nuts, 1, 1, 1
damage, 1, 1, 3
fiatno, 1, 1, 1
machine, 1, 1, 1
hitman, 4, 4, 82
interview, 1, 1, 2
metanoiafilmsorg, 1, 1, 2
fever, 1, 1, 1
mouths, 1, 1, 1
coined, 1, 1, 2
execution, 2, 1, 3
demanding, 1, 1, 36
wrong, 5, 5, -3
jumping, 1, 1, 1
induce, 1, 1, 10
curiosity, 2, 1, 2
keef, 1, 1, -1
plentifull, 1, 1, 10
president, 5, 4, 103
law, 6, 6, 212
767s, 1, 1, 2
types, 1, 1, 2
attempt, 1, 1, 1
third, 2, 2, -2
hypnotic, 2, 1, 1
sickening, 1, 1, 11
luring, 1, 1, 1
complexity, 1, 1, 2
maintain, 1, 1, 0
upside, 1, 1, 5
goodbye, 2, 2, 2
suggest, 5, 4, 7
outfoxed, 1, 1, 13
worst, 2, 2, 12
preventive, 1, 1, 1
1000, 3, 2, 8
make, 45, 39, 580
operations, 1, 1, 7
origin, 1, 1, 1
liquid, 1, 1, 1
office, 1, 1, 1
enter, 1, 1, 1
consent, 2, 2, 15
fam, 1, 1, 3
nsfl, 1, 1, 8
london, 2, 1, 15
affect, 1, 1, 1
scalia, 3, 3, 7
mayor, 1, 1, 1
bombing, 3, 3, 5
blocks, 1, 1, 1
imf, 1, 1, 1
personal, 2, 2, 272
fix, 1, 1, 2
discourse, 1, 1, 1
imo, 2, 2, 3
writing, 1, 1, 1
better, 16, 15, 402
vast, 3, 2, -2
fade, 1, 1, 3
hidden, 3, 3, 17
easier, 1, 1, 0
eventually, 2, 2, 18
diseases, 3, 3, 12
litigious, 1, 1, 3
prevented, 1, 1, 2
etcchina, 1, 1, 0
break, 2, 2, 6
revelations, 2, 2, 16
arkancide, 1, 1, 3
schools, 1, 1, -2
one, 52, 42, 154
silver, 2, 2, 0
bank, 7, 6, 35
bread, 2, 2, 4
bitcoin, 5, 5, 12
north, 2, 1, 3
sleepless, 1, 1, 13
arrested, 1, 1, 17
slavery, 1, 1, 17
filling, 1, 1, 0
victory, 1, 1, 1
went, 6, 5, 13
higher, 3, 3, 5
side, 2, 2, 12
lasting, 1, 1, 271
financial, 3, 3, 11
telescope, 2, 2, 2
fairly, 2, 2, 11
diana, 2, 1, 0
unsuspected, 1, 1, 2
crimes, 5, 4, 285
january, 2, 2, -7
aide, 1, 1, 3
celebrating, 1, 1, 3
taught, 1, 1, 14
magnets, 1, 1, 2
impossible, 1, 1, 2
navy, 1, 1, 2
lawyers, 1, 1, 2
alshabaab, 1, 1, 1
sounds, 4, 4, 56
certifiable, 1, 1, 8
rt, 1, 1, -10
shame, 1, 1, 1
gon, 3, 3, 22
god, 2, 2, 2
ha, 3, 2, -1
crucial, 1, 1, 1
content, 2, 2, 12
laid, 1, 1, 2
nope, 1, 1, 1
19702, 1, 1, 1
reader, 1, 1, 1
medicine, 3, 2, 2
got, 10, 10, 28
millions, 2, 2, 6
forth, 2, 1, 12
foundation, 1, 1, 2
securacom, 1, 1, 3
turning, 1, 1, 1
clarence, 1, 1, 10
heman, 1, 1, 1
written, 1, 1, 0
u1qt6avanm, 1, 1, 13
goyim, 1, 1, 0
succession, 1, 1, 1
threatened, 1, 1, 2
given, 4, 4, 15
free, 9, 8, 28
fred, 1, 1, 8
disputes, 1, 1, 17
formation, 1, 1, 1
lyndon, 2, 1, 5
shills, 1, 1, 8
ntc, 1, 1, -2
wanted, 1, 1, -10
universally, 1, 1, 1
delves, 1, 1, 1
enormous, 3, 3, 3
created, 2, 2, 11
starts, 2, 2, 4
conquest, 1, 1, 2
atm, 1, 1, 1
cosmic, 3, 1, 2
temptating, 1, 1, 2
shush, 1, 1, 0
microchips, 1, 1, 3
filter, 1, 1, -3
delved, 1, 1, 0
signature, 1, 1, -3
tied, 1, 1, 1
uses, 1, 1, 3
onto, 1, 1, 2
stewart, 2, 2, 2
jonestown, 1, 1, 2
already, 17, 17, 69
researcher, 1, 1, 15
playfully, 1, 1, 2
petraeus, 1, 1, 6
rank, 1, 1, 0
perkins, 1, 1, 9
exclusion, 2, 2, 2
hook, 5, 4, 12
philosophical, 1, 1, 1
lolhahaha, 1, 1, 1
another, 13, 12, 28
drones, 2, 2, 3
implicated, 2, 2, 4
thick, 1, 1, 14
clarity, 1, 1, 2
electronic, 1, 1, 10
11amp, 1, 1, 1
coauthored, 1, 1, 2
throught, 1, 1, -7
epidemy, 1, 1, 2
windmills, 1, 1, 1
xenophobic, 1, 1, 2
service, 2, 2, 4
similarly, 1, 1, 2
top, 9, 9, 44
tired, 1, 1, 10
amsterdam, 1, 1, -1
1500, 3, 2, 18
accpetable, 1, 1, -4
needed, 5, 5, 16
twenties, 1, 1, 3
rates, 4, 4, 24
sisepuede, 1, 1, 1
worlds, 1, 1, -13
truthseeker, 3, 1, 2
percentage, 1, 1, 3
cycle, 3, 3, 4
bitter, 1, 1, 13
precashless, 1, 1, 10
insightful, 2, 2, 3
mutate, 1, 1, 10
decentralize, 1, 1, 0
murder, 5, 5, 8
collapse, 2, 1, 1
overhead, 1, 1, 1
serve, 2, 2, 2
took, 4, 4, 21
moneybanking, 1, 1, 9
wisdom, 1, 1, 2
toot, 1, 1, 77
western, 2, 2, 5
somewhat, 2, 2, 3
yupiter, 1, 1, 2
character, 1, 1, 1
begins, 2, 2, 8
perfectly, 1, 1, 10
showed, 2, 2, 18
leafy, 1, 1, 5
enabled, 1, 1, 2
likely, 3, 3, 6
nations, 8, 8, 36
project, 3, 3, 12
matter, 6, 5, 7
classes, 2, 2, -1
friend, 6, 6, 291
historical, 1, 1, 1
feeling, 2, 2, 10
powers, 4, 4, 11
interests, 1, 1, 2
allbeit, 1, 1, 10
vector, 1, 1, 10
willingness, 1, 1, 1
nutrition, 1, 1, 1
ran, 3, 3, 38
boston, 1, 1, 2
modern, 3, 3, 3
mind, 13, 11, 59
mine, 1, 1, 1
anybody, 2, 2, 274
talking, 4, 4, -1
iffy, 1, 1, 2
seen, 8, 8, 307
seem, 4, 4, 4
relaunched, 1, 1, 5
seek, 1, 1, 1
contents, 1, 1, 10
ray, 1, 1, 1
founding, 1, 1, 2
forced, 1, 1, 1
strength, 2, 2, 3
realm, 1, 1, 1
releases, 1, 1, 1
thoughtmaybecom, 1, 1, 13
convenient, 3, 3, 7
eagerly, 1, 1, 2
1963, 1, 1, 3
accelerated, 1, 1, 1
chest, 1, 1, 271
causing, 1, 1, 10
forces, 3, 3, 4
sleeper, 1, 1, 5
completed, 1, 1, 3
tunnels, 1, 1, 1
circles, 1, 1, 8
ireland, 1, 1, -1
nobody, 6, 6, 18
committing, 2, 2, 3
though, 9, 9, 39
object, 3, 3, 36
effective, 1, 1, 0
translator, 1, 1, 2
regular, 3, 3, 8
blackmailed, 1, 1, 3
letter, 1, 1, 17
phase, 2, 1, 52
competing, 1, 1, 1
coin, 2, 2, 3
autopsy, 2, 2, 3
alabama, 1, 1, 3
grave, 1, 1, 2
singer, 1, 1, 1
bounced, 1, 1, 3
special, 1, 1, 5
released, 1, 1, 1
grove, 1, 1, 2
doc, 1, 1, 14
professor, 1, 1, -10
camp, 1, 1, 1
antidepressant, 1, 1, 1
definitely, 5, 5, 77
tech, 1, 1, 1
principle, 1, 1, 5
enterprise, 1, 1, 2
chris, 1, 1, 1
entertaining, 1, 1, 1
voting, 2, 2, 15
dov, 5, 2, 5
scream, 1, 1, 2
came, 9, 9, 19
reserve, 6, 5, 292
saying, 5, 5, 31
bait, 1, 1, 1
pope, 3, 3, 5
arrayed, 1, 1, 3
ending, 1, 1, -10
religions, 1, 1, 15
attempts, 1, 1, 12
showing, 2, 2, 6
keywords, 2, 2, 2
earth, 2, 2, 2
nevada, 1, 1, 7
refusing, 1, 1, 1
rooting, 1, 1, 10
judges, 2, 2, 5
quoted, 1, 1, 3
headline, 2, 2, 1
elite, 2, 2, 1
explain, 4, 4, 10
whynot, 1, 1, 347
sugar, 1, 1, 19
bush, 25, 14, 42
touched, 1, 1, 8
rich, 8, 7, 803
heartily, 1, 1, 1
jailed, 13, 11, 800
hrc, 1, 1, 3
personality, 1, 1, 5
10, 1, 1, 0
stop, 14, 13, 53
fluid, 1, 1, 10
integrity, 1, 1, 2
coast, 1, 1, 1
pocket, 1, 1, 1
emails, 9, 2, 11
redditor, 1, 1, 0
jail, 9, 8, 797
vaccinations, 1, 1, 2
despite, 1, 1, 1
report, 8, 4, 6
stalingrad, 1, 1, 1
onboard, 1, 1, 2
net, 1, 1, 2
unfortunately, 1, 1, 1
hall, 1, 1, 1
child, 3, 2, 8
greens, 2, 2, 6
destalinizationeque, 1, 1, 1
guns, 2, 2, 1
twice, 1, 1, 13
bad, 6, 6, -9
gears, 1, 1, 12
nutjobs, 1, 1, 1
release, 4, 3, 372
wannabe, 1, 1, 6
fertility, 1, 1, 10
automatic, 1, 1, 17
secretary, 1, 1, 5
ethical, 1, 1, 1
mandatory, 2, 2, 11
fair, 2, 2, 11
misdirect, 1, 1, 1
deemed, 1, 1, 10
observed, 1, 1, 2
checks, 1, 1, 3
australia, 1, 1, -1
decided, 1, 1, 2
allegedly, 2, 1, 3
result, 4, 4, -1
corrupt, 1, 1, 10
suffers, 1, 1, 1
activities, 2, 2, 4
alternative, 1, 1, 1
best, 6, 6, 14
subject, 6, 5, 16
brazil, 2, 2, 18
said, 22, 13, 52
reprinting, 1, 1, 1
lots, 2, 1, 10
away, 12, 11, 25
wikipedia, 1, 1, 1
pissed, 1, 1, 10
future, 1, 1, 10
disprove, 1, 1, 2
hopefully, 1, 1, 271
propagated, 2, 1, 2
sorts, 1, 1, 2
misguided, 1, 1, 1
muh, 1, 1, -2
vwkrjntanl8, 1, 1, 1
profitable, 2, 2, 37
men, 4, 3, 3
terms, 1, 1, 2
hancock, 1, 1, 1
nature, 3, 2, 2
wo, 8, 7, 22
team, 1, 1, 1
lover, 1, 1, 3
weak, 1, 1, 3
however, 2, 2, 5
nightmares, 1, 1, 13
phoning, 1, 1, 1
wtc, 9, 5, 23
wear, 2, 2, 2
herring, 1, 1, 4
clues, 1, 1, 2
news, 14, 10, 390
motto, 1, 1, 2
debt, 3, 3, 6
downgraded, 1, 1, 6
blasted, 1, 1, 0
suggested, 1, 1, 10
received, 3, 3, 29
protect, 1, 1, 10
moonlanding, 1, 1, 0
veer, 1, 1, 1
fault, 1, 1, 1
pits, 1, 1, 0
coz, 1, 1, 2
archiveisty9yq, 1, 1, 2
russia, 5, 4, -8
docsgooglecomviewer, 1, 1, 1
logic, 1, 1, 1
threads, 1, 1, 1
27156, 1, 1, 10
argue, 1, 1, 1
com, 1, 1, 1
asked, 2, 2, 9
con, 1, 1, 1
vain, 1, 1, 1
relaxation, 1, 1, 2
cuz, 2, 2, -1
unprotected, 1, 1, 10
youtubelogiz0pzvva, 1, 1, 4
wider, 1, 1, 2
administrations, 1, 1, 3
trust, 2, 2, 4
aborted, 1, 1, 10
hitler, 3, 3, 16
speak, 2, 2, 16
conference, 2, 1, 10
iraq, 1, 1, 7
puts, 1, 1, 1
shouting, 2, 2, 20
union, 3, 2, 4
observing, 2, 1, 10
ya, 3, 1, 5
three, 6, 4, 37
commission, 2, 1, 3
charisma, 1, 1, 85
much, 19, 17, 89
detrimental, 1, 1, 1
weeksmonths, 1, 1, 12
interest, 5, 5, 39
offerdemand, 1, 1, 10
incompetent, 1, 1, -4
threw, 1, 1, 17
website, 5, 5, 28
life, 10, 7, 285
families, 1, 1, 2
deeper, 1, 1, 3
attacked, 2, 2, 8
drugs, 5, 5, 14
suppress, 1, 1, 1
tangible, 1, 1, 1
republicans, 3, 3, 4
chipped, 1, 1, 1
shattering, 1, 1, 12
nile, 2, 1, 10
dave, 2, 2, 3
lift, 1, 1, 0
personally, 2, 2, 7
oversaw, 1, 1, 2
worked, 2, 2, 1
straddles, 1, 1, 1
diverted, 1, 1, 1
play, 2, 2, 13
sportscenter, 1, 1, 1
publicly, 2, 2, 4
ssris, 1, 1, 1
air, 1, 1, 2
rationally, 1, 1, 1
near, 4, 4, 352
demonised, 1, 1, 1
neat, 1, 1, 1
hates, 1, 1, 3
applies, 1, 1, 5
aid, 4, 3, 9
murders, 2, 2, 14
anchor, 1, 1, 1
launched, 1, 1, 5
tim, 1, 1, -1
seven, 3, 2, 18
pyramid, 2, 2, 7
eden, 1, 1, 1
metropolitan, 1, 1, 3
mexico, 2, 2, 6
naming, 1, 1, 1
pounds, 2, 1, 3
player, 1, 1, 2
cant, 2, 2, 770
chertoff, 1, 1, 3
experts, 2, 2, 25
imgurcomwhxsqkj, 1, 1, 0
seattle, 1, 1, 5
ie, 4, 4, 15
grown, 2, 1, 2
prior, 2, 1, 2
things, 20, 17, 41
realizing, 1, 1, 10
demands, 1, 1, 3
transporting, 1, 1, 1
airport, 1, 1, 3
linked, 2, 2, 3
democracies, 1, 1, 14
complex, 3, 2, 11
ponerology, 1, 1, 1
split, 1, 1, 1
success, 1, 1, 5
several, 5, 5, 14
survival, 1, 1, 10
entitled, 1, 1, 2
independent, 2, 2, 2
spying, 1, 1, 7
raid, 1, 1, 5
social, 2, 2, 2
hang, 1, 1, 1
evil, 2, 2, -12
hand, 1, 1, 1
afraid, 1, 1, 1
kid, 3, 3, 40
kept, 4, 4, 9
scond, 1, 1, 2
scenario, 1, 1, 1
programs, 3, 3, 6
jooz, 1, 1, 1
1974, 1, 1, 2
smokes, 1, 1, -1
1970, 1, 1, 3
tho, 1, 1, -4
academic, 1, 1, 3
contact, 1, 1, 2
greatest, 3, 2, 16
claims, 5, 4, 21
trhrzxofh4, 1, 1, 1
corporate, 6, 5, 29
left, 3, 2, 10
endless, 1, 1, 1
perpetration, 1, 1, 2
sentence, 1, 1, 1
gods, 2, 2, 2
unfair, 1, 1, 2
crewmember, 1, 1, 5
judge, 3, 2, 8
fighters, 1, 1, 5
thanks, 7, 7, 13
human, 4, 4, 20
facts, 7, 6, 20
yep, 1, 1, 0
yes, 1, 1, 5
october, 2, 2, 1
yet, 10, 10, 18
electronically, 1, 1, 1
repost, 2, 2, 3
adding, 1, 1, 1
shoud, 1, 1, -4
remedial, 1, 1, 85
vid, 1, 1, 2
candidate, 1, 1, 1
assassination, 2, 2, 5
royal, 1, 1, 3
countrys, 1, 1, 6
shout, 1, 1, 1
belongs, 2, 2, 2
relearn, 1, 1, 271
board, 1, 1, 5
easy, 3, 3, 8
prison, 2, 2, 3
zillion, 1, 1, -1
processes1, 1, 1, 1
east, 4, 3, 9
hat, 2, 2, 5
humanity, 2, 2, 2
deadly, 1, 1, 10
gave, 3, 3, 7
margarines, 1, 1, 1
possible, 6, 6, 10
jekyll, 3, 3, 11
cultural, 1, 1, 5
bastards, 1, 1, 2
background, 1, 1, 1
ultimately, 3, 3, 7
govt, 2, 2, 2
replace, 1, 1, 1
burnt, 1, 1, 1
dreams, 1, 1, 1
apart, 2, 2, 277
desire, 1, 1, 1
psychological, 1, 1, 1
martha, 2, 2, 2
appearing, 1, 1, 8
58, 1, 1, -1
zeal, 1, 1, -10
saidwelcome, 1, 1, 12
alice, 1, 1, 1
specific, 1, 1, 1
officer, 4, 2, 0
invaluable, 1, 1, 1
security, 7, 6, 14
slept, 1, 1, 1
rtrueconspiracy, 1, 1, 1
right, 23, 20, 133
theorists, 4, 4, 276
crowd, 1, 1, 1
people, 69, 53, 1474
somehow, 2, 2, 1
dead, 6, 6, 2
50, 1, 1, 3
thirdparty, 1, 1, 5
usher, 1, 1, 2
election, 4, 4, 18
paragraphs, 1, 1, 1
altered, 1, 1, 1
guess, 3, 3, 4
perfected, 1, 1, 2
congratulate, 1, 1, 1
toxic, 1, 1, 2
tracked, 1, 1, 1
bottom, 3, 3, 10
icc, 1, 1, 1
establish, 1, 1, 4
zionist, 6, 5, 29
fox, 4, 3, 10
comments, 1, 1, 1
everything, 21, 17, 46
asking, 1, 1, 1
denied, 1, 1, 2
cnn, 1, 1, 7
hotter, 1, 1, -1
grand, 1, 1, 2
countryassociation, 1, 1, 2
icu, 1, 1, 1
mosquito, 1, 1, 10
core, 4, 4, 287
particular, 2, 2, 11
incidence, 1, 1, 1
ww1, 1, 1, 14
bold, 1, 1, 1
ww3, 1, 1, 4
ww2, 1, 1, 14
deleted, 1, 1, 3
devil, 2, 2, 11
piloted, 1, 1, 3
restructuring, 1, 1, 2
galvanize, 1, 1, 7
corp, 1, 1, 1
defensive, 1, 1, 2
losing, 1, 1, 1
post, 19, 13, 63
manufacturing, 4, 4, 32
super, 2, 2, 8
chapter, 1, 1, 1
insinuations, 1, 1, 1
yelling, 1, 1, 2
attacks, 5, 3, 8
newspapers, 1, 1, 6
months, 2, 2, 3
sr_1_1, 1, 1, 1
costs, 2, 2, 13
misleading, 2, 2, 7
plus, 2, 2, 2
guilty, 1, 1, 1
hopenchange, 1, 1, 1
rconspiracy, 3, 3, -8
efforts, 2, 2, 4
palestinians, 2, 1, 3
slightly, 1, 1, 1
outlines, 1, 1, 1
printed, 2, 1, 10
duke, 1, 1, 1
consulting, 1, 1, 2
dilemma, 1, 1, -10
lied, 1, 1, 10
synagogues, 1, 1, 3
neocon, 1, 1, 2
marshall, 1, 1, 1
profession, 1, 1, 5
son, 1, 1, 771
lies, 5, 4, 20
beings, 1, 1, 2
marshals, 3, 1, 17
sow, 1, 1, 1
old, 4, 4, 40
cubicle, 1, 1, 771
rounds, 1, 1, 12
communists, 1, 1, 3
existed, 1, 1, 1
deal, 7, 7, -1
pearl, 2, 2, 9
support, 3, 2, -8
flying, 2, 2, 34
available, 1, 1, 10
class, 4, 3, 83
senate, 3, 1, 3
fought, 1, 1, -10
way, 24, 17, 21
unseat, 1, 1, 1
call, 4, 4, 17
avocados, 1, 1, 5
factions, 1, 1, 4
war, 8, 7, 12
happy, 4, 4, 22
lowest, 1, 1, -2
head, 3, 3, 17
form, 4, 4, -4
offer, 1, 1, 10
conclusively, 1, 1, 3
disinclined, 1, 1, 2
shits, 1, 1, 2
powerfully, 1, 1, 1
hear, 4, 4, 16
solar, 1, 1, 1
removed, 4, 4, 12
true, 7, 7, 25
atrocities, 1, 1, 271
isis, 2, 2, 4
martial, 1, 1, -7
inside, 4, 4, 7
staged, 1, 1, 0
tell, 6, 6, 10
url, 1, 1, 1
30k, 2, 2, 4
authorization, 1, 1, 5
vatican, 2, 1, 15
faking, 2, 1, 0
emotional, 1, 1, 2
cosmos, 1, 1, 2
stages, 1, 1, 12
propaganda, 4, 4, 4
democratic, 2, 2, 11
adopt, 2, 2, 2
guesses, 1, 1, 2
sknf1heuwuo, 1, 1, 15
classic, 1, 1, 1
archiveisjrajs, 2, 1, 2
qid, 2, 2, 2
wealthy, 1, 1, 1
store, 1, 1, 10
muscular, 2, 1, 3
evidence, 8, 8, 292
somebody, 3, 3, 4
proves, 1, 1, 1
exist, 2, 2, 4
dealey, 1, 1, 3
believable, 2, 2, 0
ship, 3, 2, 17
petition, 2, 2, 37
correlation, 3, 1, 1
trip, 1, 1, 2
shit, 15, 14, 68
posting, 3, 3, 12
willingly, 1, 1, 3
palestinian, 1, 1, 3
eventual, 1, 1, 2
na, 3, 3, 22
commercials, 1, 1, 7
reality, 6, 6, 506
til, 1, 1, 4
geographically, 1, 1, 15
tin, 1, 1, 1
interested, 1, 1, 2
republic, 1, 1, 1
holding, 4, 4, 15
papers, 2, 2, 13
test, 1, 1, 2
tie, 1, 1, 1
vanished, 1, 1, 5
screening, 1, 1, 1
2500, 1, 1, 6
picture, 1, 1, 0
overmedication, 1, 1, 1
put, 7, 6, 22
welcome, 7, 7, 23
diet, 2, 2, 24
journey, 3, 2, 2
scores, 1, 1, -1
commiting, 1, 1, 10
aware, 1, 1, 3
weekend, 1, 1, 271
died, 5, 5, 14
billion, 1, 1, 1
pedophilia, 1, 1, 5
younger, 1, 1, 3
happening, 3, 3, 295
apology, 1, 1, 1
glass, 1, 1, 2
assume, 2, 2, 272
changed, 3, 3, 5
together, 1, 1, 10
subscription, 1, 1, 1
investigative, 1, 1, 1
napoleon, 1, 1, 1
corrie, 1, 1, 8
time, 24, 22, 359
serious, 1, 1, 6
bruddahsistah, 1, 1, 1
profits, 2, 1, 1
unique, 1, 1, 1
unavoidable, 1, 1, 1
managed, 1, 1, 2
ron, 1, 1, 1
dance, 2, 2, 2
celebs, 1, 1, 1
global, 4, 4, 6
alternatives, 2, 2, 6
focus, 2, 2, 79
laura, 1, 1, 1
theaters, 1, 1, 7
mile, 1, 1, 1
battle, 5, 3, 3
genetically, 1, 1, 6
row, 1, 1, 3
devoted, 1, 1, 4
certainly, 3, 3, 277
suicide, 1, 1, 7
relly, 1, 1, 2
zone, 1, 1, 1
filming, 1, 1, 3
proposes, 1, 1, 2
1946, 1, 1, 2
1945, 2, 1, 2
environment, 1, 1, 1
0, 1, 1, 6
finally, 3, 3, 4
supplements, 1, 1, 1
neckbeards, 2, 2, 773
terror, 2, 1, -10
sing, 1, 1, 1
circumstances, 3, 3, 14
oversight, 1, 1, 1
shoot, 1, 1, 3
phoenixtearsca, 1, 1, 4
digging, 1, 1, 0
could, 21, 17, 46
drudge, 1, 1, -10
nonjokers, 1, 1, 1
keeping, 1, 1, 1
vegan, 1, 1, 4
gloomy, 1, 1, 2
decamp, 1, 1, 5
lynch, 1, 1, -2
tanks, 1, 1, 6
advised, 2, 1, 3
word, 8, 6, 278
trouble, 1, 1, 4
jettison, 1, 1, 1
minute, 3, 2, 2
governments, 3, 3, 5
drag, 1, 1, 1
judaism, 1, 1, 4
staples, 1, 1, 5
vph8mbv2yaeamp, 1, 1, 1
level, 6, 5, 14
apartheid, 1, 1, 3
dig, 2, 2, 3
posts, 3, 3, 11
gun, 5, 3, 21
standards, 1, 1, 1
leave, 3, 3, 3
solved, 1, 1, 15
tums, 1, 1, 13
recall, 2, 2, 7
quick, 3, 3, 4
guy, 25, 18, 389
added, 2, 2, 6
democrats, 1, 1, 2
prevent, 1, 1, 12
unexpected, 1, 1, 4
says, 6, 5, 21
verifiable, 1, 1, 2
findings, 1, 1, 10
dealing, 1, 1, 1
literature, 1, 1, 271
sign, 1, 1, 0
prairie, 1, 1, 17
soldiers, 3, 2, 16
photographed, 1, 1, 3
rough, 2, 1, 2
afghanistan, 2, 2, 20
unravels, 1, 1, 2
boats, 2, 2, 0
appear, 3, 3, 4
heres, 1, 1, 1
contracted, 1, 1, 2
extraterrestrial, 1, 1, 1
paragraph, 1, 1, 1
suspect, 1, 1, -10
somalia, 2, 1, 1
goes, 8, 8, -4
ummmi, 1, 1, 5
reply, 1, 1, 1
falling, 2, 2, 3
appeal, 1, 1, 2
pershing, 1, 1, 0
filled, 1, 1, 1
terrorism, 3, 3, 13
supporting, 1, 1, -1
dictates, 1, 1, 2
jury, 1, 1, 0
disable, 1, 1, -3
learn, 6, 6, 5
understanding, 5, 5, 287
water, 6, 6, 12
contemplate, 1, 1, 4
entertain, 2, 2, 3
groups, 2, 2, 2
akin, 1, 1, -10
alone, 1, 1, 2
grabbed, 1, 1, 17
along, 2, 2, 3
implanted, 1, 1, 3
_will_, 1, 1, 3
teacher, 1, 1, 85
change, 10, 9, 248
wait, 2, 2, 12
boy, 3, 3, 3
unidentified, 2, 2, 33
comptroller, 3, 2, 5
healthy, 3, 3, 4
impacted, 1, 1, 2
bot, 2, 1, 1
queue, 1, 1, 4
trial, 3, 2, 6
women, 7, 4, 12
diagnosed, 1, 1, 1
suggestion, 1, 1, 1
usually, 3, 3, 11
bob, 1, 1, 3
aforementioned, 1, 1, 271
pillow, 1, 1, 1
plotted, 1, 1, 3
useful, 3, 3, 5
lending, 1, 1, 4
mlkjr, 1, 1, 2
prefer, 1, 1, 2
rtioeponqti, 1, 1, 271
logically, 1, 1, 1
fake, 5, 4, 4
embarrassing, 1, 1, -1
fbi, 5, 1, 10
employer, 1, 1, 1
parking, 1, 1, 10
crisis, 1, 1, 1
market, 2, 2, 11
troops, 1, 1, -13
working, 5, 5, 17
prove, 2, 2, 7
positive, 1, 1, 1
angry, 2, 2, 11
iimgurcomvzhegs3jpg, 1, 1, 1
visit, 2, 2, 13
nationstates, 1, 1, 1
france, 2, 1, 1
live, 5, 5, 14
planted, 3, 3, 7
ayy, 1, 1, 14
https, 39, 25, 370
films, 1, 1, 13
black, 7, 6, 15
theoretical, 1, 1, 10
today, 8, 8, 40
wicked, 1, 1, -1
kerry, 1, 1, 2
duality, 1, 1, 1
afford, 1, 1, 12
suggestions, 1, 1, 1
acceptable, 1, 1, 1
bs, 1, 1, 1
clue, 1, 1, 17
fuel, 1, 1, 1
drown, 1, 1, 0
everywhere, 3, 3, 12
cases, 1, 1, 1
boycott, 2, 1, 5
effort, 1, 1, 1
organizations, 1, 1, 1
migrants, 1, 1, 1
sphere, 1, 1, 2
flu, 1, 1, 1
believed, 1, 1, 3
making, 7, 7, 1
trans, 1, 1, 1
dollars, 3, 3, 6
1oyavldyr6y, 1, 1, 10
crazy, 4, 4, 300
citizens, 5, 5, 25
trump, 5, 5, 15
figure, 5, 4, 13
recalled, 1, 1, 5
awesome, 1, 1, 5
carroll, 1, 1, 1
fuck, 10, 10, 10
topic, 2, 2, 2
unarmed, 1, 1, -10
dropped, 1, 1, 10
council, 1, 1, 2
allowed, 2, 2, 1
spc, 6, 1, 2
stole, 1, 1, 3
occur, 2, 2, 2
monitoring, 1, 1, 2
winter, 1, 1, -1
fortunately, 1, 1, 1
buttered, 1, 1, 4
discussion, 1, 1, 1
means, 3, 3, 44
poking, 1, 1, 2
1, 11, 11, 38
rubio, 1, 1, 1
vital, 1, 1, 2
genocide, 1, 1, 1
speaks, 1, 1, 1
sworn, 1, 1, 2
economy, 1, 1, 1
unbelievable, 1, 1, 271
inflamation, 1, 1, 19
information, 14, 11, 18
may, 13, 11, 28
sacrifice, 1, 1, 3
snm, 1, 1, 1
spot, 2, 2, 13
guya, 1, 1, -10
disgusted, 2, 1, 271
islamic, 1, 1, 1
mac, 1, 1, 0
explored, 1, 1, 1
mae, 1, 1, 8
commit, 1, 1, 1
trumpcruz, 1, 1, 2
guys, 7, 6, 16
grow, 2, 2, 273
man, 12, 12, 75
wwwyoutubecomwatch, 20, 11, 315
natural, 4, 4, 5
remember, 11, 10, 31
johnson, 4, 2, 6
sr, 5, 5, 10
rbestof, 1, 1, 8
switch, 4, 3, 18
hoaxed, 1, 1, 1
sc, 2, 1, 7
talk, 5, 5, 7
outlet, 1, 1, 347
tagged, 1, 1, -3
opens, 1, 1, 1
fallout, 1, 1, 1
seeing, 6, 6, 42
shithole, 1, 1, -1
rabbi, 3, 2, 5
pointed, 1, 1, 1
mainly, 1, 1, 8
years, 20, 18, 326
ended, 3, 3, 6
experiments, 1, 1, 4
citizenship, 1, 1, 2
statements, 1, 1, 3
still, 21, 17, 884
blocked, 1, 1, 1
tore, 2, 2, 273
amniotic, 1, 1, 10
group, 4, 4, 277
thank, 6, 5, 277
acknowledge, 1, 1, 1
holing, 1, 1, 271
platform, 1, 1, 1
offers, 3, 3, 15
disguise, 1, 1, 10
nsa, 2, 2, 17
policy, 3, 3, 4
mail, 2, 2, 2
msnbc, 5, 5, 10
main, 2, 2, 5
decades, 2, 2, 18
texas, 4, 4, 31
happened, 11, 10, 36
non, 3, 3, 35
chaining, 1, 1, 52
views, 4, 3, -7
hinting, 1, 1, -10
rake, 1, 1, 1
shatter, 1, 1, 1
sooner, 1, 1, 1
nation, 2, 2, 2
answer, 1, 1, -5
1950, 1, 1, 3
kkk, 1, 1, 36
half, 7, 4, 25
nov, 1, 1, 3
bullshit, 16, 12, 23
wont, 1, 1, 6
term, 2, 2, 4
name, 1, 1, 1
james, 2, 2, 8
times, 4, 3, 10
drop, 1, 1, 1
locked, 1, 1, 1
possibilities, 1, 1, 2
h, 1, 1, 0
entirely, 3, 3, 3
em, 1, 1, 1
nick, 3, 3, 5
gaming, 1, 1, 2
crushing, 1, 1, 52
yeah, 7, 7, 20
pedophocracy, 1, 1, 1
fires, 3, 2, 1
quigley, 1, 1, 1
voluntarily, 1, 1, 1
year, 6, 6, 17
eu, 1, 1, 0
et, 1, 1, 0
happen, 5, 5, -1
taoism, 1, 1, 1
obsession, 1, 1, 1
pills, 1, 1, 1
tried, 3, 3, 19
troll, 1, 1, 1
living, 3, 2, 13
shown, 1, 1, 14
100k, 1, 1, 1
opened, 4, 4, 276
3rd, 2, 2, 19
space, 5, 4, 5
profit, 3, 2, 4
furthermore, 1, 1, 1
pedophile, 1, 1, 1
controlsex, 1, 1, 3
increase, 3, 3, 12
holloywood, 1, 1, 1
seriously, 4, 3, 3
investigation, 5, 4, 13
staring, 1, 1, 1
floridamacdill, 1, 1, 2
navigating, 1, 1, 1
internet, 3, 3, 23
brazilian, 1, 1, 2
viable, 1, 1, 2
shows, 2, 2, 4
inevitably, 1, 1, 1
earlier, 2, 2, 3
theory, 6, 6, 22
prostitutes, 1, 1, 0
million, 2, 2, 4
possibility, 2, 2, 2
quite, 7, 6, 8
yuri, 1, 1, 5
carl, 1, 1, 6
clinton_email, 1, 1, 10
e4, 1, 1, 0
___, 1, 1, 1
card, 2, 2, 13
care, 7, 7, 28
advance, 1, 1, 1
training, 1, 1, 3
language, 2, 2, 2
ministry, 1, 1, 10
imprison, 1, 1, 10
programming, 2, 2, 2
honest, 3, 3, 25
motion, 1, 1, 1
departmented, 1, 1, 2
apologising, 1, 1, 2
place, 7, 7, 8
massive, 2, 2, 2
promotion, 1, 1, 2
rumsfeld, 1, 1, 7
think, 34, 26, 829
first, 14, 14, 85
blind, 1, 1, 1
surviving, 1, 1, 5
_never_, 1, 1, 3
rachel, 1, 1, 1
parkinson, 1, 1, 77
americans, 2, 2, 11
fast, 2, 2, 2
directly, 4, 4, 9
carry, 1, 1, 1
corporations, 2, 2, 11
ring, 3, 2, 16
fight, 5, 5, 15
open, 6, 5, 8
george, 5, 4, 5
ripping, 1, 1, 27
size, 2, 2, 11
city, 3, 2, 17
little, 18, 14, 239
necessarily, 3, 3, 35
limited, 1, 1, 1
district, 3, 1, 15
hasorry, 1, 1, -2
designer, 1, 1, 2
anyone, 9, 9, 639
indicate, 1, 1, -3
2, 10, 9, 45
citystates, 2, 1, 15
white, 9, 5, 5
frame, 4, 2, 3
speaking, 2, 2, 14
gives, 2, 2, 15
prettttyy, 1, 1, -1
eyes, 10, 9, 287
neoconartists, 1, 1, 1
dofpv, 1, 1, 3
fraction, 1, 1, 2
mostly, 6, 6, 23
brains, 1, 1, 10
indoctrinate, 1, 1, 1
heritage, 1, 1, 2
proving, 1, 1, 2
broadcast, 2, 1, 3
cops, 6, 6, 790
hillary, 16, 12, 805
eliminated, 1, 1, 1
copy, 1, 1, 3
undoubtedly, 1, 1, 1
population, 3, 3, 17
11, 2, 2, 3
wide, 2, 2, 78
13, 3, 3, 4
bored, 1, 1, -2
15, 3, 2, 13
lmao, 1, 1, 14
17, 1, 1, 2
19, 1, 1, 3
browsed, 1, 1, 1
rketo, 1, 1, 19
halls, 1, 1, 1
protected, 2, 2, -2
aamp, 1, 1, 17
cards, 2, 1, 1
poisoning, 2, 2, 11
oath, 1, 1, 3
damned, 1, 1, 3
published, 2, 1, 2
matea, 1, 1, -2
topics, 4, 3, 11
seal, 1, 1, 3
turned, 2, 2, 4
marijuana, 2, 2, 0
sad, 3, 3, 3
nefarious, 1, 1, 5
medical, 3, 3, 3
say, 19, 15, 30
conspiracy, 28, 20, 331
buried, 1, 1, 2
faction, 1, 1, 4
spectacle, 1, 1, 3
anger, 1, 1, 12
allen, 1, 1, 3
recover, 1, 1, 1
saw, 4, 4, 16
corbett, 2, 2, 8
bailed, 1, 1, 1
warriors, 1, 1, 4
fucking, 10, 10, 77
ideas, 1, 1, 5
note, 7, 6, 30
equipment, 1, 1, 10
ideal, 1, 1, 1
take, 19, 15, 16
supply, 1, 1, 10
online, 1, 1, 2
bailey, 1, 1, 1
wanting, 1, 1, 0
primaries, 1, 1, 7
registered, 1, 1, 17
channel, 2, 2, 15
towers, 5, 3, 5
200, 1, 1, 0
begin, 4, 4, 7
sure, 17, 13, 38
multiple, 1, 1, 3
trace, 2, 1, 10
opposite, 3, 3, 9
track, 1, 1, 7
pm4tkjgssau, 1, 1, 0
knew, 6, 6, 26
indicted, 1, 1, 0
paid, 1, 1, 1
insanity, 1, 1, 5
assault, 1, 1, 5
mate, 1, 1, 2
tract, 1, 1, 2
pair, 1, 1, 3
sun, 1, 1, 13
america, 6, 6, 14
pages, 2, 1, 3
tlvk42potxo, 1, 1, 1
lawn, 1, 1, 2
operate, 1, 1, 2
especially, 1, 1, 1
failure, 1, 1, 6
considered, 4, 4, 15
egg, 1, 1, -2
later, 5, 4, 18
implications, 2, 2, 27
order, 6, 6, 21
federal, 5, 5, 292
trafficking, 1, 1, 3
slaves, 2, 2, 773
youwelcome, 1, 1, 2
senior, 2, 2, 5
salt, 1, 1, 4
unidenfitied, 1, 1, 1
telescopes, 1, 1, 1
shot, 2, 2, 7
surplus, 1, 1, 1
show, 5, 5, 82
feminist, 1, 1, 0
wwwlinuxmintcom, 1, 1, 0
data, 3, 3, 14
vaccines, 9, 7, 20
slow, 1, 1, 1
title, 4, 4, 295
daily, 3, 3, 18
proportion, 2, 2, 4
3, 6, 5, 14
crime, 7, 6, 27
debunk, 1, 1, 10
going, 20, 18, 671
believing, 2, 2, 7
tragedyandhope, 2, 2, 2
revisionist, 1, 1, 15
zika, 7, 2, 12
godlike, 1, 1, 2
get, 53, 45, 128
horrible, 1, 1, 0
truly, 1, 1, 1
nearly, 2, 2, 8
xubuntuorg, 1, 1, 0
therebut, 1, 1, 3
unethical, 1, 1, 6
gen, 1, 1, 6
gem, 1, 1, 8
2fvaccines, 1, 1, 1
reading, 4, 4, -1
annalsorgarticleaspx, 1, 1, 1
morning, 3, 2, 19
barbaric, 1, 1, 3
stupid, 1, 1, 1
clowns, 1, 1, 3
bombs, 1, 1, -10
aegypti, 1, 1, 10
nsfw, 4, 2, 5
youtubeu8nnhmv3qpw, 1, 1, 0
supr, 1, 1, 2
husband, 1, 1, 3
declared, 1, 1, -7
brim, 1, 1, 1
ken, 2, 2, 6
hutchinson, 1, 1, 8
committed, 2, 2, 17
modmail, 1, 1, 2
connections, 1, 1, 15
elected, 1, 1, 5
anyways, 1, 1, -2
hell, 3, 3, 10
apologies, 2, 2, 2
runner, 1, 1, 3
innercity, 1, 1, 15
wonder, 9, 9, 29
clips, 1, 1, 2
israeli, 4, 3, 13
personnelabsolute, 1, 1, 1
farmers, 1, 1, 1
ways, 5, 5, 0
review, 1, 1, 10
sites, 1, 1, 2
weapons, 5, 4, 21
summons, 1, 1, 1
behind, 11, 10, 11
accustomed, 1, 1, 2
teens, 1, 1, 1
across, 3, 3, 6
justified, 1, 1, 2
notice, 2, 2, 20
jobs, 7, 3, 9
kool, 1, 1, 1
marvin, 1, 1, 3
jr, 1, 1, 1
killing, 1, 1, 1
blame, 3, 3, 4
spare, 2, 2, 15
9000, 1, 1, 6
jets, 2, 1, 5
article, 11, 9, 35
spark, 1, 1, -10
come, 8, 8, 28
jfk, 6, 6, 12
mans, 2, 2, 14
missions, 1, 1, 1
mob, 2, 1, -2
avoid, 2, 2, 15
saratoga, 2, 1, 5
many, 24, 21, 339
quiet, 1, 1, 0
millionaire, 1, 1, 3
circuses, 1, 1, 0
dated, 1, 1, 5
senator, 4, 2, 5
holders, 1, 1, 3
comes, 3, 3, 17
affairs, 1, 1, 2
madness, 2, 2, 11
afterwards, 1, 1, 2
cancer, 8, 7, 53
storing, 1, 1, 1
pov, 1, 1, 14
overview, 1, 1, 9
pot, 1, 1, 17
hurts, 1, 1, 12
authenticity, 1, 1, -3
period, 1, 1, 10
pop, 2, 1, 1
60, 1, 1, 11
whipe, 1, 1, 10
nationality, 1, 1, 1
perpetrators, 1, 1, 2
radicalized, 1, 1, 13
caring, 1, 1, 1
favourites, 1, 1, 2
saudis, 1, 1, 6
cares, 2, 2, 13
west, 3, 2, 23
airlines, 1, 1, 3
mark, 1, 1, 2
homogenous, 1, 1, 6
dictator, 2, 1, 1
barre, 1, 1, 1
beams, 1, 1, 1
mars, 1, 1, 2
cardiovascular, 5, 3, 26
borders, 1, 1, 1
sfqqovoi6u, 1, 1, 10
hardly, 1, 1, 1
500, 7, 6, 26
wants, 5, 5, 12
educated, 2, 2, 4
pesticide, 2, 1, 10
offered, 1, 1, 13
mlk, 1, 1, 1
rooftops, 1, 1, 1
figured, 1, 1, 2
wake, 4, 4, 17
proven, 3, 2, 13
odigo, 1, 1, 3
careful, 4, 3, 4
irrelevant, 1, 1, 1
former, 2, 2, 6
pilot, 1, 1, 3
sound, 3, 3, 9
stacked, 1, 1, 5
bereft, 1, 1, 5
polls, 2, 2, 9
cash, 19, 15, 99
alter, 1, 1, 1
trick, 3, 3, 22
cure, 4, 4, 11
fines, 1, 1, 2
policies, 1, 1, -5
newspaper, 2, 2, 1
investigating, 2, 2, 8
invited, 1, 1, 1
program, 1, 1, 1
ulysses, 1, 1, 1
800, 1, 1, 1
commander, 4, 1, 5
middle, 6, 4, 21
someone, 18, 18, 833
purportedly, 1, 1, 2
curtis, 2, 1, 13
flipped, 1, 1, 1
technology, 7, 4, 11
everyday, 1, 1, 1
worry, 2, 2, 3
siphoned, 1, 1, -5
different, 8, 8, 25
missiles, 1, 1, 2
develop, 1, 1, 2
favoraite, 1, 1, 1
doctor, 7, 6, 28
wage, 4, 2, 4
granted, 2, 1, 2
check, 7, 6, 32
food, 1, 1, 5
speech, 2, 2, 10
coworkers, 1, 1, 1
document, 1, 1, 2
factoryfarmed, 1, 1, 5
events, 1, 1, 4
generated, 1, 1, 5
status, 1, 1, 7
jeffrey, 1, 1, 1
investigated, 2, 2, 5
revised, 1, 1, 10
closest, 2, 2, 3
weed, 2, 1, 1
cheers, 1, 1, 2
running, 6, 6, 21
wereare, 1, 1, 5
favorites, 1, 1, 8
changing, 1, 1, 2
totally, 2, 2, 4
cartoon, 1, 1, 0
squatter, 1, 1, 3
tracking, 2, 2, 9
2900000013htm, 1, 1, 3
charges, 1, 1, 6
holbrooke, 1, 1, 3
ranch, 1, 1, -1
amounts, 3, 2, 3
without, 13, 11, 42
termination, 3, 1, 2
researchers, 4, 4, 28
justify, 1, 1, -10
summer, 2, 1, 85
guaranfuckingtee, 1, 1, 2
gangs, 1, 1, 0
pakistan, 1, 1, 2
money, 29, 25, 92
brides, 1, 1, 1
rest, 3, 3, 4
rita, 1, 1, 2
violent, 2, 2, -9
inflammatory, 1, 1, 1
kill, 7, 6, 2
aspect, 3, 3, 272
speed, 1, 1, 0
death, 3, 3, 30
flood, 1, 1, 1
thinking, 6, 4, 6
trigger, 1, 1, 5
seems, 7, 7, 6
except, 1, 1, 1
6hr, 2, 1, 5
wall, 1, 1, 1
4, 4, 3, 3
role, 2, 2, 17
structural, 2, 1, 2
iimgurcom0wp62kxjpg, 1, 1, 1
tuesday, 1, 1, 17
ross, 7, 7, 128
real, 19, 15, 250
propped, 1, 1, 1
starving, 2, 1, 0
sayinseems, 1, 1, 1
aspects, 1, 1, 2
around, 10, 9, 18
read, 17, 17, 122
discontinue, 1, 1, 3
virginia, 1, 1, 2
admitting, 1, 1, 1
early, 4, 4, 12
politely, 1, 1, 1
amp, 6, 5, 23
jailing, 2, 2, 16
accepted, 3, 3, 4
marxism, 1, 1, 5
dare, 1, 1, 10
meat, 1, 1, 1
accusation, 1, 1, 3
intel, 1, 1, 2
kennedy, 1, 1, 3
photographs, 1, 1, 2
jewsjesuitsfree, 1, 1, 1
pregnant, 2, 1, 10
server, 5, 1, 10
facing, 3, 3, 60
benefit, 2, 2, -9
either, 4, 4, 273
doesyeah, 1, 1, 1
offenders, 1, 1, 3
served, 1, 1, 2
tower, 2, 2, 5
revision, 3, 3, 16
seating, 1, 1, 3
classified, 2, 2, 3
jews, 10, 7, 3
raqqa, 1, 1, 1
exposed, 2, 2, 24
daddy, 1, 1, 2
envoys, 1, 1, 3
shallow, 1, 1, 2
pervading, 1, 1, 271
racial, 1, 1, 4
thinks, 2, 2, 2
provided, 6, 6, 11
hilary, 1, 1, 1
dissociative, 1, 1, 5
tube, 1, 1, 4
rmhpfxemf10, 1, 1, 15
recorded, 1, 1, 1
stops, 1, 1, 1
moon, 4, 3, 4
nutty, 1, 1, 3
expressing, 2, 2, -8
dies, 1, 1, 1
toolkit, 1, 1, 1
911, 31, 14, 397
considering, 3, 3, 5
arabia, 2, 2, 4
scientific, 1, 1, 1
power, 12, 10, 811
disinformation, 2, 2, 3
prosecution, 1, 1, 2
equivalent, 2, 2, 11
ooops, 1, 1, 1
notable, 1, 1, 1
rseattle, 1, 1, 5
loudest, 1, 1, 1
leadership, 1, 1, 1
currencies, 1, 1, 3
throw, 2, 2, 6
stone, 1, 1, 1
ok, 6, 6, 4
unesco, 1, 1, 1
nafta, 2, 2, 86
island, 3, 3, 11
industry, 3, 3, 7
fringe, 1, 1, 1
favorite, 1, 1, 2
militants, 1, 1, -13
smattering, 1, 1, 1
thousands, 3, 3, 5
addition, 2, 2, -8
oz, 1, 1, 4
wold, 1, 1, 2
mounting, 1, 1, 0
concentrations, 1, 1, 1
mean, 13, 12, -14
os, 1, 1, 0
road, 1, 1, 21
fallacy, 1, 1, 0
researching, 1, 1, 1
referenced, 1, 1, 1
weighs, 1, 1, 3
whites, 3, 1, 1
involvement, 1, 1, 13
respected, 1, 1, 2
parties, 1, 1, 1
elementary, 1, 1, 0
2005, 1, 1, 2
nowadays, 1, 1, 10
rc_s_t, 2, 2, 13
pharmaceutical, 1, 1, 2
hep, 1, 1, 1
area, 1, 1, 12
assumed, 1, 1, 12
strictly, 1, 1, 2
hey, 3, 3, 2
lol, 6, 6, -5
heroine, 2, 1, 1
start, 11, 9, 23
appears, 1, 1, 8
racist, 1, 1, 36
low, 2, 2, 15
lot, 14, 14, 63
series, 3, 3, 4
utf8amp, 1, 1, 1
passports, 3, 2, 6
complete, 2, 2, 7
enough, 9, 9, 17
signs, 1, 1, 1
judging, 1, 1, 17
amongst, 2, 2, 3
bookstore, 1, 1, 271
mick, 1, 1, -1
cures, 1, 1, 27
elimination, 1, 1, 17
promote, 1, 1, 1
buying, 1, 1, 4
longer, 3, 3, 4
abused, 2, 1, 5
pull, 1, 1, -7
confessions, 2, 2, 10
largest, 1, 1, 1
circulation, 2, 1, 10
rage, 1, 1, 3
default, 1, 1, -3
receptive, 1, 1, 6
1800, 1, 1, 1
nearest, 1, 1, 10
message, 1, 1, 5
grasp, 1, 1, 271
politically, 1, 1, 2
compromise, 1, 1, 10
agree, 5, 5, 9
detailed, 4, 3, 16
gone, 3, 3, 6
autoimmune, 1, 1, 10
politico, 1, 1, 3
videos, 3, 3, 4
ai, 1, 1, 2
certain, 3, 3, 14
arabs, 1, 1, 4
describe, 1, 1, 3
moved, 1, 1, 3
sales, 1, 1, 10
deep, 5, 5, 8
general, 2, 2, 9
cbs, 1, 1, 6
enable, 2, 2, 1
file, 1, 1, 5
ay, 1, 1, 3
choas, 1, 1, 2
moves, 1, 1, 771
hospitals, 1, 1, -2
film, 2, 2, 15
fill, 1, 1, -10
beyond, 5, 4, 24
idiot, 3, 3, 4
eggboard, 1, 1, 8
shots, 2, 2, 7
novice, 1, 1, 1
2000, 2, 2, 3
nasa, 1, 1, 0
booksamp, 1, 1, 1
announcements, 2, 1, 2
thousand, 1, 1, 1
poor, 3, 3, -3
conspiracies, 6, 5, 6
congress, 3, 3, 85
separate, 2, 2, 20
infighting, 1, 1, 1
bribe, 1, 1, 7
includes, 1, 1, 2
waving, 1, 1, 1
important, 5, 5, 33
margot, 1, 1, 0
unquestioning, 1, 1, 3
included, 1, 1, 3
conclusive, 1, 1, 4
building, 6, 3, 17
carbs, 1, 1, 19
assassins, 1, 1, 1
remote, 7, 2, 5
blacks, 2, 1, 1
wife, 2, 2, 4
apathy, 1, 1, 2
boogeymanwere, 1, 1, -10
principal, 1, 1, 3
moondoggie, 1, 1, 2
mass, 2, 1, 2
adam, 1, 1, 13
treason, 2, 2, 8
russert, 1, 1, -1
starting, 2, 2, 5
mardi, 1, 1, 2
liar, 1, 1, 10
forget, 3, 3, 4
chinese, 5, 3, 13
caused, 1, 1, -5
lack, 1, 1, 271
dollar, 3, 3, 57
month, 4, 4, 2
systemic, 1, 1, 1
suspected, 1, 1, 2
talks, 1, 1, 1
follow, 3, 3, 787
decisions, 1, 1, 1
reasoning, 1, 1, 2
causes, 2, 2, 6
griffin, 2, 2, 10
hunting, 2, 2, 0
tv, 2, 2, 28
cheney, 4, 4, 30
thursday, 2, 1, 17
dont, 3, 2, 14
aaron, 2, 1, 2
drmrs, 1, 1, 5
dinnertime, 1, 1, 7
health, 3, 3, 18
presentation, 1, 1, 13
weeks, 2, 1, 1
case, 9, 8, 15
mpd, 1, 1, 3
woman, 2, 2, 8
worse, 6, 6, 25
confidential, 1, 1, 10
far, 8, 8, 284
fantastic, 2, 2, 2
grinds, 1, 1, 12
documentaries, 12, 6, 302
trillions, 1, 1, 15
fan, 1, 1, 1
minded, 3, 3, 5
decide, 1, 1, 4
fall, 3, 3, 4
showings, 1, 1, 5
1455654181amp, 1, 1, 1
treating, 1, 1, 2
unexpurgated, 1, 1, 3
gov, 3, 2, 1
ranting, 1, 1, 1
cable, 1, 1, 1
issue, 1, 1, 1
celebrity, 1, 1, 11
list, 5, 5, 284
grandfather, 1, 1, 1
large, 1, 1, 1
wanttoknowinfo, 1, 1, 2
saudi, 7, 4, 13
small, 4, 3, 285
bench, 1, 1, 6
economically, 1, 1, 15
20th, 1, 1, 1
blackout, 1, 1, 7
ten, 2, 2, 11
ted, 2, 2, 5
past, 5, 5, 284
strung, 1, 1, 5
zero, 1, 1, 2
titles, 1, 1, 5
design, 1, 1, 2
perspective, 4, 4, 17
lawyer, 1, 1, 7
pass, 2, 2, -23
returned, 1, 1, 1
nbd, 1, 1, 2
conscience, 1, 1, 6
compile, 1, 1, 2
stood, 1, 1, 3
sub, 4, 4, 8
richard, 3, 1, 3
witnessed, 2, 2, 276
favor, 1, 1, 1
hauer, 1, 1, 3
rip, 1, 1, 1
brief, 1, 1, 1
icke, 1, 1, 1
version, 5, 5, 9
run, 3, 3, 13
scientists, 1, 1, 1
infamous, 1, 1, 2
public, 5, 4, 14
multitude, 1, 1, 1
movement, 1, 1, 1
revealing, 1, 1, 1
layers, 1, 1, 2
full, 7, 7, 22
fascist, 1, 1, 6
editorial, 1, 1, 1
sarasota, 1, 1, 3
loose, 3, 3, 22
supposedly, 1, 1, 1
answers, 1, 1, 1
hours, 1, 1, 0
killings, 1, 1, 3
pickets, 1, 1, 5
civilians, 1, 1, -7
strong, 1, 1, 4
hightech, 1, 1, 2
tragedy, 1, 1, 1
search, 1, 1, 1
bible, 1, 1, 1
prosecutors, 1, 1, 4
conviction, 1, 1, 1
goldsilver, 1, 1, 1
allows, 1, 1, -13
collates, 1, 1, 1
experience, 1, 1, 12
tdap, 1, 1, 10
soldier, 1, 1, -4
amount, 4, 4, 22
sended, 2, 1, 10
pick, 2, 2, 271
action, 2, 2, -7
mentions, 1, 1, 2
murdering, 1, 1, 2
luck, 3, 3, -1
onwards, 1, 1, 2
via, 4, 3, 6
followed, 1, 1, 1
family, 6, 4, 15
suddenly, 1, 1, 13
father, 1, 1, 2
africa, 3, 2, 3
anthill, 1, 1, 2
advocated, 1, 1, 0
ask, 5, 5, 293
follower, 1, 1, 4
analyzing, 1, 1, 271
trained, 1, 1, 3
armed, 5, 3, 19
select, 1, 1, 3
readily, 2, 2, 3
takes, 3, 3, 18
contains, 1, 1, 3
two, 5, 5, 8
vote, 1, 1, 1
muller, 1, 1, 1
comparing, 1, 1, 10
archives, 1, 1, 8
6, 3, 3, 3
taken, 10, 9, 275
kick, 1, 1, 36
unthinkable, 1, 1, 1
achieving, 1, 1, 2
hatlol, 1, 1, 1
flat, 1, 1, 1
israel, 14, 8, -7
door, 2, 1, 17
knows, 2, 2, 5
initiated, 1, 1, 4
readers, 1, 1, -10
company, 4, 4, 18
putin, 1, 1, 347
excuse, 2, 2, 267
flag, 2, 2, 17
controlling, 3, 3, 55
basically, 4, 4, 7
20000, 2, 2, 7
known, 5, 5, 20
glad, 4, 4, 21
town, 2, 2, 2
willfully, 1, 1, 1
none, 5, 4, 17
humanbeings, 1, 1, 10
debates, 1, 1, 85
hour, 1, 1, 1
nono, 1, 1, 1
science, 2, 2, 2
specializes, 1, 1, 2
patriarch, 1, 1, 3
remain, 1, 1, 1
pressing, 1, 1, 52
resources, 2, 2, 12
v, 21, 12, 319
yemen, 2, 2, 7
history, 12, 11, 152
purchases, 1, 1, 7
scam, 1, 1, 12
brown, 3, 1, 10
lives, 3, 2, 11
share, 4, 4, 276
accept, 3, 3, 8
days, 4, 4, 299
states, 5, 5, 10
unbiased, 1, 1, 14
minimum, 3, 3, 5
numbers, 1, 1, 6
behindcloseddoors, 1, 1, 2
sense, 5, 5, 33
depressed, 1, 1, 1
station, 1, 1, 1
species, 1, 1, 1
vietnam, 1, 1, 3
huge, 8, 7, 86
needs, 5, 5, 8
beef, 1, 1, 5
court, 5, 5, 27
processors, 1, 1, 12
rather, 6, 6, 31
simpy, 1, 1, 19
comfort, 1, 1, 1
zakheim, 11, 2, 5
fame, 1, 1, 1
satanism, 1, 1, 5
scifi, 1, 1, 2
possibly, 1, 1, -10
billionaire, 2, 2, 4
explains, 1, 1, 12
goat, 1, 1, -4
creature, 3, 3, 11
tinfoil, 1, 1, 1
okay, 3, 3, -11
plans, 1, 1, 2
advice, 3, 2, 2
soda, 1, 1, 10
idiocy, 1, 1, 2
plane, 3, 3, 5
studies, 2, 2, 23
coming, 6, 6, 366
invasion, 2, 2, 3
evaluations, 1, 1, 2
fk, 1, 1, 2
douniverse, 1, 1, 3
response, 2, 2, 4
proclaimed, 1, 1, 4
refuse, 2, 2, 4
short, 1, 1, 10
xposted, 1, 1, 2
resemble, 1, 1, 2
causation, 2, 1, 1
author, 2, 2, -9
discussing, 1, 1, 1
schoolcollege, 1, 1, 1
media, 8, 7, 49
banks, 5, 4, 5
dream, 1, 1, 4
smoked, 1, 1, 1
photoshop, 1, 1, 2
help, 6, 6, 239
september, 2, 2, 4
developed, 2, 2, 7
whereby, 1, 1, 2
soon, 8, 7, 363
proverbial, 1, 1, 12
trade, 7, 5, 18
held, 2, 2, 3
attitude, 2, 2, 3
paper, 6, 6, 32
committee, 3, 1, 3
replies, 1, 1, 271
existence, 3, 3, 4
itt, 1, 1, 1
surveillance, 3, 2, 8
roots, 1, 1, 4
islam, 1, 1, 13
25, 1, 1, 3
style, 2, 2, 9
20, 2, 2, 4
sumitomo, 2, 1, 10
22, 3, 3, 16
23, 1, 1, 3
wat, 1, 1, 1
border, 1, 1, 1
solving, 1, 1, 15
28, 2, 1, 3
actually, 6, 6, 12
late, 6, 6, 5
systems, 6, 2, 4
cool, 3, 3, 5
might, 7, 7, -9
landlord, 1, 1, 1
ally, 1, 1, 5
good, 34, 31, 374
return, 1, 1, 271
sucking, 1, 1, 6
yo, 1, 1, 2
severely, 2, 1, 5
ceo, 1, 1, 771
gadget, 1, 1, 1
males, 1, 1, 6
primary, 1, 1, 1
geopolitical, 1, 1, 0
thereof, 1, 1, 1
permissible, 1, 1, 1
complain, 1, 1, 6
bigger, 1, 1, 1
sucked, 2, 2, 4
mystery, 2, 2, 30
easily, 2, 2, 4
payer, 1, 1, 1
rant, 1, 1, 1
always, 14, 14, 395
truths, 1, 1, 1
refresh, 1, 1, 2
powell, 1, 1, 1
strangling, 1, 1, 52
2f, 1, 1, 1
purchased, 1, 1, 1
articleid, 1, 1, 1
die, 2, 2, 1
found, 14, 12, 60
independet, 1, 1, 10
obligated, 1, 1, 2
strategizing, 1, 1, 1
dulles, 1, 1, 3
heavy, 2, 2, 6
week, 5, 5, -2
harm, 2, 2, -7
everyone, 12, 11, 12
cost, 2, 2, 11
mental, 2, 2, 4
p, 2, 2, 4
house, 6, 4, 20
energy, 4, 3, 4
hard, 5, 5, 7
reduce, 3, 3, 12
idea, 14, 13, 101
brother, 2, 2, 2
oil, 5, 4, 7
expect, 1, 1, -7
slave, 3, 3, 4
operation, 2, 2, 18
thing, 11, 10, 18
absurdity, 1, 1, 10
event, 3, 2, 9
really, 26, 25, 310
deals, 1, 1, 0
wondered, 1, 1, 27
item, 1, 1, 3
robert, 3, 3, 7
since, 5, 5, 20
pigeon, 1, 1, 271
publish, 1, 1, 1
research, 4, 4, 12
wwiii, 1, 1, 3
acting, 1, 1, 1
conclusions, 1, 1, 1
safety, 3, 2, 12
7, 4, 2, 16
lolz, 1, 1, 1
evaluation, 1, 1, 2
ass, 1, 1, 1
reporting, 1, 1, 1
belief, 1, 1, 12
dirt, 1, 1, 1
friday, 2, 2, 4
horse, 2, 2, 16
reason, 2, 2, 11
base, 2, 2, 3
forcefully, 1, 1, 1
members, 1, 1, 3
imagine, 6, 5, 28
backed, 1, 1, 3
matthews, 1, 1, 1
beginning, 1, 1, 1
generate, 1, 1, 2
bumped, 1, 1, 0
owners, 1, 1, 12
benefits, 4, 4, 17
thread, 4, 3, 6
terrible, 1, 1, 1
20ponerologyamp, 1, 1, 1
american, 19, 16, 88
yall, 1, 1, 2
w, 4, 3, 1
arlington, 1, 1, 2
syria, 2, 2, 7
fallen, 1, 1, 1
solidly, 1, 1, 1
missles, 1, 1, -2
major, 5, 5, 6
probability, 1, 1, 2
feel, 7, 7, 370
radical, 1, 1, 2
contender, 1, 1, 3
number, 3, 2, 3
8hour, 1, 1, 1
valentine, 1, 1, 15
instances, 2, 1, 5
sailor, 1, 1, 5
brave, 1, 1, -4
done, 6, 6, 10
spiritually, 1, 1, 15
colombia, 3, 1, 15
fees, 1, 1, 3
600, 1, 1, 6
wages, 2, 2, 2
wager, 1, 1, 5
arbitration, 1, 1, 1
passes, 1, 1, 1
story, 14, 13, 45
jew, 2, 2, 3
powerless, 2, 2, -3
introduction, 1, 1, 10
leading, 4, 4, 16
interviews, 2, 2, 90
shooting, 1, 1, 1
least, 11, 11, 36
jeb, 4, 4, 27
wonderful, 1, 1, 8
passed, 1, 1, 85
arguing, 1, 1, 1
ton, 1, 1, 19
majority, 1, 1, -3
hundred, 1, 1, 1
finances, 1, 1, 2
recovered, 1, 1, 2
lease, 1, 1, 2
wolfowitz, 1, 1, 7
selling, 3, 3, 17
treasured, 1, 1, 1
relationship, 2, 2, 14
exploded, 1, 1, 2
alteregos, 1, 1, 5
luckily, 1, 1, 7
part, 9, 7, 302
doctors, 1, 1, 2
discounted, 1, 1, 1
1913, 1, 1, 1
believe, 16, 13, 44
convinced, 2, 2, 4
twittercomaaronsw, 1, 1, 2
obama, 8, 6, 9
grasnot, 1, 1, 2
kind, 5, 5, 10
john, 3, 3, 16
critically, 1, 1, 271
bailout, 1, 1, 1
double, 1, 1, 6
outrageous, 2, 1, -4
greg, 1, 1, 1
contrary, 1, 1, 0
risks, 2, 2, 11
remembers, 1, 1, 2
9112001, 1, 1, 3
minds, 1, 1, 1
surrealist, 1, 1, 5
outstanding, 3, 3, 271
suspicious, 4, 4, 41
ages, 1, 1, 1
basicly, 1, 1, 2
hangout, 1, 1, 1
meltdown, 1, 1, 1
lid, 2, 2, 1
ratings, 1, 1, 1
wilson, 1, 1, 1
nights, 1, 1, 13
built, 1, 1, 2
shelby, 5, 1, 3
odd, 1, 1, 1
self, 2, 2, 14
yetis, 2, 1, 1
also, 25, 21, 99
internal, 1, 1, 1
chairman, 2, 1, 3
obviously, 1, 1, 1
finding, 3, 2, 3
transparent, 2, 1, 1
aired, 1, 1, 3
towards, 3, 3, 62
rapist, 1, 1, -4
firsthand, 1, 1, 2
citystate, 1, 1, 15
eggs, 1, 1, 5
bitcoinsilvergold, 1, 1, 9
conspicuously, 1, 1, 1
react, 1, 1, 6
fuselage, 1, 1, 2
sponsored, 1, 1, 3
plan, 3, 3, 275
nothing, 15, 13, 519
accepting, 2, 2, 3
boycotting, 2, 2, 4
singled, 1, 1, 0
salary, 1, 1, 10
omaha, 1, 1, 1
windows, 2, 2, 2
noone, 1, 1, 2
sometimes, 1, 1, 3
cover, 3, 3, 14
digiorno, 1, 1, 1
physics, 1, 1, 1
attacking, 1, 1, 0
lying, 3, 3, 10
thomas, 1, 1, 10
particularly, 3, 3, 16
gold, 2, 2, 0
cdc, 1, 1, 2
100777comnode1836, 1, 1, 3
businesses, 1, 1, 771
shitty, 1, 1, 2
carefully, 1, 1, 0
headlines, 1, 1, 13
fine, 2, 2, 5
find, 18, 18, 37
impact, 2, 2, 7
sayin, 1, 1, 1
justice, 3, 3, 5
rampant, 1, 1, 10
ruin, 1, 1, 1
camel, 1, 1, 12
starters, 2, 2, 12
failed, 2, 2, 4
idiots, 4, 4, 3
central, 1, 1, 2
pretty, 15, 14, 48
factor, 1, 1, 1
8, 3, 3, 2
bernstein, 1, 1, 6
accurate, 2, 2, 31
discuss, 1, 1, 1
england, 1, 1, 2
ordained, 1, 1, 2
lev5affczs, 1, 1, 1
publicity, 1, 1, 2
gains, 1, 1, 1
hiv, 1, 1, 1
meanwhile, 1, 1, 7
dependent, 1, 1, 10
compiled, 1, 1, 271
banned, 2, 2, 7
express, 3, 3, 26
neuroinvasive, 1, 1, 10
courage, 1, 1, 5
compass, 1, 1, 4
distraction, 2, 2, 2
enemy, 1, 1, -10
48yearold, 1, 1, 17
uhit, 1, 1, 1
generally, 1, 1, 4
pissing, 1, 1, 2
remove, 3, 3, 12
banning, 1, 1, 1
watched, 1, 1, 1
banking, 3, 3, 57
investigate, 1, 1, 1
common, 3, 3, 17
rfk, 2, 2, 3
x, 1, 1, 0
tanker, 1, 1, 2
rtopmindsofreddit, 1, 1, 0
tourney, 4, 1, 5
wrote, 1, 1, 3
restaurants, 1, 1, 1
insane, 2, 2, 6
bars, 1, 1, 10
set, 3, 3, 8
achieved, 1, 1, 1
throwing, 1, 1, 0
intelligence, 9, 5, 12
mcgowan, 2, 2, 3
scenes, 1, 1, 0
mantra, 2, 2, 2
see, 24, 22, 62
individual, 2, 2, 13
overboard, 1, 1, 2
fellow, 1, 1, 10
close, 6, 6, 14
bezmenov, 1, 1, 5
feared, 1, 1, 12
revolution, 1, 1, 1
probable, 1, 1, 2
expert, 1, 1, 1
binds, 1, 1, 1
movie, 1, 1, 2
currently, 2, 2, 273
please, 2, 2, 9
demons, 1, 1, 4
ups, 1, 1, 3
smallest, 1, 1, 3
various, 1, 1, 8
movieez, 1, 1, 1
probably, 7, 7, 37
conditions, 1, 1, 3
corruption, 4, 4, 9
thrive, 1, 1, 1
supposed, 2, 2, 5
knowing, 4, 4, 14
genes, 1, 1, -4
recently, 4, 4, 12
creating, 2, 2, 42
missing, 1, 1, 2
initially, 2, 2, 6
sold, 2, 2, 9
attention, 4, 4, 8
denomination, 1, 1, 3
aircraft, 3, 2, 7
renewed, 1, 1, 2
interface, 2, 1, 2
sheeps, 1, 1, 6
neocons, 1, 1, 13
floats, 1, 1, 3
f, 1, 1, 10
last, 5, 5, 34
secrets, 2, 2, 350
solely, 1, 1, 1
350000, 1, 1, 6
hint, 1, 1, 2
onion, 1, 1, 1
immoral, 1, 1, -10
foreign, 3, 2, 2
unknowingly, 1, 1, 5
became, 2, 1, 2
alot, 1, 1, 1
forgotten, 1, 1, 5
whole, 8, 8, 21
finds, 1, 1, 1
load, 3, 3, 10
flies, 1, 1, 4
airborne, 2, 1, 2
hackers, 2, 1, 10
point, 11, 11, 317
reasons, 2, 2, 2
perot, 9, 8, 157
loan, 4, 2, 22
ubuntu, 2, 1, 2
community, 5, 5, 9
coincidence, 1, 1, 3
improper, 2, 1, 0
tennessee, 1, 1, 3
simply, 7, 6, 1
likes, 3, 3, 5
configured, 2, 1, 2
linux, 2, 2, 3
everythibg, 1, 1, 2
slots, 1, 1, 2
throughout, 1, 1, 271
expensive, 2, 2, 11
distros, 1, 1, 0
platinum, 1, 1, 2
ps, 1, 1, 1
invented, 1, 1, 2
exmod, 1, 1, 3
create, 3, 3, 4
political, 14, 12, 34
due, 2, 2, 3
strategy, 3, 2, 4
hitting, 1, 1, 4
secret, 12, 8, 20
describes, 2, 2, 2
damn, 2, 2, 2
pd, 1, 1, 17
coffeeshops, 1, 1, -1
territory, 1, 1, 3
pm, 2, 2, 9
firm, 2, 1, 2
sanders, 4, 4, 8
dialogue, 1, 1, 2
lived, 1, 1, 1
flight, 5, 1, 2
sending, 1, 1, 3
fire, 1, 1, 1
inculpates, 1, 1, 3
citizen, 2, 2, 4
oecd, 1, 1, 4
else, 6, 6, 23
fund, 1, 1, 1
whatever, 3, 3, 4
understand, 11, 8, 20
specifically, 1, 1, 5
demand, 1, 1, 10
mortgage, 1, 1, 10
sportcenter, 1, 1, 1
presses, 1, 1, -1
handling, 1, 1, 0
politician, 1, 1, 3
interlocking, 1, 1, 15
conspirator, 1, 1, 3
balloons, 1, 1, 3
straight, 1, 1, 2
bill, 10, 9, 88
budget, 1, 1, 1
governor, 3, 3, 8
pill, 1, 1, 1
pace, 1, 1, 3
socialism, 1, 1, -5
replaced, 2, 2, 8
enact, 1, 1, 0
chalmers, 1, 1, 1
fun, 1, 1, 27
5hfebupaeo4, 1, 1, 1
mitchell, 1, 1, 3
jagger, 1, 1, -1
theres, 2, 2, 0
grip, 1, 1, 2
madoff, 1, 1, 1
credence, 1, 1, 4
century, 6, 5, 24
funded, 3, 3, 5
redacted, 1, 1, 2
atherosclerosis, 1, 1, 0
ducks, 1, 1, 2
hoax, 3, 3, 12
awakening, 1, 1, 4
chasm, 1, 1, 1
ready, 5, 5, 22
quail, 1, 1, -1
rid, 5, 5, 73
vanish, 1, 1, 19
kursk, 1, 1, 1
funny, 11, 11, 97
lbj, 1, 1, 5
fedora, 1, 1, 2
anymore, 1, 1, 8
mint, 2, 2, 3
makeshift, 1, 1, 5
rules, 2, 2, 772
discredit, 2, 2, 4
widely, 1, 1, 3
peoples, 1, 1, 1
9, 1, 1, 1
relatively, 1, 1, 4
conflict, 1, 1, 1
sham, 1, 1, 2
sell, 4, 3, 58
used, 10, 7, 57
brussell, 1, 1, 8
lie, 2, 2, 3
keys, 1, 1, 1
comprehensive, 1, 1, 9
overweight, 1, 1, 13
yesterday, 1, 1, 7
henchmen, 1, 1, 1
moment, 3, 3, 13
levels, 1, 1, 1
moving, 2, 2, 10
user, 1, 1, -3
decency, 1, 1, 3
koch, 1, 1, 1
genuine, 3, 2, 2
weird, 1, 1, 1
extraterrestial, 1, 1, 1
euro, 3, 3, 13
dark, 3, 3, 10
lower, 1, 1, 2
task, 1, 1, 1
barry, 1, 1, 3
dystopian, 1, 1, 52
older, 1, 1, 27
commoners, 1, 1, 1
statins, 1, 1, 1
laden, 1, 1, 8
spent, 3, 3, 359
analysis, 1, 1, 1
phil, 2, 1, 5
person, 5, 5, -12
calibrated, 1, 1, 1
thoroughly, 1, 1, 5
landmark, 1, 1, 1
organization, 1, 1, -7
clearance, 4, 2, 0
spend, 2, 2, 5
alluring, 1, 1, 3
coup, 1, 1, 15
undue, 1, 1, 1
settlements, 2, 2, 4
767, 2, 1, 2
arrests, 1, 1, 1
questions, 4, 4, 14
world, 37, 27, 359
ad, 2, 2, 3
love, 3, 3, 12
moscow, 1, 1, 3
praying, 1, 1, 3
uselessly, 1, 1, 1
letting, 2, 2, 3
cut, 2, 2, 11
extracted, 1, 1, 4
advisers, 1, 1, 2
alternate, 1, 1, -3
tfw, 1, 1, 1
recommended, 2, 2, 10
source, 4, 4, 18
deliberately, 2, 2, 4
endebted, 1, 1, -1
homeland, 1, 1, 2
wwwvoxfuxcomarticles, 1, 1, 3
guarantees, 1, 1, 5
surprised, 6, 6, 23
build, 1, 1, 1
bin, 1, 1, 8
wised, 1, 1, 2
indonesian, 1, 1, 2
expletive, 1, 1, 5
march, 1, 1, 2
lacking, 1, 1, 10
loss, 1, 1, 2
big, 14, 13, 28
couple, 4, 3, 4
advocate, 1, 1, -6
bureaucrat, 1, 1, 5
folk, 1, 1, 1
judgement, 1, 1, 2
matters, 2, 2, 3
expecially, 1, 1, 2
wiser, 1, 1, 1
bit, 4, 3, 218
awaken, 2, 1, 4
controvesy, 1, 1, 2
coverup, 1, 1, 1
projects, 2, 1, 1
helpful, 1, 1, 12
skeptical, 6, 5, 12
outright, 1, 1, 2
follows, 1, 1, 1
facets, 1, 1, 2
incidental, 1, 1, 1
strife, 1, 1, 1
heart, 8, 7, 28
continue, 5, 5, 24
o_nwp6zha2q, 1, 1, 10
campagne, 1, 1, 1
disorder, 3, 1, 5
often, 4, 3, 3
collectors, 1, 1, 7
absolutely, 2, 2, 4
back, 21, 20, 118
extremist, 2, 1, -10
understood, 1, 1, 85
economic, 5, 5, 99
korea, 1, 1, 3
newsletter, 1, 1, 3
pale, 1, 1, 8
syringe, 1, 1, 1
describing, 1, 1, 3
conspiracybut, 1, 1, 0
4chan, 1, 1, 1
pet, 1, 1, -4
affects, 1, 1, 1
shall, 1, 1, 1
audience, 2, 2, 17
contrast, 1, 1, 1
religion, 1, 1, 1
inteligence, 2, 1, 10
eliminate, 2, 2, 1
prosecuted, 2, 2, 7
tends, 1, 1, 1
excluding, 1, 1, 10
cashless, 2, 2, 53
tankers, 1, 1, 2
patient, 1, 1, 77
uyouaminow, 1, 1, 1
ufo, 6, 5, 58
300, 1, 1, 1
processing, 3, 2, 14
fed, 7, 4, -5
feelings, 1, 1, 1
step, 6, 5, 64
concealed, 1, 1, 3
chick, 1, 1, 2
crap, 5, 5, 5
subtract, 1, 1, 0
vaccine, 4, 1, 10
wealth, 1, 1, -5
faith, 3, 3, 10
goods, 1, 1, 1
wrecking, 1, 1, 1
anything, 17, 16, 37
netflix, 1, 1, 2
surrender, 2, 1, -10
plaza, 1, 1, 3
virus, 4, 2, 12
sorrows, 1, 1, 1
unaccountedfor, 1, 1, 2
involving, 1, 1, 5
idk, 1, 1, 0
dialog, 1, 1, 2
confounded, 1, 1, 1
congressman, 1, 1, 3
hatred, 2, 2, -2
silence, 1, 1, 10
misplaced, 1, 1, 10
disclosure, 1, 1, 1
clinton, 8, 7, 32
plenty, 4, 4, 6
garbage, 1, 1, 2
terrorists, 7, 4, 0
newsource, 1, 1, 0
unrevises, 1, 1, 15
aliens, 7, 7, 46
within, 5, 5, 8
nonsense, 2, 2, 2
services, 3, 3, 12
controversies, 1, 1, 2
imaginationland, 1, 1, 17
sports, 1, 1, 0
pentagon, 5, 2, 5
masonslizard, 1, 1, 1
militarily, 1, 1, 15
landowner, 1, 1, 3
awardwinning, 1, 1, 10
computer, 1, 1, 5
spending, 1, 1, 1
ruined, 1, 1, 10
question, 5, 4, 24
msm, 8, 7, 22
long, 9, 9, 388
custom, 1, 1, 2
infected, 1, 1, 10
explosives, 1, 1, 1
suit, 1, 1, 15
forward, 2, 2, 2
analyze, 1, 1, 3
elementaryio, 1, 1, 0
files, 1, 1, 1
atlantis, 1, 1, 1
wondering, 2, 2, 7
jewish, 1, 1, 4
poster, 1, 1, 12
adjusting, 1, 1, 2
vehicle, 1, 1, 2
boys, 2, 2, 2
larry, 2, 2, 4
link, 13, 12, 30
alive, 4, 4, 32
larvicide, 4, 1, 10
russian, 1, 1, 10
subsidiary, 2, 1, 2
line, 3, 3, 6
exhaustive, 1, 1, 8
intestines, 1, 1, 0
posted, 2, 2, 6
info, 5, 5, 373
cia, 12, 9, 29
us, 51, 38, 264
ur, 1, 1, 10
planet, 3, 3, 4
un, 2, 2, 2
customers, 1, 1, 1
marginally, 1, 1, 3
uk, 4, 4, 17
planes, 4, 2, 5
similar, 3, 3, 8
called, 8, 7, 51
zionists, 2, 2, 7
metanoia, 1, 1, 1
prevails, 1, 1, 2
ordered, 1, 1, 5
reconcile, 1, 1, 12
stick, 1, 1, 5
stripped, 1, 1, -7
influence, 2, 2, 12
metals, 1, 1, 12
globally, 1, 1, 0
single, 4, 4, 12
warning, 1, 1, 17
graham, 3, 2, 4
denying, 1, 1, 10
biblical, 1, 1, 1
evils, 1, 1, 1
fixing, 1, 1, 52
peace, 1, 1, 1
cohesive, 1, 1, 1
scrape, 1, 1, 0
club, 4, 4, 15
politicians, 7, 6, 16
naw, 1, 1, 3
tptb, 3, 3, 64
department, 6, 4, 10
nice, 4, 3, 7
explaining, 2, 2, 10
draw, 1, 1, 4
users, 2, 2, -3
businesseslol, 1, 1, 1
gross, 1, 1, -10
primetime, 1, 1, 1
problems, 7, 7, 76
pnac, 2, 1, 2
subsidizes, 1, 1, 2
meaning, 2, 2, 4
allowing, 1, 1, 1
disarming, 1, 1, 1
sides, 1, 1, 4
ago, 8, 8, 34
causeamp, 1, 1, 1
correlated, 1, 1, 1
fighter, 1, 1, 5
vice, 1, 1, 2
established, 1, 1, 2
age, 4, 4, 26
vehicles, 2, 1, 2
youtube, 4, 4, 25
bankers, 6, 6, 17
notion, 1, 1, 10
2002, 1, 1, 3
depth, 1, 1, 2
2001, 5, 2, 5
acknowledges, 1, 1, 2
dot, 1, 1, 1
2004, 4, 3, 6
narrative, 1, 1, 2
fresh, 2, 2, 3
2008, 3, 3, -8
requires, 2, 2, 13
okayyou, 1, 1, -2
essay, 1, 1, 2
gt, 33, 12, 44
partial, 1, 1, 1
ashamed, 1, 1, 2
issued, 1, 1, 1
produce, 1, 1, 1
existing, 1, 1, 1
alien, 3, 3, 4
groceries, 1, 1, 10
go, 19, 17, 923
conversation, 1, 1, 1
taaabloooiiiiiddd, 1, 1, 2
issues, 7, 7, 109
seemed, 2, 1, 1
theorist, 1, 1, 2
contacted, 1, 1, 5
cannabis, 2, 2, 5
young, 1, 1, 27
duped, 1, 1, 1
affiliates, 1, 1, 1
attackers, 2, 2, 5
helps, 2, 2, 11
excluded, 1, 1, 1
moron, 2, 2, -3
include, 3, 2, 2
sent, 5, 5, 302
infecting, 1, 1, 2
pay, 7, 7, 23
jurisdiction, 1, 1, 1
mainstream, 5, 5, 42
mediaeverything, 1, 1, 3
continues, 2, 2, 13
engineered, 1, 1, 3
wave, 1, 1, 2
heard, 1, 1, 2
asset, 1, 1, 1
manipulated, 1, 1, 1
accuse, 1, 1, 3
spook, 1, 1, 3
telling, 8, 8, 367
drinking, 3, 2, 11
subreddit, 1, 1, -3
continued, 4, 2, 19
categories, 2, 2, 6
mathis, 1, 1, 1
entire, 5, 5, 101
magic, 1, 1, 7
implying, 1, 1, 1
harbor, 2, 2, 9
positions, 1, 1, 10
shock, 2, 2, 12
michael, 1, 1, 3
damning, 1, 1, 3
try, 7, 7, 35
race, 2, 2, 11
epstein, 1, 1, 1
car, 1, 1, 10
noted, 1, 1, 5
bernie, 4, 3, 10
concluded, 2, 2, 86
speciallyprepared, 1, 1, 2
among, 1, 1, 1
biased, 2, 2, 1
demonstrations, 1, 1, 2
waking, 2, 2, 3
video, 6, 6, 16
traced, 1, 1, 10
cfr, 1, 1, 3
click, 1, 1, 1
depression, 3, 3, 17
brokered, 1, 1, 2
poke, 1, 1, 2
business, 5, 4, 13
giving, 1, 1, 2
anton, 1, 1, 1
fat, 6, 2, 1
expressed, 1, 1, 2
practices, 1, 1, 1
access, 4, 1, 2
paying, 5, 5, 37
waiting, 2, 2, 10
capital, 1, 1, 3
nvr, 1, 1, 1
3a, 1, 1, 1
avg, 1, 1, 5
warlords, 1, 1, 1
exercise, 1, 1, 2
body, 1, 1, 3
misdeeds, 1, 1, 4
led, 2, 2, 15
cozy, 1, 1, 6
stance, 2, 2, 3
exchange, 2, 2, 2
fe, 1, 1, -1
pushing, 1, 1, 4
commercial, 1, 1, 1
conspiratus, 1, 1, 1
jointly, 1, 1, 1
defector, 1, 1, 5
following, 1, 1, 6
objects, 1, 1, 1
let, 11, 8, 21
sink, 1, 1, 5
others, 9, 9, 20
zippy, 1, 1, 2
safes, 1, 1, 1
kidnapped, 1, 1, 5
mindset, 4, 2, 3
great, 12, 11, 37
engage, 1, 1, 0
kissinger, 1, 1, 17
cts, 1, 1, 2
receive, 1, 1, 17
involved, 4, 4, 7
30, 1, 1, 1
catalyzing, 1, 1, 2
murdered, 3, 2, 4
leaving, 2, 2, 3
momment, 2, 1, 10
products, 4, 2, 4
warnings, 1, 1, 3
defeat, 1, 1, 1
opinion, 4, 4, 6
implement, 2, 2, -4
proof, 4, 3, 13
makes, 8, 8, 40
honor, 1, 1, 10
thats, 3, 3, 0
wallstrom, 1, 1, 0
israeliamerican, 1, 1, 2
named, 2, 2, 3
writer, 1, 1, 1
stabilization, 1, 1, 1
claim, 2, 2, 18
egypt, 1, 1, 15
win, 7, 5, 11
charge, 1, 1, 2
confession, 1, 1, 70
private, 2, 2, 4
improbable, 1, 1, 2
names, 2, 2, 23
dumbest, 1, 1, 1
scandal, 3, 2, 3
tools, 1, 1, 10
standing, 1, 1, 17
penalty, 1, 1, 7
use, 19, 16, 49
encryption, 3, 2, 7
usa, 2, 2, 2
remains, 2, 2, 10
illegal, 5, 3, 8
mowing, 1, 1, 2
next, 7, 6, 32
pillage, 1, 1, -13
doubt, 5, 4, 22
uss, 4, 1, 5
save, 1, 1, 8
campaign, 4, 3, 10
chip, 2, 2, 3
rick, 1, 1, 4
sort, 2, 2, 3
confiscate, 1, 1, 2
sons, 1, 1, 3
clever, 1, 1, 3
upcoming, 1, 1, 7
stranglehold, 1, 1, 7
started, 8, 8, 12
occurred, 1, 1, 3
visibility, 1, 1, 2
missile, 3, 3, 9
trail, 1, 1, 1
opposing, 1, 1, -10
rabbit, 5, 5, 7
baby, 4, 3, 4
huxley, 1, 1, 1
hints, 1, 1, 2
paralleled, 1, 1, 13
high, 8, 7, 15
account, 2, 2, 4
balls, 2, 2, 13
practicing, 1, 1, 5
disingenuous, 1, 1, 6
midterm, 1, 1, 1
challenge, 2, 1, 2
oh, 3, 3, 20
obvious, 1, 1, 1
universe, 3, 3, 8
industrial, 2, 2, 11
thia, 1, 1, -7
coffin, 1, 1, 10
control, 22, 14, 72
consumerism, 1, 1, 2
links, 5, 3, 4
process, 4, 4, 11
tax, 2, 2, 13
purposes, 1, 1, 1
tad, 1, 1, 6
effectively, 4, 4, 215
tag, 3, 1, -3
pulling, 1, 1, 2
something, 20, 19, 369
tab, 1, 1, 2
hit, 2, 2, 4
standard, 1, 1, 1
voice, 2, 2, 5
impressed, 1, 1, 2
rape, 2, 2, -13
summers, 2, 2, 4
united, 6, 6, 15
democracy, 1, 1, 1
srs, 1, 1, 2
destroying, 3, 2, 3
carrier, 1, 1, 5
reposting, 1, 1, 1
luke, 1, 1, 4
instead, 3, 3, 12
palates, 1, 1, 7
intelligent, 4, 4, -5
stand, 2, 2, 3
buildings, 2, 2, 2
blueprints, 2, 1, 2
farm, 1, 1, 2
watch, 6, 6, 94
waters, 1, 1, 1
philosophy, 1, 1, 1
collection, 1, 1, 10
dc, 3, 3, 5
halted, 1, 1, 3
mixed, 1, 1, 1
stars, 1, 1, 15
disproved, 1, 1, 3
ties, 2, 2, 4
disproven, 1, 1, 4
owns, 1, 1, 1
chasing, 1, 1, 4
light, 2, 2, 13
element, 1, 1, 1
wwii, 3, 3, 6
bakery, 1, 1, 1
agenda, 3, 3, 20
yuc_4mgts98, 1, 1, 15
subsequently, 1, 1, 3
op, 2, 2, 6
houston, 1, 1, 17
saturated, 5, 1, 1
zguvonlern4, 1, 1, 15
vaccinated, 1, 1, 1
altogether, 1, 1, 0
facilitated, 1, 1, 3
produced, 1, 1, 2
nugent, 1, 1, 0
mcnamara, 1, 1, 5
including, 3, 3, 13
looks, 4, 4, 14
cruise, 1, 1, 3
mentioned, 5, 5, 277
bunch, 4, 4, 33
write, 2, 2, 18
benjamins, 1, 1, 1
remark, 1, 1, 2
libertarians, 2, 1, 1
wnv, 1, 1, 10
chosen, 1, 1, 3
ships, 1, 1, 2
labor, 3, 3, 17
lt, 1, 1, 1
willing, 2, 2, 4
hijackers, 2, 2, 6
2016, 1, 1, 2
2010, 1, 1, 1
elites, 3, 3, 6
petitions, 2, 2, 2
rbtc, 1, 1, 1
crash, 1, 1, -10
greater, 2, 2, 281
docs, 3, 3, 5
outlined, 1, 1, 7
material, 3, 3, 14
grassfed, 1, 1, 5
mention, 3, 3, 25
kiss, 2, 2, 2
hands, 2, 2, -9
front, 7, 6, 43
republican, 3, 2, 7
investor, 2, 1, 3
realize, 5, 4, 5
presidential, 2, 2, 10
strive, 1, 1, 1
articles, 5, 4, 15
masters, 3, 3, 10
edit, 4, 4, 10
establishment, 1, 1, 7
university, 1, 1, 17
covering, 1, 1, 8
stablishment, 1, 1, 10
identified, 1, 1, 5
truth, 24, 16, 42
pools, 1, 1, 0
rising, 2, 2, 5
bills, 3, 2, 11
preserve, 1, 1, 1
flair, 1, 1, 2
wahhabi, 1, 1, 4
artists, 2, 1, 1
ills, 1, 1, -13
staying, 1, 1, 0
related, 3, 3, 29
w10, 1, 1, 1
society, 4, 2, 62
books, 4, 4, 275
firepower, 1, 1, 17
irritation, 1, 1, 1
80, 2, 2, 21
81, 1, 1, 1
agriculture, 1, 1, 1
sandy, 5, 4, 12
category, 2, 2, 272
secretly, 1, 1, 3
tabloid, 1, 1, 25
happnd, 1, 1, 1
populace, 1, 1, 1
culture, 1, 1, 2
defend, 3, 3, 20
fathom, 1, 1, 1
upset, 1, 1, -2
critics, 1, 1, 0
wwwcorbettreportcom, 1, 1, 8
dominated, 1, 1, 1
peeling, 1, 1, 1
cause, 6, 6, 36
highs, 1, 1, 1
red, 2, 2, 19
architecture, 1, 1, 8
disclose, 1, 1, 3
shut, 5, 3, 21
approached, 1, 1, 17
dictionary, 1, 1, 0
tully, 4, 1, 5
jackasses, 1, 1, 1
1993, 3, 2, 5
reborn, 1, 1, 1
ban, 1, 1, -1
completely, 5, 5, 14
surely, 2, 2, 4
york, 1, 1, 2
advisor, 1, 1, 2
100ml, 1, 1, 1
embarrass, 1, 1, 5
reporters, 2, 2, 2
2fwwwcdcgov, 1, 1, 1
afterward, 1, 1, 3
ronald, 1, 1, 3
remotecontrol, 1, 1, 2
g, 1, 1, 9
govornment, 1, 1, 0
route, 2, 2, 8
messaging, 1, 1, 3
florida, 5, 4, 17
keep, 15, 12, 71
illicit, 1, 1, 3
abuse, 2, 2, 4
transfer, 1, 1, 10
cunts, 1, 1, 1
tipped, 1, 1, 3
myoutubecomwatch, 1, 1, 4
south, 5, 5, 8
degree, 1, 1, 1
distracted, 3, 2, 3
martin, 1, 1, 2
powerful, 1, 1, 771
scene, 2, 2, 5
owned, 1, 1, 1
strategic, 1, 1, 2
bitch, 3, 3, 7
owner, 1, 1, 17
quality, 1, 1, 271
lolita, 1, 1, 1
ancient, 1, 1, 15
fuckery, 1, 1, 1
hyperbolic, 1, 1, 2
6part, 1, 1, 1
filthy, 1, 1, 3
overdraft, 1, 1, 3
system, 18, 10, 91
relations, 1, 1, 2
wagging, 1, 1, 2
attack, 8, 7, 4
siad, 1, 1, 1
esports, 1, 1, 2
countries, 2, 2, 5
final, 1, 1, 17
painful, 1, 1, 1
benghazi, 1, 1, 1
shell, 1, 1, 1
gear, 1, 1, 17
jesus, 2, 2, 1
explanation, 1, 1, 1
exactly, 7, 5, 18
tories, 1, 1, 0
rwatchthemods, 1, 1, 2
veterans, 1, 1, 2
depressing, 2, 2, 2
chemicals, 1, 1, 10
treasonist, 1, 1, 3
45m, 1, 1, 1
manipulation, 1, 1, 17
boeing, 4, 1, 2
sex, 1, 1, 1
astounded, 1, 1, 271
kc767, 1, 1, 2
badlands, 1, 1, -1
steel, 4, 1, 1
loved, 1, 1, -10
photograph, 1, 1, 4
overlords, 1, 1, 0
slack, 1, 1, 6
egregious, 2, 2, 13
roulette, 1, 1, 10
boring, 1, 1, 1
bother, 2, 2, 351
submitted, 1, 1, 4
shill, 5, 5, 11
roberts, 1, 1, -1
defense, 5, 2, 7
orchestrated, 1, 1, 5
maybe, 6, 5, 13
dyslipidaemia, 1, 1, 1
f16, 1, 1, 2
bet, 1, 1, 11
f15, 1, 1, 2
drunk, 2, 2, 2
accusing, 1, 1, 1
aristoteles, 1, 1, 2
false, 2, 2, 6
2490528, 1, 1, 1
julian, 1, 1, 1
trusting, 1, 1, 6
bigoted, 1, 1, 1
tonight, 1, 1, 271
komonews, 1, 1, 5
need, 25, 22, 302
entertains, 1, 1, 1
dementia, 1, 1, 1
apparently, 2, 2, 2
clearly, 4, 4, 277
viewed, 1, 1, 2
necessities, 1, 1, 10
metadata, 1, 1, 10
bastard, 1, 1, 1
documents, 3, 3, 16
overthrew, 1, 1, 1
russians, 1, 1, 2
dallas, 1, 1, 3
4000, 1, 1, 15
agency, 1, 1, 1
able, 4, 4, 19
chief, 4, 2, 1
trespassing, 2, 1, 3
centeredlimited, 1, 1, 1
truck, 1, 1, 17
asshole, 1, 1, 1
trivia, 1, 1, 4
unless, 3, 3, 14
allow, 3, 3, 12
combat, 2, 1, 17
deploy, 1, 1, 1
techniques, 1, 1, 1
aircraftmissiledrone, 1, 1, 4
international, 2, 2, 5
connected, 2, 2, 5
device, 2, 2, 11
comparison, 1, 1, 1
consequences, 1, 1, 1
dens, 1, 1, 1
undeniable, 1, 1, 1
stronger, 1, 1, 1
disease, 7, 4, 34
face, 3, 3, 278
absurd, 1, 1, 0
pictures, 3, 2, 78
deathin, 1, 1, -10
innocent, 2, 2, -5
skinny, 1, 1, 2
ensued, 1, 1, 2
fact, 12, 12, 78
goals, 1, 1, 1
mmmmmmmm, 1, 1, 2
impression, 2, 2, 277
manly, 1, 1, 1
selection, 1, 1, 7
assassinations, 1, 1, 1
chances, 3, 1, 2
insightfully, 1, 1, 5
supported, 1, 1, 1
anyway, 5, 5, 6
bring, 2, 2, 3
planning, 4, 2, 5
traitor, 1, 1, 3
playbook, 1, 1, 3
utter, 1, 1, 4
fear, 5, 5, 5
economist, 1, 1, 1
supporter, 1, 1, 1
leg, 1, 1, 1
staff, 1, 1, 4
grandmother, 1, 1, 1
trying, 16, 15, 377
based, 7, 7, 29
knowledge, 9, 6, 11
irreversible, 1, 1, 1
manacle, 1, 1, 17
credited, 1, 1, 4
controls, 1, 1, 15
prolong, 1, 1, 10
entities, 1, 1, 1
arabian, 2, 1, 3
candidates, 3, 3, 98
wahhabiist, 1, 1, 4
b, 1, 1, 1
local, 5, 5, 24
hope, 8, 7, 264
meant, 2, 2, 5
aker, 7, 1, 17
move, 4, 4, -1
handle, 2, 2, 3
watching, 2, 2, 286
beat, 2, 2, 7
seizing, 1, 1, -10
2014what, 1, 1, 0
bear, 1, 1, 1
act, 4, 3, 12
tbh, 1, 1, 11
iimgurcomiiswjpegif, 1, 1, 1
ones, 7, 7, 16
sues, 1, 1, 1
legitimate, 1, 1, 3
words, 3, 3, 6
barter, 2, 1, 4
entity, 2, 2, 5
chips, 1, 1, 1
abby, 1, 1, 2
areas, 3, 2, 11
gray, 2, 2, 13
evolution, 1, 1, 1
tobacco, 1, 1, 4
course, 7, 7, 7
numerous, 2, 2, 4
shanksville, 1, 1, 3
taxes, 3, 3, 4
calling, 5, 5, 24
extremists, 1, 1, -10
stuff, 12, 11, 33
proboycotting, 1, 1, 0
view, 5, 5, 28
europe, 4, 4, 11
exists, 1, 1, 1
catastrophic, 1, 1, 2
national, 3, 3, 5
humans, 2, 2, 2
reddit, 2, 1, -3
freeze, 1, 1, 2
puppets, 2, 1, 0
edition, 1, 1, 1
reinforce, 1, 1, 2
accused, 2, 1, 3
theoriesstill, 1, 1, 1
wire, 1, 1, 5
destiny, 1, 1, 1
maddow, 1, 1, 1
gunderson, 1, 1, 5
nuclear, 2, 1, 1
_nyogtsrsgi, 1, 1, 15
30yearold, 1, 1, 17
afghamnistan, 1, 1, 1
state, 3, 2, 5
phased, 1, 1, 1
correctly, 1, 1, 2
n_fp5kavyhk, 1, 1, 15
orwellian, 1, 1, 3
neither, 1, 1, 3
frustrated, 1, 1, 1
bought, 2, 2, 12
zeitgeist, 2, 2, 5
1pggrs26c4, 1, 1, 13
ability, 1, 1, 1
paradoxically, 1, 1, 1
opening, 2, 2, 3
horrifyingly, 1, 1, 1
joy, 3, 2, 2
monarchy, 1, 1, 14
agencies, 3, 2, 11
reprecussions, 1, 1, 2
embarrassment, 1, 1, 3
job, 4, 4, 10
key, 2, 2, 7
police, 3, 3, 30
precious, 1, 1, 12
legit, 1, 1, 1
david, 2, 2, 2
keto, 1, 1, 19
limits, 1, 1, 4
career, 3, 3, 16
joke, 4, 4, 58
taking, 4, 4, 85
equal, 1, 1, 2
drug, 4, 3, 14
beliefs, 1, 1, 1
etc, 4, 4, 4
admit, 1, 1, 3
atleast, 1, 1, 2
interesting, 9, 9, 106
tx, 1, 1, 3
masses, 2, 2, 3
jersey, 1, 1, 2
donors, 1, 1, 10
comment, 2, 2, 6
adjusted, 1, 1, 1
relevant, 2, 2, 2
extent, 2, 2, -9
agents, 2, 2, 6
rtcom, 1, 1, 1
ca, 16, 16, 63
freefall, 2, 1, 1
walk, 2, 2, 3
commend, 1, 1, 3
1455661205amp, 1, 1, 1
laugh, 1, 1, 1
tits, 1, 1, 2
2fdownloads, 1, 1, 1
leaked, 3, 2, 21
winning, 1, 1, 10
nomination, 1, 1, 10
appointed, 1, 1, 2
ct, 1, 1, 2
invidual, 1, 1, 1
sboh_w43w8, 1, 1, 4
decent, 3, 3, 8
copies, 1, 1, 1
apologize, 2, 1, 271
genetic, 1, 1, 10
blatant, 1, 1, 2
klimenko, 1, 1, 3
agreements, 1, 1, 12
utilizing, 1, 1, 10
ufos, 2, 2, 1
killed, 6, 6, 20
wtf, 2, 2, 3
mike, 1, 1, 3
controlled, 4, 3, 5
cop, 3, 2, -11
vince, 1, 1, 3
farmer, 1, 1, 13
injustices, 2, 1, 271
al, 1, 1, 0
assert, 1, 1, 7
dissapear, 1, 1, 10
hateful, 1, 1, 1
covered, 2, 2, 7
smoking, 3, 3, 8
importance, 1, 1, 1
2006, 1, 1, 1
present, 1, 1, 10
land, 2, 2, 4
divisions, 1, 1, 1
debtor, 3, 2, 19
criminal, 3, 3, 6
folks, 1, 1, 1
norway, 1, 1, 10
physical, 4, 2, 11
harder, 2, 2, 1
ancel, 1, 1, 1
value, 5, 5, 281
podcasts, 2, 2, 9
hovering, 1, 1, -1
transparently, 1, 1, 1
country, 7, 7, 12
rigged, 1, 1, 1
balance, 1, 1, 1
ultra, 1, 1, 5
conspiracist, 1, 1, 2
dad, 1, 1, 5
layer, 1, 1, 1
offending, 1, 1, -2
almost, 10, 9, 22
dissent, 2, 2, 3
blood, 1, 1, 1
ink, 1, 1, 10
thus, 1, 1, 5
site, 5, 5, 8
frat, 1, 1, 0
helped, 2, 2, 3
mockingbird, 1, 1, 17
dems, 1, 1, 1
dual, 1, 1, 2
politics, 2, 2, 3
claimed, 3, 3, -15
bucks, 1, 1, 17
inspector, 1, 1, 1
regression, 1, 1, 1
spaceastronauts, 1, 1, 0
terrorist, 5, 4, 4
ref_, 1, 1, 1
28closed, 1, 1, 3
administration, 2, 2, 3
coronary, 1, 1, 1
member, 3, 2, 38
parts, 2, 2, 3
slammed, 2, 2, 5
quoque, 1, 1, 0
auto, 1, 1, 8
party, 4, 4, 28
multitudes, 1, 1, 5
gets, 6, 6, 44
dan, 1, 1, 11
difficult, 1, 1, 2
societies, 1, 1, 3
http, 63, 35, 134
context, 1, 1, 0
rightfully, 1, 1, 1
appearances, 1, 1, 1
retarded, 2, 2, -9
upon, 1, 1, 1
effect, 4, 4, 19
censoring, 1, 1, -3
beast, 2, 1, 2
student, 6, 4, 24
fucked, 6, 5, 6
frequently, 1, 1, 12
indigenous, 2, 1, 1
judgment, 1, 1, 7
diabetes, 1, 1, 19
transaction, 1, 1, 12
center, 5, 4, 13
fully, 1, 1, 1
shotgun, 1, 1, 5
well, 23, 22, 49
fighting, 5, 5, -2
thought, 12, 9, 299
patterns, 2, 2, 4
drone, 1, 1, 3
command, 3, 2, 3
english, 1, 1, 1
position, 2, 2, 5
aquifers, 1, 1, 1
latest, 1, 1, 2
ny, 1, 1, 3
boos, 1, 1, 2
excessive, 1, 1, 1
saban, 1, 1, 1
sourced, 2, 2, 2
less, 6, 6, -16
21000, 1, 1, 2
downvotes, 1, 1, 4
executive, 3, 2, 6
dearest, 1, 1, 10
sources, 6, 4, 20
distant, 1, 1, 216
paul, 2, 2, 18
bohemian, 1, 1, 2
qualifications, 1, 1, 1
downvoted, 1, 1, 4
rescue, 2, 2, 7
nz, 1, 1, -1
aedes, 1, 1, 10
rotavirus, 1, 1, 1
ads, 2, 2, 3
flee, 1, 1, -1
guts, 1, 1, 3
sky, 1, 1, 1
lake, 1, 1, 13
upvoted, 1, 1, 1
day, 13, 12, 54
arrest, 4, 3, 8
add, 1, 1, 1
extends, 1, 1, 2
attractive, 1, 1, 3
ghee, 1, 1, 5
vids, 1, 1, 2
5, 2, 2, 4
warrant, 2, 2, 7
smart, 2, 2, 1
tests, 1, 1, 4
increased, 1, 1, 1
government, 21, 18, 38
checking, 1, 1, 1
punctual, 2, 1, -4
transmitter, 2, 1, 2
fats, 1, 1, 1
historic, 1, 1, 4
five, 2, 2, 4
know, 40, 33, 889
friggin, 1, 1, 1
press, 2, 2, 16
immediately, 2, 2, 3
pyramids, 1, 1, 1
placenta, 1, 1, 10
credability, 2, 1, 6
necessary, 1, 1, 2
like, 73, 62, 254
lost, 7, 7, 19
safest, 1, 1, 2
trillion, 3, 3, 7
fingerprints, 1, 1, 1
journalism, 1, 1, 1
loser, 1, 1, 2
taxpayers, 1, 1, 1
gangsters, 1, 1, 1
dietary, 1, 1, 1
payments, 1, 1, 10
lose, 2, 2, -4
become, 7, 6, 96
works, 5, 5, 2
soft, 1, 1, 9
page, 7, 7, 29
regardless, 1, 1, 1
wonders, 1, 1, 4
virginity, 1, 1, 14
awash, 1, 1, 2
titfortat, 1, 1, 1
benign, 1, 1, 10
thief, 1, 1, 10
authority, 1, 1, 3
haim, 1, 1, 1
elur, 1, 1, 2
restudy, 1, 1, 4
convey, 1, 1, 3
recommendation, 1, 1, 1
home, 7, 6, 27
empire, 6, 3, 25
happens, 2, 2, 0
helplessness, 1, 1, 4
competitor, 1, 1, 5
esp, 1, 1, 1
broad, 1, 1, 1
tmz, 5, 3, 16
passion, 1, 1, 2
launch, 1, 1, -2
swartz, 2, 1, 2
chains, 1, 1, 1
blurry, 1, 1, 77
survivor, 1, 1, 5
blowing, 1, 1, 1
murderer, 1, 1, -4
schedule, 1, 1, 10
monetary, 2, 2, 4
11k, 2, 2, 9
transshipment, 1, 1, 1
host, 1, 1, 19
petty, 1, 1, -2
tridata, 2, 1, 2
although, 5, 5, 19
atherogenic, 1, 1, 1
mikes, 1, 1, 5
imaginary, 1, 1, 1
loans, 6, 5, 20
refuge, 1, 1, 1
stage, 2, 2, 1
actual, 9, 8, 12
carried, 1, 1, 3
getting, 4, 4, 73
n3xgjxjweda, 1, 1, 15
freedom, 10, 9, 84
basis, 1, 1, 1
shoes, 1, 1, 1
foil, 1, 1, 1
ecconomic, 1, 1, 2
swear, 1, 1, 3
annndddddhes, 1, 1, 0
reads, 1, 1, 1
shera, 1, 1, 1
documentary, 13, 9, 289
tome, 1, 1, 1
swimming, 1, 1, 0
equally, 1, 1, 5
coverage, 1, 1, 7
miscarried, 1, 1, 10
boundaries, 1, 1, 4
washington, 2, 2, 16
commitment, 1, 1, 1
assess, 2, 1, 2
sidenote, 1, 1, 1
doesnt, 1, 1, 1
tiny, 3, 3, 3
secretive, 1, 1, 13
couldnt, 1, 1, 1
fired, 4, 2, 1
1987, 2, 2, 19
1984, 1, 1, 11
additional, 1, 1, 1
1980, 1, 1, 1
microcephaly, 4, 1, 10
mastermind, 2, 1, 2
populated, 1, 1, 3
apps, 1, 1, 10
1988, 1, 1, 1
noticed, 1, 1, 5
intention, 1, 1, 5
delusions, 1, 1, 0
frustration, 1, 1, 2
biggest, 4, 4, 31
divulging, 1, 1, 3
foia, 1, 1, 1
dropping, 1, 1, 2
pepperidge, 1, 1, 2
buy, 8, 6, 14
certainity, 1, 1, 2
hitlery, 1, 1, 1
rooted, 1, 1, 2
plague, 1, 1, 1
gain, 2, 2, 8
courts, 1, 1, 1
apollo, 2, 2, 3
anonymous, 1, 1, 7
eat, 5, 4, 10
made, 17, 13, 325
wise, 1, 1, 2
inculcating, 1, 1, 1
wish, 2, 2, 6
cells, 1, 1, 1
official, 8, 6, 10
distract, 2, 2, 2
record, 1, 1, 1
convince, 2, 2, 217
stories, 1, 1, 25
popups, 1, 1, 2
infants, 1, 1, 10
demonstrate, 1, 1, 1
problem, 2, 2, -5
piece, 2, 2, 2
minutes, 2, 2, 14
unfolding, 1, 1, 1
horrific, 1, 1, 5
int, 1, 1, 2
accounts, 5, 4, 22
penny, 5, 5, 8
gtfo, 1, 1, -2
kisser, 1, 1, 1
pig, 2, 1, 0
consumed, 1, 1, 1
periods, 1, 1, 12
relates, 1, 1, 1
neoconservatives, 1, 1, 2
education, 2, 2, 3
pit, 1, 1, 0
autism, 1, 1, -5
incredible, 1, 1, 3
corporation, 6, 1, 2
eastern, 1, 1, 2
offensive, 1, 1, 2
detail, 4, 4, 29
lately, 1, 1, 25
book, 7, 7, 14
guarantee, 1, 1, 1
details, 2, 2, 20
behold, 1, 1, 8
essentially, 1, 1, 1
chemist, 1, 1, 8
conclusion, 2, 2, 14
canada, 1, 1, -1
repeat, 2, 2, 16
star, 1, 1, 1
colonized, 1, 1, 2
palast, 1, 1, 1
marlboro, 1, 1, 1
crapware, 1, 1, 2
outlets, 2, 2, 2
stay, 7, 7, 7
chance, 4, 3, 13
youtubeavailable, 1, 1, 2
kinda, 1, 1, 70
friends, 5, 3, 5
vein, 1, 1, 8
exposure, 1, 1, 8
coupling, 1, 1, 1
using, 7, 7, 12
factors, 1, 1, 4
rule, 1, 1, 0
rigging, 1, 1, 1
portion, 1, 1, 1
spouts, 1, 1, 1
awake, 1, 1, 2
rebuilding, 1, 1, 2
indirectly, 1, 1, 1
simpson, 1, 1, 4
compromised, 1, 1, 10
