Word, Frequency, Comment Frequency, Net Score
positions, 1, 1, 1
resist, 1, 1, 1
comparatively, 1, 1, 7
sowell, 9, 7, 179
colleges, 1, 1, 41
thenpresident, 1, 1, 5
derp, 1, 1, 1
four, 2, 2, 346
protest, 3, 2, -24
asian, 1, 1, 1
consists, 1, 1, 2
hate, 16, 13, 135
marching, 1, 1, 1
blm, 3, 3, 4
votes, 10, 9, 62
voter, 20, 6, -24
violate, 4, 2, 7
eligible, 1, 1, 1
electricity, 2, 2, 560
spew, 1, 1, 41
poorest, 1, 1, -10
zerotolerance, 3, 1, 1
assets, 1, 1, 345
voted, 5, 3, -6
whatsoever, 1, 1, 1
teaching, 1, 1, 1
sorry, 1, 1, 1
pride, 1, 1, 9
worth, 1, 1, 13
battles, 1, 1, 1
dynamic, 1, 1, 1
rise, 1, 1, 41
baffles, 1, 1, 2
advisors, 1, 1, 13
handling, 1, 1, 1
every, 16, 14, 232
updates, 1, 1, 1
affect, 1, 1, 6
blanche, 1, 1, 1
school, 11, 6, 15
basics, 13, 2, 2
parrot, 1, 1, 1
skills, 1, 1, 102
companies, 1, 1, 7
solution, 2, 1, -8
handout, 1, 1, 1
indefinitely, 1, 1, 1
unrelated, 1, 1, 1
shouting, 1, 1, 1
stereotypical, 1, 1, 102
artist, 1, 1, 1
ahead, 1, 1, 1
expanded, 1, 1, 87
force, 4, 4, 58
leaders, 3, 2, 8
tired, 1, 1, 1
bacon, 1, 1, 4
direct, 1, 1, 1
budget, 3, 3, 33
nail, 1, 1, 215
surrounding, 2, 1, -14
likely, 11, 10, 132
street, 2, 2, 40
believing, 2, 1, 1
implemented, 1, 1, 1
wellbeing, 1, 1, 1
even, 31, 26, 644
errors, 1, 1, 1
hide, 1, 1, 1
26241211, 1, 1, 3
wreck, 1, 1, 2
integrity, 1, 1, 6
fingers, 1, 1, 1
liberty, 2, 2, 5
reasoning, 1, 1, 1
bonuses, 1, 1, 7
melted, 2, 2, -13
endorse, 3, 3, 3
new, 4, 4, 178
contributer, 1, 1, 102
increasing, 1, 1, 1
ever, 7, 7, 167
discrimination, 3, 1, 1
seeks, 1, 1, 1
told, 3, 3, 223
evolving, 1, 1, 1
kicked, 1, 1, 1
hero, 1, 1, 52
healthcare, 10, 4, 4
bunkers, 1, 1, 7
never, 12, 11, 108
equals, 1, 1, 164
herd, 1, 1, 41
beck, 1, 1, 1
60000, 1, 1, 7
path, 1, 1, 1
100, 5, 3, 3
herp, 1, 1, 1
shriek, 1, 1, 10
interpret, 1, 1, 1
patches, 1, 1, 1
substance, 1, 1, 4
glutenfree, 1, 1, 1
study, 4, 1, 6
economics, 1, 1, 4
completely, 5, 5, 5
reports, 2, 2, 7
controversy, 1, 1, 1
credit, 6, 6, 496
crap, 4, 4, 4
selfserving, 1, 1, 1
cooning, 1, 1, 1
military, 8, 5, 30
criticism, 1, 1, 2
besides, 1, 1, 1
campaign, 9, 7, 47
explained, 2, 2, 26
reagan, 8, 8, 14
replace, 4, 4, 17
county, 1, 1, 7
inequality, 1, 1, 1
moral, 2, 2, 2
scarier, 1, 1, 125
sarah, 2, 2, 165
charge, 1, 1, 1
would, 67, 51, 284
achieve, 1, 1, 1
negative, 1, 1, 1
rrepublican, 1, 1, 1
suit, 1, 1, 1
threeandahalfroom, 1, 1, 26
call, 11, 10, 29
indiana, 3, 2, 11
type, 3, 3, 9
1000, 2, 2, 2
supporters, 4, 3, 3
holy, 1, 1, 1
successful, 3, 3, 2
naive, 1, 1, 52
haha, 1, 1, -8
award, 1, 1, 1
hurt, 3, 3, 61
99, 1, 1, 7
warm, 1, 1, 1
adult, 3, 3, 36
goddammit, 1, 1, 1
90, 3, 3, 3
loons, 1, 1, 1
hold, 3, 3, 166
blocking, 1, 1, 1
must, 10, 9, 71
ergo, 1, 1, 1
word, 5, 3, 5
room, 1, 1, 1
rights, 5, 2, 13
mn, 1, 1, 1
refusing, 1, 1, 1
whack, 1, 1, 1
nationalizing, 1, 1, 1
era, 1, 1, 1
flare, 1, 1, 1
example, 8, 8, 71
indicated, 1, 1, 6
give, 11, 8, 15
laughs, 1, 1, 1
foods, 2, 1, 1
want, 19, 17, 129
times, 7, 7, 579
attract, 1, 1, 1
berniebro, 1, 1, 1
absolute, 2, 2, 5
preferably, 1, 1, 1
aging, 1, 1, 33
prolife, 1, 1, 164
opinionblog, 1, 1, 1
worldview, 1, 1, 26
turn, 5, 5, 20
provide, 2, 2, 10
verify, 1, 1, 16
amazing, 1, 1, 15
naiveties, 1, 1, 1
accusations, 1, 1, 4
toxic, 1, 1, -19
widespread, 1, 1, 6
gamble, 2, 1, 2
badly, 1, 1, 51
regional, 1, 1, 1
minority, 4, 4, 176
loyalty, 1, 1, 1
wrong, 9, 7, 143
lay, 1, 1, 1
destined, 1, 1, 1
president, 19, 16, 139
law, 7, 4, 12
meaningful, 1, 1, 55
types, 1, 1, 1
attempt, 2, 2, 2
effective, 2, 2, 8
communities, 1, 1, 1
wins, 5, 3, 12
fictional, 1, 1, 1
capitalism, 1, 1, 1
sickening, 2, 2, 33
fictitious, 3, 2, 7
funniest, 1, 1, 2
waited, 1, 1, 2
decreasing, 1, 1, 164
unreasoned, 1, 1, 87
fan, 1, 1, 4
siths, 1, 1, 1
democratic, 9, 9, 252
order, 5, 5, 184
greed, 2, 2, 222
prioritizing, 1, 1, 1
office, 3, 2, 2
moves, 1, 1, 1
consent, 4, 3, 86
fall, 1, 1, 1
murray, 1, 1, 51
frequency, 3, 1, 1
innovative, 1, 1, 1
scalia, 9, 9, 17
windshield, 1, 1, 215
mayor, 1, 1, 59
fit, 2, 2, 4
hypocrisy, 1, 1, 1
personal, 4, 3, 403
fix, 1, 1, 1
racially, 1, 1, 1
crew, 2, 1, 6
better, 13, 13, 35
differently, 1, 1, 15
fade, 1, 1, 1
whips, 1, 1, 1
weeks, 2, 2, 2
easier, 2, 1, -14
virtually, 2, 2, 346
gunning, 1, 1, 1
iowa, 3, 2, 4
babies, 1, 1, 1
remission, 1, 1, 1
unemployed, 2, 2, 447
safe, 3, 2, 9
break, 2, 2, 2
hispanics, 1, 1, 164
shameful, 1, 1, -19
schools, 4, 3, 166
one, 49, 41, 359
glutted, 1, 1, 1
rhetoric, 4, 4, 57
grammar, 2, 2, 8
meat, 1, 1, 1
feelthebum, 2, 2, 363
reasonably, 1, 1, 1
debut, 1, 1, 1
arrested, 1, 1, -26
slavery, 3, 2, 171
victory, 2, 2, 9
wtf, 1, 1, 1
meah, 1, 1, 1
went, 8, 6, 229
loyalties, 1, 1, 1
side, 6, 6, 36
luck, 2, 2, 9
signing, 2, 2, 102
financial, 1, 1, 4
directly, 1, 1, 6
fairly, 1, 1, 10
list, 1, 1, 1
innocent, 2, 2, 2
principles, 2, 2, 5
wednesday, 1, 1, 2
carry, 1, 1, 1
relentlessly, 1, 1, 1
unexplained, 1, 1, 3
saturday, 2, 2, 6
gon, 2, 2, 2
driving, 1, 1, 1
god, 5, 5, 22
forty, 1, 1, 7
unabashed, 1, 1, 1
medicine, 1, 1, 1
surprise, 6, 6, 9
newly, 1, 1, 7
gov, 1, 1, 2
gop, 9, 7, 50
foundation, 1, 1, 1
assaults, 1, 1, 6
clarence, 6, 5, 184
assured, 1, 1, 7
layabout, 1, 1, 215
syria, 3, 1, 1
given, 5, 4, 11
free, 14, 12, 62
standard, 3, 3, 19
campaigns, 4, 4, 22
appointments, 1, 1, 1
seceded, 1, 1, 164
created, 1, 1, 0
starts, 1, 1, 1
refugee, 1, 1, 1
days, 1, 1, 41
tolerant, 1, 1, 1
creates, 1, 1, 1
walmart, 1, 1, 7
oppose, 2, 2, 6
uses, 3, 2, 2
generalizations, 1, 1, 7
already, 5, 4, 44
necessity, 1, 1, 1
economists, 1, 1, 1
primary, 7, 5, 14
hilary, 1, 1, 7
hook, 3, 2, 2
another, 18, 17, 95
carson, 7, 6, 221
fence, 1, 1, 1
service, 8, 8, 11
rejects, 1, 1, 8
top, 1, 1, 1
debtcheck, 1, 1, 37
vagina, 1, 1, 1
approximately, 1, 1, 6
fiction, 1, 1, 1
needed, 1, 1, 1
confirming, 1, 1, 3
responsable, 1, 1, 1
ton, 1, 1, 6
tom, 3, 2, 9
percentage, 2, 2, 7
bitter, 2, 2, 216
selfcontrol, 1, 1, 1
toe, 1, 1, 28
tossup, 1, 1, 1
curtains, 1, 1, 33
happily, 1, 1, 1
took, 5, 5, 280
tokens, 1, 1, 0
western, 1, 1, 1
somewhat, 2, 2, 34
wasted, 1, 1, 1
rebutting, 1, 1, 1
spoiler, 1, 1, 1
target, 1, 1, 12
showed, 1, 1, 6
nominate, 1, 1, 2
coward, 3, 3, 3
forensic, 1, 1, -14
zero, 2, 2, 1
final, 1, 1, 6
project, 2, 2, 53
matter, 5, 5, 176
apt, 1, 1, 1
classes, 1, 1, 1
friend, 2, 2, 216
inanity, 1, 1, 1
sees, 2, 1, 1
fevered, 1, 1, 1
ran, 3, 1, 59
modern, 2, 2, 6
mind, 5, 5, 59
talking, 14, 13, 296
manner, 2, 2, 2
seen, 10, 10, 61
seem, 6, 6, 14
obviously, 3, 3, 5
tells, 2, 1, 1
affairs, 2, 1, 1
traditionally, 1, 1, 1
millenials, 1, 1, 1
1964, 1, 1, 26
1965, 1, 1, 6
responsible, 2, 2, 11
indexes, 1, 1, 1
textualist, 1, 1, 2
chest, 1, 1, 1
amusing, 1, 1, 3
forces, 1, 1, 1
laughed, 2, 2, 88
snowflake, 2, 1, 41
reelection, 1, 1, 59
pander, 3, 3, 10
insulated, 1, 1, 7
nobody, 2, 2, 8
lion, 1, 1, 1
though, 9, 9, 8
rappers, 1, 1, 1
consistency, 1, 1, 1
regular, 2, 2, 2
mouth, 3, 3, 9
plenty, 2, 2, 2
retaining, 1, 1, 1
coin, 1, 1, 1
whallops, 1, 1, 1
morality, 1, 1, 10
professor, 1, 1, 345
camp, 1, 1, 13
dog, 3, 3, 15
definitely, 4, 4, 107
grossly, 1, 1, 1
entertaining, 1, 1, 2
voting, 15, 8, 12
consumer, 1, 1, 13
notion, 1, 1, 1
came, 3, 3, 98
saying, 15, 12, 2
inspire, 1, 1, 6
random, 1, 1, 8
nominated, 1, 1, 5
subreddit, 6, 4, 82
implying, 1, 1, -26
colors, 1, 1, 8
radio, 2, 2, 2
solutions, 3, 3, 18
earth, 1, 1, 5
peddle, 2, 1, 1
bail, 1, 1, 7
enjoyed, 1, 1, 1
judges, 3, 2, 2
clicked, 1, 1, 1
quoted, 1, 1, 6
btw, 1, 1, 1
headline, 3, 3, 43
situations, 1, 1, 1
explain, 4, 3, 106
badfaith, 1, 1, 13
decry, 1, 1, 1
sugar, 1, 1, 215
commandment, 1, 1, 4
bush, 15, 14, 81
nogo, 1, 1, 29
judged, 1, 1, 164
rich, 6, 6, 340
folks, 2, 2, 2
manchild, 1, 1, 1
rice, 1, 1, 10
radically, 1, 1, 1
wearing, 1, 1, 1
loved, 2, 2, 9
stop, 2, 2, 34
hypothesizing, 1, 1, 29
despite, 1, 1, 26
defending, 1, 1, 1
ben, 6, 5, 168
nasty, 1, 1, 6
net, 1, 1, 1
unfortunately, 1, 1, 1
earn, 3, 2, 33
traction, 1, 1, 1
countries, 7, 7, -8
reliant, 2, 1, 7
idiotic, 1, 1, 1
guns, 3, 3, 16
bad, 8, 8, 75
scraping, 1, 1, 1
ban, 3, 3, 12
secretary, 2, 2, 7
human, 4, 4, 44
fair, 3, 3, 4
branding, 1, 1, 1
testing, 1, 1, -14
detection, 1, 1, 6
depends, 1, 1, 2
decided, 3, 2, 16
result, 4, 4, 9
mres, 1, 1, 1
discussions, 1, 1, 1
best, 8, 8, 89
said, 21, 14, 590
meticulousness, 1, 1, 87
lots, 1, 1, 1
away, 10, 8, 7
iirc, 1, 1, 1
wikipedia, 1, 1, 8
droves, 1, 1, 10
mud, 1, 1, 1
uppity, 1, 1, 1
hopefully, 1, 1, 7
drawn, 1, 1, 1
misguided, 1, 1, 1
willynilly, 1, 1, 4
preserve, 1, 1, 1
reddit, 7, 7, 247
men, 2, 2, 2
terms, 3, 2, 34
hundred, 1, 1, 1
extend, 1, 1, 1
nature, 1, 1, 8
wo, 6, 6, 43
dumber, 1, 1, 2
however, 5, 5, 30
boss, 1, 1, 1
cut, 2, 1, 1
wear, 2, 2, 42
extent, 1, 1, 7
disservice, 1, 1, 59
wth, 1, 1, 1
news, 6, 6, 25
picking, 3, 3, 3
hundreds, 1, 1, 6
electing, 1, 1, 1
pity, 2, 2, 2
protect, 1, 1, -26
accident, 2, 1, 0
country, 14, 10, 28
ill, 1, 1, 1
uncertainty, 1, 1, 1
players, 2, 2, 27
protection, 1, 1, 13
planned, 3, 3, 7
economiesyet, 1, 1, 1
logic, 3, 3, 102
hypocrites, 2, 2, 1
threads, 1, 1, 1
asked, 1, 1, 1
assassination, 1, 1, 1
character, 3, 3, 87
betting, 1, 1, 7
excess, 2, 2, 7
steaks, 1, 1, -1
2nd, 2, 2, 41
tons, 1, 1, 1
written, 4, 4, 57
throats, 1, 1, 1
trust, 6, 6, 9
speak, 1, 1, 1
conference, 1, 1, 4
strong, 2, 2, 2
puts, 1, 1, 1
basis, 2, 2, 5
union, 2, 2, 166
condemned, 1, 1, 10
three, 2, 2, -9
sleepover, 1, 1, -8
much, 36, 30, 302
expected, 1, 1, 1
parents, 1, 1, 1
lovely, 1, 1, 87
reeked, 1, 1, 1
pro, 1, 1, 1
deportations, 1, 1, 1
website, 2, 2, 2
life, 22, 20, 420
families, 2, 2, 2
easy, 1, 1, 33
concerning, 1, 1, 2
republicans, 6, 5, 130
worker, 1, 1, 1
sycophants, 1, 1, 1
bible, 1, 1, 7
child, 5, 5, 326
catch, 1, 1, 1
worked, 4, 4, 110
spin, 3, 2, 2
ballots, 1, 1, 1
unpopular, 1, 1, 1
righteous, 1, 1, 1
socialistscommunists, 1, 1, 7
sly, 1, 1, 1
presidency, 4, 3, 15
ugly, 1, 1, 4
near, 1, 1, 7
rutgers, 1, 1, 2
suppose, 1, 1, 1
surprised, 2, 2, 88
leaves, 1, 1, 1
appeals, 2, 2, 11
aid, 1, 1, 5
voice, 1, 1, 1
employees, 1, 1, 6
mistake, 6, 4, 128
changed, 3, 2, 169
mexico, 4, 2, 13
characterize, 1, 1, 6
ignoring, 2, 2, 2
ie, 1, 1, 1
id, 18, 3, -28
confirmed, 1, 1, 55
things, 14, 13, 40
make, 13, 12, 41
harass, 2, 1, 1
democracies, 2, 1, 6
parasitism, 2, 1, 0
split, 1, 1, 4
unfortunate, 2, 2, 1
evaluate, 1, 1, 1
several, 2, 2, 6
convictions, 1, 1, 28
entitled, 3, 3, 15
wheel, 1, 1, 1
independent, 2, 2, 61
leftist, 3, 3, 217
advocate, 1, 1, 1
fuss, 1, 1, 1
saddam, 3, 3, 3
blames, 2, 2, 44
pick, 4, 4, 4
evil, 3, 3, 2
hand, 5, 5, 225
condition, 2, 1, 1
strength, 1, 1, 1
opportunity, 1, 1, 1
blamed, 2, 2, 346
tune, 2, 2, 350
kid, 2, 2, 346
robbed, 1, 1, 1
vermont, 1, 1, 345
kept, 2, 2, 222
scenario, 2, 2, 8
programs, 2, 2, 2
performance, 1, 1, 1
1600, 1, 1, 1
vilified, 1, 1, 10
echoed, 1, 1, 1
burgers, 1, 1, 7
academia, 1, 1, 1
greatest, 1, 1, 164
claims, 3, 2, 12
corporate, 2, 1, 7
left, 15, 15, 634
opinions, 6, 6, 10
birth, 2, 2, 2
unemployment, 2, 2, 222
yea, 1, 1, 7
photo, 4, 1, 6
yeb, 3, 1, 1
unfair, 2, 1, 1
skyes, 1, 1, 5
quotes, 1, 1, 1
financially, 1, 1, 1
thanks, 3, 3, 9
victim, 2, 1, 0
facts, 1, 1, 6
exclaiming, 1, 1, 1
yes, 4, 4, 1
yet, 15, 15, 44
repost, 1, 1, 1
handshake, 1, 1, 1
hills, 1, 1, 1
candidate, 9, 9, 82
indispensable, 1, 1, 87
hag, 1, 1, 1
shout, 1, 1, 1
spread, 3, 2, 8
transformed, 1, 1, 26
board, 1, 1, 1
justices, 2, 2, 16
prison, 1, 1, 1
pointing, 2, 2, 2
humanity, 1, 1, 1
gave, 2, 2, 10
threatens, 1, 1, 1
tactic, 2, 1, 10
capt, 3, 1, 1
breaks, 2, 2, 8
possible, 2, 2, 2
caps, 1, 1, 1
unequivocally, 1, 1, 1
background, 2, 2, 5
destroy, 1, 1, 1
judge, 2, 1, 55
feelings, 1, 1, 9
dreams, 2, 2, 2
cognitive, 1, 1, 2
carsonplease, 1, 1, 16
58, 1, 1, 1
grizzly, 1, 1, 1
hunt, 1, 1, 1
50, 3, 3, 217
obamacare, 2, 2, 2
unsuspecting, 1, 1, 0
informative, 1, 1, 1
misled, 1, 1, 1
lefties, 3, 2, 2
night, 2, 2, 4
notorious, 1, 1, 1
security, 1, 1, 1
devils, 1, 1, 1
beneficial, 1, 1, 164
right, 30, 25, 247
old, 5, 5, 37
deal, 5, 5, 10
people, 75, 51, 700
begin, 2, 2, 9
dead, 2, 2, 31
unnecessary, 1, 1, 1
born, 13, 6, -16
donald, 3, 3, 6
election, 19, 13, 160
intellect, 2, 2, 56
enemies, 3, 3, 15
strategic, 1, 1, 7
specific, 1, 1, 1
remind, 1, 1, 1
investigations, 1, 1, 1
fox, 4, 4, 9
comments, 2, 2, 2
everything, 13, 11, 136
continue, 2, 2, 8
embodies, 1, 1, 1
beating, 2, 2, 60
friedman, 1, 1, 10
carte, 1, 1, 1
cord, 1, 1, 345
ayers, 1, 1, 2
deleted, 2, 2, -6
lefty, 5, 3, 43
decisions, 1, 1, 1
constructive, 1, 1, 0
post, 2, 2, 7
insanity, 1, 1, 1
super, 5, 5, 15
plug, 1, 1, 1
rallying, 1, 1, 3
dnc, 1, 1, 7
firearms, 1, 1, 1
dollars, 2, 2, 2
citizens, 10, 5, 5
timehonored, 1, 1, 1
surround, 1, 1, 1
magazine, 1, 1, 215
vengeance, 1, 1, 1
ensure, 3, 2, 42
individualists, 1, 1, 1
commit, 3, 3, 166
slightly, 1, 1, 16
rebut, 1, 1, 125
primitive, 1, 1, 1
lied, 2, 1, 1
civil, 2, 2, 8
naturalized, 1, 1, -10
son, 6, 3, 352
administer, 1, 1, 6
lies, 6, 5, 11
beings, 2, 2, 42
ppp, 1, 1, 3
electorate, 1, 1, 1
1990s, 1, 1, 6
reducing, 1, 1, 6
frightened, 1, 1, 1
east, 1, 1, 1
rely, 1, 1, 1
crowd, 4, 4, 5
mcdonald, 1, 1, 1
support, 9, 9, 750
constantly, 1, 1, 1
legislation, 1, 1, 6
absolutely, 6, 6, 64
grasping, 1, 1, 3
editor, 1, 1, 1
way, 26, 23, 373
crews, 1, 1, 6
music, 2, 1, 1
war, 13, 7, 131
shhh, 1, 1, 1
happy, 1, 1, 1
lowest, 1, 1, 1
intolerance, 4, 3, 42
head, 1, 1, 1
onlinecommunity, 1, 1, 87
form, 2, 2, 17
6, 1, 1, 1
somehow, 1, 1, 1
failure, 5, 5, 111
magnitude, 1, 1, 0
hear, 7, 7, 25
survive, 1, 1, 2
removed, 1, 1, 26
true, 8, 8, 77
reset, 1, 1, 1
throw, 1, 1, 1
responding, 1, 1, 87
isis, 5, 4, 29
full, 6, 6, 16
traits, 1, 1, 1
harmony, 1, 1, 1
freetrade, 1, 1, 1
tell, 4, 3, 4
promises, 1, 1, 7
liberal, 27, 24, 183
moore, 2, 2, 2
toss, 2, 2, 2
opportunistic, 1, 1, 1
evidence, 5, 5, 23
exist, 1, 1, 6
awhile, 1, 1, 1
enlist, 1, 1, 1
mold, 1, 1, 1
check, 3, 3, 101
liberalism, 2, 2, 11
regime, 1, 1, 1
nh, 1, 1, 1
dubya, 2, 1, 1
marxist, 1, 1, 69
weakened, 1, 1, 1
floor, 1, 1, 215
tit, 1, 1, 9
na, 2, 2, 2
reality, 2, 2, 8
til, 1, 1, 1
beheading, 1, 1, 1
protester, 1, 1, -26
holding, 3, 3, 354
tie, 1, 1, 1
roll, 1, 1, 8
elephant, 1, 1, 1
models, 1, 1, 1
millennial, 1, 1, 14
welcome, 1, 1, 1
uniformly, 1, 1, 6
partyit, 1, 1, 7
parenthood, 3, 3, 7
muslims, 2, 2, 3
rconservative, 2, 2, 2
professional, 2, 2, 4
rolling, 1, 1, 1
whitest, 1, 1, 1
aware, 1, 1, 1
weekend, 1, 1, 4
died, 2, 2, 2
jones, 1, 1, -4
younger, 1, 1, 59
apologizing, 1, 1, 1
longer, 5, 5, 72
apology, 1, 1, 1
typically, 1, 1, 1
together, 1, 1, 1
visas, 2, 2, 2
loyal, 1, 1, 1
unchallenged, 1, 1, 41
time, 20, 17, 262
push, 4, 4, 42
serious, 4, 4, 15
knockouts, 1, 1, 1
laws, 7, 3, 33
precedent, 2, 2, 30
basically, 4, 4, 18
neighbors, 1, 1, 1
breadth, 3, 1, 1
rustedout, 1, 1, 215
concept, 1, 1, 1
managed, 3, 3, 28
whoever, 1, 1, 7
dance, 1, 1, 1
roe, 1, 1, 15
yesmen, 1, 1, 1
leads, 1, 1, 1
nitpicking, 1, 1, 1
manages, 1, 1, 1
trolling, 2, 2, 2
skin, 2, 2, 2
battle, 3, 3, 68
milo, 4, 3, 55
remarkably, 1, 1, 1
targeted, 1, 1, 1
certainly, 3, 3, 67
zone, 1, 1, 2
technique, 1, 1, 7
father, 3, 3, 512
disgusting, 2, 2, 2
environment, 1, 1, 1
0, 1, 1, 6
finally, 4, 4, 163
asking, 1, 1, 1
bribed, 1, 1, 2
weakening, 1, 1, 1
platitudes, 1, 1, 4
disapproved, 1, 1, 1
veterans, 2, 1, 1
jeb, 9, 7, 19
brown, 1, 1, 1
broadly, 1, 1, 1
penniless, 1, 1, 215
billionaire, 1, 1, 7
nationalize, 1, 1, 1
keeping, 3, 3, 9
choice, 6, 5, 68
uncannily, 1, 1, 1
stays, 1, 1, 1
locked, 1, 1, 1
trouble, 2, 2, 2
exact, 1, 1, 1
reeeeeee, 1, 1, 14
minute, 2, 2, 2
responders, 1, 1, 7
dating, 1, 1, 7
looney, 1, 1, 1
regardless, 1, 1, 1
level, 3, 3, 89
unify, 1, 1, 1
dig, 1, 1, 7
posts, 4, 3, 5
brother, 2, 2, 33
standards, 6, 5, 177
leave, 5, 5, 27
p, 1, 1, -14
science, 2, 2, 371
guy, 11, 11, 152
inclination, 1, 1, 1
prevent, 3, 3, 19
work, 15, 12, 622
says, 17, 12, 38
regret, 1, 1, 1
findings, 1, 1, 1
core, 5, 3, 2
dealing, 2, 2, 89
1125, 1, 1, 13
sign, 8, 5, 348
blue, 1, 1, 1
linda, 1, 1, 1
cost, 1, 1, 13
scarcity, 2, 1, 1
utter, 4, 3, 3
eating, 1, 1, 1
rough, 2, 2, 1
rapist, 1, 1, 1
educate, 1, 1, 10
constitution, 11, 10, 96
deluded, 1, 1, 1
celebrated, 1, 1, 30
supporter, 2, 2, 2
current, 4, 4, 8
unskilled, 2, 2, 2
goes, 5, 5, 6
bombing, 3, 3, -12
international, 1, 1, 4
appeal, 3, 3, 12
boost, 1, 1, 1
unintentionally, 1, 1, 87
supporting, 3, 3, 27
jury, 3, 1, 6
heavily, 1, 1, 1
hairs, 1, 1, 3
learn, 5, 4, 17
understanding, 1, 1, 1
water, 2, 2, 2
nothey, 1, 1, 7
groups, 2, 2, 2
alone, 3, 3, 89
along, 6, 6, 19
anticybersquatting, 1, 1, 13
teacher, 1, 1, 1
change, 1, 1, 7
wait, 3, 3, 20
boy, 1, 1, 6
11000, 1, 1, 6
incoming, 1, 1, 87
situationcheck, 1, 1, 37
canadian, 3, 3, 3
brilliant, 2, 2, 27
impacted, 1, 1, 6
rethink, 1, 1, 7
guilty, 2, 2, 88
accomplished, 2, 2, 2
chemical, 1, 1, 1
franklin, 1, 1, 1
usually, 1, 1, 1
weird, 1, 1, 2
influx, 1, 1, 7
treasure, 1, 1, 1
love, 12, 12, 82
extra, 1, 1, 1
prefer, 2, 2, 15
logical, 2, 2, 10
bloody, 1, 1, 1
spanish, 1, 1, 1
frankly, 1, 1, 7
fake, 2, 1, 1
fbi, 2, 1, -14
market, 4, 3, 3
everybody, 1, 1, 215
opposes, 1, 1, 8
wealth, 10, 7, 310
working, 7, 6, 242
entities, 1, 1, 7
positive, 2, 1, 125
angry, 4, 4, 15
dude, 2, 2, 2
abroad, 3, 1, 1
parties, 2, 2, 2
insider, 1, 1, 6
live, 9, 6, 226
bombings, 1, 1, 1
upheld, 1, 1, 6
https, 4, 4, 4
wanting, 1, 1, 1
scope, 1, 1, 3
today, 4, 3, 172
sharing, 1, 1, 7
afford, 1, 1, 7
curriculum, 1, 1, 12
ooh, 1, 1, 1
approving, 1, 1, 1
virtue, 2, 2, 8
downturn, 1, 1, 7
cases, 2, 2, 20
effort, 3, 3, 84
organizations, 2, 1, 6
wanda, 1, 1, 5
deserved, 1, 1, 1
local, 4, 4, 11
originally, 1, 1, 87
believes, 2, 2, 29
purge, 2, 2, 2
macalester, 1, 1, 1
values, 3, 3, 27
following, 1, 1, 26
making, 4, 3, 8
arrive, 1, 1, 12
slightest, 1, 1, 4
adolescence, 1, 1, 1
crazy, 1, 1, 33
months, 1, 1, 1
trump, 71, 39, 188
lordy, 1, 1, 0
confused, 3, 3, 15
millionaires, 2, 2, 31
inexperience, 1, 1, 0
performed, 1, 1, 1
allowed, 1, 1, 7
counting, 1, 1, 1
clothing, 1, 1, 1
occur, 1, 1, 1
pink, 1, 1, 1
productive, 2, 2, 49
agendas, 1, 1, 7
bankrupt, 1, 1, 2
fortunately, 1, 1, 1
divided, 1, 1, 7
unwritten, 1, 1, 1
1, 4, 3, -18
plaintiff, 1, 1, 6
rubio, 11, 10, 238
misleading, 1, 1, 1
shorttempered, 1, 1, 6
plus, 3, 3, 5
speaks, 1, 1, 4
nonstop, 1, 1, 215
economy, 5, 4, 8
irrational, 1, 1, 4
huge, 6, 6, 48
may, 9, 8, 83
coworker, 1, 1, 1
fed, 2, 2, 12
southern, 1, 1, 6
islamic, 1, 1, 1
produce, 2, 2, 61
mad, 2, 2, 9
end, 9, 9, 220
suck, 2, 2, 3
guys, 8, 8, 85
unbelievably, 1, 1, 6
man, 14, 14, 605
politicized, 1, 1, 1
wwwyoutubecomwatch, 1, 1, -1
natural, 6, 3, -8
remember, 5, 5, 358
backed, 1, 1, 1
whenever, 2, 2, 21
maybe, 4, 4, 16
goal, 1, 1, 1
borrowing, 1, 1, 3
tale, 2, 1, 1
complaining, 1, 1, 1
ghb, 1, 1, -8
african, 2, 2, 13
sc, 6, 5, 27
definitions, 1, 1, 1
upvoting, 1, 1, 18
pulled, 1, 1, 1
talk, 8, 7, 58
typical, 2, 2, 30
forced, 1, 1, 1
breaking, 1, 1, 1
pointed, 1, 1, 6
mainly, 1, 1, 7
billion, 1, 1, 1
years, 14, 11, 113
course, 9, 9, 12
shake, 1, 1, 7
argued, 2, 2, 24
kanye, 1, 1, 1
still, 18, 17, 210
jock, 1, 1, -4
ideologue, 1, 1, 1
police, 2, 2, -25
faults, 2, 2, 2
interesting, 3, 3, 9
jim, 1, 1, 12
forms, 1, 1, 1
offers, 1, 1, 5
celebrate, 2, 2, 2
policy, 3, 2, 2
mail, 1, 1, 1
chances, 1, 1, 1
main, 3, 3, 15
texas, 1, 1, 1
happened, 8, 8, 30
views, 4, 3, 114
devastated, 1, 1, 1
sarcastic, 1, 1, 41
nation, 4, 4, 218
answer, 1, 1, 7
qualified, 2, 2, 15
flint, 1, 1, 1
intellectual, 3, 3, 14
kkk, 2, 2, 171
half, 1, 1, 1
seared, 1, 1, 1
discuss, 1, 1, 4
term, 4, 4, 50
equality, 2, 1, 1
name, 6, 6, 21
lads, 1, 1, 1
january, 1, 1, 1
drop, 3, 3, 3
advent, 1, 1, 164
leak, 1, 1, 3
possibilities, 1, 1, 1
boehner, 2, 2, 2
accomplishments, 1, 1, 1
bolshevik, 1, 1, 6
denmark, 1, 1, 1
instability, 2, 2, 2
entirely, 1, 1, 1
domain, 1, 1, 13
square, 1, 1, 4
prompted, 1, 1, 8
challenged, 1, 1, 1
yeah, 1, 1, 9
haul, 1, 1, 1
entering, 1, 1, 2
year, 10, 8, 26
ft, 1, 1, 1
happen, 7, 6, 23
worried, 1, 1, -8
intended, 1, 1, 8
canada, 2, 2, -3
living, 4, 3, 28
shown, 1, 1, 6
accomplish, 1, 1, 5
opened, 1, 1, 1
space, 1, 1, 49
lyont_zh_aw, 1, 1, -1
oklahoma, 1, 1, -14
abide, 1, 1, 2
looking, 2, 2, 172
seriously, 3, 3, 57
emerged, 2, 2, 27
internet, 2, 2, 126
viable, 1, 1, 1
shows, 1, 1, 3
attended, 1, 1, 1
theory, 1, 1, 1
seventh, 1, 1, 5
punks, 1, 1, 1
flyer, 3, 3, -12
complicated, 1, 1, 125
plea, 1, 1, 1
anchor, 1, 1, 1
obligation, 5, 1, 8
huuuuge, 1, 1, 125
marine, 2, 2, 2
seventy, 1, 1, 6
card, 4, 4, 488
care, 9, 9, 419
training, 1, 1, 1
dunno, 2, 2, 2
honest, 4, 4, 101
thing, 18, 18, 414
place, 9, 7, 12
swing, 2, 2, 3
routes, 1, 1, 1
think, 53, 39, 545
frequent, 1, 1, 6
first, 9, 8, 253
blind, 1, 1, -14
cheese, 1, 1, 1
spoken, 2, 2, 3
jealousy, 1, 1, 16
flipping, 1, 1, 7
price, 1, 1, 1
americans, 6, 5, 185
specifically, 1, 1, 12
freeloadercheck, 1, 1, 37
15000, 1, 1, 2
vote, 36, 19, 24
corporations, 1, 1, 7
sounds, 7, 6, 21
drove, 2, 2, 317
open, 8, 5, 31
george, 2, 2, 64
ripping, 1, 1, 215
size, 1, 1, 1
city, 1, 1, -14
little, 10, 10, 49
necessarily, 1, 1, 1
depravity, 1, 1, 1
remotely, 1, 1, 1
anyone, 20, 17, 43
2, 5, 5, 41
tragic, 1, 1, 1
persecute, 1, 1, 1
alfred, 1, 1, -14
convention, 2, 2, 2
legally, 3, 3, -24
white, 18, 11, 174
cite, 1, 1, 59
speaking, 3, 3, 7
gives, 5, 5, 13
eyes, 4, 4, 29
mostly, 1, 1, 7
brains, 1, 1, 1
heritage, 1, 1, 1
proving, 1, 1, 164
refuse, 3, 3, -11
hillary, 10, 8, 12
ridiculous, 2, 2, 27
holder, 1, 1, 1
population, 1, 1, 7
10, 1, 1, 1
15, 2, 2, 14
14, 1, 1, 6
18, 1, 1, 7
require, 2, 2, -2
r, 3, 2, -15
cowen, 1, 1, 1
outcome, 1, 1, 1
russia, 1, 1, 1
depresses, 1, 1, 1
freeloaders, 1, 1, 7
michele, 1, 1, 164
seal, 1, 1, 4
turned, 2, 2, 560
argument, 3, 2, 21
sad, 4, 4, 173
prestigious, 1, 1, 26
say, 35, 27, 451
conspiracy, 5, 3, 13
learnin, 1, 1, 1
rampaging, 1, 1, 1
anger, 2, 2, 7
saw, 2, 1, 7
underlines, 1, 1, 2
speakers, 1, 1, 5
bailed, 2, 1, 7
8590, 1, 1, 1
fucking, 4, 4, 5
ideas, 2, 2, -21
shocked, 1, 1, 1
clintons, 1, 1, 1
maintain, 1, 1, 1
take, 17, 14, 431
online, 1, 1, 1
ego, 1, 1, 1
primaries, 2, 2, 2
relaxed, 1, 1, 1
ultimate, 1, 1, 1
bets, 1, 1, 12
ironically, 2, 2, 10
sure, 9, 9, 16
multiple, 2, 1, 1
opposite, 6, 6, 22
arguing, 1, 1, 125
shitposts, 1, 1, 87
keeps, 2, 2, 2
fails, 1, 1, 1
paid, 1, 1, 1
falls, 1, 1, 1
rationale, 1, 1, 0
supremely, 1, 1, 164
america, 17, 12, 321
tallied, 1, 1, 3
operate, 1, 1, 5
especially, 2, 2, 8
surprising, 1, 1, 1
considered, 6, 5, 18
average, 1, 1, 1
steady, 2, 2, 371
drive, 2, 2, 346
dweebs, 1, 1, 1
wing, 3, 3, 3
ways, 1, 1, 28
backdrop, 1, 1, 12
slaves, 4, 1, 7
nuclear, 2, 2, 2
uncle, 4, 3, 10
senior, 1, 1, 7
bondocovered, 1, 1, 215
masturbation, 2, 2, 317
precise, 1, 1, 1
rating, 1, 1, 1
set, 2, 2, 2
show, 3, 3, 25
contemporary, 1, 1, 12
hopes, 1, 1, 1
inconsistent, 1, 1, 1
ground, 8, 6, 40
favorite, 1, 1, 1
reconciling, 1, 1, 2
daily, 1, 1, 1
dick, 1, 1, 51
3, 2, 2, -25
crime, 2, 2, 7
dirtiest, 1, 1, 1
going, 23, 17, 379
black, 34, 14, 218
irs, 1, 1, 1
slob, 1, 1, 215
pollsters, 2, 2, 4
taunting, 1, 1, 1
congressional, 1, 1, 6
viewpoint, 3, 1, 14
get, 39, 25, 162
truly, 3, 3, 10
nearly, 3, 3, 16
gem, 2, 2, -9
reading, 3, 3, 3
resource, 1, 1, 87
keenly, 1, 1, 1
radar, 1, 1, 3
imbecile, 1, 1, 1
attitude, 2, 2, -18
morning, 3, 2, -13
jokes, 1, 1, 1
stupid, 1, 1, 1
clowns, 3, 3, -6
pants, 1, 1, 1
ignored, 1, 1, 1
ends, 1, 1, 1
seat, 2, 2, 10
elected, 2, 2, 13
namely, 1, 1, 26
actively, 3, 3, 3
college, 3, 3, 47
anyways, 1, 1, 1
hell, 8, 8, 111
connected, 2, 2, 8
violates, 1, 1, 4
commanderinchief, 1, 1, 1
wonder, 5, 4, 119
israeli, 2, 2, 6
detect, 1, 1, 6
inequalities, 1, 1, 1
enlightening, 1, 1, 33
federal, 9, 6, 41
subsequent, 1, 1, 6
review, 1, 1, 1
weapons, 2, 2, 2
enough, 7, 5, -1
staffer, 2, 1, 6
affecting, 1, 1, 6
teens, 1, 1, 1
murrah, 1, 1, -14
expose, 1, 1, 1
across, 3, 2, 7
fight, 1, 1, 1
notice, 2, 2, 4
jobs, 1, 1, 7
parent, 1, 1, 1
spitzer, 1, 1, 1
screen, 1, 1, 7
revealed, 1, 1, 6
blame, 1, 1, 2
article, 5, 5, 211
killing, 2, 2, 0
come, 11, 11, -2
motivations, 1, 1, 7
reaction, 1, 1, 2
taxpayer, 1, 1, 1
gwb, 3, 2, -12
successes, 1, 1, 1
many, 14, 13, 206
region, 1, 1, 26
according, 2, 2, 6
flipped, 1, 1, 1
somewhere, 1, 1, 1
leftists, 2, 2, 61
workplace, 1, 1, 6
senator, 7, 6, 62
comes, 10, 10, 86
joe, 2, 2, 2
among, 1, 1, 1
madness, 1, 1, 37
expectationmomentum, 1, 1, 3
color, 1, 1, 1
period, 3, 3, 170
grants, 1, 1, 2
anti, 1, 1, 51
3000, 1, 1, 1
conservativism, 2, 2, 2
moreover, 1, 1, 164
bizarre, 1, 1, 1
writing, 1, 1, 215
disciplinary, 1, 1, 1
considering, 2, 2, 3
plantation, 10, 3, 18
arts, 1, 1, 26
comb, 1, 1, 1
workcamps, 1, 1, 1
cares, 2, 2, -12
vacation, 1, 1, 1
concede, 1, 1, 1
mark, 2, 2, -3
needlessly, 1, 1, 1
punished, 11, 2, 7
peaceful, 1, 1, 1
billionaires, 1, 1, 6
borders, 1, 1, 1
commenting, 1, 1, 1
endorsement, 2, 2, 2
500, 2, 1, 1
tank, 1, 1, 1
wants, 7, 6, 51
educated, 1, 1, 10
transportation, 1, 1, 1
tasteless, 1, 1, 1
cesspool, 1, 1, 2
offered, 1, 1, 10
dramatic, 1, 1, 6
wake, 1, 1, 2
proven, 1, 1, 1
hardcore, 2, 1, 1
irrelevant, 2, 2, 2
former, 2, 1, 6
case, 7, 6, 12
ftfy, 1, 1, 1
stacked, 1, 1, 1
developing, 1, 1, 1
might, 1, 1, 1
polls, 8, 5, 24
w, 2, 2, 64
diverse, 2, 2, 2
policies, 9, 4, 210
freely, 1, 1, 1
situation, 3, 3, 16
endured, 1, 1, 6
huckster, 1, 1, 1
bathrooms, 1, 1, 8
orientation, 2, 2, 33
broadside, 1, 1, 7
moveonorg, 1, 1, 1
middle, 6, 6, 12
someone, 26, 24, 205
ironic, 1, 1, -10
somebody, 5, 3, 56
different, 10, 8, 88
develop, 1, 1, 1
harsh, 1, 1, 6
author, 1, 1, -10
pay, 4, 3, 452
granted, 2, 2, 11
tour, 1, 1, 1
surveillance, 1, 1, -14
food, 1, 1, 1
speech, 10, 9, 116
shit, 12, 10, 93
document, 1, 1, 1
homophobic, 1, 1, 1
week, 2, 2, 8
noble, 1, 1, 1
oil, 4, 2, 2
closest, 1, 1, 1
applaud, 1, 1, 87
defy, 1, 1, 1
drives, 1, 1, 0
driven, 2, 2, 1
persons, 1, 1, 1
running, 12, 8, 371
harris, 1, 1, 1
changing, 1, 1, 7
totally, 2, 2, 11
tradition, 1, 1, 1
colorblind, 1, 1, 1
educating, 1, 1, 1
pennsylvania, 1, 1, 1
ccw, 1, 1, 1
locality, 1, 1, 6
constitutional, 2, 2, 43
roughly, 1, 1, 1
substantive, 1, 1, 1
stunted, 1, 1, 164
media, 9, 7, 60
accountable, 1, 1, 345
without, 13, 10, 24
solve, 1, 1, 1
immeasurable, 1, 1, 1
relied, 1, 1, 1
grumpy, 1, 1, 6
reward, 1, 1, 1
charged, 1, 1, 87
morons, 1, 1, 2
prerogative, 1, 1, 1
gangs, 1, 1, 1
money, 12, 7, 48
rest, 3, 3, 17
safeguards, 1, 1, 6
slimy, 1, 1, 44
kasich, 13, 8, 34
destabilized, 1, 1, 1
blow, 1, 1, 7
downright, 1, 1, 6
thinking, 1, 1, 10
seems, 8, 7, 47
except, 3, 3, 2
lets, 1, 1, 3
4, 3, 3, -21
preferences, 1, 1, 1
thoughts, 1, 1, 87
tuesday, 3, 3, 13
momentum, 1, 1, 2
real, 10, 6, 170
aspects, 1, 1, 1
around, 16, 14, 256
desperately, 1, 1, 1
rules, 6, 4, -22
early, 2, 2, 14
department, 1, 1, 1
vilifying, 1, 1, 0
darn, 1, 1, 3
mom, 2, 2, 27
world, 13, 9, 131
lady, 1, 1, 1
dare, 1, 1, 1
correlated, 1, 1, 2
towel, 1, 1, 1
identifying, 1, 1, 41
hotel, 1, 1, 1
repubs, 1, 1, 1
facing, 2, 2, 2
millennials, 1, 1, 9
audience, 1, 1, 87
fully, 1, 1, 0
served, 2, 2, 2
endorsed, 1, 1, 59
obstruct, 1, 1, 1
warhawkishness, 1, 1, 1
verbal, 1, 1, 6
exposed, 2, 2, 2
gilmore, 1, 1, 2
nonconservatives, 1, 1, 3
racial, 3, 2, 2
thinks, 3, 3, 3
gross, 1, 1, 1
poll, 3, 1, 3
mood, 1, 1, 1
confirm, 2, 2, 7
paying, 1, 1, 1
legal, 6, 6, 200
conservative, 40, 29, 215
throat, 1, 1, 1
critical, 3, 3, 146
20report_finalpdf, 1, 1, 1
provides, 1, 1, 1
picks, 1, 1, 1
moderate, 4, 4, 26
911, 4, 4, -6
freed, 1, 1, 7
unsuccessfully, 1, 1, 1
biased, 2, 2, 2
reasonable, 1, 1, 1
business, 5, 5, 12
dweeb, 2, 1, 1
communicate, 1, 1, 1
dictators, 1, 1, 7
tuition, 2, 2, 6
broken, 1, 1, 33
despicable, 1, 1, 1
leadership, 1, 1, 1
freeloader, 1, 1, 49
bona, 1, 1, 1
ol, 1, 1, 6
central, 1, 1, 1
oh, 5, 5, 3
industry, 4, 3, 3
capable, 1, 1, 55
discussed, 1, 1, 1
ideology, 3, 3, 57
tremendous, 1, 1, 28
hieroglyphics, 1, 1, 29
medicare, 2, 1, 1
greatly, 1, 1, 164
neighbor, 2, 2, 7
act, 5, 5, 41
mean, 7, 6, 10
op, 1, 1, 1
teddy, 1, 1, 1
researching, 1, 1, 1
diagnosed, 1, 1, 1
trumpcruzbushrubio, 1, 1, 3
welfarestate, 1, 1, 1
involvement, 2, 2, 85
inbox, 1, 1, 7
determine, 1, 1, 1
apologize, 2, 2, 8
wade, 1, 1, 15
intervention, 1, 1, 1
area, 1, 1, 7
strictly, 1, 1, 1
racism, 6, 4, 182
lol, 5, 5, 65
start, 7, 7, 408
racist, 14, 10, 206
low, 4, 4, 10
lot, 19, 15, 629
altmedia, 1, 1, 2
condone, 1, 1, 1
governmentrun, 1, 1, 1
vicente, 1, 1, 6
crimes, 1, 1, 1
complete, 1, 1, 55
drains, 1, 1, 1
regard, 1, 1, 1
militias, 1, 1, 1
strikes, 1, 1, 1
imbecilic, 1, 1, 1
land, 2, 2, 3
ended, 1, 1, 1
trying, 14, 11, 391
abused, 1, 1, 7
pull, 1, 1, 1
rush, 4, 4, -7
fraud, 8, 2, -2
rage, 2, 1, 1
mat, 1, 1, 1
rags, 1, 1, 215
dependents, 1, 1, 10
politically, 1, 1, 1
beliefs, 3, 3, 174
tripp, 1, 1, 1
strongly, 2, 2, 165
gone, 4, 4, 51
politico, 1, 1, 215
videos, 2, 1, -14
taste, 2, 2, 6
ah, 2, 2, -5
describe, 1, 1, 1
general, 6, 5, 14
cringey, 1, 1, 4
reliability, 1, 1, 6
politics, 9, 7, 78
appalling, 1, 1, 1
eliot, 1, 1, 1
fill, 1, 1, 1
ideally, 1, 1, 5
deserve, 2, 2, 192
depth, 3, 1, 1
abolish, 1, 1, 164
field, 3, 3, 3
someones, 1, 1, 59
thousand, 1, 1, 1
poor, 13, 7, 390
consitutional, 1, 1, 1
poop, 1, 1, 1
ineligible, 1, 1, 0
hey, 2, 2, 1
congress, 4, 3, 15
students, 23, 4, 21
symbol, 3, 3, 46
souls, 1, 1, 1
carpenter, 1, 1, 215
includes, 1, 1, 55
lonewolf, 1, 1, 1
payback, 1, 1, 1
podium, 1, 1, 4
important, 6, 5, 54
track, 1, 1, 1
unquestioning, 1, 1, 8
brotherhood, 1, 1, 1
included, 1, 1, 7
prudent, 1, 1, 1
building, 2, 2, -13
wedlock, 2, 2, 317
calls, 3, 2, 56
wife, 1, 1, 1
controlled, 1, 1, 7
intentional, 2, 1, 0
websites, 2, 2, 9
sounded, 1, 1, 26
fraudulent, 1, 1, 6
u, 1, 1, 1
nelson, 1, 1, 345
doubted, 1, 1, 4
restricted, 1, 1, 6
alright, 1, 1, 1
starting, 1, 1, 2
original, 2, 2, 3
proposition, 1, 1, 1
represent, 1, 1, 1
surrounded, 1, 1, 1
liar, 7, 6, 13
consider, 3, 3, 7
chinese, 1, 1, 7
wormy, 1, 1, 1
lack, 3, 3, 349
founded, 1, 1, 164
executing, 1, 1, 15
code, 2, 2, 14
welfare, 9, 8, 641
messy, 2, 2, 317
religious, 2, 2, 11
children, 2, 2, -9
causes, 1, 1, 1
carpet, 1, 1, 1
apartment, 3, 3, 343
catastrophe, 1, 1, 7
hunting, 2, 2, 41
vs, 1, 1, 1
champions, 1, 1, 1
program, 1, 1, 1
lap, 1, 1, 1
safety, 1, 1, 1
royally, 1, 1, 1
norm, 1, 1, 1
ta, 1, 1, 87
sound, 1, 1, 1
resounding, 1, 1, 1
woman, 1, 1, 1
proved, 1, 1, 6
worse, 7, 7, 32
returning, 1, 1, 41
deviates, 1, 1, 1
fat, 1, 1, 1
collectivists, 4, 3, 166
sons, 1, 1, 1
worst, 2, 2, 22
decide, 3, 3, 3
got, 12, 12, 146
awful, 1, 1, 41
difference, 1, 1, 0
fad, 1, 1, 1
treating, 2, 2, 2
heaven, 1, 1, 1
ranting, 1, 1, 1
dispel, 1, 1, 1
stimulus, 1, 1, 1
misinformation, 1, 1, 1
libertards, 1, 1, 1
joined, 1, 1, 1
large, 2, 2, 8
sane, 3, 2, 1
liars, 1, 1, 4
small, 1, 1, 1
accommodating, 1, 1, 1
titled, 1, 1, 1
andor, 2, 1, 1
ten, 1, 1, 15
streets, 1, 1, 1
ted, 7, 7, 170
past, 3, 2, 27
rate, 1, 1, 6
pass, 3, 3, -8
hairspray, 1, 1, 1
choices, 2, 2, 5
investment, 1, 1, 7
90s, 1, 1, 7
abc, 1, 1, 1
sub, 3, 3, 3
cast, 2, 2, 7
agenda, 1, 1, 1
sum, 1, 1, 0
associate, 1, 1, 1
absolutes, 1, 1, 1
witnesses, 1, 1, 6
prevailed, 1, 1, 6
booing, 1, 1, 1
version, 1, 1, -14
learned, 1, 1, 87
public, 18, 10, 24
movement, 4, 3, 3
5000, 2, 2, 8
promising, 1, 1, 1
component, 1, 1, 1
supposedly, 2, 2, 2
hours, 3, 3, 10
combating, 1, 1, 1
operating, 1, 1, 6
palin, 2, 2, 165
marring, 1, 1, 2
appropriate, 1, 1, 1
iraq, 11, 6, 155
observing, 1, 1, 29
admits, 1, 1, 6
search, 2, 1, 8
dumbwording, 1, 1, 4
conviction, 1, 1, 6
handlers, 1, 1, 1
bullshit, 1, 1, 1
experience, 3, 3, 127
soldier, 1, 1, 1
arent, 1, 1, 1
social, 6, 4, 20
action, 3, 3, 179
constitutionalist, 1, 1, 7
options, 1, 1, 1
bootsontheground, 1, 1, 1
closemindedness, 1, 1, 0
hateful, 1, 1, 1
family, 6, 5, 37
buses, 1, 1, 1
requiring, 1, 1, -8
africa, 1, 1, 1
commandments, 1, 1, 15
thatcher, 1, 1, 17
ask, 3, 3, -18
semester, 2, 1, 1
muslim, 1, 1, 1
armed, 1, 1, 1
takes, 2, 2, 126
politicaleconomic, 1, 1, 1
beginning, 1, 1, 164
two, 12, 11, 118
familiar, 1, 1, 1
soil, 1, 1, 1
taken, 4, 3, 29
branded, 1, 1, 1
markets, 1, 1, 1
flat, 1, 1, 1
banning, 1, 1, 1
knows, 9, 7, 18
smellthebs, 1, 1, 345
division, 1, 1, 1
company, 4, 3, 10
constructs, 1, 1, 1
policiesall, 1, 1, 1
stick, 3, 3, 31
broke, 2, 2, 2
particular, 1, 1, 1
landen, 1, 1, 30
hurry, 1, 1, 1
hammers, 1, 1, 1
glad, 2, 2, 27
town, 1, 1, 1
willfully, 1, 1, 1
none, 4, 4, -33
debates, 1, 1, 1
hour, 2, 2, 5
dems, 1, 1, 1
recall, 1, 1, 2
equation, 1, 1, 1
maniac, 1, 1, 1
roosevelt, 2, 2, 2
offended, 1, 1, 2
nebraska, 1, 1, 6
v, 4, 4, 16
knocked, 1, 1, 1
male, 1, 1, 1
evangelicals, 3, 2, 2
history, 4, 3, 23
medical, 1, 1, 1
pusher, 1, 1, 345
vulnerable, 1, 1, 1
share, 1, 1, 164
accept, 5, 4, 10
states, 14, 11, 42
fiorina, 1, 1, 164
minimum, 1, 1, 1
protects, 1, 1, 6
numbers, 1, 1, 1
purchased, 1, 1, 1
sense, 6, 5, 8
libertarian, 2, 2, 27
scar, 1, 1, 1
firmly, 2, 2, 56
information, 4, 3, 21
needs, 4, 4, 12
court, 15, 11, 50
bat, 1, 1, 1
rather, 11, 10, 258
acts, 3, 3, 171
conducted, 1, 1, 1
snippet, 1, 1, 1
occasionally, 2, 2, 88
functioning, 1, 1, 1
earnings, 1, 1, 7
speeding, 1, 1, 1
explains, 2, 2, 128
acknowledging, 1, 1, 1
okay, 1, 1, 4
tried, 2, 1, 215
rude, 1, 1, 6
communicating, 1, 1, 1
advice, 1, 1, 55
roads, 1, 1, 1
whippin, 1, 1, 1
breitbart, 1, 1, 1
whilst, 1, 1, 1
blood, 1, 1, 345
coming, 4, 4, 96
response, 2, 2, 126
shortcomings, 2, 2, 5
onto, 1, 1, 1
somebodies, 1, 1, 125
doctor, 2, 2, 2
eats, 1, 1, 1
anytime, 1, 1, 1
responsibility, 3, 2, 355
mansplaining, 1, 1, 23
banks, 2, 2, 8
putting, 1, 1, 7
playing, 4, 3, 4
mexican, 2, 1, 6
help, 12, 9, 198
administration, 2, 2, 2
entries, 1, 1, 1
ffs, 1, 1, 1
soon, 2, 2, 216
trade, 1, 1, -14
held, 1, 1, 6
isnt, 1, 1, 14
paper, 3, 3, 353
committee, 2, 1, 1
existence, 2, 2, 3
mcdonalds, 2, 2, 2
suffer, 1, 1, 7
arrogant, 1, 1, 6
27, 1, 1, 3
20, 6, 2, 7
21, 1, 1, 1
22, 1, 1, 3
misspelled, 1, 1, 7
polarizing, 1, 1, 1
border, 1, 1, 1
sale, 1, 1, 1
actually, 16, 14, 318
late, 4, 3, 4
disagrees, 1, 1, 14
release, 2, 1, -14
cool, 1, 1, 1
naacp, 2, 1, 6
ally, 1, 1, 1
carpentry, 2, 1, 215
hurting, 1, 1, 7
good, 27, 25, 326
return, 1, 1, 41
sucking, 1, 1, 9
vigilantes, 1, 1, 1
ya, 1, 1, 1
demographics, 1, 1, 8
noticing, 1, 1, 1
walls, 1, 1, 1
belittle, 1, 1, 1
foot, 1, 1, 10
scandinavia, 2, 1, 1
bigger, 2, 2, 2
easily, 2, 2, 7
solves, 1, 1, 1
enact, 1, 1, 1
always, 18, 14, 895
evade, 1, 1, 1
bless, 1, 1, 2
tear, 1, 1, 7
token, 1, 1, 0
goofy, 1, 1, 2
die, 1, 1, 1
found, 4, 4, 3
repeating, 1, 1, 1
difficult, 1, 1, 1
status, 1, 1, 1
everyone, 16, 15, 28
mental, 1, 1, 1
generation, 1, 1, 2
house, 6, 6, 55
hard, 11, 10, 86
oppressed, 1, 1, 1
idea, 5, 5, 11
democrat, 20, 15, 179
finish, 1, 1, 1
expect, 1, 1, 1
fist, 1, 1, 13
beyond, 2, 2, 45
event, 2, 2, 3
really, 30, 25, 370
impersonation, 2, 1, 6
funding, 2, 2, 7
blacks, 5, 1, 164
since, 13, 12, 233
douglas, 1, 1, 51
health, 3, 3, 18
hill, 1, 1, -4
print, 1, 1, 6
issue, 4, 3, -6
pun, 1, 1, 8
earns, 1, 1, 7
bully, 1, 1, 3
pathetic, 1, 1, 49
dirt, 1, 1, 215
disagree, 5, 5, 70
enforcing, 1, 1, 15
team, 2, 1, 1
cradletograve, 1, 1, 26
guess, 2, 2, 70
bansregistrations, 1, 1, 7
reason, 7, 7, 29
base, 4, 4, 11
members, 1, 1, 1
imagine, 3, 3, 29
put, 10, 10, 138
reparations, 1, 1, 164
laughable, 3, 2, 28
turnout, 6, 1, 6
shot, 3, 2, 2
bushes, 2, 2, 60
owners, 1, 1, 41
benefits, 2, 2, 7
thread, 1, 1, 7
success, 3, 3, 31
american, 9, 9, 15
expecting, 2, 2, 88
exponentially, 1, 1, 1
circuit, 2, 2, 11
progressives, 1, 1, 5
heartbeat, 1, 1, 1
trickle, 1, 1, 1
solidly, 1, 1, 5
mr, 1, 1, 1
dont, 1, 1, 1
distasteful, 1, 1, 17
feel, 7, 7, 14
bullies, 1, 1, 3
number, 2, 2, 6
done, 6, 6, 12
fees, 1, 1, 5
wages, 3, 3, 9
maple, 1, 1, 215
passes, 1, 1, 10
story, 4, 4, 203
heads, 1, 1, 1
leverage, 2, 2, 3
ostracize, 1, 1, 1
5th, 1, 1, 1
threatening, 1, 1, 4
least, 5, 5, 10
player, 1, 1, 1
endearing, 1, 1, 345
storm, 1, 1, 2
fought, 1, 1, 12
commenters, 1, 1, 7
schumer, 2, 1, 1
listed, 1, 1, 1
kids, 8, 6, 6
passed, 1, 1, 10
behind, 4, 4, 51
needle, 1, 1, 1
veteran, 1, 1, 1
part, 9, 8, 34
norms, 1, 1, 1
albums, 1, 1, 1
believe, 28, 14, 472
convinced, 2, 2, 165
inflate, 1, 1, 3
obama, 18, 15, 65
king, 5, 3, 9
statemandated, 1, 1, 164
grew, 1, 1, 26
appropriating, 1, 1, 1
double, 2, 2, 12
vocal, 1, 1, 1
youth, 3, 3, 53
bride, 1, 1, 215
dismantling, 1, 1, -8
supposed, 3, 3, 3
listen, 3, 3, 9
treated, 4, 3, -1
nominee, 4, 4, 58
outstanding, 1, 1, 28
fights, 2, 1, 1
affirmative, 2, 2, 178
nonliberal, 1, 1, 1
graffiti, 1, 1, 1
contest, 2, 2, 2
orders, 3, 3, 12
karl, 1, 1, 1
option, 2, 2, 2
lie, 4, 4, 10
built, 1, 1, 5
lib, 1, 1, 1
dancing, 1, 1, 1
extorted, 1, 1, 7
self, 1, 1, 10
severe, 2, 2, 5
impartial, 1, 1, 1
majority, 6, 6, 51
recognizing, 1, 1, 1
internal, 2, 1, 3
lip, 1, 1, 1
build, 2, 2, 8
finding, 2, 2, 4
hurling, 1, 1, 4
puffing, 1, 1, 3
relief, 1, 1, 1
crapping, 1, 1, 1
brokered, 1, 1, 1
play, 3, 3, 4
experienced, 1, 1, 164
retired, 1, 1, 1
quote, 1, 1, 1
literal, 1, 1, 1
electable, 1, 1, 1
brooklyn, 2, 2, 32
experiences, 1, 1, 1
plan, 2, 2, 2
services, 1, 1, 0
accepting, 1, 1, 1
engagements, 1, 1, 26
extremely, 1, 1, 7
approved, 2, 2, -6
stands, 1, 1, 1
salary, 1, 1, 1
mobile, 1, 1, 7
crudities, 1, 1, 215
clear, 5, 5, 65
campuses, 2, 1, 41
traditional, 2, 2, 8
barred, 1, 1, 5
usual, 3, 3, 5
institutions, 1, 1, 1
joining, 1, 1, 1
sector, 1, 1, 345
thomas, 10, 8, 188
ugh, 1, 1, 1
particularly, 2, 2, 45
rebels, 1, 1, 1
gold, 2, 2, 22
mistreats, 1, 1, 6
defended, 2, 2, 128
chock, 1, 1, 1
fine, 5, 5, 14
find, 3, 3, 368
costing, 1, 1, 7
barking, 2, 1, 1
reminiscent, 1, 1, 1
poorthe, 1, 1, 7
justice, 9, 8, 80
less, 5, 5, 10
hollywood, 1, 1, 1
unhappy, 1, 1, 52
destabilize, 1, 1, 1
failed, 5, 3, 372
bastion, 1, 1, 41
mansplain, 1, 1, 4
pretty, 12, 10, 109
feminists, 1, 1, 2
8, 1, 1, 4
accurate, 2, 1, 3
hit, 3, 3, 75
upstanding, 1, 1, 1
meanwhile, 2, 2, 2
banned, 1, 1, 1
kind, 7, 6, 17
whistle, 1, 1, 13
b, 2, 2, 15
actions, 1, 1, 345
theft, 1, 1, 6
basement, 2, 2, 348
boils, 2, 2, 39
30hr, 1, 1, 1
enemy, 1, 1, 8
resolve, 1, 1, 1
roles, 1, 1, 6
progressive, 1, 1, 1
hb1, 1, 1, 1
generally, 1, 1, 2
remove, 1, 1, 1
missouri, 1, 1, 6
sotomayor, 1, 1, 1
common, 3, 2, -7
switzerland, 2, 1, 1
wrote, 1, 1, 5
insane, 1, 1, 33
immigrants, 1, 1, 10
stump, 1, 1, 1
achieved, 2, 2, 2
throwing, 1, 1, 8
intelligence, 5, 2, 165
seats, 1, 1, 7
originalist, 2, 2, 1
culture, 2, 2, 2
see, 31, 24, 92
individual, 4, 3, 177
dumb, 3, 3, 36
outwardly, 1, 1, 7
musicians, 1, 1, 1
close, 2, 2, 4
11th, 2, 2, 6
slam, 1, 1, 3
paul, 2, 2, 2
desires, 1, 1, 52
illegals, 1, 1, 7
wow, 2, 2, 83
electoral, 2, 1, 6
powerhouse, 1, 1, 1
65000, 1, 1, 102
probably, 12, 11, -13
compliment, 1, 1, 1
wide, 2, 2, 2
europe, 4, 2, 2
latin, 1, 1, 1
recently, 4, 3, 8
responses, 3, 2, 88
missing, 1, 1, 1
initially, 1, 1, 125
attention, 1, 1, 1
respondents, 1, 1, 1
succeed, 3, 3, 175
tyler, 1, 1, 1
premise, 4, 3, 34
distinguish, 1, 1, 14
condi, 1, 1, 10
legislature, 1, 1, 7
century, 1, 1, 1
last, 5, 5, 7
license, 1, 1, 1
influential, 1, 1, 1
barely, 3, 3, 223
onion, 1, 1, 1
minorities, 10, 5, 20
riddled, 1, 1, 33
became, 1, 1, 9
context, 1, 1, 1
lash, 1, 1, 8
let, 8, 8, 41
whole, 10, 9, 406
healing, 1, 1, 8
load, 1, 1, 1
liked, 1, 1, 41
headed, 1, 1, 87
simple, 1, 1, 41
sickened, 1, 1, 30
acted, 2, 2, 2
community, 5, 4, 19
simply, 4, 4, 38
likes, 1, 1, 51
throughout, 1, 1, 7
mission, 1, 1, 1
creationism, 1, 1, 1
duh, 1, 1, 5
worthless, 1, 1, 1
devil, 1, 1, 1
described, 2, 2, 221
willingness, 1, 1, 1
create, 3, 3, 57
political, 10, 9, 455
due, 3, 3, 34
whos, 1, 1, 1
secret, 2, 2, 2
damn, 3, 3, 3
extreme, 1, 1, 1
sanders, 19, 14, 356
generating, 1, 1, 1
lived, 2, 2, 135
freelancing, 1, 1, 215
gay, 1, 1, 51
fire, 1, 1, 1
wet, 2, 2, 2
else, 10, 10, 29
whatever, 3, 3, 16
races, 3, 1, 1
understand, 14, 12, 372
representative, 1, 1, 4
systematic, 2, 2, 2
unnecessarily, 1, 1, 6
georgia, 4, 1, 6
politician, 3, 3, 81
look, 6, 4, 10
raw, 2, 2, 2
solid, 1, 1, 1
judicial, 1, 1, 1
socialist, 3, 3, 448
bill, 5, 5, 29
tolerate, 1, 1, 3
elections, 6, 2, 7
governor, 1, 1, 7
socialism, 13, 12, 274
easeofdoing, 1, 1, 1
error, 1, 1, 7
fun, 2, 2, 2
owed, 1, 1, 12
30, 3, 3, 3
hoping, 1, 1, 1
voters, 13, 10, 89
backing, 1, 1, 1
antithesis, 1, 1, 1
binding, 1, 1, -26
ducks, 1, 1, 12
disappointing, 1, 1, -19
destabilization, 1, 1, 26
beautifully, 1, 1, 1
rid, 1, 1, 50
everthing, 1, 1, 1
renounced, 1, 1, 1
funny, 2, 2, 26
anymore, 2, 2, 26
grant, 1, 1, -10
ideologies, 2, 2, 2
read, 7, 7, 74
wipers, 1, 1, 215
widely, 2, 2, 7
grand, 4, 2, 7
advise, 2, 2, 57
higher, 2, 1, 1
development, 2, 2, 2
used, 7, 7, 19
ratings, 1, 1, 1
sexist, 2, 2, 11
epithet, 1, 1, 8
negotiate, 1, 1, 1
absolved, 1, 1, 10
levels, 1, 1, 6
moving, 2, 2, 3
decency, 1, 1, 10
aggregate, 1, 1, 6
dark, 1, 1, 1
lower, 2, 2, 165
levin, 1, 1, -4
abusive, 2, 1, 6
limbaugh, 2, 2, 3
suspicious, 1, 1, 1
spent, 2, 2, 6
analysis, 2, 2, 85
dared, 1, 1, 16
person, 10, 10, 161
nordic, 2, 1, 1
thoroughly, 1, 1, 1
redistribution, 2, 2, 216
rates, 1, 1, 1
spend, 3, 3, 4
howl, 1, 1, 5
collectivism, 3, 1, 1
listening, 1, 1, 1
precedence, 1, 1, 2
competitive, 2, 1, 1
reviewed, 1, 1, 6
fundamentalists, 1, 1, 1
eastnorth, 1, 1, 1
questions, 1, 1, 87
using, 4, 4, 23
elect, 2, 2, 6
praying, 1, 1, 3
collectivist, 1, 1, 1
slinging, 1, 1, 1
wage, 1, 1, 7
retirement, 1, 1, 7
illusions, 1, 1, 1
also, 19, 16, 28
hated, 1, 1, 1
percent, 1, 1, 1
guaranteed, 3, 3, 34
celiacs, 2, 1, 1
barack, 1, 1, 1
source, 3, 3, 6
rcatholiclawyer, 1, 1, 4
presidents, 1, 1, 5
violations, 1, 1, 1
hates, 4, 2, 108
chairman, 1, 1, 1
bin, 1, 1, 30
marco, 1, 1, 164
victims, 1, 1, 0
doors, 1, 1, 1
format, 1, 1, 1
big, 17, 14, 373
couple, 1, 1, 1
discriminatory, 1, 1, 6
lincoln, 3, 3, 171
shitty, 1, 1, 59
game, 7, 6, 11
marked, 1, 1, 164
knock, 2, 2, 2
systematically, 2, 2, -7
message, 1, 1, 1
extracurriculars, 1, 1, 5
pukebreaths, 1, 1, 1
ignore, 4, 4, 15
collect, 1, 1, 26
individuals, 3, 1, 6
weaseling, 1, 1, 59
popular, 2, 2, 2
fault, 5, 4, 133
actin, 1, 1, 1
circles, 1, 1, 6
google, 1, 1, 13
often, 5, 5, 13
senate, 13, 8, 160
obliged, 1, 1, -8
back, 15, 11, 366
understood, 1, 1, 6
economic, 6, 5, 181
loser, 1, 1, 1
sight, 1, 1, 41
curious, 1, 1, 1
chamber, 1, 1, 1
spouting, 1, 1, 1
decision, 3, 2, 1
shall, 3, 2, -9
benefit, 2, 2, 1
religion, 3, 3, 15
behave, 2, 2, 6
1520, 1, 1, 3
verbally, 1, 1, 1
tends, 1, 1, 1
epic, 1, 1, 0
invade, 1, 1, 41
either, 7, 7, 18
lowinformation, 1, 1, 5
run, 6, 6, 12
300, 1, 1, 1
hypocritical, 1, 1, 0
reoccur, 1, 1, 1
imprison, 1, 1, 1
continuing, 1, 1, 1
confidence, 1, 1, 6
step, 1, 1, -4
tinker, 1, 1, 1
viewpoints, 1, 1, 0
nowhere, 1, 1, 17
bs, 1, 1, 1
refuses, 1, 1, -14
usc, 1, 1, 13
faith, 2, 2, 5
goods, 1, 1, 0
anything, 8, 8, 45
niceness, 1, 1, 1
prove, 3, 3, 30
75, 1, 1, 7
inhibits, 1, 1, 7
congressman, 2, 1, 3
hatred, 2, 2, 45
block, 1, 1, 1
seeing, 1, 1, 1
clinton, 7, 6, 10
colorado, 1, 1, 6
garbage, 1, 1, 1
terrorists, 2, 2, 2
visit, 1, 1, 1
aliens, 2, 1, 6
within, 3, 3, 11
heedless, 1, 1, 5
redstate, 1, 1, 1
nothing, 16, 14, 196
momma, 2, 1, 345
master, 1, 1, 1
ohio, 1, 1, 1
perl, 1, 1, 1
pentagon, 1, 1, -14
rolls, 1, 1, 6
criticisms, 2, 2, 88
infuriating, 1, 1, 8
rpolitics, 4, 3, 15
sneaky, 1, 1, 10
spending, 2, 2, 2
question, 2, 2, 62
msm, 2, 2, 2
long, 8, 8, 60
mccartney, 1, 1, 1
kagan, 1, 1, 1
forward, 2, 2, 88
translate, 1, 1, 1
invite, 1, 1, -8
sds, 3, 2, 9
registered, 2, 1, 6
inept, 1, 1, 1
immigration, 4, 2, 2
boys, 1, 1, 1
link, 3, 3, 3
alive, 3, 3, 5
sick, 1, 1, 1
russian, 1, 1, 1
line, 10, 10, 80
mcconnell, 2, 2, 2
nutshell, 1, 1, 1
posted, 3, 3, 43
hair, 1, 1, 1
hideousness, 1, 1, 1
caller, 1, 1, 1
us, 19, 12, 47
uh, 1, 1, 5
played, 1, 1, 1
similar, 3, 3, 2
called, 2, 2, 348
bell, 1, 1, 1
sometimes, 3, 2, 2
supervisor, 2, 1, 6
adults, 2, 2, 57
influence, 1, 1, 1
single, 2, 2, 7
cure, 1, 1, 5
rally, 2, 2, 2
bracket, 1, 1, 1
echo, 1, 1, 1
independents, 2, 2, 2
thugs, 1, 1, 1
sidebar, 1, 1, 1
fixing, 1, 1, 1
400000, 1, 1, 7
peace, 2, 2, 44
politicians, 3, 3, 14
points, 9, 9, 42
statement, 2, 2, 2
income, 1, 1, 1
moron, 1, 1, 1
sails, 1, 1, 1
eerily, 2, 2, 0
nice, 6, 5, 71
draw, 3, 3, 3
problems, 9, 6, 17
helping, 2, 1, 0
meaning, 1, 1, 1
allowing, 3, 3, 171
mansplainer, 1, 1, 1
sides, 2, 2, 13
christ, 1, 1, 1
ago, 1, 1, 1
statesman, 2, 2, 35
practically, 1, 1, 1
truthers, 1, 1, 1
age, 2, 2, 2
required, 1, 1, 10
youtube, 1, 1, 1
attacking, 3, 2, 5
2002, 1, 1, 6
norwegians, 1, 1, 1
2000, 2, 1, 6
2006, 2, 1, 6
2004, 1, 1, 6
demonstrates, 1, 1, 28
far, 6, 6, 81
2008, 1, 1, 55
2009, 1, 1, 7
requires, 1, 1, 6
stones, 1, 1, 1
gt, 29, 15, 315
iraqi, 1, 1, 1
issued, 1, 1, 6
laziness, 3, 2, 1
results, 1, 1, 2
existing, 1, 1, 1
steve, 2, 1, 3
penis, 1, 1, 1
softer, 1, 1, 6
gang, 1, 1, 3
go, 16, 15, 52
centers, 1, 1, -14
issues, 15, 10, 14
seemed, 3, 2, 2
theorist, 1, 1, 6
uphold, 1, 1, 1
peanut, 1, 1, 1
concerned, 2, 2, 2
young, 4, 4, 3
send, 2, 2, 27
shack, 1, 1, 215
popularity, 2, 2, 2
dislike, 1, 1, 1
include, 1, 1, 1
dramatically, 1, 1, 87
sent, 1, 1, 1
confirmation, 1, 1, 8
agents, 1, 1, 1
dessert, 1, 1, 10
wishes, 1, 1, 1
facebook, 1, 1, 41
smellthebum, 2, 2, 346
accuse, 1, 1, 1
telling, 1, 1, 1
drinking, 1, 1, 1
korea, 1, 1, 1
entire, 9, 9, 92
redistribute, 1, 1, 55
harbor, 1, 1, 1
gender, 2, 2, 33
shock, 2, 2, -3
michael, 2, 2, 2
attempts, 1, 1, 1
ryan, 1, 1, 1
try, 6, 6, 16
race, 10, 6, 238
leaning, 1, 1, 1
polling, 3, 2, 7
optics, 1, 1, 1
noted, 1, 1, 6
bernie, 14, 12, 206
compensated, 1, 1, 1
pledge, 1, 1, 2
punishing, 1, 1, 1
crow, 1, 1, 12
carly, 1, 1, 164
waking, 2, 2, 3
video, 4, 4, 5
concludes, 1, 1, 6
aokay, 1, 1, 3
replicated, 1, 1, 1
folk, 1, 1, 1
graduating, 1, 1, 26
developed, 1, 1, 1
power, 6, 5, 51
chicago, 1, 1, 26
giving, 2, 2, 8
consistently, 1, 1, 4
worships, 1, 1, 215
cnueducpppdffeb, 1, 1, 1
alqaeda, 1, 1, 1
obvious, 1, 1, 5
firms, 1, 1, 7
harassing, 1, 1, 1
body, 1, 1, 4
led, 2, 2, 7
chose, 2, 2, 3
degree, 2, 1, 26
exchange, 2, 1, 0
pushing, 2, 2, 2
punch, 1, 1, 4
highly, 4, 4, 11
bachelor, 1, 1, 26
poverty, 4, 4, 181
sink, 1, 1, 215
others, 5, 2, 345
downvote, 1, 1, -19
safer, 1, 1, -26
loudest, 1, 1, 1
mindset, 1, 1, 0
great, 10, 9, 7
involved, 1, 1, 6
larger, 2, 2, 7
haunts, 1, 1, 164
35, 1, 1, 3
leaving, 2, 2, 2
engine, 1, 1, 8
deceased, 1, 1, 1
popcorn, 1, 1, 5
opinion, 7, 6, 208
residents, 1, 1, 1
proof, 1, 1, 1
makes, 18, 16, 32
thats, 1, 1, 1
asinine, 1, 1, 1
egypt, 1, 1, 1
win, 9, 8, 22
private, 1, 1, 345
outcomes, 1, 1, 2
names, 3, 3, 24
apply, 1, 1, 2
standing, 2, 2, 9
use, 9, 9, 43
dissonance, 1, 1, 2
freedoms, 2, 2, 14
illegal, 2, 2, 7
rentcontrolled, 1, 1, 26
next, 3, 3, 3
doubt, 6, 6, 27
examination, 1, 1, 55
subsidized, 1, 1, 1
save, 1, 1, 1
disaffected, 1, 1, 1
hiding, 2, 1, 3
sort, 3, 3, 61
comparison, 1, 1, 1
started, 6, 4, 14
becomes, 1, 1, 1
econ, 1, 1, 12
testified, 1, 1, 6
occurred, 1, 1, 164
fuck, 3, 3, 127
trail, 1, 1, 6
opposing, 1, 1, 87
parrots, 1, 1, 1
talks, 2, 2, 2
baby, 3, 2, 346
ok, 1, 1, 1
appointee, 1, 1, 2
women, 6, 3, 166
animals, 1, 1, -1
disingenuous, 1, 1, -26
heard, 7, 7, 10
noncitizens, 1, 1, 6
challenge, 3, 2, 2
recession, 1, 1, 1
crossed, 1, 1, 4
thin, 1, 1, 1
smear, 1, 1, 13
closing, 1, 1, 1
personality, 1, 1, 1
bend, 2, 2, 2
control, 3, 3, 21
kneejerk, 1, 1, 2
tap, 1, 1, 1
monica, 1, 1, 1
process, 3, 3, 7
lock, 1, 1, 1
tax, 3, 3, 37
pieces, 1, 1, 59
high, 2, 2, 8
effectively, 2, 2, 8
pulling, 1, 1, 1
something, 10, 10, 375
rape, 3, 3, 318
united, 8, 5, 30
democracy, 1, 1, 1
lame, 1, 1, 12
holds, 1, 1, 16
sic, 1, 1, 1
winners, 1, 1, 1
dismissing, 1, 1, 6
goner, 1, 1, 1
instead, 8, 8, 380
200000000000, 1, 1, 1
establishment, 9, 3, 9
stand, 5, 4, 40
buildings, 2, 1, -14
blocks, 1, 1, 10
pockets, 1, 1, 7
watch, 3, 3, -2
philosophy, 3, 3, 220
tied, 2, 2, 165
fart, 2, 2, 2
abuse, 1, 1, 5
taco, 1, 1, 1
fits, 1, 1, 6
dogfight, 1, 1, 1
spelling, 1, 1, 1
hawk, 1, 1, 1
prostate, 1, 1, 1
realized, 2, 2, 8
purely, 2, 2, 19
sit, 1, 1, 1
lines, 4, 4, 9
perused, 1, 1, 1
chief, 1, 1, 1
courage, 1, 1, 125
honestly, 3, 2, 7
allow, 3, 3, 44
classy, 1, 1, 29
stakes, 1, 1, 12
discussion, 1, 1, 1
longest, 1, 1, 52
centrist, 1, 1, 1
alito, 1, 1, 1
pretending, 1, 1, 8
move, 2, 2, 11
encouraged, 1, 1, 1
whitey, 1, 1, 1
doubtful, 1, 1, 1
produced, 1, 1, 1
report, 1, 1, 1
meh, 1, 1, 1
including, 6, 4, 78
looks, 6, 6, 13
bunch, 2, 2, 3
perfect, 1, 1, 8
superior, 1, 1, 1
exclusion, 1, 1, 41
till, 2, 2, 4
winning, 2, 2, 15
blatant, 2, 2, 14
choose, 1, 1, 1
2016, 4, 4, 15
2013, 1, 1, 5
2012, 1, 1, 55
dad, 3, 2, 371
violating, 1, 1, 8
campaigned, 1, 1, 345
greater, 1, 1, 1
spell, 1, 1, 69
idiotvertising, 1, 1, 4
mention, 2, 2, 67
front, 2, 2, 8
republican, 27, 21, 261
day, 9, 8, 118
presidential, 5, 5, 39
articles, 1, 1, 1
personally, 2, 2, 9
fundraisers, 1, 1, 25
university, 6, 4, 378
registrations, 1, 1, 6
allaround, 1, 1, 55
conservatism, 4, 4, -15
truth, 1, 1, 6
disregard, 1, 1, 1
identifies, 1, 1, 102
bills, 2, 2, 447
homogeneous, 1, 1, 1
cry, 1, 1, 1
globe, 1, 1, 6
barnett, 1, 1, 345
administrator, 1, 1, 1
related, 1, 1, 1
constitute, 1, 1, 1
society, 8, 6, 252
burdened, 1, 1, 6
static, 1, 1, 0
calibrate, 1, 1, 87
newwwwwww, 1, 1, 1
80, 3, 2, 2
coughs, 1, 1, 1
sexual, 2, 2, 33
category, 1, 1, 1
giant, 1, 1, 1
hawaii, 1, 1, -4
mindboggling, 2, 2, 13
defend, 3, 3, 12
fascist, 1, 1, 1
socalled, 2, 1, 164
hilarious, 2, 2, 5
nuanced, 1, 1, 1
cause, 2, 2, 2
red, 1, 1, 1
achievements, 1, 1, 164
model, 1, 1, 1
shut, 1, 1, 41
midcentury, 1, 1, 1
alex, 1, 1, -4
approaches, 1, 1, 1
york, 2, 2, 170
conservatives, 12, 10, 52
embarrass, 1, 1, 4
steering, 1, 1, 1
scary, 1, 1, 125
yard, 3, 2, 4
hostile, 1, 1, 6
could, 28, 21, 934
hes, 2, 1, 1
florida, 1, 1, 1
keep, 16, 11, 136
keen, 1, 1, 1
shred, 1, 1, 10
roundhouse, 1, 1, 1
retain, 1, 1, 1
hussein, 1, 1, 26
anita, 1, 1, -4
designed, 1, 1, 12
exam, 1, 1, 1
jurists, 1, 1, 15
blown, 1, 1, 5
outlets, 1, 1, 1
scene, 1, 1, 26
jesus, 1, 1, 44
eleventh, 1, 1, 6
bitch, 2, 2, 7
blows, 1, 1, 4
quality, 2, 2, 216
heroes, 1, 1, -10
owning, 2, 2, 8
disaster, 4, 3, 3
legislative, 2, 1, 1
pryor, 1, 1, 15
sadly, 1, 1, 8
strict, 1, 1, 1
data, 1, 1, 6
assure, 1, 1, 7
system, 3, 3, 8
antiestablishment, 1, 1, 1
attack, 5, 4, 11
irredeemably, 1, 1, 6
doesnt, 2, 2, -6
perfectly, 2, 2, 2
nastiest, 1, 1, 1
boil, 1, 1, 55
prone, 1, 1, 6
interests, 1, 1, 1
stars, 1, 1, 1
shorts, 1, 1, 1
punish, 1, 1, 1
reversed, 1, 1, 6
exactly, 6, 5, 66
lists, 1, 1, 7
grandpa, 2, 2, 39
branches, 2, 1, 1
overwhelming, 1, 1, 10
filled, 3, 2, 8
steel, 1, 1, -14
zones, 1, 1, 41
valley, 1, 1, 1
swindled, 1, 1, 0
warfare, 2, 2, 165
65k, 1, 1, 345
roberts, 2, 2, 3
orchestrated, 1, 1, -4
loves, 3, 3, 3
timetable, 1, 1, 1
steer, 1, 1, 1
originalism, 1, 1, 2
accusing, 1, 1, 1
subreddits, 1, 1, 1
sea, 1, 1, -10
kennedy, 1, 1, 1
abomination, 1, 1, 15
unlikely, 1, 1, 6
need, 17, 13, 219
academically, 1, 1, 10
apparently, 1, 1, 4
clearly, 4, 3, 3
viewed, 1, 1, 0
screw, 1, 1, 1
bastard, 1, 1, 6
afraid, 1, 1, 7
allergies, 1, 1, 1
able, 4, 4, 9
admittance, 1, 1, 164
obession, 1, 1, 102
concerns, 2, 2, 8
jail, 1, 1, 1
asshole, 2, 1, 6
lugar, 1, 1, 7
unless, 3, 3, 13
rove, 1, 1, 1
passionately, 1, 1, 7
useful, 1, 1, 1
misogynistic, 1, 1, 1
01, 1, 1, 1
eight, 1, 1, 6
amongst, 1, 1, 1
fides, 1, 1, 1
class, 8, 8, 188
death, 5, 5, 51
hypocrite, 1, 1, -1
refreshing, 1, 1, 6
url, 1, 1, 4
disease, 2, 1, 0
face, 3, 3, 169
looked, 1, 1, 164
absurd, 1, 1, 1
brew, 1, 1, 2
fact, 10, 7, 185
selection, 1, 1, 5
violation, 1, 1, 13
please, 6, 4, 4
supported, 2, 2, 8
anyway, 1, 1, 1
bring, 2, 2, -25
democrats, 21, 17, 425
bedroom, 1, 1, 1
soldiers, 3, 3, 11
fear, 5, 4, 46
continually, 1, 1, 1
debate, 11, 8, 13
decade, 2, 2, 2
principal, 1, 1, 4
litigation, 2, 2, 19
based, 6, 6, 227
posting, 1, 1, 1
earned, 2, 2, 164
credited, 1, 1, 6
bernard, 1, 1, 345
bases, 2, 1, 10
candidates, 8, 6, 29
thousands, 2, 1, 6
hope, 9, 8, 38
means, 8, 7, -1
beat, 2, 2, 109
intellectually, 1, 1, 55
props, 1, 1, 1
overall, 2, 2, 7
bear, 1, 1, 1
ones, 5, 5, 39
legitimate, 3, 2, 6
words, 7, 6, 50
thumbprint, 1, 1, 6
shaping, 1, 1, 55
contemptible, 1, 1, 1
brain, 1, 1, 2
tolerance, 1, 1, 1
taxes, 1, 1, 5
calling, 8, 7, 16
stuff, 5, 4, 10
protesting, 2, 2, -24
shi, 1, 1, 215
cycles, 1, 1, 1
generations, 1, 1, 9
view, 6, 5, 64
shapiro, 3, 2, 2
requirement, 4, 1, 6
catastrophic, 2, 1, 0
frame, 1, 1, 1
islamophobic, 1, 1, 1
accused, 1, 1, 8
merits, 2, 2, 164
desperate, 1, 1, 215
operated, 1, 1, 6
creating, 1, 1, 7
closer, 1, 1, -4
precedents, 1, 1, 12
closet, 3, 3, 5
cheaters, 1, 1, 1
pattern, 1, 1, 1
horribly, 1, 1, 6
bias, 1, 1, 1
tend, 3, 3, 3
favor, 1, 1, 1
state, 22, 12, 597
convince, 1, 1, 1
identification, 1, 1, 6
correctly, 1, 1, 1
horrible, 2, 2, 51
nominees, 1, 1, 1
progress, 2, 1, 164
neither, 5, 5, 22
sabotage, 1, 1, 4
bought, 1, 1, 1
imbalance, 1, 1, 1
derogatory, 1, 1, 23
ability, 3, 3, 9
focus, 3, 3, 3
ignorance, 1, 1, 4
specious, 1, 1, 6
job, 11, 10, 518
approval, 2, 2, 2
nominations, 2, 2, 13
declining, 1, 1, 1
wapo, 1, 1, 41
commands, 1, 1, 1
empathy, 1, 1, 1
limits, 1, 1, -10
career, 1, 1, 52
joke, 2, 2, 42
taking, 4, 4, 348
budgeting, 1, 1, 345
equal, 1, 1, 1
minds, 1, 1, 1
agree, 6, 6, 13
etc, 4, 4, 14
admit, 5, 3, 127
ranked, 2, 2, 2
bachmann, 1, 1, 164
trumps, 1, 1, 1
tactical, 1, 1, 7
swallow, 2, 2, 17
otherwise, 2, 2, 36
comment, 3, 3, 60
detailed, 2, 2, 13
inflammatory, 1, 1, 1
opposition, 1, 1, 6
proberbly, 1, 1, 2
toilet, 1, 1, 8
wall, 2, 2, 40
ca, 13, 12, 162
revamp, 1, 1, 1
laugh, 3, 3, 89
respect, 2, 1, 1
labor, 1, 1, 1
nomination, 9, 8, 15
citizenship, 3, 3, -8
quit, 1, 1, 7
debt, 4, 4, 484
second, 4, 4, 5
addition, 1, 1, 4
decent, 3, 3, 9
ai, 1, 1, 1
liberals, 21, 14, 318
ladles, 1, 1, 1
seasoned, 1, 1, 1
treat, 2, 2, 14
certain, 7, 6, 6
waste, 1, 1, 49
username, 1, 1, 1
glock, 1, 1, 1
diversity, 1, 1, 164
stationed, 1, 1, 1
climate, 1, 1, 2
intelligent, 1, 1, 1
crappy, 1, 1, 1
koolaid, 1, 1, 1
hmm, 1, 1, 345
202016, 1, 1, 1
gun, 1, 1, 7
essentially, 2, 2, 2
present, 1, 1, 6
homes, 1, 1, 7
criminal, 1, 1, 1
harder, 4, 3, 3
examine, 1, 1, 55
value, 6, 5, 10
promotes, 1, 1, 1
owns, 2, 2, 346
balance, 1, 1, 1
ultra, 1, 1, 7
carleton, 1, 1, 1
va, 4, 2, 2
group, 3, 2, 2
almost, 2, 2, 19
thus, 1, 1, 13
surprisingly, 1, 1, 1
helped, 3, 1, 0
examined, 1, 1, 6
incense, 1, 1, 12
dual, 4, 2, 2
vw, 2, 2, 317
ave, 1, 1, 1
iimgurcomvgvsbqxjpg, 1, 1, 1
foreign, 5, 5, -4
musicals, 2, 1, 1
terrorist, 1, 1, 1
perhaps, 3, 3, 42
civilian, 1, 1, 1
conservare, 1, 1, 1
unite, 3, 3, 79
eric, 1, 1, 1
member, 4, 3, 55
chants, 1, 1, 2
largest, 1, 1, 4
underground, 1, 1, 2
party, 25, 17, 615
gets, 4, 3, 3
schill, 1, 1, 1
emanating, 1, 1, 1
hammering, 1, 1, 1
material, 1, 1, 1
http, 12, 11, 353
emotionally, 1, 1, 87
faces, 1, 1, 1
upon, 4, 4, 173
effect, 3, 1, 6
sooner, 1, 1, 1
student, 1, 1, 5
fucked, 1, 1, 1
frequently, 1, 1, 1
identity, 7, 5, 173
pleasantly, 1, 1, 87
paycheck, 1, 1, 26
approve, 3, 3, 1
purposefully, 1, 1, 1
well, 16, 13, 136
fighting, 5, 5, 18
thought, 16, 11, 40
sheer, 1, 1, 5
position, 1, 1, 5
drawing, 1, 1, 1
latest, 2, 2, 33
gallup, 1, 1, 1
negligence, 1, 1, 1
rocket, 1, 1, 1
flesh, 1, 1, 345
claiming, 2, 2, 10
rambled, 1, 1, 7
executive, 3, 2, 6
domestic, 2, 2, 8
obtain, 1, 1, 6
rolled, 1, 1, 1
dose, 1, 1, -15
sources, 5, 4, 77
hauled, 1, 1, -14
skill, 1, 1, 87
thumps, 1, 1, 1
shuttled, 1, 1, 1
point, 13, 12, 363
demographic, 1, 1, 8
upvoted, 1, 1, 1
realize, 6, 5, 16
drew, 1, 1, 1
reasons, 2, 2, 2
book, 3, 3, 11
maintaining, 1, 1, 1
citizen, 12, 5, -6
ado, 2, 2, 7
earnestly, 1, 1, 1
smart, 1, 1, 1
advanced, 1, 1, 1
match, 1, 1, 3
rednecks, 1, 1, 1
increased, 3, 1, 6
government, 19, 14, 43
checking, 1, 1, 1
protesters, 2, 1, 2
cruz, 42, 25, 236
know, 22, 19, 61
press, 1, 1, 4
immediately, 3, 3, 4
fools, 1, 1, -1
tossing, 1, 1, 1
racists, 8, 6, 170
like, 70, 56, 531
lost, 11, 7, 37
clown, 2, 2, 219
loses, 2, 2, 8
girl, 1, 1, 1
lose, 8, 5, 28
become, 3, 3, 54
smellthebumoh, 1, 1, 0
works, 4, 4, 4
page, 1, 1, 41
inexperienced, 1, 1, 0
amendment, 3, 3, 43
gaining, 1, 1, 3
twitter, 3, 3, 3
authority, 3, 3, 85
ideals, 3, 3, 6
shes, 1, 1, 1
convey, 2, 1, 1
home, 3, 2, 34
employment, 1, 1, 1
disrupting, 1, 1, 2
happens, 4, 3, 9
moderates, 2, 2, 9
focused, 2, 2, 7
lead, 1, 1, 3
literally, 5, 4, 5
delaware, 1, 1, 6
lean, 1, 1, 7
markers, 1, 1, 8
discretion, 1, 1, 1
assuming, 1, 1, 1
screwed, 3, 1, 1
speakership, 1, 1, 1
chains, 1, 1, 1
leader, 2, 2, 34
realise, 1, 1, 1
selecting, 1, 1, 1
mitt, 2, 1, 1
ensures, 1, 1, 1
postdebate, 1, 1, 5
pressure, 1, 1, 1
neurosurgeon, 1, 1, 1
petty, 2, 1, 1
trains, 1, 1, 1
although, 1, 1, 125
amnesty, 1, 1, 1
stage, 2, 2, 5
gained, 1, 1, 2
jam, 1, 1, 1
actual, 2, 2, 2
extension, 1, 1, 345
getting, 7, 7, 183
freedom, 3, 3, 44
carrier, 2, 1, 2
midget, 1, 1, 1
pagent, 1, 1, 1
executives, 1, 1, 1
baseless, 1, 1, 4
equally, 2, 2, 2
pragmatism, 1, 1, 1
owe, 1, 1, 8
washington, 1, 1, 1
commitment, 1, 1, 16
billions, 1, 1, 1
loner, 1, 1, 1
weather, 1, 1, 2
tiny, 1, 1, 52
national, 3, 3, 3
registration, 2, 2, 19
coms, 1, 1, 8
forget, 2, 2, 2
mere, 1, 1, 1
eh, 1, 1, 17
1987, 1, 1, 2
repeal, 1, 1, 1
prospects, 1, 1, 1
trenches, 1, 1, 7
noticed, 1, 1, 1
trigger, 1, 1, 9
utopian, 1, 1, 1
suprised, 1, 1, 1
biggest, 4, 4, 13
troubling, 1, 1, 1
breeding, 1, 1, 1
naturally, 2, 2, 2
buy, 5, 4, 12
north, 1, 1, 1
gluten, 5, 4, 4
funds, 3, 2, 7
brand, 1, 1, 2
blaming, 1, 1, 1
administrators, 1, 1, 1
privilege, 1, 1, 1
repeated, 1, 1, 1
gain, 2, 2, 165
courts, 1, 1, 6
highest, 2, 2, 3
bug, 2, 2, 317
count, 4, 4, -12
made, 9, 9, 33
places, 1, 1, 87
whether, 6, 5, 65
wish, 5, 5, 31
variations, 1, 1, 1
incompetent, 1, 1, 1
coughing, 1, 1, 1
record, 6, 6, 118
books, 1, 1, 12
stories, 2, 2, 2
dmv, 1, 1, 1
problem, 6, 6, 77
piece, 4, 4, 86
display, 2, 2, 18
supreme, 8, 7, 41
universal, 1, 1, 10
romney, 1, 1, 1
rightwing, 1, 1, 10
education, 2, 2, 2
campus, 1, 1, 2
visa, 1, 1, 1
champion, 1, 1, 4
compared, 3, 3, 3
incredible, 1, 1, 26
44, 1, 1, 1
boos, 1, 1, 1
offensive, 1, 1, 9
43, 1, 1, 1
40, 2, 2, 371
lately, 1, 1, 1
aclu, 1, 1, 6
branch, 2, 1, 1
incredibly, 1, 1, 1
predominant, 1, 1, 87
troll, 1, 1, 1
oppression, 1, 1, 1
elitists, 1, 1, 164
ultimately, 1, 1, 1
stay, 6, 5, 14
chance, 4, 3, 17
pathways, 1, 1, 1
wind, 1, 1, 1
deter, 2, 1, 6
friends, 4, 3, 217
appoint, 4, 4, 64
defunding, 1, 1, 5
bolton, 1, 1, 1
rule, 3, 3, 3
pandering, 4, 4, 11
compete, 1, 1, 2
ideological, 3, 3, 3
uneducated, 1, 1, 7
lives, 4, 2, 2
baked, 1, 1, 1
irony, 1, 1, 10
