Word, Frequency, Comment Frequency, Net Score
clamoring, 2, 2, 15
whoops, 1, 1, 3
child, 6, 5, -19
erexia, 1, 1, 2
hitch, 1, 1, 7
protest, 1, 1, 2
sleep, 1, 1, 3
spiders, 1, 1, 10
cervical, 1, 1, -34
hating, 1, 1, -5
homeschooling, 1, 1, 1
hate, 6, 6, 36
poorly, 1, 1, 5
michele, 1, 1, 0
senseoh, 1, 1, -2
pointing, 2, 2, 94
inb4, 2, 2, 25
disability, 1, 1, -1
neighbours, 1, 1, 2
opener, 1, 1, 2
voted, 1, 1, 2
tenacity, 1, 1, 2534
sorry, 3, 3, 7
heda, 1, 1, 6
aiden, 1, 1, 1
file, 1, 1, 1
exempt, 1, 1, 1
pages, 2, 2, 12
oceans, 1, 1, 2
suggesting, 1, 1, -7
every, 14, 13, 243
confederate, 2, 2, 9
cunnalinguist, 1, 1, 19
screaming, 1, 1, 1
tickets, 1, 1, 23
printscreening, 1, 1, 1
school, 7, 7, 51
prize, 1, 1, 1
supports, 1, 1, 1
commenter, 1, 1, -23
companies, 4, 3, 1259
solution, 3, 3, 14
unemployable, 1, 1, 2
convenience, 1, 1, 1
pisspot, 1, 1, 2
socialist, 10, 9, 39
clothes, 2, 2, 14
enjoy, 1, 1, 23
10k, 1, 1, 1
bill, 2, 1, 1
force, 3, 3, -27
voila, 1, 1, 1
corvette, 1, 1, 1
punchable, 1, 1, 20
consistent, 1, 1, 11
hanging, 3, 3, 16
mail, 1, 1, 1
japanese, 3, 3, 9
nooooot, 1, 1, 1
likely, 2, 1, 10
street, 10, 8, -28
7th, 1, 1, 2
n, 3, 3, 11
machines, 2, 2, 24
monster, 1, 1, 4
blue, 3, 3, 15
neo, 2, 1, 11
hide, 4, 4, 243
christ, 4, 4, 1216
ayce, 1, 1, 49
arachnologist, 1, 1, 10
near, 1, 1, 277
poison, 1, 1, 16
lights, 1, 1, -40
en, 1, 1, 17
bleep, 1, 1, 3
new, 9, 7, 81
tips, 1, 1, 4
ever, 9, 9, 245
noga, 1, 1, 64
abygail, 1, 1, 49
told, 6, 6, 76
deemed, 1, 1, -40
1130, 1, 1, 4
hero, 3, 2, 22
sisde, 1, 1, 4
never, 19, 18, 1378
disposable, 1, 1, 14
met, 1, 1, 3
china, 5, 4, 38
rfacepalmfacepalms, 2, 2, 50
100, 3, 3, 98
101, 1, 1, 4
buddy, 1, 1, 11
culling, 1, 1, 25
mitchell, 1, 1, 2
employees, 3, 3, 118
changed, 2, 2, 23
bro, 1, 1, 1
eh, 1, 1, 5
credit, 2, 2, 454
crap, 1, 1, 1
her_, 1, 1, 2
wwwgooglecomsearch, 1, 1, 5
smoke, 1, 1, 8
rise, 1, 1, 1
military, 1, 1, 6
apart, 1, 1, 0
joshua, 1, 1, 4
besides, 1, 1, 85
campaign, 1, 1, 12
godmother, 1, 1, 16
schooling, 1, 1, 20
brought, 7, 6, 6
visible, 2, 2, 120
geico, 1, 1, 12
assaults, 1, 1, 8
sarah, 1, 1, 1
charge, 2, 2, 5
dna, 1, 1, 2
would, 56, 50, 944
catchy, 1, 1, 2
hospital, 4, 3, 10
indians, 1, 1, 4
arms, 1, 1, 6
elahmenopee, 1, 1, 43
call, 8, 8, 33
therefore, 1, 1, 2
tryin, 1, 1, 7
type, 3, 3, 136
opensource, 1, 1, 4
breathe, 1, 1, 6
fridgefreezer, 1, 1, 3
females, 1, 1, -40
posting, 6, 5, 95
holy, 4, 4, 15
successful, 1, 1, 2
bullshitting, 1, 1, 9
haha, 3, 3, 29
wars, 3, 3, 13
hurt, 1, 1, 5
99, 4, 4, 36
phone, 13, 11, 165
connecticut, 2, 2, 3
jpg, 1, 1, 2
90, 5, 5, -3
ward, 1, 1, 4
hold, 4, 4, 54
outdated, 1, 1, 1
blocking, 1, 1, 2
must, 3, 3, 44
locked, 1, 1, 23
room, 3, 3, 11
ml, 1, 1, 84
work, 12, 12, 208
roof, 1, 1, 2
theories, 1, 1, 9
movies, 1, 1, 10
era, 1, 1, -7
example, 1, 1, 15
bearwell, 1, 1, 3
give, 10, 10, 96
florida, 1, 1, 277
dragons, 1, 1, 3
deer, 1, 1, 2
ygs, 1, 1, 0
want, 17, 16, 99
keep, 4, 4, 45
advancing, 1, 1, -5
sexually, 1, 1, 16
hoe, 1, 1, 64
end, 5, 4, 28
turn, 3, 3, 4
song, 2, 2, 6
nuts, 4, 4, 10
theaters, 1, 1, 5
stupidity, 2, 2, 2
answer, 3, 3, -32
disappoint, 1, 1, 0
microwave, 2, 2, 9
charging, 1, 1, 1
palin, 1, 1, 1
vytautas, 1, 1, 1
fever, 1, 1, 1
dumbs, 1, 1, 63
horoscope, 1, 1, 2
wrong, 8, 8, 702
marriage, 1, 1, 6
president, 4, 4, 26
law, 2, 2, 16
extortion, 2, 1, 20
las, 1, 1, 6
third, 2, 2, 7
sets, 1, 1, 3
ulein, 1, 1, 3
dealer, 1, 1, 14
appreciate, 1, 1, 6
deutsche, 1, 1, 1
alias, 1, 1, 8
shocker, 1, 1, 4
funniest, 2, 2, 364
ultimate, 1, 1, 5
keeps, 1, 1, 131
ellison, 1, 1, 4
worst, 1, 1, 16
reposts, 2, 1, 63
order, 3, 3, 29
infested, 1, 1, 1
feedback, 2, 1, 4
office, 3, 3, 22
wut, 1, 1, 1
wanking, 1, 1, 1
fall, 4, 3, 1
underside, 1, 1, 0
keyboard, 1, 1, 8
scalia, 2, 2, 16
partisans, 1, 1, 2
pharma, 1, 1, 4
fit, 2, 2, 68
somewhere, 4, 4, 22
fix, 1, 1, 5
avocado, 3, 3, 75
imo, 1, 1, 63
better, 10, 9, 75
fade, 2, 2, 1053
carve, 1, 1, 5
weeks, 1, 1, -2
easier, 2, 2, 2
overcome, 1, 1, 11
eventually, 5, 5, 85
facists, 2, 2, 0
powerful, 1, 1, 4
safe, 3, 2, -36
roosh, 1, 1, 5
effects, 2, 1, -23
schools, 1, 1, -3
one, 50, 46, 663
bank, 1, 1, 1
embarrassed, 2, 2, 14
rhetoric, 2, 1, -2
grammar, 1, 1, 2
meat, 1, 1, 2
potatoes, 1, 1, 3
alternately, 1, 1, 63
slavery, 6, 3, 7
rocks, 2, 1, 17
explode, 1, 1, 6
faceplam, 1, 1, 5
herhe, 1, 1, 3
totalitarians, 1, 1, -2
went, 7, 7, 81
entitled, 1, 1, -2
side, 19, 14, -39
mean, 11, 11, 31
financial, 1, 1, 239
fairly, 1, 1, 8
series, 1, 1, 1
spider, 1, 1, 1
worded, 1, 1, 5
vote, 7, 7, 39
taught, 1, 1, 2
forgot, 1, 1, 1
navy, 1, 1, 22
logo, 1, 1, 3
minchin, 1, 1, 5
message, 2, 2, 24
hurts, 1, 1, 7
gon, 1, 1, 4
network, 3, 3, 16
driving, 3, 3, 292
god, 12, 11, 102
ha, 1, 1, 8
disclaimer, 1, 1, 5
whoosh, 1, 1, 2
content, 3, 3, 62
medicine, 4, 4, 4
got, 29, 26, 2983
hooker, 1, 1, 13
ro, 1, 1, 1
gop, 1, 1, 131
foundation, 1, 1, 4
halfdrunk, 1, 1, 8
working, 5, 5, -4
turning, 1, 1, 8
dares, 1, 1, 3
written, 1, 1, 86
tops, 1, 1, 1
given, 3, 3, -7
free, 6, 5, 96
standard, 1, 1, 1
forcibly, 1, 1, 4
estimate, 1, 1, 3
wanted, 4, 4, 10
chlorine, 2, 2, 9
silent, 1, 1, 4
dammit, 1, 1, 2
horseshit, 1, 1, 1
starts, 1, 1, 1
days, 6, 6, 30
messagecompose, 1, 1, 3
flawless, 1, 1, 2
reprimanded, 1, 1, 5
heck, 1, 1, 3
moving, 1, 1, 2
inbred, 1, 1, 277
fuckin, 2, 2, 10
purpose, 1, 1, 2
iimgurcomkpwbwlrjpg, 1, 1, 1
already, 6, 6, 1065
theladbible, 1, 1, 6
grade, 1, 1, 2
detailing, 1, 1, 13
hook, 3, 2, 3
another, 7, 7, 293
scissors, 1, 1, 9
mervyn, 2, 2, 59
seizures, 1, 1, -23
iimgurcom3pchbqcpng, 1, 1, 33
toy, 1, 1, 1
activities, 1, 1, 4
misusing, 1, 1, 1
families, 1, 1, 12
sarcasm, 1, 1, 3
top, 2, 2, 5
girls, 4, 4, 81
bitcoin, 4, 3, 530
needed, 4, 4, 45
girli, 1, 1, 13
phones, 2, 2, 6
hundred, 1, 1, 5
legs, 1, 1, 6
40th, 1, 1, -1
dogs, 1, 1, 3
outways, 1, 1, 1
ceiling, 1, 1, 10
murder, 1, 1, 36
collapse, 1, 1, 20
chicasaw, 2, 1, 4
typing, 1, 1, 1
meltdowns, 1, 1, 11
took, 13, 13, 643
western, 1, 1, 2
sticker, 6, 6, 53
spoiler, 1, 1, 0
anxiety, 1, 1, 0
showed, 5, 5, 65
nominate, 3, 2, 112
juggalo, 1, 1, 8
database, 1, 1, 4
heshe, 1, 1, 1
second, 6, 6, 13
packed, 1, 1, 1
ebay, 1, 1, 239
shower, 1, 1, 4
matter, 5, 4, 15
guilt, 1, 1, 2
speaking, 2, 2, 5
iron, 1, 1, -2
feeling, 1, 1, 10
powers, 2, 2, 0
fashion, 1, 1, 1
ran, 1, 1, 20
modern, 1, 1, 27
mind, 6, 6, 74
mine, 4, 4, 15
elevating, 1, 1, 22
return, 1, 1, 5
talking, 1, 1, 1
rat, 1, 1, 1
1987260, 1, 1, 4
manner, 1, 1, 16
rap, 1, 1, 3
seen, 15, 14, 440
seem, 3, 3, 5
obviously, 8, 7, 1036
countrythen, 1, 1, 1
tells, 2, 2, 8
traditionally, 1, 1, 17
thornton, 1, 1, 5
responsible, 2, 2, 13
solviet, 1, 1, 1
2gb, 1, 1, 8
chest, 1, 1, 7
instructs, 1, 1, 1
amusing, 1, 1, 2
laughed, 1, 1, 2
even, 28, 27, 371
gravy, 1, 1, 3
nobody, 1, 1, 1
though, 15, 15, 37
iceland, 1, 1, 1
mashed, 2, 2, 4
651amp, 1, 1, 5
regular, 1, 1, 19
germany, 3, 3, 19
cvv3qq3wjc8, 1, 1, 2
exercises, 2, 1, 22
coil, 1, 1, 17
hortons, 3, 3, 2
coin, 1, 1, 5
germans, 1, 1, 2
singer, 1, 1, -2
clearance, 1, 1, 8
observation, 1, 1, 5
medical, 2, 2, 20
dog, 7, 6, 32
swamp, 1, 1, 5
iimgurcom6zstvmljpg, 1, 1, 263
points, 1, 1, 3
aunt, 2, 2, 8
breathed, 1, 1, 1
shrekli, 1, 1, 3
consumes, 1, 1, 10
came, 4, 4, 10
saying, 12, 11, 14
bomb, 1, 1, 2
overpriced, 1, 1, 143
etiquette, 1, 1, 4
lewis, 1, 1, 3
meetings, 1, 1, 5
queen, 1, 1, 6
waitstaff, 1, 1, 3
nominated, 1, 1, 60
subreddit, 1, 1, 13
pops, 1, 1, 2
implying, 1, 1, -3
doubleplus, 1, 1, 4
participate, 1, 1, 1
keywords, 1, 1, 4
finally, 1, 1, 0
linked, 1, 1, 3
painfully, 1, 1, 1
became, 2, 2, 561
headline, 2, 2, 3
situations, 2, 1, -40
explain, 1, 1, 4
cpu, 2, 1, 2
appreciated, 1, 1, 6
theme, 1, 1, 3
600000, 1, 1, 6
touched, 1, 1, 1
rich, 2, 2, 6
slaving, 1, 1, 21
spartanburg, 1, 1, 4
wearing, 1, 1, 23
yee, 4, 2, 10
de, 1, 1, 11
watch, 6, 5, 25
da, 1, 1, 6
1941, 1, 1, 2
12, 8, 8, 106
vaccinations, 2, 1, 11
ickyest, 1, 1, 9
report, 1, 1, 63
impractical, 1, 1, 1
dr, 1, 1, 4
unfortunately, 1, 1, 10
randal, 1, 1, 2
hall, 2, 2, 2
earn, 1, 1, 1
bar, 1, 1, 4
countries, 2, 2, 5
nicely, 1, 1, 6
officially, 2, 2, 3
idiotic, 1, 1, 1
twice, 3, 2, 11
bad, 11, 11, 2543
disney, 1, 1, 39
shots, 1, 1, 16
boring, 1, 1, 2
release, 4, 4, 951
linguist, 1, 1, 5
steal, 1, 1, 4
ears, 1, 1, 8
attest, 1, 1, -1
fair, 3, 3, 17
habit, 1, 1, 10
nut, 1, 1, 443
1960s, 2, 1, 4
observed, 1, 1, 5
decided, 1, 1, 6
corrupt, 1, 1, -1
simultaneously, 1, 1, -2
best, 8, 5, 112
brazil, 1, 1, 86
said, 18, 18, 1470
lots, 1, 1, 2
away, 8, 8, 1515
gentleman, 5, 5, 12
shaved, 1, 1, 2
mud, 3, 3, 10
unable, 1, 1, -40
features, 1, 1, 4
props, 1, 1, 330
mum, 1, 1, 16
rwhiteknighting, 1, 1, 56
sorts, 1, 1, 239
repost, 3, 3, -15
approach, 2, 2, 26
wage, 2, 2, 4
reddit, 12, 11, 100
men, 13, 7, -5
terms, 2, 2, 4
loves, 2, 2, 4
nationwide, 1, 1, 1
rims, 1, 1, 4
wo, 1, 1, 2
confusion, 1, 1, 2
schooled, 1, 1, 17
weak, 1, 1, 11
however, 5, 5, 16
terme, 1, 1, 2
wear, 3, 2, -4
wtf, 1, 1, 15
dedication, 1, 1, 1
news, 2, 2, 3
intelligent, 2, 2, 18
dumbed, 1, 1, 63
kitchen, 1, 1, 1
suggested, 2, 2, 61
protect, 2, 2, 9
airflow, 1, 1, 17
cow, 1, 1, 8
country, 13, 12, 118
menu, 1, 1, 5
papyrus, 2, 2, 33
damned, 1, 1, 2
games, 1, 1, 25
planned, 1, 1, 2
lookin, 1, 1, 0
advisers, 1, 1, 239
threads, 1, 1, 3
asked, 5, 5, 382
con, 2, 2, 18
suggest, 1, 1, 2
tone, 1, 1, 21
character, 1, 1, 25
rednecks, 1, 1, 6
downloadmoreramcom, 1, 1, 1
lovehate, 1, 1, 19
tons, 1, 1, 1052
initiative, 1, 1, 4
false, 4, 4, -34
trust, 1, 1, 9
hitler, 14, 9, 70
speak, 2, 2, 6
iimgurcomztzo2esgif, 1, 1, 0
iraq, 1, 1, 1
proceeded, 1, 1, 7
chrome, 1, 1, 1
tattoos, 1, 1, 5
ya, 1, 1, 1
three, 3, 3, 281
backlash, 1, 1, 0
submarine, 2, 2, 2
much, 16, 16, 525
warmth, 1, 1, -2
website, 1, 1, 4
life, 10, 10, 1332
victorville, 1, 1, 10
hospitalization, 1, 1, 7
attacked, 1, 1, -40
drugs, 4, 2, 11
republicans, 1, 1, 2
worker, 1, 1, 2
locations, 1, 1, -40
kids, 18, 10, 85
personally, 1, 1, 10
catch, 1, 1, 63
worked, 4, 4, 6
doth, 1, 1, 2
spin, 1, 1, 5
cunt, 1, 1, 1
typeos, 1, 1, 2
exception, 2, 2, 42
save, 6, 6, 608
emails, 1, 1, 0
publicly, 1, 1, 4
originate, 1, 1, 4
kentucky, 4, 2, 95
air, 3, 3, 6
strangest, 1, 1, 60
ugly, 3, 3, 4
lizard, 1, 1, 3
suppose, 1, 1, 15
surprised, 3, 3, 11
leaves, 1, 1, 1
visit, 1, 1, 39
voice, 2, 2, 3
tellers, 1, 1, 21
elaborate, 1, 1, 443
mistake, 4, 4, 8
bin, 1, 1, 5
mexico, 3, 3, 23
iq, 1, 1, 3
ip, 2, 1, 5
defeated, 1, 1, -1
shame, 2, 2, 1061
cant, 1, 1, 4
tissue, 1, 1, 7
im, 1, 1, 10
hilter, 1, 1, 2
guevara, 1, 1, -2
inscrutable, 1, 1, 1
ie, 1, 1, 443
id, 1, 1, 17
grown, 1, 1, 8
bottles, 2, 2, 143
mouthbreather, 1, 1, 16
patent, 1, 1, 2
things, 10, 10, 130
make, 25, 24, 3032
wound, 1, 1, 6
doofus, 1, 1, 2
clearly, 3, 3, 18
meetup, 1, 1, 33
complex, 1, 1, 12
babies, 1, 1, 1
plates, 1, 1, 1
several, 1, 1, 3
grows, 1, 1, 9
analysts, 1, 1, 22
meets, 3, 2, 12
commonsense, 1, 1, 4
blames, 1, 1, -23
social, 5, 5, 95
hang, 2, 2, 4
evil, 1, 1, 1
hand, 6, 6, 139
imgurcomtqkpuc7jpg, 1, 1, 71
antisurface, 1, 1, 22
redneck, 8, 7, 16
jealous, 1, 1, 4
homeschooled, 2, 2, 38
opportunity, 1, 1, 1
kid, 5, 5, 84
kept, 1, 1, 2
programs, 1, 1, 2
suffering, 1, 1, 15
tho, 4, 4, -37
rtumblrinaction, 1, 1, 0
contact, 3, 3, 5
mother, 2, 2, 0
theyroll, 1, 1, 1
camps, 1, 1, 154
corporate, 1, 1, 1
left, 6, 6, 118
opinions, 4, 3, 15
birth, 2, 1, 1
photo, 4, 3, 41
laptop, 1, 1, 8
rotated, 1, 1, 3
awesomeone, 1, 1, 8
hillbilly, 1, 1, 7
ideas, 1, 1, 4
disguise, 1, 1, 11
financially, 1, 1, 12
thanks, 3, 3, 7
human, 4, 3, 156
sttfa, 1, 1, 1
yes, 7, 6, 0
32, 1, 1, 1
yet, 6, 6, 63
impending, 1, 1, 11
previous, 1, 1, 2
cervix, 2, 1, -34
boysenberry, 2, 2, 28
magically, 1, 1, 1
candidate, 3, 3, 137
sciences, 1, 1, -1
niggers, 1, 1, 2
ease, 1, 1, 2
relatives, 1, 1, 14
wedding, 1, 1, 1
belongs, 1, 1, 56
board, 1, 1, 1
easy, 3, 3, 53
prison, 1, 1, -2
5g, 1, 1, 12
hairless, 1, 1, 1
gave, 6, 6, 32
insensitive, 1, 1, 2
melting, 1, 1, 2
breaks, 1, 1, -2
possible, 5, 5, 157
arab, 3, 1, 5
possibly, 1, 1, 27
bastards, 3, 3, 10
nationalists, 1, 1, 2
imbeciles, 1, 1, 20
performance, 3, 3, 13
govt, 1, 1, 1
poser, 1, 1, 5
unique, 1, 1, 60
328, 1, 1, 14
mervyns, 1, 1, 2
shoulder, 1, 1, 48
dignity, 1, 1, 3
rustle, 1, 1, 8
contradict, 1, 1, 35
57, 1, 1, 4
hunt, 1, 1, 8
50, 1, 1, 84
securities, 1, 1, 20
offices, 1, 1, 2
night, 7, 6, -4
security, 1, 1, 14
webb, 1, 1, 2
beneficial, 1, 1, 17
right, 28, 27, 234
old, 7, 7, 1234
ole, 1, 1, 2
deal, 3, 3, 12
people, 87, 73, 1043
sends, 1, 1, 0
crown, 2, 2, 8
somehow, 1, 1, 5
dead, 7, 6, 74
born, 3, 2, -10
donald, 3, 3, 23
fingering, 1, 1, 2
choctaw, 2, 1, 4
paragraphs, 1, 1, 1
guess, 4, 4, 11
exists, 1, 1, -40
adorably, 1, 1, 4
ignore, 1, 1, 14
tracked, 1, 1, 2
bottom, 4, 4, 108
carts, 1, 1, 56
normal, 1, 1, 0
comments, 5, 5, 15
everything, 7, 7, 156
cnd, 1, 1, 3
asking, 2, 2, 13
cnc, 1, 1, 19
steps, 1, 1, 1
yeeyee1, 2, 2, 52
displayed, 1, 1, 13
officer, 1, 1, 5
pls, 1, 1, 1
bold, 2, 2, 11
dunkin, 2, 1, 1
deleted, 5, 5, 5
tour, 1, 1, 11
constructive, 1, 1, 4
protagonist, 2, 1, 4
phew, 1, 1, 92
losing, 3, 3, 455
post, 26, 23, 1272
super, 2, 2, 3
jerkin, 1, 1, 1
oreo, 1, 1, 2
yelling, 1, 1, 5
intentions, 1, 1, 4
conceal, 1, 1, 22
months, 3, 3, 2
homeopathy, 2, 2, 148
misleading, 1, 1, 4
connected, 1, 1, 549
slightly, 2, 2, 3
bath, 2, 2, 9
trafficker, 1, 1, 16
whats, 1, 1, 1
subs, 1, 1, 2
presence, 1, 1, 22
civil, 1, 1, -7
pays, 1, 1, 8
son, 2, 2, 50
respectable, 1, 1, 1052
eyesor, 1, 1, 6
donated, 1, 1, 2
raises, 1, 1, 2
wrap, 1, 1, 11
semiretarded, 1, 1, 8
murderers, 1, 1, -40
communists, 3, 3, 0
wan, 2, 2, 40
peoples, 2, 2, 14
support, 2, 2, 64
initial, 1, 1, 21
liquidated, 1, 1, 56
class, 2, 2, 4
fucking, 22, 21, 1025
fought, 1, 1, -2
way, 19, 18, 779
ormus, 1, 1, 1
war, 6, 6, 8
happy, 3, 3, 3
head, 6, 6, 15
form, 2, 2, -4
diligence, 1, 1, 2534
sighn, 1, 1, 11
humiliated, 1, 1, -1
taken, 2, 2, 5
allopathy, 1, 1, -23
uncle, 1, 1, 8
elderly, 1, 1, 12
removed, 2, 2, 13
true, 15, 15, 362
handily, 1, 1, 20
responding, 1, 1, 1052
isis, 3, 3, 16
streaming, 1, 1, 8
inside, 11, 10, 21
morning, 1, 1, 1
fathers, 1, 1, 154
tell, 9, 9, 192
cancers, 1, 1, 16
smashed, 1, 1, 1
emotional, 1, 1, 10
propaganda, 3, 3, 12
delete, 2, 2, 4
idocracy, 1, 1, 5
proud, 1, 1, 2
liberal, 2, 2, -21
hypothetically, 1, 1, 443
proven, 1, 1, 3
evidence, 1, 1, 2
qwerty, 1, 1, 40
exist, 1, 1, -1
violence, 1, 1, 3
ship, 1, 1, 0
annoying, 1, 1, 1
check, 7, 7, 415
shit, 31, 29, 2014
physical, 2, 2, 18
discriminate, 1, 1, 38
dying, 2, 2, 14
floor, 1, 1, 10
na, 3, 3, 44
nb, 1, 1, 2
generally, 5, 5, -18
actor, 1, 1, 12
reality, 2, 2, 33
til, 6, 6, 24
tim, 10, 8, 17
nz, 1, 1, 1
interested, 2, 2, 10
republic, 2, 2, 330
creep, 1, 1, 16
holding, 2, 2, 61
tie, 1, 1, 1
marxism, 1, 1, 1
realize, 6, 5, 31
picture, 10, 10, 76
sling, 1, 1, 5
surprise, 2, 2, 11
databases, 1, 1, 5
primed, 1, 1, 1
update, 2, 2, 20
segregating, 1, 1, 2
parenthood, 1, 1, 2
outback, 1, 1, 4
muslims, 1, 1, 59
sinead, 1, 1, -1
skeeter, 1, 1, 1
died, 5, 5, 221
lapostrophena, 1, 1, 25
younger, 1, 1, 0
regime, 1, 1, -7
longer, 3, 3, 11
stickyest, 1, 1, 9
assume, 2, 2, 3
flag, 8, 7, 80
together, 5, 5, 18
beds, 1, 1, 2
d02fmnb, 1, 1, 1
time, 28, 26, 247
n1, 1, 1, 7
stacks, 2, 2, 9
profits, 2, 2, 2
slope, 1, 1, 2
whoever, 1, 1, 6
global, 1, 1, 11
baited, 1, 1, 6
leads, 1, 1, 1
mild, 1, 1, -4
supplement, 1, 1, 16
ice, 1, 1, 4
grateful, 1, 1, 2
battle, 1, 1, 5
chair, 2, 2, 2
milk, 1, 1, 1
supposedly, 1, 1, 43
bitter, 1, 1, 0
shkreli, 13, 11, 1112
show, 5, 4, 37
father, 1, 1, 7
disgusting, 1, 1, 2
suspending, 1, 1, 1
environment, 1, 1, 2
0, 2, 2, 29
ved, 1, 1, 5
marks, 1, 1, 1
subtletvcom_r462ojh, 1, 1, 1
circumstances, 1, 1, 23
shoot, 1, 1, 23
string, 1, 1, 15
towl, 1, 1, 1
unfamiliar, 1, 1, 11
choice, 1, 1, 1052
tanks, 1, 1, 4
advised, 1, 1, -7
cook, 1, 1, 5
word, 3, 3, 99
trouble, 2, 2, -54
exact, 3, 3, 45
minute, 1, 1, 35
cool, 2, 2, 265
dating, 1, 1, 1
scandinavia, 1, 1, 3
impressive, 1, 1, 1
level, 3, 3, 15
turns, 1, 1, 10
posts, 3, 3, 74
gun, 2, 2, 25
leave, 4, 4, 28
solved, 1, 1, 3
settle, 1, 1, 30
hittin, 1, 1, 1
team, 1, 1, 3
sloths, 1, 1, 4
guy, 29, 26, 373
added, 1, 1, 2
shave, 1, 1, 10
fteenthousand, 1, 1, 1
blade, 1, 1, 5
says, 6, 6, 26
pms, 1, 1, 4
trend, 1, 1, 17
dealing, 1, 1, -40
feral, 1, 1, 3
sign, 2, 2, 25
invaded, 1, 1, -2
cost, 4, 4, 23
eating, 1, 1, 239
bacteria, 1, 1, 1
rapist, 1, 1, -40
stands, 3, 3, 16
heres, 1, 1, 5
assistance, 2, 1, -1
shares, 1, 1, 16
uniform, 2, 2, 6
wolfe, 2, 2, 26
suspect, 1, 1, 1
goes, 4, 4, 12
shared, 3, 3, 9
falling, 1, 1, 8
boost, 1, 1, 1
filled, 1, 1, 0
railroading, 1, 1, 1
supporting, 1, 1, 38
processing, 1, 1, 1
bandwagon, 1, 1, 29
neeeever, 1, 1, 1
learn, 1, 1, 4
french, 7, 6, 29
water, 10, 10, 349
downloaded, 3, 3, 42
upgrade, 1, 1, 1
alone, 1, 1, 13
along, 3, 3, 47
teaches, 1, 1, -1
teacher, 2, 2, 16
change, 2, 2, 335
wait, 6, 6, 35
box, 1, 1, 9
boy, 2, 2, 247
dec, 1, 1, 2
canadian, 1, 1, 0
brilliant, 1, 1, 17
omgthis, 1, 1, 3
diagnosed, 1, 1, -23
usually, 1, 1, 5
priceless, 1, 1, 9
bob, 1, 1, 5
engineer, 1, 1, 9
teenage, 1, 1, 1
love, 12, 11, 86
humour, 1, 1, -4
extra, 4, 2, 5
inducing, 1, 1, 4
himher, 1, 1, 1
sincerely, 1, 1, 1
frankly, 1, 1, 2
fake, 4, 4, 0
embarrassing, 2, 2, 17
rarely, 2, 2, 20
market, 4, 3, 16
everybody, 1, 1, 2
troops, 2, 2, -1
handbags, 1, 1, 13
prove, 2, 2, 3
sake, 1, 1, 0
positive, 1, 1, 1
angry, 1, 1, 9
dude, 11, 11, 1320
boyies, 1, 1, 2
live, 6, 6, 99
jam, 1, 1, 23
iphone, 1, 1, 1
https, 42, 30, 256
flaunting, 1, 1, -40
films, 1, 1, 10
thru, 1, 1, -40
yall, 1, 1, 2
today, 5, 5, 26
sharing, 1, 1, 2
xo6nuk0uha, 1, 1, -2
afford, 2, 2, 15
validity, 1, 1, -1
chocolate, 3, 2, 17
ignorant, 1, 1, 2
englishfrench, 1, 1, 5
cases, 1, 1, 1
effort, 1, 1, 6
behalf, 1, 1, 3
fly, 3, 3, 11
tobacco, 1, 1, 4
preponderance, 1, 1, 4
douche, 2, 2, 45
wouldnt, 1, 1, 5
avoiding, 1, 1, 2
originally, 1, 1, 0
netflix, 1, 1, 1
flu, 3, 2, 8
soul, 1, 1, -5
believes, 2, 2, 44
reviews, 1, 1, 17
commie, 1, 1, 8
sheda, 1, 1, 6
following, 3, 3, 77
making, 7, 7, 94
trans, 1, 1, -34
nearest, 1, 1, 1
dedicated, 1, 1, 13
trump, 14, 13, 130
figure, 3, 3, -3
awesome, 2, 2, 9
negro, 1, 1, 4
fuck, 16, 16, 220
plagiarising, 1, 1, 6
heard, 6, 6, 158
fortunes, 1, 1, 3
allowed, 7, 5, 29
stole, 1, 1, 1
occur, 1, 1, 10
monitoring, 1, 1, 4
fuming, 1, 1, 1
discussion, 1, 1, 5
links, 1, 1, 3
adelaide, 1, 1, 1
1, 13, 10, 102
till, 1, 1, -40
lucked, 1, 1, 1
pure, 2, 2, 4
grossed, 1, 1, 8
absolute, 1, 1, 5
lighten, 1, 1, 0
economy, 1, 1, 2
map, 1, 1, 2
snaps, 1, 1, 5
information, 5, 5, 19
may, 9, 9, 941
max, 2, 1, 10
southern, 2, 2, 47
birthday, 1, 1, 8
mad, 4, 3, -25
imgurcomw9mgql0, 1, 1, 15
guys, 7, 7, -12
avengers, 1, 1, 4
man, 24, 21, 1145
wwwyoutubecomwatch, 9, 9, 12
natural, 1, 1, 25
neck, 1, 1, 2
liquid, 1, 1, 0
joint, 3, 3, -3
whenever, 1, 1, 63
maybe, 12, 12, 369
wheelchair, 1, 1, 9
quot, 8, 1, 4
su, 1, 1, 1
q, 1, 1, 5
switch, 1, 1, 3
jail, 1, 1, 5
african, 1, 1, 10
sc, 1, 1, 4
sa, 1, 1, 5
increase, 1, 1, 1
tutoring, 1, 1, 17
impactful, 1, 1, 20
imagining, 1, 1, 3
cute, 1, 1, 5
bush, 1, 1, 1
shoes, 1, 1, 1
east, 1, 1, 2
indeed, 2, 2, 2
epilepsy, 1, 1, -23
ugreypoweroz, 1, 1, 239
unacceptable, 1, 1, -40
tip, 1, 1, 263
years, 11, 9, 46
course, 6, 6, 13
lyric, 1, 1, 8
statistical, 1, 1, 4
cuts, 1, 1, 19
kanye, 7, 5, 275
cold, 1, 1, 0
still, 10, 10, 57
ferd, 1, 1, 1
1830, 1, 1, 4
police, 5, 3, 7
thank, 4, 4, 349
torn, 1, 1, -1
interesting, 2, 2, 2
inferior, 1, 1, 38
troubles, 1, 1, 30
amazing, 2, 2, 14
bloop, 1, 1, 3
platform, 1, 1, 4
window, 4, 4, 10
offers, 1, 1, 4
farmer, 1, 1, 4
policy, 1, 1, 95
main, 2, 2, 2
texas, 2, 2, 4
happened, 2, 2, 3
smarter, 3, 3, 22
killer, 1, 1, -40
processes, 1, 1, 63
sarcastic, 1, 1, 31
nation, 3, 3, 5
underneath, 1, 1, 1
boats, 1, 1, 22
pmmeyourtits, 1, 1, 8
half, 2, 2, 20
feature, 1, 1, 1
discuss, 1, 1, -40
teller, 1, 1, 21
wagon, 2, 2, 102
term, 3, 3, 34
equality, 3, 2, 8
name, 19, 18, 97
ahs, 1, 1, 5
chockfull, 1, 1, 1
drop, 1, 1, 5
subaru, 1, 1, 4
chuckles, 1, 1, 1
bursts, 1, 1, 4
realise, 2, 2, 8
rock, 1, 1, 26
entirely, 1, 1, 16
liberating, 1, 1, 1
turtle, 1, 1, 36
domain, 1, 1, 4
square, 1, 1, 4
fired, 1, 1, 39
challenged, 3, 2, 4
eg, 1, 1, -1
yeah, 9, 9, 196
challenges, 1, 1, 25
fires, 1, 1, 22
preaching, 1, 1, 2
year, 10, 10, 1303
eu, 2, 2, 19
happen, 3, 3, 311
worried, 1, 1, 3
plans, 3, 3, 44
troll, 10, 10, 597
living, 8, 7, 56
jackson, 1, 1, 43
rude, 2, 2, 5
space, 5, 5, 36
tensions, 1, 1, 1
irony, 1, 1, 1
pedophile, 1, 1, 1
kenm, 1, 1, 17
looking, 4, 4, 74
seriously, 6, 6, 56
miles, 1, 1, 4
trauma, 1, 1, 10
rational, 1, 1, 1
internet, 7, 6, 1342
preface, 1, 1, 4
formula, 1, 1, 7
correct, 1, 1, 2
shows, 1, 1, 8
shithead, 1, 1, -1
earlier, 1, 1, 0
theory, 4, 4, 26
existed, 1, 1, 4
cars, 3, 3, 10
million, 3, 3, 244
dominated, 1, 1, 4
cart, 1, 1, 1
quite, 6, 6, 146
narxgxedlzs, 1, 1, 1
crazies, 1, 1, 2
rebel, 2, 2, 15
carl, 1, 1, 12
grandma, 1, 1, 0
homeopathic, 2, 2, -22
closedminded, 1, 1, 5
inevitable, 1, 1, 43
card, 2, 2, 12
care, 9, 7, 71
rcringepics, 2, 2, 3
brasil, 1, 1, 86
discussing, 1, 1, 26
fb, 3, 3, 11
british, 2, 2, -3
honest, 2, 2, 89
thing, 20, 20, 651
place, 4, 4, 8
massive, 2, 2, 21
512, 1, 1, 12
star, 2, 2, 18
think, 34, 30, 580
first, 14, 14, 48
blind, 1, 1, 5
constantly, 1, 1, 11
guessing, 1, 1, 3
xd, 2, 2, 2
multibillion, 1, 1, 20
americans, 2, 2, 60
nodak, 1, 1, 2
directly, 2, 2, -40
carry, 2, 2, 6
corporations, 1, 1, 4
sounds, 6, 6, 267
fight, 2, 2, 9
open, 7, 5, 94
luciferian, 1, 1, 17
size, 1, 1, 85
city, 3, 2, 11
little, 12, 12, 71
arthritic, 1, 1, 1
checked, 1, 1, 1
distiguish, 1, 1, 36
gif, 2, 2, 3
fatwalletitis, 1, 1, 15
europe, 1, 1, -2
anyone, 6, 6, -2
imposing, 1, 1, 2
2, 13, 12, 55
terrifying, 1, 1, 2
convention, 2, 2, 6
white, 8, 5, 53
friend, 12, 12, 34
gives, 2, 2, 44
meme, 7, 4, -3
eyes, 3, 3, 21
elementaryschool, 1, 1, 14
season, 1, 1, 2
huh, 1, 1, 5
accurately, 2, 2, -2
snatch, 1, 1, 48
released, 3, 2, 2
hillary, 1, 1, 38
ridiculous, 3, 3, 239
butt, 3, 3, 12
circulates, 1, 1, 63
23autotldr, 1, 1, 4
13, 1, 1, 0
15, 1, 1, 239
14, 2, 2, 1207
16, 2, 2, 5
18, 1, 1, 3
summary, 1, 1, 4
browning, 1, 1, 5
cooperatively, 1, 1, 3
protected, 1, 1, 1
poisoning, 1, 1, 6
fallacious, 1, 1, 3
wandering, 1, 1, 23
russia, 2, 2, 2
vetard, 1, 1, -1
burbs, 1, 1, 7
lick, 1, 1, 1
supremacist, 1, 1, 1
ann, 1, 1, 1052
parking, 1, 1, 33
turned, 3, 3, 30
argument, 2, 2, -37
sad, 5, 5, 1069
dash, 1, 1, -7
say, 14, 14, 1165
conspiracy, 4, 4, 480
sells, 1, 1, 11
recover, 1, 1, 1
saw, 14, 14, 380
superman, 1, 1, 23
speakers, 1, 1, 5
cavemen, 1, 1, 1
efficient, 3, 3, 65
trailerif, 1, 1, 12
rthathappened, 1, 1, 1
2amp, 1, 1, 5
somethings, 1, 1, 4
note, 2, 2, 4
dining, 1, 1, 0
ideal, 1, 1, 2
take, 12, 11, 47
online, 4, 2, 15
rfunny, 1, 1, 1
green, 2, 2, 6
switching, 1, 1, 1
flattered, 1, 1, 6
begin, 1, 1, -5
sure, 18, 18, 374
multiple, 1, 1, 2
trace, 1, 1, 8
opposite, 1, 1, 2
arguing, 1, 1, 9
price, 4, 3, 170
knew, 4, 4, 10
paid, 1, 1, 1
falls, 1, 1, 0
knee, 1, 1, 15
america, 12, 11, 139
hardships, 1, 1, 13
damage, 2, 2, 2
forever, 1, 1, 1
democratic, 4, 4, 326
especially, 2, 2, 15
failure, 2, 2, 7
average, 2, 2, 4
later, 3, 3, 266
infections, 1, 1, 7
drive, 1, 1, 4
wing, 2, 1, 17
federal, 2, 2, 7
namegame, 1, 1, 2
slaves, 7, 3, -35
hear, 1, 1, 2
cracks, 1, 1, 0
typically, 3, 3, 23
abisidee, 1, 1, 4
rating, 1, 1, 4
walking, 11, 11, 32
shot, 3, 1, 1
liking, 1, 1, 1
lnmsamp, 1, 1, 5
german, 1, 1, 15
discovered, 1, 1, 7
bright, 1, 1, 2
spaces, 1, 1, 10
mormon, 1, 1, 1
data, 2, 1, 4
ground, 1, 1, 1
weapons, 1, 1, -2
objector, 1, 1, 4
slow, 4, 4, 415
title, 7, 7, 53
ferengi, 1, 1, 1
dick, 1, 1, 3
saints, 5, 5, 23
3, 12, 12, 82
examples, 1, 1, -1
going, 19, 19, 283
black, 13, 6, 21
worthwhile, 1, 1, 1
hesperia, 1, 1, 6
rated, 1, 1, 25
carolina, 1, 1, 4
exaggeration, 1, 1, 8
get, 45, 40, 1869
merkel, 1, 1, 15
congratulations, 2, 2, 16
truly, 3, 3, 12
killers, 2, 1, -40
negative, 1, 1, 1
gem, 1, 1, 6
resource, 1, 1, 1
girl, 5, 5, 36
keyboards, 1, 1, 8
ute, 1, 1, 3
borrow, 1, 1, 2
checks, 1, 1, -4
naked, 1, 1, 3
jokes, 1, 1, 3
stupid, 20, 18, 2007
sonar, 1, 1, 2
worrying, 2, 2, 1
husband, 1, 1, 0
concert, 1, 1, 26
ken, 2, 2, 11
seas, 1, 1, 2
seat, 1, 1, 1
relative, 1, 1, 16
dickhead, 1, 1, 4
college, 3, 3, 8
anyways, 1, 1, 1
ignores, 1, 1, 3
existence, 1, 1, 4
lna, 1, 1, 25
itt, 1, 1, 2
espv, 1, 1, 5
wonder, 4, 4, 76
appear, 1, 1, 5
dicksboth, 1, 1, 8
detect, 1, 1, 4
ways, 1, 1, -40
circulating, 1, 1, 2
vaccines, 2, 2, 19
outside, 5, 5, 20
fdr, 1, 1, 1
moldy, 1, 1, 9
literal, 1, 1, 3
herbal, 1, 1, 16
reading, 2, 2, 7
across, 2, 2, 149
notice, 4, 3, -28
beverages, 1, 1, 1
jobs, 1, 1, 12
screen, 1, 1, 8
unleashing, 1, 1, 1
jr, 1, 1, 12
tienemen, 1, 1, 4
blame, 1, 1, 2
implemented, 1, 1, 1
youtubez1mofzv02lk, 1, 1, 3
coma, 2, 1, 2
article, 1, 1, 2
comb, 1, 1, 10
come, 10, 10, 306
motivations, 2, 2, -3
reaction, 1, 1, 0
rdpr5er4uewbq, 1, 1, 1
many, 9, 9, 115
rmurica, 1, 1, 1
loudly, 1, 1, 5
dated, 1, 1, 12
comes, 3, 3, 14
nearby, 1, 1, 1
among, 2, 2, 6
key, 1, 1, -5
cancer, 8, 7, 102
color, 1, 1, 1
pot, 1, 1, 2
8997, 1, 1, 84
jeans, 1, 1, -5
period, 1, 1, 1
pop, 1, 1, 3
60, 2, 2, 22
poo, 1, 1, 5
anti, 2, 2, 57
3000, 1, 1, 1
moreover, 1, 1, -1
poe, 1, 1, 7
poli, 1, 1, 2
logic, 2, 2, 15
plantation, 2, 1, 4
graphics, 1, 1, 3
trolling, 5, 5, 283
defghi, 1, 1, 1
west, 1, 1, 10
concede, 1, 1, 11
mark, 1, 1, 6
breath, 3, 3, 35
motives, 1, 1, 20
lmao, 1, 1, 12
tried, 1, 1, 5
500, 1, 1, 13
followup, 1, 1, 5
quack, 1, 1, 7
direction, 1, 1, 8
shopping, 2, 2, 57
offered, 1, 1, 2
formed, 1, 1, 1
awfuli, 1, 1, 3
wake, 2, 2, 19
careful, 1, 1, 5
pilot, 1, 1, 16
case, 2, 2, 2
ftfy, 2, 2, 1
wealthiest, 1, 1, 4
cash, 2, 2, 1073
pointless, 1, 1, 1
knotts, 1, 1, 23
trick, 1, 1, 263
epidemics, 1, 1, 4
facepalms, 1, 1, 3
slippery, 1, 1, 2
policies, 1, 1, 1
scum, 1, 1, 239
situation, 3, 3, -19
cock, 1, 1, 5
50s, 1, 1, 1
coolest, 1, 1, 1
mary123, 1, 1, 8
elgin, 1, 1, 4
independent, 1, 1, 549
dickishness, 1, 1, 10
purse, 3, 3, 50
coffee, 4, 4, 65
sleeping, 1, 1, 25
good, 23, 21, 723
minds, 2, 2, 13
ironic, 1, 1, 1
kenya, 1, 1, 1
property, 1, 1, 1
technology, 1, 1, 6
ayden, 1, 1, 49
different, 7, 7, 15
develop, 1, 1, 4
propagation, 1, 1, 4
media, 3, 3, 1116
parliament, 1, 1, 1
f8p5vgcfnu, 1, 1, 1
amateurs, 1, 1, 1
surveillance, 1, 1, 8
food, 6, 5, 77
speech, 1, 1, 4
underestimate, 2, 2, 23
coworkers, 1, 1, 1
buys, 1, 1, 2
struggling, 1, 1, 23
shifty, 1, 1, 3
alyce, 1, 1, 49
pan, 1, 1, 2
berry, 1, 1, 23
week, 5, 5, 41
extended, 1, 1, 4
closest, 3, 3, 35
singapore, 1, 1, 22
landed, 1, 1, 4
foam, 1, 1, -3
driver, 2, 2, 3
drives, 1, 1, 4
weed, 1, 1, 9
persons, 1, 1, 12
running, 3, 3, 40
fruit, 2, 2, 21
widespread, 1, 1, -7
favorites, 1, 1, 1
totally, 4, 4, 69
tradition, 1, 1, 6
mentally, 3, 2, 4
complained, 1, 1, 5
break, 1, 1, 12
theater, 5, 4, 17
pacino, 1, 1, 5
sideways, 2, 1, 1
severe, 2, 1, 10
without, 7, 7, 54
congressmen, 1, 1, 20
bottle, 1, 1, 5
inability, 1, 1, -40
shithade, 1, 1, -1
frontpage, 2, 2, 3
bodies, 2, 2, 6
honesty, 1, 1, 2
morons, 2, 2, 5
tesco, 1, 1, 1
vent, 1, 1, 17
money, 13, 11, 735
guided, 1, 1, -2
exaggerating, 1, 1, 4
rest, 3, 3, 10
violent, 2, 2, -1
kill, 2, 2, 12
gated, 1, 1, 16
sweatpants, 1, 1, -5
death, 1, 1, 7
legitimately, 1, 1, 8
feminist, 1, 1, 43
thinking, 2, 2, 44
six, 1, 1, 25
seems, 11, 11, 88
except, 2, 2, 86
blog, 2, 2, 15
lets, 1, 1, 2
cousins, 1, 1, 1
4, 6, 6, 17
versa, 1, 1, 1
dicks, 1, 1, 8
pill, 1, 1, -3
feminism, 1, 1, -5
borat, 1, 1, 8
seams, 1, 1, 10
psh, 1, 1, 1
jake, 2, 2, 0
around, 17, 16, 92
sticky, 1, 1, 36
easily, 2, 2, 2
read, 15, 14, 120
fridge, 1, 1, 0
admitting, 1, 1, 2
dark, 3, 3, -35
achieved, 1, 1, 1
traffic, 2, 2, 2
darn, 1, 1, 5
listening, 1, 1, -40
amp, 9, 5, 19
migrant, 1, 1, 11
lady, 1, 1, 25
rear, 1, 1, 13
vending, 1, 1, 5
stranger, 3, 2, 14
pregnant, 1, 1, 6
miracle, 2, 2, 7
server, 1, 1, 0
benefit, 2, 2, 9
fully, 1, 1, 1
reduced, 1, 1, 4
elyjah, 1, 1, 49
jews, 2, 2, 0
joking, 2, 2, 85
explaining, 1, 1, 2
confused, 1, 1, 2
pacific, 1, 1, 1
d02j49x, 1, 1, 1
monopoly, 2, 2, 74
perpetrators, 1, 1, 1
nazism, 1, 1, -2
thinks, 5, 5, 36
gross, 1, 1, 13
hisperia, 1, 1, 10
genetics, 1, 1, -40
shiiiiit, 1, 1, 6
unlocked, 1, 1, 5
douchebag, 2, 2, 36
nazi, 14, 13, 119
lotto, 1, 1, 12
legal, 4, 3, 54
moon, 2, 2, 16
imgurcomg0dvfdm, 1, 1, -2
hipster, 1, 1, 2
juggernaut, 1, 1, 6
ethos, 1, 1, 4
nuggets, 1, 1, 10
freed, 1, 1, 2
process, 1, 1, 4
welcome, 1, 1, 4
racism, 1, 1, 2
business, 1, 1, 20
seconds, 2, 2, 5
dweeb, 1, 1, 7
equivalent, 1, 1, 4
hollande, 1, 1, 15
nsdap, 1, 1, 17
found, 2, 2, 17
throw, 4, 4, 5
_, 1, 1, 2
aca, 1, 1, 20
ol, 1, 1, 1
ok, 8, 5, 31
ace, 1, 1, 16
oh, 14, 14, 71
industry, 1, 1, 19
cares, 1, 1, 8
thousands, 3, 1, 4
wolf, 2, 2, 50
act, 2, 2, 1012
threesome, 1, 1, 1
luck, 1, 1, 10
backup, 1, 1, 1
road, 6, 5, -25
op, 8, 8, 16
freeing, 1, 1, 63
outlook, 1, 1, 43
lands, 2, 2, 6
chivalry, 1, 1, -5
accent, 2, 2, 59
whites, 1, 1, 4
image, 2, 2, 61
flavors, 1, 1, 6
umccoyn, 1, 1, 2
inbox, 1, 1, 1
strip, 1, 1, 3
syringe, 1, 1, 1
neil, 1, 1, 4
valuable, 1, 1, -1
happening, 1, 1, -1
technically, 4, 4, 67
arranging, 1, 1, 33
fast, 1, 1, 2
area, 2, 2, 11
hey, 3, 3, 52
lol, 7, 7, 65
desert, 5, 5, 173
start, 3, 3, 63
cats, 1, 1, 1
lions, 1, 1, -40
low, 2, 2, 3
lot, 7, 7, 91
cultures, 1, 1, 2
hookers, 1, 1, 8
project, 4, 1, 4
complete, 1, 1, 13
enough, 14, 12, 64
strikes, 1, 1, 1
ended, 4, 3, 3
fascists, 4, 3, 117
baylor, 1, 1, 4
antiquated, 1, 1, 5
trying, 10, 8, -3
porches, 1, 1, 1
buying, 5, 5, 301
faster, 2, 2, 268
pull, 1, 1, 3
fraud, 1, 1, 20
1020, 1, 1, 20
rage, 1, 1, -23
politically, 1, 1, 2
agree, 2, 2, -29
backgroundinside, 1, 1, 13
wants, 7, 7, 52
ab, 1, 1, 1
videos, 2, 1, 1
jaden, 1, 1, 3
ai, 1, 1, 8
ah, 4, 4, 113
felix, 2, 2, -2
general, 1, 1, 65
cringey, 1, 1, 31
shitpost, 1, 1, -4
tasty, 1, 1, 1
aw, 1, 1, 46
walks, 3, 3, 16
watched, 2, 2, 6
hit, 4, 2, 8
proudly, 1, 1, 8
yoga, 1, 1, 1
idiot, 7, 7, 1051
deserve, 1, 1, 9
yogi, 1, 1, 14
d025mnf, 1, 1, 1
5, 6, 6, 43
lifestyle, 1, 1, 29
middleburg, 1, 1, 277
10, 5, 3, 10
poor, 3, 2, 12
briefly, 1, 1, 12
authoritarian, 1, 1, 1
congress, 1, 1, 20
separate, 3, 3, 5
students, 2, 1, -1
narrative, 2, 1, 11
important, 1, 1, 1
track, 3, 3, 11
recognise, 2, 1, -40
quadriplegics, 1, 1, 5
pool, 1, 1, 13
conclusive, 1, 1, 2
building, 2, 2, 6
carbs, 1, 1, 2
assets, 1, 1, 56
wife, 3, 3, 19
odds, 1, 1, 443
wifi, 1, 1, 2
nutson, 1, 1, 2
u, 6, 4, 126
2300, 1, 1, 4
alright, 1, 1, 4
smrt, 1, 1, 82
starting, 1, 1, 30
original, 7, 7, 126
sci, 1, 1, 2
consider, 3, 3, -1
chinese, 3, 3, 31
36584, 1, 1, 4
caused, 2, 2, -32
bull, 1, 1, 1
dollar, 2, 2, 28
month, 2, 2, 23
code, 1, 1, 1
surefire, 1, 1, 23
rtotesmessenger, 2, 1, 3
follow, 3, 3, 8
children, 2, 2, 26
earthers, 1, 1, 1
strangers, 2, 2, -26
apartment, 1, 1, 2
coolidge, 1, 1, 5
tv, 3, 3, 17
acting, 1, 1, 12
tl, 2, 1, 4
preserved, 1, 1, 5
health, 2, 1, 20
countless, 1, 1, 1
assist, 1, 1, 4
ta, 3, 3, 2544
databaseamp, 1, 1, 4
sound, 7, 5, 14
woman, 13, 12, 92
ios, 1, 1, 1
sitting, 1, 1, 1
far, 6, 6, -2
faq, 3, 2, 5
fat, 3, 2, 102
occasionally, 1, 1, 5
fan, 8, 8, 38
bleach, 1, 1, 5
awful, 1, 1, 11
psychology, 1, 1, 0
difference, 2, 2, 8
authentic, 1, 1, 2
kiwis, 1, 1, 2
condition, 2, 2, 16
pbr, 2, 2, 9
list, 2, 2, 50
manager, 2, 2, 7
rlibertarian, 1, 1, 3
large, 2, 2, 3
dinosaur, 1, 1, 9
small, 2, 2, 181
biological, 1, 1, 4
sumwhere, 1, 1, 82
programme, 1, 1, 1
cookies, 1, 1, 3
streets, 1, 1, 5
scarf, 1, 1, 1
adelayde, 1, 1, 49
rate, 1, 1, 5
pass, 3, 3, 11
nba, 1, 1, 4
casual, 1, 1, 8
clock, 1, 1, 5
section, 3, 2, -42
stool, 1, 1, 18
version, 1, 1, 4
sup, 1, 1, 1
public, 3, 2, 5
edited, 1, 1, 2
full, 5, 5, 27
christian, 2, 1, 1
loose, 1, 1, 2
certainly, 1, 1, 12
hours, 12, 11, 111
condenser, 1, 1, 17
excess, 1, 1, 2
strong, 5, 4, 36
table, 1, 1, 3
legend, 1, 1, 469
mudslinging, 1, 1, 1
900, 1, 1, 3
teeth, 2, 2, 4
ahead, 1, 1, -40
marijuana, 3, 3, 15
victimcomplex, 1, 1, 34
allows, 1, 1, 1
experience, 3, 2, 2
pics, 1, 1, 1
advertising, 3, 3, 84
pick, 4, 4, 68
mentions, 1, 1, 1
arbeitsfront, 1, 1, 1
vic, 1, 1, 4
via, 4, 4, 14
shuffle, 1, 1, 2
family, 5, 5, 158
hrer, 1, 1, 29
suddenly, 1, 1, 21
requiring, 1, 1, 7
africa, 1, 1, 4
originalpostsearcher, 1, 1, 1
webhpamp, 1, 1, 5
semester, 1, 1, 1
ecocenter, 1, 1, 1
empties, 1, 1, 2
gosh, 2, 2, 2
gagafer, 1, 1, 3
takes, 1, 1, 1
internets, 1, 1, 2
two, 14, 13, 2283
6, 3, 3, 15
shits, 1, 1, 5
angrier, 1, 1, 1
emoticon, 1, 1, 8
flat, 2, 2, 10
throws, 1, 1, 8
door, 3, 3, 47
knows, 6, 6, 94
company, 4, 4, 67
spoilt, 1, 1, 1
thur, 1, 1, 100
excuse, 2, 2, 14
ladybut, 1, 1, 1
controlling, 1, 1, -40
basically, 2, 2, 6
broke, 1, 1, 12
known, 5, 4, 82
document, 1, 1, 2
glad, 1, 1, 1
cunning, 1, 1, 8
town, 2, 2, 5
jim, 1, 1, 2
keeping, 1, 1, 9
science, 4, 3, 8
dev, 1, 1, 1
aboot, 1, 1, 2
remain, 1, 1, 12
nebraska, 1, 1, 3
nine, 1, 1, 8
sent, 1, 1, 2
v, 12, 10, 13
knocked, 1, 1, 2
male, 3, 2, 3
history, 2, 2, 24
beautiful, 1, 1, 16
fundamentalist, 1, 1, 5
scam, 2, 2, 444
pushes, 1, 1, 12
brown, 2, 2, 2
lives, 1, 1, 1
share, 5, 4, 22
deadlift, 1, 1, 1
minimum, 3, 3, 52
numbers, 1, 1, 1
sense, 3, 3, -36
libertarian, 1, 1, 6
phrase, 2, 2, 19
scar, 1, 1, 7
simple, 1, 1, 4
huge, 4, 4, 49
needs, 6, 5, 29
court, 2, 2, 445
serves, 1, 1, 1
awkward, 1, 1, 14
youseehow, 1, 1, 1
rather, 3, 3, -6
imminent, 1, 1, 4
deems, 1, 1, 38
speeding, 1, 1, 1
explains, 2, 2, 65
goat, 1, 1, 1
rapists, 1, 1, 43
fr, 1, 1, 3
sandwich, 1, 1, 1
okay, 3, 3, 47
fu, 7, 6, 30
fv, 1, 1, 3
bags, 1, 1, 1
advice, 1, 1, 1
questioning, 2, 2, 13
triumphs, 1, 1, 4
consequence, 1, 1, 43
tries, 1, 1, 2
terrorist, 1, 1, 2
lighting, 1, 1, -40
adventure, 1, 1, 0
coming, 3, 3, 3
invasion, 1, 1, -2
rfacepalm, 1, 1, 60
response, 1, 1, 1
bleak, 1, 1, 43
refuse, 3, 3, 786
saver, 1, 1, 71
morphine, 1, 1, 1
footer, 1, 1, 3
loud, 1, 1, 9
doctor, 1, 1, 0
crippling, 1, 1, -1
buns, 1, 1, 2
umrlewischurches, 1, 1, -23
roommates, 2, 2, 2
pay, 5, 5, 15
retaliate, 1, 1, 20
putting, 1, 1, 3
dream, 1, 1, 2
playing, 2, 1, 2534
uninstall, 1, 1, 12
replied, 2, 2, 25
1300, 1, 1, 4
help, 11, 10, 71
september, 1, 1, 1
john, 1, 1, 4
ffs, 1, 1, 2
soon, 1, 1, -23
statists, 1, 1, -2
wronged, 1, 1, 4
replies, 1, 1, 4
hell, 6, 6, 39
hades, 1, 1, 2
cheated, 1, 1, 2
dummies, 1, 1, 1052
24, 1, 1, 5
style, 2, 2, 11
comedic, 1, 1, 4
20, 1, 1, 1
misspelled, 1, 1, 1
sale, 1, 1, 33
actually, 20, 20, 225
late, 1, 1, -40
systems, 1, 1, 3
might, 16, 16, 104
arguments, 1, 1, 59
fool, 2, 2, 5
cartman, 1, 1, 3
someone, 30, 25, 927
somebody, 5, 5, 109
ceo, 3, 3, 2256
noticing, 1, 1, 10
uhh, 1, 1, 0
vomit, 1, 1, 0
preservation, 1, 1, 4
communities, 1, 1, 2
clouds, 1, 1, 12
buffering, 1, 1, 1
reminder, 1, 1, 4
bigger, 1, 1, 8
mystery, 1, 1, 1
desperately, 1, 1, -40
frigate, 1, 1, 22
truthy, 1, 1, 4
rant, 1, 1, 29
elected, 2, 1, 1
always, 16, 16, 2578
bless, 1, 1, 8
stopped, 2, 2, 5
die, 2, 2, 4
inherent, 1, 1, -40
button, 1, 1, 89
trailer, 2, 2, 2
heavy, 4, 3, 19
harm, 2, 2, 24
everyone, 7, 7, -24
england, 2, 2, 558
mental, 1, 1, 13
weight, 1, 1, 3
needless, 1, 1, 1
generation, 2, 2, 9
house, 3, 3, 9
fish, 1, 1, 8
hard, 8, 7, 39
idea, 8, 8, 67
hawaii, 2, 2, 1
pr5er4uewbqamp, 1, 1, 1
putin, 1, 1, 17
expect, 3, 3, 15
slave, 3, 2, 5
operation, 1, 1, 4
inflated, 1, 1, 10
insurance, 2, 2, 97
really, 29, 27, 473
gullible, 1, 1, 1
killing, 3, 3, 90
alcohol, 1, 1, -40
p, 3, 1, 5
childish, 1, 1, 1052
since, 7, 7, 1184
research, 4, 1, 4
misses, 1, 1, 2
race, 3, 2, 2
safety, 2, 2, -39
issue, 1, 1, 1
downloads, 1, 1, 263
ass, 6, 6, 23
bye, 1, 1, 1
drink, 1, 1, 7
belief, 1, 1, 5
pathetic, 1, 1, 16
upon, 1, 1, -7
motherfucker, 1, 1, 5
houses, 1, 1, 4
reason, 5, 5, 56
heroin, 2, 2, 20
disneyland, 1, 1, 39
dire, 1, 1, 14
ask, 8, 6, -28
laughable, 1, 1, 2
sidewalk, 4, 4, 5
bumped, 1, 1, 3
owners, 1, 1, 4
benefits, 1, 1, 2
service, 2, 1, 4
thread, 7, 7, 28
submarines, 5, 5, 90
tenets, 1, 1, 4
trucknuts, 2, 2, 2
rack, 1, 1, 3
caption, 2, 2, 23
american, 5, 3, 56
expecting, 1, 1, 5
exponentially, 1, 1, 11
bumper, 1, 1, 35
snopes, 1, 1, 2
_db_1_sujn0, 1, 1, 1
coulter, 1, 1, 1052
feed, 1, 1, 13
major, 3, 3, 333
dont, 1, 1, 1
simply, 1, 1, 1
feel, 14, 13, 2604
consideration, 1, 1, 3
knocking, 1, 1, 4
number, 2, 1, 18
fancy, 1, 1, 5
valentine, 3, 3, 5
feet, 1, 1, 8
infinite, 2, 2, 6
done, 4, 4, 21
embraced, 1, 1, -2
pablo, 1, 1, 1
rightbitch, 1, 1, 1
wages, 1, 1, 1
miss, 2, 2, 10
download, 8, 7, 10
story, 7, 7, 15
jew, 5, 4, 41
jet, 2, 2, 24
become, 2, 2, 5
leading, 1, 1, -2
5th, 1, 1, 2
kentuckian, 1, 1, 92
least, 11, 11, 104
183, 1, 1, 4
wonderful, 2, 2, 17
storm, 1, 1, 5
bravo, 1, 1, 9
majority, 1, 1, 5
scheme, 2, 2, 463
store, 4, 3, 59
selling, 5, 5, 91
pipelines, 1, 1, 4
passed, 1, 1, 3
relationship, 2, 2, 20
pump, 1, 1, 1
part, 2, 2, 32
doctors, 1, 1, 16
missed, 1, 1, 2
believe, 9, 9, 19
convinced, 1, 1, 12
obama, 10, 10, 11
diffusion, 1, 1, 4
king, 3, 3, 19
kind, 14, 13, 106
assaulted, 1, 1, -40
compliments, 1, 1, 4
syringes, 1, 1, 5
double, 3, 3, 1072
acknowledgement, 1, 1, 4
grey, 1, 1, 4
recording, 1, 1, 1
2025, 1, 1, 8
bohemian, 1, 1, 17
dank, 1, 1, 5
recovered, 1, 1, 5
dispenser, 1, 1, 5
cleaner, 1, 1, 13
inappropriateness, 1, 1, 8
suspicious, 2, 2, 15
ages, 1, 1, 3
ischamp, 1, 1, 5
randomly, 1, 1, 1
juice, 2, 2, 6
antarctica, 1, 1, 2
muscles, 1, 1, 3
cleaned, 1, 1, 17
concentration, 1, 1, 154
orders, 1, 1, 0
option, 1, 1, 1
sell, 5, 5, 53
lie, 1, 1, 4
self, 4, 4, 35
scotland, 2, 2, 12
couch, 1, 1, 10
also, 29, 26, 156
costs, 1, 1, 20
build, 1, 1, 1
finding, 1, 1, -7
rspacebuckets, 1, 1, 1
extensible, 1, 1, 4
play, 2, 2, -36
towards, 1, 1, -40
grimey, 1, 1, 1
quote, 1, 1, 5
icewater, 1, 1, 5
350, 2, 2, 9
75, 1, 1, 0
plan, 1, 1, 23
comparisons, 1, 1, 3
nothing, 4, 4, 298
extremely, 2, 2, 52
approved, 1, 1, 3
79, 2, 2, 38
78, 1, 1, 2
comdianxinosdxbsamp, 1, 1, 17
mineral, 1, 1, 1
loopholes, 1, 1, 2
mobile, 2, 2, 4
clear, 3, 2, 5
sometimes, 2, 2, 2535
cover, 2, 2, 3
brains, 1, 1, 0
traditional, 1, 1, 8
ppvfeccd1xe, 1, 1, 0
dissolved, 1, 1, -5
satirical, 2, 2, 18
funded, 1, 1, 4
clean, 1, 1, -2
falcons, 1, 1, -1
physics, 1, 1, 5
sector, 1, 1, -2
stunned, 1, 1, 2
666, 1, 1, 4
blindly, 1, 1, 14
stoned, 1, 1, 1
font, 1, 1, 127
fine, 5, 5, 122
find, 10, 10, 1075
occupation, 1, 1, -2
giant, 3, 3, 8
bornagain, 1, 1, 2
justice, 1, 1, 1
viagra, 1, 1, 20
pretty, 14, 13, 355
feminists, 1, 1, 43
ultron, 1, 1, 4
misinformationamp, 1, 1, 4
circle, 1, 1, 3
freedomy, 1, 1, 4
downvotes, 1, 1, 35
hip, 1, 1, 15
publicity, 2, 1, 2
hiv, 1, 1, 1
meanwhile, 2, 2, 14
banned, 1, 1, 1
slingbladeamp, 1, 1, 5
famous, 1, 1, 36
feels, 1, 1, 1
b, 2, 2, 8
hid, 1, 1, 1
actions, 1, 1, 20
compass, 1, 1, 5
combinations, 2, 1, 8
cringy, 1, 1, 1
enemy, 1, 1, -2
roles, 2, 2, 3
ore, 1, 1, -2
iimgurcompqrbcptjpg, 1, 1, 1
remove, 3, 3, 63
preying, 1, 1, 1
investigate, 1, 1, 0
common, 3, 3, 68
doubler, 2, 1, 1
x, 1, 1, 7
genyvieve, 1, 1, 49
cringe, 4, 3, 11
outlaw, 1, 1, 1
wrote, 3, 3, 15
consciously, 1, 1, 6
set, 2, 2, -1
equinox, 1, 1, 8
harrison, 1, 1, 1
dump, 1, 1, 1
creator, 1, 1, 1
throwing, 1, 1, 1
sex, 3, 2, 7
culture, 2, 2, 9
lion, 1, 1, -40
defense, 1, 1, 23
frontrunner, 1, 1, 131
sea, 6, 4, 91
seo, 1, 1, 8
close, 4, 4, 34
nations, 1, 1, -2
youtuberngm1cr6d4k, 1, 1, 1
arm, 1, 1, 1
feared, 1, 1, -1
knees, 2, 1, 11
rounds, 1, 1, 2
pictures, 3, 3, 5
wow, 5, 5, 45
currently, 2, 2, 13
please, 16, 12, 319
fans, 1, 1, 1
checkmate, 1, 1, 4
probably, 14, 13, 146
vubdxjaqmls, 1, 1, 1
qrunxhqwazs, 1, 1, 1
nope, 3, 3, 14
corruption, 1, 1, 20
piss, 2, 2, 3
knowing, 3, 3, 11
milder, 1, 1, 1
queers, 1, 1, 2
recently, 2, 2, 64
missing, 2, 2, 2
attention, 4, 4, 1099
spray, 2, 1, 5
pissed, 2, 2, 22
c, 1, 1, 1
last, 15, 15, 404
license, 2, 2, 94
restaurant, 1, 1, 3
influential, 1, 1, 20
barely, 4, 4, -32
onion, 2, 2, 7
minorities, 1, 1, -2
playfulsarcastic, 1, 1, 1
objective, 1, 1, 11
context, 4, 2, 2
retarded, 4, 4, 6
reply, 1, 1, 10
iimgurcomn6zku8vgif, 1, 1, 1
whole, 5, 5, 54
sloth, 2, 2, 7
flies, 1, 1, 7
distress, 1, 1, 10
point, 10, 9, 1060
battery, 11, 9, 614
sweet, 3, 3, 15
recycling, 1, 1, 1
smashing, 1, 1, 1
dudes, 2, 2, 4
panicking, 1, 1, 12
lulz, 1, 1, 239
regulated, 1, 1, 20
likes, 4, 2, 9
scottish, 2, 2, -2
slots, 1, 1, 5
throughout, 1, 1, 10
expensive, 3, 3, 26
belt, 2, 2, 2
ps, 1, 1, 1
devil, 2, 2, 7
described, 1, 1, -40
humorous, 1, 1, 1
create, 4, 3, 18
political, 2, 2, 12
backround, 1, 1, 1
misspoke, 1, 1, 1
strategy, 2, 2, 11
dontcrywolfe, 1, 1, 1
reduction, 1, 1, 11
describes, 1, 1, 1
damn, 7, 7, 118
airstrikes, 1, 1, 2
empty, 1, 1, 2
treatment, 1, 1, 4
sanders, 6, 6, 69
chattel, 1, 1, 4
ram, 20, 16, 1071
squirrel, 1, 1, 443
gay, 4, 3, 6
assorted, 1, 1, 5
crack, 2, 2, 11
else, 2, 2, 3
fund, 1, 1, 1
races, 1, 1, 38
understand, 7, 6, 29
imax, 1, 1, 10
prices, 4, 2, 22
towns, 1, 1, 4
highest, 1, 1, 4
stolen, 2, 2, 57
skype, 1, 1, 1
look, 18, 17, 192
raw, 2, 1, 29
sheeple, 1, 1, 17
impersonating, 1, 1, 14
admire, 2, 2, 2535
pace, 1, 1, 2
socialism, 13, 8, 43
error, 1, 1, 1
fun, 5, 5, 54
drs, 1, 1, 4
huffington, 1, 1, 1052
31, 1, 1, 1
pack, 1, 1, 40
real, 16, 15, 124
30, 2, 2, 5
costly, 1, 1, 11
hoping, 2, 2, 19
schooledlike, 1, 1, 10
voters, 1, 1, 2
wherever, 1, 1, 1
rip, 1, 1, 7
encountered, 1, 1, 43
reads, 2, 2, 23
rii, 1, 1, 1
rid, 2, 2, 3
34, 1, 1, 1
iimgurcomvy5tbuljpg, 1, 1, 0
gone, 2, 2, 5
funny, 7, 7, 609
deadpool, 1, 1, 8
shirt, 2, 2, 24
anymore, 3, 3, 11
grant, 1, 1, 4
rules, 2, 2, 7
delicious, 1, 1, 6
yeti, 1, 1, 1
9, 3, 2, 2
attack, 1, 1, 3
horton, 5, 5, 6
daughters, 1, 1, 4
development, 1, 1, 6
lid, 1, 1, 3
used, 1, 1, 3
lawyers, 1, 1, 239
dime, 1, 1, 5
alert, 2, 2, 178
moment, 2, 2, 22
walmart, 2, 2, 54
swapmeet, 1, 1, 3
user, 2, 2, 5
assortment, 1, 1, 6
lxl, 1, 1, 85
weird, 1, 1, 1
early, 2, 2, -10
lower, 3, 3, 8
gene, 1, 1, 13
older, 2, 2, 13
poland, 1, 1, -2
abcde, 5, 5, 36
spent, 1, 1, 4
dared, 1, 1, 20
person, 19, 17, 155
cheer, 1, 1, 3
daniel17, 1, 1, 8
swiss, 1, 1, 1
initials, 1, 1, 21
spend, 2, 2, 9
know, 25, 24, 224
antiobama, 1, 1, 1
cough, 2, 1, 1
mom, 5, 5, 49
networks, 2, 2, 10
isolated, 1, 1, 1
pluralize, 1, 1, 1
atomic, 1, 1, -2
questions, 1, 1, 1
world, 9, 9, 33
chinanians, 1, 1, 12
apple, 1, 1, 4
letting, 1, 1, 1052
cut, 4, 4, 36
helping, 1, 1, -5
cup, 1, 1, 3
hated, 3, 2, 1053
cuz, 1, 1, 2
shortcut, 1, 1, 1
source, 4, 4, 11
pronouncing, 1, 1, 5
parents, 10, 10, 26
dare, 1, 1, 9
crying, 2, 2, 13
uhyeah, 1, 1, 2
violations, 1, 1, 9
remaining, 1, 1, 1
hates, 2, 2, 7
ridiculously, 1, 1, 1
customers, 2, 2, 147
australia, 1, 1, 3
victims, 2, 2, -38
bih, 1, 1, 5
format, 1, 1, 3
big, 10, 9, 40
couple, 2, 2, 8
advocate, 2, 2, 5
unlimited, 1, 1, 1
shitty, 6, 5, 205
game, 2, 2, 2535
biw, 1, 1, 5
bit, 7, 7, 108
jacksonville, 1, 1, 277
like, 91, 82, 1944
stuff, 1, 1, 1
signal, 1, 1, 13
background, 1, 1, 1
translates, 1, 1, 6
heart, 4, 4, 15
collect, 1, 1, 4
wildcats, 1, 1, 92
fault, 2, 2, 32
brunch, 1, 1, -2
names, 9, 8, 65
google, 2, 2, 19
often, 6, 6, -28
absolutely, 2, 2, -11
yulin, 1, 1, 22
creation, 1, 1, 1
back, 19, 18, 337
understood, 1, 1, 35
trends, 1, 1, 4
economic, 1, 1, 11
mighty, 1, 1, 100
pricing, 1, 1, 5
sight, 1, 1, 8
curious, 1, 1, 2
bruising, 1, 1, 1
b8, 1, 1, 8
pronounced, 6, 6, 6
orangejello, 1, 1, -11
defamation, 1, 1, -7
decision, 1, 1, 2
gratuity, 1, 1, 3
distributing, 1, 1, 2
meds, 3, 1, -23
verbally, 1, 1, 6
scalp, 2, 1, 10
anne, 1, 1, 2
revealalthough, 1, 1, 15
forgets, 1, 1, 5
either, 10, 10, 273
run, 7, 5, 20
lose, 1, 1, 12
homeopathics, 1, 1, 2
virtues, 1, 1, 26
zombie, 1, 1, 2
step, 2, 2, -1
lasts, 2, 1, 8
bs, 1, 1, 0
lottery, 1, 1, 12
vaccine, 1, 1, 7
che, 1, 1, -2
faith, 3, 1, 5
pipeline, 2, 2, 4
goods, 1, 1, 1
usa, 2, 2, 4
anything, 7, 6, 77
corpse, 1, 1, 1
truck, 10, 10, 41
ucygnus_x, 1, 1, 20
idk, 2, 2, 1
mouth, 1, 1, 1
hatred, 1, 1, 10
block, 1, 1, 1
fridges, 2, 2, 5
seeing, 5, 5, 8
garbage, 2, 2, 16
hometown, 1, 1, 1
harasses, 1, 1, 16
appropriate, 1, 1, -40
nobel, 1, 1, 1
rolls, 1, 1, 8
smells, 1, 1, 9
katie, 3, 2, 8
impressed, 1, 1, 2
span, 1, 1, 63
sneaky, 1, 1, 1
question, 6, 6, -31
long, 5, 5, 13
jiwj3tidxg, 1, 1, 5
atheists, 1, 1, 4
pronunciation, 1, 1, 5
camera, 2, 2, 2
achievement, 1, 1, 5
blow, 1, 1, 12
forward, 1, 1, 4
twitter, 2, 2, -5
consumption, 1, 1, 2
hawaiian, 1, 1, 1
jewish, 2, 2, 118
poster, 1, 1, 1
memory, 2, 1, 5
1837, 1, 1, 4
mitigate, 1, 1, 4
boys, 1, 1, 8
link, 7, 7, 27
line, 4, 4, 14
powerthirst, 2, 1, 1
posted, 6, 5, 3
info, 4, 4, 16
socialists, 11, 11, 108
murica, 1, 1, 3
authoritarians, 1, 1, 1
skull, 1, 1, 5
us, 9, 8, 602
um, 2, 2, 4
un, 1, 1, 16
uh, 1, 1, 1
planes, 3, 3, 4
ussr, 1, 1, -1
highlight, 1, 1, 16
z, 1, 1, 2
called, 7, 7, 107
ordered, 3, 3, 5
adults, 1, 1, 2
armstrong, 1, 1, 4
swatmeet, 1, 1, 1
metal, 1, 1, 5
deprive, 1, 1, 9
single, 4, 4, 577
cure, 4, 3, 7
rally, 1, 1, 1
whatdoes, 1, 1, 1
cotton, 2, 2, 11
phantom, 1, 1, 2
paradoy, 1, 1, 1
insomniac, 1, 1, 1
buffer, 7, 7, 521
nah, 2, 2, 5
peace, 1, 1, 11
trump2k16, 1, 1, -10
plugged, 1, 1, 33
reeducation, 1, 1, 4
club, 1, 1, 3
politicians, 1, 1, 6
definitely, 4, 4, 22
tits, 1, 1, 2
income, 2, 2, 17
department, 1, 1, 56
tech, 1, 1, 63
nice, 7, 7, 141
raped, 2, 2, -2
users, 1, 1, 1
accidental, 1, 1, 3
favourite, 2, 2, 35
sided, 1, 1, 10
problems, 3, 2, -36
william, 1, 1, 4
du, 1, 1, 71
slice, 1, 1, 9
allowing, 1, 1, -40
reservation, 1, 1, 3
clue, 2, 2, 3
bot, 6, 4, 9
sides, 2, 2, 5
ago, 8, 8, 62
land, 4, 4, 11
fighter, 1, 1, 16
practically, 1, 1, 2
age, 2, 2, 3
youtube, 1, 1, 8
appalling, 1, 1, 12
karma, 1, 1, 5
ignoramus, 1, 1, -1
stroller, 1, 1, 1
gt, 22, 12, 138
ashamed, 1, 1, 1
penis, 1, 1, 178
proposition, 1, 1, 2
go, 17, 16, 97
gve, 1, 1, 2
paint, 1, 1, 1
issues, 2, 2, 9
humanjudging, 1, 1, -1
graves, 1, 1, 2
gold, 2, 2, 16
reposted, 1, 1, 1
hunger, 1, 1, 25
young, 3, 3, 17
send, 4, 4, 277
nose, 1, 1, 6
routoftheloop, 1, 1, 13
include, 2, 2, 12
friendly, 1, 1, 1
resources, 2, 2, 0
nervousness, 1, 1, 0
breathing, 1, 1, 3
garden, 1, 1, 1
continues, 1, 1, 8
wave, 1, 1, 4
spoon, 1, 1, 2
graphic, 1, 1, 1
facebook, 13, 13, 115
romantic, 1, 1, 1
telling, 1, 1, 549
drinking, 2, 2, -25
ending, 1, 1, 1
korea, 1, 1, 317
categories, 2, 1, 60
rfwdsfromgrandma, 1, 1, 5
entire, 5, 5, 36
respectful, 1, 1, 4
religions, 1, 1, 38
gender, 5, 4, 47
notes, 2, 2, 3
shock, 2, 2, 7
ryan, 1, 1, 6
try, 6, 6, 2517
married, 1, 1, 12
car, 6, 6, 17
refer, 1, 1, 1
challenge, 2, 2, 31
sewage, 1, 1, 6
bernie, 10, 9, 225
someday, 1, 1, 2
rearry, 1, 1, 1
wrestling, 1, 1, 8
silly, 1, 1, 12
alphanumeric, 1, 1, 8
presto, 1, 1, 1
video, 8, 8, 529
earth, 1, 1, 1
ummm, 1, 1, 6
replicated, 1, 1, 4
odd, 1, 1, 21
click, 1, 1, 1052
scientific, 1, 1, 1
graduating, 1, 1, 4
hourly, 1, 1, 8
plays, 1, 1, 20
power, 9, 9, 91
giving, 6, 6, 509
anthem, 1, 1, 8
kudos, 1, 1, 15
paddle, 1, 1, 2
korean, 1, 1, 6
consistently, 1, 1, 11
waiting, 1, 1, 0
twins, 1, 1, 16
nicholas, 1, 1, 1
bird, 1, 1, 1
nazis, 13, 11, 200
3d, 1, 1, 10
body, 2, 2, 3
lea, 1, 1, -7
degree, 2, 2, 1
exchange, 1, 1, 2
growing, 1, 1, 1
let, 16, 15, 14
others, 3, 3, 10
sexy, 1, 1, -5
extreme, 3, 3, -19
leggings, 2, 1, -5
great, 5, 5, 44
receive, 1, 1, -1
drank, 1, 1, 4
gent, 1, 1, 2
adjusts, 1, 1, 5
calvin, 1, 1, 5
leaving, 2, 2, 11
suggests, 1, 1, 239
products, 1, 1, 1
armpit, 1, 1, 10
yeehaw, 1, 1, 2
makes, 12, 11, 125
thats, 4, 4, 156
named, 8, 8, 57
freemasons, 1, 1, 1
danger, 4, 1, -40
win, 4, 4, 45
app, 10, 8, 74
crazy, 1, 1, 1
private, 1, 1, -2
danged, 1, 1, 1
fishtheres, 1, 1, 8
dumbest, 1, 1, 1
tap, 2, 2, 9
sugar, 1, 1, 1
gateway, 1, 1, 5
lime, 1, 1, 20
standing, 1, 1, 2
use, 16, 16, 161
hears, 1, 1, 0
certificate, 3, 1, 1
illegal, 1, 1, 16
blockchain, 1, 1, 85
idiots, 3, 3, 335
next, 10, 9, 71
doubt, 1, 1, 5
scariest, 1, 1, 3
vehicle, 1, 1, 1
stage, 1, 1, 5
sort, 3, 3, 1202
clever, 1, 1, 0
blanking, 1, 1, 2
snatching, 1, 1, 1
started, 5, 5, 26
becomes, 1, 1, -2
factor, 1, 1, 1
sister, 1, 1, 2
missile, 1, 1, 22
carrying, 2, 1, 48
32gb, 2, 1, 8
xamp, 1, 1, 5
8, 2, 2, 13
baby, 4, 4, 25
antichrist, 1, 1, 304
duped, 1, 1, -40
starter, 1, 1, 40
women, 9, 7, 9
customer, 4, 4, 66
sample, 1, 1, 14
account, 2, 2, 6
balls, 2, 2, 3
animals, 2, 2, -39
jettisoned, 1, 1, 4
f, 1, 1, 29
ride, 1, 1, 10
obvious, 3, 3, 1119
thin, 1, 1, 4
praise, 1, 1, 20
closing, 1, 1, 1
control, 6, 5, -6
kenny, 1, 1, 1
bent, 1, 1, 8
waaaay, 1, 1, 7
geez, 1, 1, 1
shtick, 1, 1, 1052
tax, 2, 2, 4
smoked, 1, 1, 8
debateamp, 1, 1, 4
high, 6, 6, 49
villain, 2, 1, 2534
scarface, 1, 1, 11
something, 16, 15, 391
tab, 4, 4, 15
dominant, 1, 1, -40
serial, 3, 1, -40
rape, 2, 2, 55
native, 1, 1, 2
educational, 1, 1, 1
united, 1, 1, 3
flap, 2, 2, 9
lame, 2, 2, 8
vibe, 1, 1, 1
mein, 2, 2, 10
awake, 1, 1, 3
evidently, 1, 1, 43
overanalyzing, 1, 1, 1
animal, 2, 2, 8
instead, 7, 7, 32
abryelle, 1, 1, 49
sin, 2, 1, 5
buildings, 1, 1, 1
blocks, 1, 1, 1
aspiring, 1, 1, 1
farm, 1, 1, 23
stop, 10, 10, 414
criminal, 1, 1, 1
discomfort, 1, 1, 15
pigs, 1, 1, 7
disproved, 1, 1, 1
fits, 1, 1, -23
spelling, 1, 1, 86
coast, 1, 1, 1
outlawdipper, 1, 1, 4
realized, 4, 4, 366
bombers, 1, 1, 2
democracy, 1, 1, 9
light, 3, 3, 37
counter, 1, 1, -1
capsule, 1, 1, -3
scoop, 1, 1, 13
advocates, 1, 1, 1
honestly, 2, 2, 9
allow, 1, 1, 25
classy, 2, 2, 7
jeez, 1, 1, 1
idiocracy, 1, 1, -2
orwell, 1, 1, -2
altogether, 1, 1, 29
uhaul, 1, 1, 1
suprised, 1, 1, 5
referenced, 1, 1, 1
including, 3, 3, -1
looks, 10, 10, 43
horns, 1, 1, 2
mentioned, 2, 2, 15
smarts, 1, 1, 2
youtubecomwatch, 3, 1, 1
unchecked, 1, 1, 10
bunch, 1, 1, 0
perfect, 3, 3, 11
write, 2, 2, 5
le, 1, 1, -7
outer, 1, 1, 16
decay, 1, 1, 5
ships, 2, 1, 1
innoffensive, 1, 1, -4
labor, 1, 1, 1
decal, 1, 1, 4
willing, 1, 1, 20
turban, 1, 1, 1
orange, 2, 2, 9
2016, 4, 4, 26
2013, 1, 1, 14
recept, 1, 1, 21
violating, 1, 1, 9
crash, 1, 1, 1
greater, 1, 1, 4
dam, 1, 1, 2
repercussions, 1, 1, -7
material, 2, 2, 9
runs, 1, 1, 1
functional, 1, 1, 12
mention, 1, 1, -3
cutting, 3, 3, 21
bothering, 1, 1, 2
hands, 1, 1, 1
front, 3, 3, -54
republican, 1, 1, 13
cage, 2, 2, -39
day, 15, 14, 276
presidential, 1, 1, 131
articles, 1, 1, 2
irks, 1, 1, 1
edit, 4, 4, 16
establishment, 1, 1, -10
covering, 1, 1, 1
sniffing, 1, 1, 0
billy, 1, 1, 5
chezia, 1, 1, 18
mode, 1, 1, 4
truth, 1, 1, 1052
experienced, 1, 1, 5
landmasses, 1, 1, 2
tents, 1, 1, 3
chunk, 1, 1, 4
morphed, 1, 1, 1
related, 1, 1, 1
society, 3, 3, -3
books, 2, 1, 1
arpeggio, 1, 1, 1
meth, 1, 1, 6
nitlob098w8, 1, 1, 1
special, 2, 2, 13
secretly, 2, 2, 6
matrix, 1, 1, 17
bag, 1, 1, 31
rep, 1, 1, 0
religionwhat, 1, 1, 3
fascist, 1, 1, 1
mate, 1, 1, 277
hilarious, 8, 8, 31
memes, 5, 2, 9
cause, 5, 5, 271
red, 5, 5, 12
obsess, 1, 1, 1
model, 1, 1, 1
shut, 2, 2, 2
frank, 4, 2, 6
undj, 1, 1, 1
promptly, 1, 1, 63
clarify, 1, 1, 2
completely, 4, 4, 45
antivaxx, 1, 1, 7
surely, 1, 1, 1
conservatives, 3, 2, -20
embarrass, 1, 1, 2
craving, 1, 1, 10
bigass, 1, 1, 4
backwards, 1, 1, 86
automatic, 1, 1, 3
could, 23, 18, 564
put, 16, 16, 550
timer, 1, 1, 1
times, 7, 7, 12
conversation, 3, 3, 17
chicken, 1, 1, 1
abuse, 1, 1, 4
hence, 1, 1, 3
gentlemanly, 2, 2, 17
austin, 1, 1, -11
south, 6, 6, 127
designed, 1, 1, 84
obscurity, 1, 1, 1
succeeds, 1, 1, 2
confuse, 1, 1, 1
scene, 1, 1, 3
owned, 4, 2, 6
jesus, 4, 4, 1221
straining, 1, 1, 8
mah, 1, 1, 8
owner, 3, 2, 5
stump, 1, 1, 4
blows, 1, 1, 1
kidding, 1, 1, 3
unger, 2, 2, -2
straight, 3, 3, 25
owning, 1, 1, 1
prank, 2, 2, 1203
stickernvm, 1, 1, -2
playlist, 2, 1, 1
management, 1, 1, 2
reference, 2, 2, -1
fuckery, 1, 1, 7
bears, 2, 2, 9
filthy, 1, 1, 8
myspace, 1, 1, 1
heremelodramatic, 1, 1, 13
system, 5, 5, 10
retreats, 1, 1, 16
1500, 1, 1, 10
exfriend, 1, 1, 12
wrapped, 1, 1, 64
racist, 3, 3, 16
perfectly, 2, 2, 2
final, 1, 1, 3
rcringe, 1, 1, 61
12hrs, 1, 1, 515
academy, 1, 1, 16
exactly, 5, 5, 16
hitching, 1, 1, 10
boysenberries, 1, 1, 5
unlaid, 1, 1, 7
remember, 4, 4, 22
steel, 2, 2, 3
waitsaints, 1, 1, -2
egregious, 1, 1, 1
wet, 2, 2, 4
bother, 1, 1, 2
65m, 1, 1, 17
see, 30, 27, 117
bed, 2, 2, 3
discriminating, 1, 1, 2
claim, 2, 2, 3
individual, 1, 1, 17
1280amp, 1, 1, 5
dumb, 12, 9, 38
bet, 8, 8, 33
migration, 1, 1, 8
drunk, 1, 1, 2
biblebased, 1, 1, 1
villains, 1, 1, 5
chivalrous, 1, 1, 1
carrots, 3, 2, 27
spelled, 1, 1, 3
fail, 1, 1, 1
atlanta, 1, 1, -1
need, 20, 19, 1033
apparently, 7, 7, 53
moron, 1, 1, 1
heathens, 1, 1, 1
screw, 2, 1, 2
bastard, 1, 1, 10
afraid, 2, 2, 13
dishes, 1, 1, -2
dallas, 1, 1, 6
allergies, 1, 1, 0
apis, 1, 1, 4
able, 4, 4, 14
ahole, 1, 1, 21
asshole, 4, 4, 5
jimmies, 1, 1, 8
healthcare, 2, 2, 21
gubmint, 1, 1, 8
visa, 1, 1, 1
eight, 1, 1, 8
satire, 3, 3, 4
future, 1, 1, 3
rhailcorporate, 1, 1, -4
deny, 1, 1, 11
lisarb, 1, 1, 86
request, 1, 1, 45
face, 7, 7, 20
looked, 2, 2, 19
sorta, 1, 1, -5
strawberries, 2, 2, 3
talk, 2, 2, 45
movie, 6, 5, 29
businessman, 1, 1, 1052
normally, 1, 1, 1
fact, 3, 3, 334
bullshit, 8, 8, 1099
30pm, 1, 1, 1
text, 2, 2, 8
automated, 1, 1, 0
anyway, 3, 3, 62
brother, 2, 2, 10
bring, 6, 6, 58
democrats, 1, 1, 15
midwife, 1, 1, 16
fear, 1, 1, 22
darkest, 1, 1, 4
supporter, 1, 1, 2
longsword, 1, 1, 3
communism, 6, 4, 62
based, 1, 1, 5
knowledge, 1, 1, 8
6000, 1, 1, -23
earned, 1, 1, 1
upvote, 4, 3, 14
winner, 2, 2, 64
gouging, 1, 1, 150
leffen, 1, 1, 5
score, 1, 1, 4
tape, 2, 2, 11
employee, 1, 1, 0
riding, 1, 1, 1
local, 2, 2, 87
hope, 6, 6, 53
indignant, 1, 1, 4
meant, 5, 5, 156
move, 1, 1, 25
handle, 1, 1, 63
means, 11, 8, 29
beat, 2, 2, 36
familiar, 1, 1, 26
photography, 1, 1, 1
999, 1, 1, 10
bear, 3, 3, 19
abundance, 1, 1, 63
community, 2, 2, 20
ones, 8, 6, -14
tbm, 1, 1, 5
legitimate, 2, 2, 1053
words, 2, 2, 6
ira, 1, 1, 2
wise, 1, 1, 1
areas, 2, 2, 7
evolution, 3, 3, 28
dpr, 1, 1, 5
trucks, 1, 1, 277
brain, 2, 2, -20
denmark, 2, 1, 1
postit, 1, 1, -2
rapper, 1, 1, 19
calling, 2, 2, 105
ripley, 1, 1, 1
conservatards, 1, 1, -3
wish, 3, 3, 67
rapped, 1, 1, -14
deceived, 1, 1, -40
available, 4, 3, 6
btw, 1, 1, 16
humiliation, 1, 1, 1052
acquired, 1, 1, 7
national, 10, 10, 38
cruise, 1, 1, 0
humans, 2, 2, 5
arsed, 1, 1, 1
accused, 1, 1, -23
9654, 1, 1, 1
nofap, 1, 1, 1
creationist, 1, 1, 29
closer, 4, 4, 9
computer, 1, 1, 1
shop, 1, 1, 1
closet, 2, 2, 2
reform, 1, 1, 2
literate, 1, 1, 1
willpower, 1, 1, 2
tend, 1, 1, -40
genius, 3, 3, 7
state, 6, 5, 18
speculation, 1, 1, 1
horrible, 1, 1, -1
neither, 2, 2, 13
email, 2, 2, 2
egging, 1, 1, 1
subversive, 1, 1, 4
dumber, 2, 2, 19
ability, 1, 1, 1
importance, 1, 1, 4
facepalm, 22, 21, 385
rope, 1, 1, 1
job, 6, 6, 183
historians, 1, 1, 8
stutters, 1, 1, 2
lawsuit, 1, 1, -7
faggot, 1, 1, 2
legit, 2, 2, 34
david, 2, 2, 26
redditors, 1, 1, 1
drum, 1, 1, 1
limits, 1, 1, 1
admin, 1, 1, 4
joke, 9, 7, 196
taking, 6, 6, 76
equal, 1, 1, 4
drug, 9, 6, 53
beliefs, 3, 2, 18
etc, 3, 3, 30
bachmann, 1, 1, 0
apostrophe, 3, 3, 5
passing, 1, 1, 1
otherwise, 2, 2, 5
comment, 10, 9, 443
aa, 2, 2, 15
adjusted, 1, 1, 1
relevant, 4, 4, 10
afaik, 1, 1, 20
wall, 2, 1, 10
ca, 26, 26, 782
teasing, 1, 1, -40
walk, 14, 13, -3
incest, 1, 1, 40
adding, 1, 1, 1
laugh, 2, 2, 12
cousin, 3, 3, 7
monstrosity, 1, 1, 3
respect, 1, 1, 3
quit, 1, 1, 8
spretty, 1, 1, 16
horrific, 1, 1, 7
copies, 1, 1, 1
taste, 2, 2, 14
liberals, 2, 1, 3
tyler, 3, 3, 1
certain, 2, 2, -19
waste, 3, 3, 17
faced, 1, 1, 1052
describe, 1, 1, -3
moved, 3, 3, 3
releasing, 1, 1, 1
airplanes, 2, 2, 3
crappy, 1, 1, 1
assert, 1, 1, 43
rshitty_car_mods, 1, 1, 4
upsets, 1, 1, 2
lazboy, 1, 1, 1
infestation, 1, 1, 10
vanity, 1, 1, 92
present, 1, 1, -40
communalized, 1, 1, 1
holiday, 1, 1, 2
wily, 1, 1, 12
wilt, 1, 1, 4
vanilla, 4, 4, 13
nd, 1, 1, 6
harder, 2, 2, 11
britain, 1, 1, 1
duhhh, 1, 1, 2
choices, 3, 3, 3587
stalin, 3, 1, -2
xpost, 1, 1, 1
hahaha, 2, 2, 5
wild, 1, 1, 8
whirlpool, 1, 1, 4
screenshot, 1, 1, 89
blood, 3, 3, 21
delusion, 1, 1, 4
site, 3, 3, 9
surface, 2, 1, 1
hardware, 1, 1, 1
433million, 1, 1, 5
dual, 1, 1, 1
politics, 1, 1, 11
arabic, 3, 1, 5
capture, 1, 1, 60
denial, 1, 1, 5
perhaps, 1, 1, 20
cross, 2, 1, -40
autism, 1, 1, 16
gesture, 1, 1, 3
dakotan, 1, 1, 2
geographical, 1, 1, 2
largest, 2, 1, 1
party, 4, 3, 4
gets, 6, 6, -17
difficult, 1, 1, 64
incorrect, 1, 1, 1
http, 29, 24, 444
bald, 2, 2, 9
disagree, 3, 2, 10
fucker, 1, 1, 95
introduce, 1, 1, 8
student, 3, 3, -1
fucked, 1, 1, -10
frequently, 1, 1, 12
rniceguys, 1, 1, 1
transaction, 2, 2, 118
center, 1, 1, 4
eli5, 1, 1, 1
approve, 1, 1, -1
well, 19, 19, 712
sensehuh, 1, 1, 1
thought, 19, 18, 242
scissor, 1, 1, 1
sheer, 1, 1, 2
spelt, 1, 1, 0
oops, 1, 1, 4
english, 1, 1, 5
position, 1, 1, 5
soviet, 2, 1, -2
latest, 1, 1, 16
lynching, 1, 1, 100
lube, 1, 1, 1
stores, 1, 1, 1
less, 4, 4, -5
increasingly, 1, 1, 35
accurate, 2, 2, 55
liked, 1, 1, 1
flea, 1, 1, 1
palm, 4, 4, 6
rooms, 1, 1, 2
seats, 1, 1, 5
dakota, 3, 3, 98
protecting, 1, 1, 1
olds, 1, 1, 10
downvoted, 1, 1, -23
happiness, 1, 1, -2
web, 1, 1, 4
generous, 1, 1, 1
gmo, 1, 1, 16
farther, 1, 1, 1
30am, 1, 1, 1
bell, 1, 1, 8
sky, 3, 3, 12
killed, 4, 4, 17
arrest, 2, 2, -1
antivaxxers, 1, 1, 1
combing, 1, 1, 160
citizen, 1, 1, 3
usage, 1, 1, 63
upvotes, 1, 1, -2
smart, 4, 4, 247
clinger, 1, 1, 5
tests, 1, 1, 5
ayduhshay, 1, 1, -1
increased, 1, 1, -7
government, 8, 6, 16
checking, 2, 1, 10
chancellor, 1, 1, 15
utah, 1, 1, 1
five, 1, 1, 5
whatever, 2, 2, -39
burden, 1, 1, -1
immediately, 1, 1, 65
batterybecause, 1, 1, 1
racists, 1, 1, 2
showing, 1, 1, 8
prescription, 1, 1, 2
lost, 5, 5, 16
alternatively, 1, 1, 1
pity, 1, 1, 4
candy, 1, 1, 14
powerball, 1, 1, 63
4chan, 3, 3, 26
martin, 9, 8, 1190
chick, 1, 1, 2
works, 11, 8, 187
page, 6, 6, -13
italian, 1, 1, 5
abcedy, 1, 1, 0
footage, 2, 1, 8
hair, 2, 1, 10
choosing, 2, 2, -37
loaded, 1, 1, 1
proper, 1, 1, 2
home, 4, 4, 40
empire, 1, 1, 20
suspiciousamp, 1, 1, 4
scares, 1, 1, 2
happens, 1, 1, 56
hipsters, 1, 1, 1
obsessed, 1, 1, -5
lead, 2, 2, 14
literally, 2, 2, 151
avoid, 2, 2, -39
23rds, 1, 1, 1
bongs, 1, 1, 6
assuming, 1, 1, -40
screwed, 1, 1, 4
liberia, 1, 1, 1
biology, 1, 1, 43
southerner, 1, 1, 2
murderer, 1, 1, -40
monetary, 1, 1, -1
comcast, 3, 2, 3
pressure, 1, 1, -7
murdered, 2, 2, -1
riled, 1, 1, 17
asinine, 1, 1, 10
worthy, 2, 2, 74
r, 5, 5, 43
repair, 1, 1, 0
freemason, 1, 1, 1
hiding, 7, 7, 17
iimgurcomlpw2hsegif, 1, 1, 5
actual, 1, 1, 2
extension, 1, 1, 1
getting, 10, 9, 92
freedom, 1, 1, -2
union, 2, 2, 2
swear, 3, 2, 2
facebookcomc4mb170, 1, 1, 0
autocorrect, 1, 1, 1
software, 3, 3, 3
em, 4, 3, 6
letters, 1, 1, 1
additionally, 1, 1, 4
libertarians, 1, 1, 2
pussy, 1, 1, 2
preexisting, 1, 1, 2
washington, 1, 1, -2
missinghmmyeah, 1, 1, 4
due, 1, 1, 8
immune, 3, 3, 14
weather, 1, 1, 2
lung, 1, 1, 7
tiny, 1, 1, 143
female, 1, 1, 48
unilad, 2, 2, 9
roads, 1, 1, 6
afoot, 1, 1, 1
mere, 1, 1, 4
significantly, 1, 1, 4
behind, 1, 1, 1
apps, 1, 1, 3
spots, 1, 1, 3
noticed, 1, 1, 5
intention, 1, 1, -5
whoo, 1, 1, 1
biggest, 2, 2, 41
troubling, 1, 1, 0
ditsy, 1, 1, 5
uncontrollable, 1, 1, -23
naturally, 1, 1, 10
function, 1, 1, 1
agian, 1, 1, 23
buy, 4, 3, 40
north, 5, 5, 423
shane, 1, 1, 2
funds, 1, 1, 2
coke, 1, 1, 10
reminds, 5, 5, 13
hi, 2, 2, 61
hl, 1, 1, 17
hm, 1, 1, 5
ear, 1, 1, 3
eat, 2, 2, -26
count, 1, 1, 9
made, 18, 17, 2323
tactics, 1, 1, 2
places, 1, 1, 4
whether, 1, 1, 3
dangerous, 4, 2, -32
official, 1, 1, 2
flip, 2, 2, 2
placed, 1, 1, -7
convince, 2, 2, 1
dodge, 1, 1, 1
problem, 4, 4, 14
piece, 1, 1, 150
supreme, 1, 1, 2
cmon, 1, 1, 3
pin, 1, 1, 10
pic, 3, 3, 0
kisser, 1, 1, 6
slowing, 1, 1, 8
pig, 1, 1, 1
theatre, 2, 1, 10
yessssss, 1, 1, 0
education, 4, 4, 1
haggled, 1, 1, 56
1950s, 1, 1, -7
compared, 2, 1, 1
yeeyee, 2, 2, 4
sexual, 1, 1, 1
45, 1, 1, 63
claiming, 1, 1, 239
40, 1, 1, 4
book, 4, 4, 33
xitm2hq0g98, 1, 1, 3
details, 1, 1, -40
sick, 6, 5, 1215
mass, 2, 1, -40
incredibly, 3, 3, 4
dictatorships, 1, 1, -1
canada, 3, 3, 23
rquityourbullshit, 1, 1, 0
repeat, 2, 2, 1053
kinds, 1, 1, 1
plate, 1, 1, 2
subnet, 1, 1, 5
stay, 4, 3, -2
chance, 2, 2, 24
kinda, 1, 1, 9
4g, 1, 1, 12
ideals, 1, 1, 2
friends, 5, 3, 1
christians, 2, 2, 7
fundie, 1, 1, 37
using, 7, 7, 36
1860, 1, 1, 4
indapendent, 2, 2, 84
rforwardsfromgrandma, 1, 1, 2
4s, 1, 1, 1
rule, 2, 2, 0
intentionally, 1, 1, 2
sleeves, 1, 1, 7
nonessential, 1, 1, 63
baked, 1, 1, 0
