Word, Frequency, Comment Frequency, Net Score
limited, 1, 1, 1
desirable, 1, 1, 0
yellow, 2, 2, 4
four, 1, 1, 5
asian, 2, 2, 2
appetite, 1, 1, -1
hate, 3, 3, 5
worked, 1, 1, 1
conjure, 1, 1, 2
someplace, 1, 1, 1
patches, 1, 1, 1
pancetta, 1, 1, 2
enoughhell, 1, 1, 2
teaspoon, 1, 1, 1
sorry, 4, 4, 9
worth, 4, 4, 5
updated, 1, 1, 12
rockspiny, 1, 1, 2
rise, 2, 2, 14
every, 6, 6, 78
jack, 2, 2, 3
jacob, 1, 1, 5
14t, 1, 1, 3
fireplace, 3, 3, 211
20v2jpg, 1, 1, 2
baking, 4, 4, 8
broiler, 3, 3, 7
skills, 2, 2, 3
pinch, 1, 1, 3
rbreadit, 1, 1, 1
implanting, 1, 1, 1
unrelated, 1, 1, 2
commented, 2, 2, 2
enjoy, 6, 6, -4
chew, 1, 1, 1
bill, 1, 1, -3
mediumlow, 1, 1, 3
bubbling, 1, 1, 1
bacon, 14, 11, 21
direct, 1, 1, 1
chef, 9, 6, 8
elegant, 1, 1, 3
second, 4, 4, 10
chen, 1, 1, 1
even, 8, 8, 23
sesame, 1, 1, 2
christ, 1, 1, 2
meals, 2, 2, 3
cooking, 6, 6, 17
revolves, 1, 1, 0
nyt, 2, 2, 7
new, 5, 4, 7
tips, 3, 3, 6
ever, 14, 14, 1073
kartoffelsalat, 1, 1, 16
crunch, 1, 1, 2
pancakes, 2, 2, 4
postvalentine, 1, 1, 1
men, 1, 1, 2
tornado, 1, 1, 3
wagyu, 9, 7, 12
100, 1, 1, 2
mozzarella, 3, 2, 3
dry, 6, 6, 0
kudos, 1, 1, 1
tx, 3, 3, -6
items, 1, 1, 5
cakes, 1, 1, 11
settles, 1, 1, 1
credit, 1, 1, 102
smoke, 4, 2, 10
aka, 1, 1, 1
golden, 4, 2, 5
fantastic, 3, 3, 3
slices, 1, 1, 1
charred, 3, 3, 5
feelings, 9, 9, 44
sliced, 4, 2, 2
patience, 1, 1, 2
moral, 1, 1, 6
total, 1, 1, 1049
would, 25, 25, 114
tl, 1, 1, 36
call, 3, 3, 107
recommend, 3, 3, 7
survive, 1, 1, 35
care, 1, 1, 4
type, 1, 1, 2
sammich, 1, 1, 1
lungs, 1, 1, 0
brings, 1, 1, 1
haha, 3, 2, 2
wars, 1, 1, 0
phone, 2, 2, 6
warm, 4, 4, 57
excellent, 2, 2, 2
hole, 1, 1, 1
ware, 1, 1, 3
must, 2, 2, 13
room, 3, 3, 39
presentation, 1, 1, 2
work, 11, 9, 1168
milanesas, 2, 1, 5
temperatures, 1, 1, 36
mr, 1, 1, 41
fking, 1, 1, 2
recipes, 2, 2, 2
estate, 1, 1, 1
give, 11, 10, 55
outgregious, 1, 1, 1049
honey, 2, 2, 6
foods, 1, 1, 1
veggies, 1, 1, 3
want, 11, 11, 58
keep, 7, 7, 113
preferably, 1, 1, -2
end, 2, 2, 7
thing, 10, 10, 56
travel, 1, 1, 1
sitting, 1, 1, 35
machine, 1, 1, 1
hot, 9, 8, 62
salivate, 1, 1, 5
morbid, 1, 1, 0
soundslooks, 1, 1, 1
yum, 3, 3, 6
pizza, 6, 6, 14
beauty, 1, 1, 2
lad, 1, 1, 2
wrong, 4, 3, 7
law, 1, 1, 2
purchase, 2, 2, 8
attempt, 1, 1, 2
third, 2, 2, 4
croissant, 3, 1, 3
parmigano, 1, 1, 7
appreciate, 1, 1, 1
lost, 1, 1, 1
greek, 1, 1, 2
green, 7, 5, 13
buttman, 2, 1, 2
suggest, 1, 1, 5
order, 3, 3, 104
wind, 1, 1, 3
wine, 2, 2, 14
executed, 1, 1, 2
muffin, 1, 1, 1
oven, 10, 8, 11
hemp, 1, 1, 3
rreubens, 1, 1, 1
ima, 1, 1, 1
slather, 1, 1, 1
trying, 3, 3, 76
masterchef, 1, 1, 0
blackened, 1, 1, 1
better, 6, 6, 14
blueberry, 1, 1, 1
savory, 1, 1, 6
weeks, 4, 4, 121
shear, 1, 1, 1
versus, 1, 1, 1
combination, 1, 1, 4
safe, 1, 1, 1
runny, 1, 1, 1
slicing, 1, 1, 3
ernesto, 1, 1, 1
schools, 1, 1, 11
awfully, 1, 1, 7
banh, 2, 1, 1
bread, 22, 16, 77
meat, 32, 28, 31
thyme, 1, 1, 2
potatoes, 1, 1, 1
crunchy, 2, 2, 1
rocks, 1, 1, 2
wooden, 2, 2, 3
filling, 2, 2, 25
roast, 3, 3, 4
addicted, 1, 1, 1
went, 10, 9, 86
rosemary, 1, 1, 1
side, 5, 4, 8
bone, 2, 1, 1
mean, 4, 4, 12
series, 1, 1, 0
forgot, 1, 1, -6
extract, 1, 1, 1
sounds, 1, 1, 1
gon, 3, 3, 10
network, 1, 1, 6
god, 5, 5, 42
cthulhu, 1, 1, 2
tomorrow, 1, 1, 0
content, 1, 1, 102
daniel, 1, 1, 2
rare, 3, 3, 3
heavenly, 1, 1, 2
got, 14, 13, 90
ri, 1, 1, -2
turning, 3, 3, 5
written, 1, 1, 1
wanted, 3, 3, 4
totonka, 1, 1, 1
tabasco, 2, 2, -3
ate, 2, 2, 6
created, 1, 1, 3
r8, 1, 1, 0
days, 4, 4, 45
ist, 1, 1, 5
licked, 1, 1, 1
onto, 1, 1, 3
fuckin, 1, 1, 2
chopped, 7, 4, 6
already, 4, 4, 19
pyrex, 1, 1, 2
hearing, 1, 1, 2
lettuce, 2, 2, 2
kfc, 2, 2, 3
delicious, 31, 31, 115
millers, 1, 1, -3
thick, 5, 5, 42
spinach, 2, 1, 3
provolone, 1, 1, 3
top, 7, 7, 465
reuben, 1, 1, 2
blackberry, 1, 1, 1
master, 1, 1, 2
john, 1, 1, 1
bitter, 1, 1, 3
danish, 1, 1, 2
intestine, 1, 1, 1
serve, 2, 2, 3
took, 2, 2, 3
swish, 1, 1, 1
somewhat, 2, 2, 1
wasted, 1, 1, 11
orgasm, 1, 1, 1
zero, 1, 1, 1
preparation, 1, 1, 58
matter, 3, 3, 9
flame, 1, 1, 1
iron, 4, 3, 4
feeling, 2, 2, 3
mini, 2, 2, 2
lbs, 2, 2, 2
ran, 1, 1, 3
pass, 1, 1, 1
mind, 5, 5, 11
mine, 9, 9, 442
ginger, 3, 1, 1
anybody, 2, 1, 12
return, 1, 1, 1
7th, 1, 1, 23
seen, 9, 9, 33
seem, 3, 3, 5
mint, 1, 1, 1
eels, 1, 1, 5
causing, 1, 1, 2
blue, 1, 1, 1
shallow, 1, 1, 1
though, 17, 17, 29
viscosity, 1, 1, 36
mashed, 1, 1, 1
regular, 2, 2, 2
mouth, 3, 3, 3
addict, 1, 1, 0
episode, 1, 1, 3
dog, 2, 2, -18
definitely, 5, 5, 11
shrim, 1, 1, -2
voting, 1, 1, -2
scotch, 1, 1, 1
incomplete, 1, 1, 102
beaten, 1, 1, 3
bomb, 2, 2, 3
hunger, 1, 1, 5
lewis, 1, 1, 2
meal, 2, 2, 17
ending, 1, 1, 2
colors, 1, 1, 3
whittling, 1, 1, 5
earth, 1, 1, 0
imploded, 1, 1, 445
enjoyed, 1, 1, 0
toast, 2, 2, 2
orleans, 2, 1, 1
resisting, 1, 1, 1
clicked, 1, 1, 5
quaint, 1, 1, 1
imgurcoman7k7v, 1, 1, 2
minnesota, 1, 1, 2
sugar, 15, 9, 45
rich, 1, 1, 2
chipotle, 3, 3, 5
rice, 3, 3, 4
wearing, 1, 1, 27
mixture, 4, 4, 42
di, 1, 1, 18
watch, 1, 1, 0
dc, 1, 1, 2
smug, 1, 1, 5
frying, 1, 1, 2
onboard, 1, 1, 1
dr, 1, 1, 36
saut, 2, 2, 6
nicely, 4, 4, 4
ahhhhhhh, 1, 1, 13
lexington, 2, 2, -5
licking, 1, 1, 1
bag, 2, 2, 10
bad, 3, 3, 17
shots, 1, 1, 1
grilled, 1, 1, 0
steak, 8, 7, 47
terminology, 1, 1, 1
fragrant, 1, 1, 3
besh, 1, 1, 1
disaster, 1, 1, 36
fair, 2, 2, 36
decided, 3, 3, 7
noodles, 3, 1, 1
bleh, 1, 1, -2
best, 14, 14, 31
pastel, 2, 2, 5
said, 2, 2, 21
glass, 2, 1, 2
lots, 2, 2, 5
away, 1, 1, 1
stabed, 1, 1, 35
shaved, 3, 1, 3
pets, 1, 1, 1
hopefully, 1, 1, 1
yogurt, 1, 1, 2
lazy, 2, 2, 5
never, 13, 13, 55
wo, 1, 1, 1
handful, 1, 1, 1
however, 2, 2, 3
380, 1, 1, 1
wth, 1, 1, 1
cousin, 1, 1, 1
itssoraw, 1, 1, 2
kitchen, 7, 7, 47
jelly, 1, 1, 1
cob, 1, 1, 2
brag, 2, 2, 18
fermentation, 1, 1, 12
crispy, 1, 1, 1
photographer, 1, 1, 5
expense, 1, 1, 1
pre, 1, 1, 2
character, 1, 1, 2
unicorns, 1, 1, 7
towels, 1, 1, 3
speak, 1, 1, 1049
dufry, 1, 1, 1
tins, 1, 1, 4
beef, 12, 9, 18
fri, 1, 1, -2
quickly, 1, 1, 2
spur, 1, 1, 3
much, 19, 19, 240
replicate, 1, 1, 1
slaw, 1, 1, 1
expected, 2, 2, 4
curried, 1, 1, 1
fry, 2, 2, 2
lovely, 1, 1, 3
life, 6, 5, 16
triscuits, 1, 1, 1
sooooo, 1, 1, 1
craft, 1, 1, 0
chile, 1, 1, 1
personally, 1, 1, 0
catch, 1, 1, 1
chili, 7, 5, 5
chill, 1, 1, 3
wfh, 1, 1, 41
tank, 1, 1, 35
iimgurcomwyem5hkjpg, 1, 1, 3
cracker, 3, 3, 1
tastes, 3, 3, 8
air, 2, 2, 4
near, 3, 3, 4
melted, 1, 1, 35
picturing, 1, 1, 3
seven, 1, 1, 25
canape, 1, 1, 0
broth, 7, 3, 6
sushi, 7, 5, 7
canh, 2, 1, 1
shame, 3, 3, 28
cant, 4, 4, 45
erect, 1, 1, 5
im, 1, 1, 4
clinging, 1, 1, 1
ie, 1, 1, 2
disappear, 1, 1, 2
abscess, 1, 1, 1
thingy, 1, 1, 1
things, 4, 4, 6
make, 37, 35, 212
wound, 1, 1, 2
complex, 1, 1, 1
belly, 1, 1, 3
vegetable, 3, 3, 4
toasted, 3, 3, 3
boiled, 1, 1, 2
published, 2, 1, 6
hand, 7, 7, 1064
garlic, 10, 8, 15
characters, 1, 1, 2
jealous, 1, 1, 1
butter, 11, 7, 11
specialize, 1, 1, 1
congrats, 2, 2, 4
smoker, 4, 3, 5
tho, 2, 2, 2
greatest, 1, 1, 2
mother, 2, 2, 3
smoked, 8, 6, 18
meatloafs, 1, 1, 1
kale, 1, 1, 1
unemployment, 1, 1, 5
photo, 3, 3, -2
laptop, 1, 1, 6
envious, 1, 1, 12
thanks, 1, 1, 4
facts, 1, 1, 1
yes, 3, 3, 3
yet, 3, 3, 3
previous, 1, 1, 2
hah, 1, 1, 35
adding, 3, 3, 6
unzips, 1, 1, 5
souma, 1, 1, 0
watercolour, 1, 1, 2
spread, 1, 1, 0
board, 4, 4, 50
easy, 4, 4, 8
enchilada, 2, 1, 1
desire, 1, 1, 1
appreciated, 2, 2, 37
mayo, 2, 2, 2
thermometer, 1, 1, 1
possible, 1, 1, 1
possibly, 2, 2, 1051
manami, 1, 1, -4
burnt, 2, 2, 18
dreams, 2, 2, 2
shoulder, 1, 1, 4
bro, 2, 2, 4
gift, 1, 1, 11
50, 2, 2, 17
specific, 1, 1, 2
oaxaca, 1, 1, 1
tenderloins, 1, 1, 3
night, 10, 9, 16
portuguese, 1, 1, 2
right, 8, 8, 41
old, 5, 5, 16
people, 5, 5, 7
dead, 1, 1, 1
born, 2, 2, 6
dear, 1, 1, 1
pain, 1, 1, 2
ich, 1, 1, 5
bottom, 4, 4, 6
comments, 2, 2, 17
creative, 1, 1, 0
everything, 4, 4, 13
asking, 1, 1, 3
steps, 1, 1, 1
beating, 1, 1, 35
425, 1, 1, 1
core, 1, 1, 1
deleted, 2, 2, 2
corn, 2, 2, 3
burn, 1, 1, 1
post, 7, 7, 26
super, 9, 7, 55
breaded, 1, 1, 3
diner, 2, 2, 8
bealty, 1, 1, 1
ribs, 5, 3, 2
valentines, 5, 5, 22
costs, 1, 1, 1
dinner, 2, 2, 2
misleading, 1, 1, -2
plus, 1, 1, 1
anime, 2, 1, 0
filetofish, 1, 1, 2
slightly, 1, 1, 0
whats, 2, 2, 7
unsalted, 1, 1, 1
ahh, 1, 1, 1
son, 1, 1, 2
finely, 1, 1, 2
wrap, 3, 3, 7
saturdays, 1, 1, 1
amazingly, 1, 1, 2
flying, 1, 1, 35
stuck, 2, 1, 35
way, 15, 15, 24
music, 1, 1, 1
happy, 4, 4, 18
fork, 2, 1, 35
starve, 1, 1, 1
head, 2, 2, 3
medium, 7, 4, 8
forming, 1, 1, 2
gorgeous, 6, 6, 11
snows, 2, 1, 1
marinara, 2, 2, 6
heat, 11, 6, 13
hear, 1, 1, 0
udon, 1, 1, 1
robertson, 1, 1, 1
removed, 2, 2, 130
true, 1, 1, 6
inside, 4, 3, 72
temped, 1, 1, 1
ruined, 1, 1, 2
hotter, 1, 1, 1
homonymous, 1, 1, 3
emmental, 1, 1, 1
toss, 4, 1, 1
crumble, 1, 1, 1
critique, 1, 1, 3
bourdain, 2, 2, 2
promised, 1, 1, 3
sprouts, 2, 2, 4
cacao, 1, 1, 36
mold, 1, 1, 1
trip, 2, 2, 4
shit, 7, 7, 37
posting, 1, 1, 1
marinated, 2, 2, 0
baguette, 1, 1, 1
spermtastic, 1, 1, 5
holy, 2, 2, 3
na, 3, 3, 10
rketo, 1, 1, 5
topped, 1, 1, 3
til, 4, 3, 5
180f, 1, 1, 2
venison, 1, 1, 1
iswellcheesing, 1, 1, 2
holding, 1, 1, 1
bullshitting, 1, 1, 4
test, 1, 1, 2
becuase, 1, 1, 36
smell, 1, 1, 2
roll, 9, 9, 27
picture, 6, 6, 20
phoenix, 1, 1, 1
felt, 2, 2, 42
miscellaneous, 1, 1, 5
mimgurcom8edyruu, 1, 1, 5
weekend, 4, 3, 5
aus, 1, 1, 1
spaetzle, 1, 1, 1
longer, 3, 3, 17
potato, 1, 1, 1
assume, 1, 1, 3
normally, 4, 4, 20
together, 6, 6, 50
time, 23, 21, 95
serious, 2, 2, 8
stick, 2, 2, 2
remarkable, 1, 1, 5
skip, 1, 1, 1
skim, 2, 1, 1
microwave, 2, 1, 1
skin, 1, 1, 13
battle, 1, 1, 0
mill, 1, 1, 1
guava, 1, 1, 1
milk, 6, 4, 42
layers, 1, 1, 6
certainly, 1, 1, 6
hold, 1, 1, 1
yummy, 5, 5, 5
mallet, 1, 1, 3
disgusting, 1, 1, 0
knead, 8, 7, 30
0, 1, 1, 6
finally, 1, 1, 2
rainbows, 1, 1, 11
brown, 8, 6, 17
allpurpose, 1, 1, 3
grilling, 4, 3, 4
vegan, 2, 2, 1
sloppy, 2, 2, 6
calledwhere, 1, 1, 2
cook, 22, 17, 32
eats, 2, 2, 2
exact, 1, 1, 27
minute, 2, 2, 2
cool, 2, 2, 3
cooks, 1, 1, 12
level, 1, 1, 1
turns, 4, 4, 7
posts, 3, 2, 105
brother, 2, 2, 4
leave, 5, 5, 9
soooo, 1, 1, 1
walked, 1, 1, 1
team, 1, 1, 2
quick, 1, 1, 2
guy, 1, 1, 1
dip, 1, 1, 2
round, 2, 1, 0
prevent, 1, 1, 16
pork, 7, 6, 13
portioned, 1, 1, 2
says, 2, 2, 5
rs5onmfzzuy, 1, 1, 20
seasoning, 1, 1, 3
bravo, 1, 1, 39
steaks, 1, 1, 1
cost, 1, 1, 5
dried, 3, 2, 3
run, 1, 1, 1
perusing, 1, 1, 4
chicken, 30, 12, 40
curse, 1, 1, 4
tartare, 1, 1, 1
barbie, 1, 1, 1
melt, 4, 2, 37
rub, 3, 3, 4
rpopping, 1, 1, 4
jury, 2, 2, 0
mussels, 1, 1, 1
french, 1, 1, 5
water, 15, 8, 1324
wussy, 1, 1, 0
alone, 2, 2, 2
along, 3, 3, 8
appears, 1, 1, 1
supplying, 1, 1, 102
wait, 4, 4, 8
box, 1, 1, 3
boy, 2, 2, 6
hbo, 1, 1, 1
crumbles, 1, 1, 2
shove, 1, 1, 71
healthy, 1, 1, 0
root, 1, 1, 1
dublin, 1, 1, 1
muenster, 1, 1, 2
boh, 1, 1, 1
finnally, 1, 1, 35
franklin, 2, 2, 21
bon, 1, 1, 1
usually, 5, 5, 7
priceless, 1, 1, 2
weird, 1, 1, 7
creepyrrito, 1, 1, 1
carpets, 1, 1, 35
love, 22, 21, 47
extra, 3, 3, 4
problematic, 1, 1, 3
prefer, 3, 3, 5
thumbnail, 2, 2, 0
puffed, 1, 1, 1
marker, 1, 1, 2
apetite, 1, 1, 1
teamlet, 1, 1, 1
market, 1, 1, 0
flatbreads, 1, 1, 2
amazeballs, 1, 1, 2
positive, 1, 1, 1
angry, 1, 1, 1
mediumwell, 1, 1, 1
dude, 4, 4, 804
intense, 1, 1, 1
creamy, 1, 1, 1
live, 4, 4, 8
explicitly, 1, 1, 102
https, 24, 11, 144
cocaine, 1, 1, 2
angels, 1, 1, 7
prep, 1, 1, 3
loving, 1, 1, 2
cameos, 1, 1, 1
share, 1, 1, 1
acceptable, 1, 1, 5
ooh, 1, 1, 2
chocolate, 23, 10, 192
everywhere, 2, 2, 40
olive, 4, 4, 17
effort, 2, 2, 37
crackers, 1, 1, 1
insights, 1, 1, 2
cap, 2, 1, 3
cat, 4, 1, -2
sous, 1, 1, 1
bake, 1, 1, 2
nonmeat, 1, 1, 4
making, 13, 13, 78
dollars, 1, 1, 5
heart, 5, 5, 6
dedicated, 1, 1, 0
months, 2, 2, 2
foodgasm, 1, 1, 2
awesome, 11, 11, 288
fuck, 7, 7, 23
upoledra, 1, 1, 102
sample, 1, 1, 16
heard, 2, 2, 8
mmmmmm, 1, 1, 1
reggiano, 1, 1, 7
233, 1, 1, 1049
harissa, 1, 1, 2
winter, 1, 1, 15
mole, 2, 1, 1
divided, 1, 1, 3
magazine, 2, 2, -6
freezer, 2, 2, 37
1, 24, 11, 118
till, 1, 1, 1
schaut, 1, 1, 1
breader, 1, 1, 2
flavored, 1, 1, 2
product, 1, 1, 3
140, 1, 1, 1
information, 1, 1, 3
may, 3, 3, 4
spot, 2, 2, 7
marbling, 1, 1, 2
mac, 1, 1, 1
birthday, 1, 1, 6
date, 1, 1, 1
man, 7, 7, 81
wwwyoutubecomwatch, 2, 2, 22
neck, 1, 1, 1
liquid, 2, 2, 39
drumsticks, 3, 1, 2
sp, 2, 2, 27
st, 1, 1, 1
fluent, 1, 1, 2
sc, 1, 1, 2
tall, 1, 1, 1
pulled, 1, 1, 1
meatloaves, 1, 1, 2
macaron, 7, 3, 17
serving, 2, 2, 2
words, 1, 1, 4
indeed, 1, 1, 23
years, 7, 5, 50
course, 1, 1, 1
windhoek, 1, 1, 1
rfood, 5, 5, 109
cold, 3, 2, 3
still, 10, 10, 44
thank, 4, 4, 110
interesting, 3, 3, 137
bagels, 2, 2, 9
jim, 6, 6, 95
sexiest, 1, 1, 2
amazing, 24, 24, 109
forms, 2, 2, 13
farmer, 1, 1, 2
main, 2, 2, 3
wahwah, 1, 1, 1
nom, 1, 1, 1
evoo, 1, 1, 2
underneath, 1, 1, 1
useless_but_true, 1, 1, 27
tails, 4, 3, 5
refrigerated, 1, 1, 1
half, 15, 9, 22
bittman, 4, 3, 15
ketchup, 1, 1, 1
moist, 1, 1, 2
term, 2, 2, 7
name, 2, 2, 2
youtubegp7zbvplei4, 1, 1, 2
realise, 1, 1, 2
rock, 2, 2, 3
em, 2, 2, 3
ed, 1, 1, 3
yeah, 2, 2, 3
year, 6, 6, 1
coulotte, 2, 2, 5
salads, 1, 1, 3
intended, 1, 1, 2
album, 2, 2, 103
living, 5, 4, 6
100g, 1, 1, 3
looking, 9, 7, 26
seriously, 3, 3, 17
saltpepper, 1, 1, 3
internet, 1, 1, 2
monkfish, 1, 1, 1
correct, 1, 1, 2
shows, 3, 1, 0
cloves, 1, 1, 3
facedown, 1, 1, 2
octopus, 1, 1, 1
romano, 4, 2, 4
quite, 5, 5, 1097
besides, 1, 1, 3
orb, 1, 1, 8
liberally, 1, 1, 3
thins, 2, 2, 1
turn, 3, 3, 10
funky, 1, 1, 1
lockscreen, 1, 1, 6
place, 11, 10, 26
massive, 1, 1, 1
charleston, 1, 1, 2
turd, 1, 1, 0
think, 11, 11, 46
first, 15, 14, 66
cheese, 24, 18, 74
constantly, 1, 1, 1
one, 33, 30, 2449
long, 5, 5, 9
directly, 2, 2, 5
vote, 1, 1, 2
ring, 3, 3, 11
open, 2, 2, 2
cheesy, 1, 1, 1
size, 1, 1, 2
city, 2, 2, -4
little, 13, 12, 59
checked, 1, 1, 5
1t, 3, 1, 3
wishbone, 1, 1, 2
caught, 1, 1, 2
plastic, 3, 2, 11
anyone, 2, 2, 17
2, 21, 14, 1202
tell, 3, 3, 1
stuffed, 5, 5, 11
white, 13, 8, 132
friend, 2, 2, 3
frasier, 3, 2, 5
eyes, 1, 1, 0
mostly, 3, 3, -10
season, 2, 2, 2
vermicelli, 1, 1, 1
ridiculous, 1, 1, 1
pierogi, 4, 1, 3
thai, 1, 1, 1
boyfriend, 1, 1, 2
11, 1, 1, 102
10, 4, 4, 108
13, 1, 1, 102
12, 11, 8, 123
15, 2, 2, 6
14, 3, 3, 104
scraping, 1, 1, 1
require, 1, 1, 1
browning, 1, 1, 1
oilier, 1, 1, 1
future, 1, 1, 1
knives, 1, 1, 1
damned, 1, 1, 2
lick, 1, 1, 4
tasted, 4, 4, 6
saute, 2, 1, 3
pro, 1, 1, 2
bolognese, 1, 1, 4
turned, 3, 2, 5
sad, 3, 3, -6
dash, 1, 1, 0
say, 8, 8, 49
pastry, 1, 1, 23
tastey, 1, 1, 2
breakfast, 1, 1, 2
saw, 4, 4, 8
sat, 1, 1, 25
lumps, 1, 1, 1
fucking, 8, 8, 88
aside, 2, 1, 3
terrific, 1, 1, 9
dining, 1, 1, 1
take, 9, 9, 20
online, 3, 3, 8
interior, 1, 1, 1
wanting, 2, 2, 4
hightemperature, 1, 1, 1
203, 1, 1, 2
sure, 13, 13, 20
multiple, 1, 1, 6
normal, 2, 2, -3
track, 1, 1, 102
paid, 1, 1, 12
boiling, 1, 1, 1
america, 2, 2, 22
sauteed, 1, 1, 3
forever, 2, 2, 2
especially, 2, 2, 1
considered, 1, 1, 2
average, 1, 1, 1
hungry, 5, 5, 34
mrs, 1, 1, 3
fillers, 1, 1, 7
fillo, 1, 1, 1
salt, 15, 10, 18
laws, 1, 1, -2
shot, 5, 5, 10
show, 6, 4, 0
german, 2, 1, 1
recipe, 53, 50, 1376
understatementholy, 1, 1, 4
corned, 2, 1, 6
discovered, 1, 1, 4
bright, 1, 1, 2
ground, 3, 3, 10
title, 2, 2, 8
breadcrumbs, 1, 1, 3
lahey, 10, 8, 116
3, 14, 11, 117
texture, 1, 1, 2
crime, 1, 1, 1
going, 10, 10, 19
black, 7, 6, 20
m8, 1, 1, 0
carolina, 1, 1, 0
ger, 1, 1, -2
pastrami, 2, 1, 6
get, 24, 21, 102
romanesco, 1, 1, 1
truly, 3, 3, 3
mandarin, 2, 2, 4
lighter, 1, 1, 1
import, 1, 1, 3
imgurcom1fy2bjl, 1, 1, 2
freaking, 3, 3, 41
doughier, 1, 1, 2
lame, 1, 1, 4
artist, 1, 1, 102
basicaly, 1, 1, 36
cumin, 2, 1, 1
morning, 1, 1, 102
stupid, 2, 2, 7
dough, 9, 6, 21
husband, 2, 2, 46
honesty, 1, 1, 3
anyways, 1, 1, 5
seam, 1, 1, 8
paprika, 3, 2, 4
wonder, 1, 1, 5
fails, 1, 1, 1049
satisfying, 2, 2, 1
wielding, 1, 1, 1
ways, 1, 1, 12
glaze, 1, 1, 1
enough, 9, 9, 53
chewy, 1, 1, 2
reproducible, 1, 1, 6
reading, 1, 1, 20
across, 1, 1, 2
unappealing, 1, 1, 0
affordable, 1, 1, 2
gives, 1, 1, 3
notice, 1, 1, 6
legitimacy, 1, 1, 3
screen, 3, 3, 8
yumm, 1, 1, 1
immitation, 1, 1, 1
cheap, 1, 1, 1
hunk, 1, 1, 3
marietta, 2, 1, 3
jr, 1, 1, 2
broil, 1, 1, 3
come, 3, 3, 6
talented, 1, 1, 5
many, 6, 6, 1157
sodium, 1, 1, 1
crisped, 1, 1, 2
dated, 1, 1, 6
chorizo, 1, 1, 1
comes, 2, 2, 8
cancer, 2, 2, 5
color, 7, 5, 8
avocado, 1, 1, 3
pot, 10, 3, 4
glutinous, 1, 1, 2
satisfaction, 1, 1, 5
ezpz, 1, 1, 1
colon, 1, 1, 2
denver, 1, 1, 1
learning, 1, 1, 23
68, 1, 1, 3
turkey, 3, 3, 6
fantasy, 1, 1, 4
cares, 1, 1, 8
barry, 2, 2, 2
locally, 1, 1, 1
mark, 3, 2, 8
judging, 1, 1, 0
catchup, 1, 1, 0
narita, 1, 1, 1
tiger, 1, 1, 1
receipies, 1, 1, 1
undercooked, 1, 1, 1
sound, 1, 1, 1
crumb, 2, 2, 3
might, 5, 4, 4
trick, 2, 2, 2
cast, 4, 3, 5
sniffle, 1, 1, 3
vegeterian, 1, 1, 1
scum, 2, 1, 1
taking, 1, 1, 2
ive, 1, 1, 2
emeril, 1, 1, 1
middle, 1, 1, 1
someone, 6, 6, 6
motivated, 1, 1, 2
pap, 1, 1, 5
different, 4, 4, 7
pat, 1, 1, 1
pay, 1, 1, 58
granted, 1, 1, 5
bowl, 15, 7, 456
check, 2, 1, 2
ya, 2, 2, 72
cabot, 1, 1, 2
compiling, 1, 1, 5
pan, 11, 6, 276
week, 2, 2, 9
oil, 19, 8, 46
200c, 1, 1, 1
foam, 1, 1, 1
masami, 1, 1, 3
edges, 1, 1, 16
favorites, 2, 2, 1
changing, 1, 1, 1
totally, 1, 1, 5
weave, 2, 2, 3
break, 4, 4, 38
drain, 1, 1, 1
charges, 1, 1, -2
wellington, 1, 1, 1
without, 6, 6, 8
bottle, 1, 1, 4
alfredo, 1, 1, 1
briskets, 1, 1, 3
steamed, 1, 1, 2
rest, 3, 3, 6
kill, 1, 1, 0
leeway, 1, 1, 5
ounces, 1, 1, 1
polish, 1, 1, 0
flavor, 5, 5, 12
weekly, 1, 1, -16
blow, 1, 1, 1
cilantro, 3, 2, 2
death, 1, 1, 2
dipped, 2, 1, 35
legitimately, 1, 1, 2
ny, 1, 1, 41
seems, 1, 1, 1
except, 2, 2, 36
bricks, 1, 1, 7
lets, 1, 1, 2
interested, 3, 2, 15
4, 15, 12, 1164
samples, 1, 1, 16
tuesday, 1, 1, 1
htink, 1, 1, 11
real, 2, 2, -5
around, 14, 10, 15
bryan, 1, 1, 1
read, 1, 1, 2
psa, 1, 1, 1
fridge, 2, 2, 1
dark, 5, 2, 38
amp, 2, 2, 7
pounds, 1, 1, 3
patrick, 1, 1, 1
audience, 1, 1, 0
63, 1, 1, 1
either, 3, 3, 4
retailers, 1, 1, 5
fully, 1, 1, 5
served, 2, 2, 2
pickled, 3, 3, 2
ewww, 1, 1, 0
boar, 1, 1, 1
lobster, 9, 7, 10
brits, 1, 1, 2
images, 1, 1, 102
yeast, 2, 2, 6
intact, 1, 1, 1
viral, 1, 1, 7
slice, 3, 3, 5
tvpveggie, 1, 1, 2
confirm, 1, 1, 19
memories, 1, 1, 1
footing, 1, 1, 2
critical, 1, 1, 4
uorvane, 2, 2, 107
knife, 4, 3, 38
measuring, 1, 1, 18
triscuit, 1, 1, 1
diced, 1, 1, 2
welcome, 1, 1, 2
wheat, 4, 4, 4
reasonable, 1, 1, 1
power, 1, 1, -2
asap, 1, 1, 5
seconds, 2, 1, 1
chefs, 2, 2, 3
inspect, 1, 1, 5
ratios, 1, 1, 1
habe, 1, 1, 5
finicky, 1, 1, 23
throw, 2, 2, 0
stone, 2, 2, 4
ok, 3, 3, 40
oh, 6, 5, 21
favorite, 6, 5, 46
mixer, 1, 1, 1
shrimp, 4, 4, 4
chop, 2, 2, 3
pistachio, 2, 2, 7
stand, 1, 1, 1
youve, 1, 1, 4
mixed, 1, 1, 2
luck, 1, 1, 2
op, 5, 5, 9
amber, 1, 1, 1
lands, 1, 1, 3
burning, 1, 1, 2
image, 2, 2, 1
references, 3, 2, 106
heated, 3, 2, 2
skillet, 1, 1, 1
1lb, 1, 1, 3
bubbly, 1, 1, 4
fill, 1, 1, 2
prepare, 4, 4, 12
area, 1, 1, 1
hey, 6, 6, 11
lol, 4, 4, 40
desert, 1, 1, 2
start, 1, 1, 1
low, 3, 2, 4
lot, 6, 6, 17
house, 1, 1, 1
bubble, 2, 2, 2
leach, 1, 1, 1
spicy, 4, 4, 3
awwwwww, 1, 1, 5
approves, 1, 1, 0
brain, 1, 1, 2
elimination, 1, 1, 0
costco, 1, 1, 1
spice, 3, 3, 3
pull, 2, 2, 3
chengdustyle, 1, 1, 3
recurring, 1, 1, 1
bucket, 1, 1, 3
bouillon, 2, 1, 1
af, 2, 2, 3
taste, 15, 13, 38
ah, 1, 1, 2
preheated, 1, 1, 1
deep, 5, 5, 12
imagination, 2, 2, 4
intro, 1, 1, 6
tasty, 11, 9, 12
girlfriend, 1, 1, 2
politics, 1, 1, 1
cream, 4, 3, 37
maybe, 4, 4, 6
butthurt, 1, 1, -2
novice, 1, 1, -2
baconwrapped, 1, 1, 1
potatocheddar, 1, 1, 3
includes, 1, 1, 6
schnitzels, 1, 1, 4
important, 1, 1, 58
flattened, 1, 1, 3
broquet, 1, 1, 3
fresh, 8, 8, 18
ramsay, 1, 1, 1
wife, 7, 6, 834
raindow, 1, 1, 2
booker, 1, 1, 2
original, 3, 3, 46
consider, 3, 3, 0
doneby, 1, 1, 1
lack, 1, 1, 1
month, 1, 1, 1
parmesan, 7, 3, 8
dish, 10, 9, 17
follow, 3, 3, 5
research, 1, 1, 3
children, 1, 1, 1
carpet, 1, 1, 35
preserves, 1, 1, 1
batches, 1, 1, 2
number, 2, 2, 6
799lb, 1, 1, 1
umeatyelbow, 2, 2, 9
tail, 4, 2, 18
asterisks, 1, 1, 2
dressing, 3, 2, 6
midwest, 1, 1, 1
rmacarons, 1, 1, 7
attribution, 3, 1, 6
song, 1, 1, 1
richtig, 1, 1, 1
fat, 3, 3, 44
jalape, 2, 2, 42
fan, 1, 1, 3
fall, 2, 2, 2
bubbles, 1, 1, 1
difference, 3, 3, 9
ramen, 1, 1, 2
pbs, 1, 1, 2
list, 3, 3, 1154
grandfather, 1, 1, 43
large, 12, 8, 20
small, 4, 4, 7
damper, 1, 1, 5
cookies, 1, 1, 1
instagram, 2, 1, 3
burger, 4, 3, 3
rate, 1, 1, 2
titles, 1, 1, 102
perspective, 1, 1, 1
layover, 2, 1, 1
rye, 1, 1, 2
imgurcomxpki8nr, 1, 1, 6
cheeses, 3, 1, 2
sub, 1, 1, 4
crust, 2, 2, 3
thickness, 1, 1, 36
version, 2, 2, 18
scallops, 1, 1, 0
method, 5, 5, 6
ruffle, 1, 1, 12
compilation, 1, 1, 2
loose, 1, 1, 3
hours, 9, 8, 23
excess, 1, 1, 3
directions, 2, 2, 4
strong, 1, 1, 3
ckerberater, 1, 1, 20
solid, 3, 2, 3
search, 1, 1, 41
bible, 1, 1, 7
annnnnnd, 1, 1, 35
shokugeki, 1, 1, 0
vegetarian, 2, 2, 5
allows, 1, 1, 5
experience, 2, 2, 24
amount, 2, 1, 1
advertising, 1, 1, 1049
pick, 2, 2, 2
narrow, 1, 1, 6
followed, 1, 1, 1
family, 2, 2, 5
stuffing, 1, 1, 3
put, 12, 12, 506
trained, 1, 1, 1
eye, 2, 2, 3
proceed, 1, 1, 1
two, 6, 6, 46
splash, 1, 1, 3
6, 6, 5, 106
garnish, 5, 3, 7
flat, 3, 3, 2
knows, 1, 1, 3
sorcery, 1, 1, 6
chucks, 1, 1, 1
plant, 2, 1, 0
moistened, 1, 1, 1
basically, 1, 1, 1
broke, 4, 4, 50
particular, 1, 1, 102
known, 2, 2, 6
hurry, 1, 1, 3
glad, 2, 2, 6
town, 1, 1, 1
grill, 9, 7, 11
keeping, 1, 1, 2
hour, 5, 5, 7
science, 1, 1, -1
der, 1, 1, 20
v, 2, 2, 22
beautiful, 9, 9, 121
stacking, 1, 1, 6
suggestions, 1, 1, 0
pushed, 1, 1, 5
easymac, 1, 1, 0
sense, 1, 1, 3
sharp, 2, 2, 2
scar, 1, 1, 1
messytraditional, 1, 1, 2
hamburgers, 1, 1, 2
huge, 3, 3, 8
needs, 3, 3, 7
rather, 3, 3, 14
ladle, 1, 1, 1
incisions, 1, 1, 2
stir, 13, 4, 7
goat, 2, 2, 3
sprinkle, 1, 1, 3
sandwich, 3, 3, 13
okay, 1, 1, 2
tried, 7, 6, 277
advice, 1, 1, 2
numb, 1, 1, -3
coming, 1, 1, 1
develop, 2, 2, 3
drench, 1, 1, 1
fl, 1, 1, 1
nonetheless, 1, 1, 2
fo, 1, 1, 0
dissolving, 1, 1, 3
imagery, 1, 1, 2
hypnotized, 1, 1, 5
coat, 3, 2, 5
overnight, 1, 1, 2
stash, 1, 1, 2
buns, 1, 1, 1
generic, 1, 1, 5
overcooked, 4, 4, -14
egg, 7, 7, 46
pans, 1, 1, 2
wandered, 1, 1, 3
mexican, 1, 1, 1
help, 2, 2, 13
chicky, 2, 1, 6
sooo, 2, 2, 3
soon, 1, 1, 2
trade, 1, 1, 2
kitchenaid, 1, 1, 1
paper, 1, 1, 3
macarons, 2, 2, 17
hell, 4, 4, 6
trichinosis, 1, 1, 1
cheated, 1, 1, 1
brie, 2, 2, 2
talking, 1, 1, 2
25, 1, 1, 7
style, 5, 5, -2
arteries, 1, 1, 1
23, 1, 1, 1
deliciuous, 1, 1, 0
28, 1, 1, 1
actually, 9, 9, 54
pitmaster, 1, 1, -16
ruining, 1, 1, 1
sauce, 18, 15, 73
good, 60, 56, 2614
somebody, 1, 1, 3
food, 34, 28, 60
cupcake, 1, 1, 7
szechuan, 1, 1, 1
foot, 1, 1, 12
instructions, 3, 3, 3
2t, 3, 2, 6
easily, 3, 3, 9
everytime, 2, 2, -2
nugget, 1, 1, 1
always, 11, 11, 7
tear, 1, 1, 1
stopped, 1, 1, 10
kneading, 1, 1, 5
splainin, 1, 1, 1
found, 4, 4, 114
exquisite, 1, 1, 1
heavy, 1, 1, 1
everyone, 7, 6, 17
another, 3, 3, 7
weight, 1, 1, 6
colder, 1, 1, 16
fish, 12, 8, -4
hard, 8, 8, 25
reduce, 2, 2, 4
idea, 3, 3, 5
katrina, 1, 1, 1
expect, 2, 2, 3
kahlua, 1, 1, 267
really, 22, 21, 133
travels, 1, 1, 3
flower, 2, 2, 448
wondered, 1, 1, 20
p, 1, 1, 1
lua, 1, 1, 1
robert, 1, 1, 5
since, 3, 3, 3
pepperjack, 1, 1, 2
granulated, 1, 1, 2
7, 4, 4, 104
print, 1, 1, 7
unagiso, 1, 1, 0
ass, 1, 1, 0
pun, 1, 1, 2
porcelain, 1, 1, 1
story, 1, 1, 6
difficulty, 1, 1, 3
reason, 1, 1, 3
ask, 3, 3, 11
rises, 1, 1, 1
orori, 1, 1, 1
thread, 1, 1, 1
similarly, 1, 1, 1
american, 4, 3, 2
fruit, 1, 1, 2
minifigures, 1, 1, 1
feed, 2, 2, 4
feel, 3, 3, 5
arsenal, 1, 1, 2
fancy, 1, 1, 14
valentine, 18, 17, 234
feet, 2, 2, 14
instances, 1, 1, 2344
done, 8, 8, 12
flavourful, 1, 1, 2
fees, 1, 1, 1
cups, 4, 3, 6
miss, 3, 3, 23
guess, 4, 4, 7
temperature, 4, 3, 43
blossom, 1, 1, 23
brisket, 5, 5, 2
least, 1, 1, 2
tighter, 1, 1, 1
sigh, 1, 1, 5
ton, 2, 2, 2
syrup, 4, 2, 4
store, 6, 6, 16
selling, 1, 1, 1
exploded, 1, 1, 35
parm, 7, 6, 34
immediate, 1, 1, 2
mmmm, 1, 1, 1
part, 2, 2, 2
believe, 1, 1, 3
uncut, 2, 2, 5
kind, 9, 9, 9
b, 1, 1, 20
instruction, 1, 1, 58
supposed, 1, 1, 35
fraisier, 1, 1, 2
toward, 1, 1, 1
weapon, 1, 1, 1
indonesia, 1, 1, 1
coleslaw, 1, 1, 1
strengthen, 1, 1, 1
bavarian, 1, 1, 20
fillets, 1, 1, 3
juicy, 3, 3, 4
juice, 5, 4, 6
packedbrined, 1, 1, 2
cleaned, 1, 1, 35
cayenne, 2, 1, 2
sell, 1, 1, 1
ratings, 1, 1, 0
noknead, 1, 1, 1
flared, 1, 1, 2
spaghetti, 1, 1, 1
self, 4, 4, 18
scotland, 1, 1, 1
lit, 2, 2, 209
also, 19, 16, 129
recognizing, 1, 1, 1
internal, 1, 1, 2
104g, 1, 1, 2
sandwiches, 4, 4, 6
showcases, 1, 1, 0
finding, 1, 1, 2
zucchini, 1, 1, 3
added, 1, 1, 1049
reckon, 1, 1, 2
eggs, 7, 6, 6
measures, 1, 1, 6
salmon, 1, 1, 13
steam, 1, 1, 1
brooklyn, 1, 1, 7
hired, 1, 1, 2
eaten, 2, 2, 4
nothing, 3, 3, -3
adds, 1, 1, 2
dissolves, 1, 1, 1
clear, 1, 1, 2
cover, 6, 3, 7
clean, 1, 1, 3
reheat, 1, 1, 1
ugh, 1, 1, 1
particularly, 1, 1, 1
cereal, 1, 1, 1
gold, 1, 1, 9
meticulously, 1, 1, 1
geordie, 1, 1, 1
fillet, 3, 2, 14
carefully, 1, 1, 1
fine, 2, 2, 3
find, 9, 9, 55
choco, 1, 1, 2
namibiamy, 1, 1, 1
sacrilege, 1, 1, 0
failed, 1, 1, 2
pretty, 9, 9, 26
money, 1, 1, 1
8, 1, 1, 102
tzle, 2, 2, 27
hit, 1, 1, 2
grocery, 2, 2, 8
trees, 1, 1, 0
breast, 1, 1, 3
combinations, 1, 1, 1
fluff, 1, 1, 2
remove, 4, 3, 5
watched, 1, 1, 1
caramel, 3, 2, 3
recommendations, 1, 1, 1
x, 1, 1, 445
restaurants, 2, 2, -2
insane, 1, 1, 2
bars, 1, 1, 1
set, 4, 2, 5
art, 2, 2, 102
sey, 1, 1, 6
sex, 2, 2, 2
see, 7, 7, 19
individual, 1, 1, 1
tender, 1, 1, 1
close, 5, 5, 7
bark, 2, 2, 7
gouda, 1, 1, 1
schnitzel, 5, 5, 31
earth2, 1, 1, 1
practice, 1, 1, 1
learns, 1, 1, 5
ritz, 1, 1, 0
pictures, 6, 6, 11
wow, 8, 8, 16
please, 13, 12, 21
halves, 2, 2, 43
various, 4, 4, 5
kneed, 1, 1, 1
probably, 5, 5, 11
soulmate, 1, 1, 6
corruption, 1, 1, 1
pictured, 1, 1, 1
wide, 1, 1, 0
available, 1, 1, 0
solo, 1, 1, 2
missing, 2, 2, 5
sold, 1, 1, 2
attention, 1, 1, 58
last, 9, 9, 121
restaurant, 5, 5, 7
fiance, 1, 1, 8
wyx_zhltdr8, 1, 1, 2
whole, 4, 4, 8
iimgurcomknq46tljpg, 1, 1, 15
liked, 3, 3, 5
812hrs, 1, 1, 1
point, 2, 2, 4
simple, 2, 2, 13
sweet, 6, 5, 6
others, 2, 2, 5
whatever, 3, 3, 3
hollow, 1, 1, 1
skips, 1, 1, 1
adaptation, 1, 1, 3
mission, 1, 1, 1
expensive, 3, 3, 79
consuming, 1, 1, 2
xpost, 1, 1, 2
due, 1, 1, 5
meateggbread, 1, 1, 2
ciabatta, 1, 1, 3
buttermilk, 2, 2, 4
secret, 1, 1, 1
pa, 1, 1, 2
damn, 12, 11, 71
change, 1, 1, 2
panko, 1, 1, 3
lived, 1, 1, 4
gay, 1, 1, 6
fire, 1, 1, 1
flavorful, 1, 1, 2
else, 4, 4, 6
anthony, 2, 2, 2
pricey, 1, 1, 0
morimoto, 1, 1, 0
imax, 1, 1, 1
prices, 2, 2, 36
look, 28, 27, 137
raw, 1, 1, 3
frozen, 2, 2, 5
straight, 2, 2, 16
tip, 1, 1, 2
batch, 2, 2, 24
admire, 1, 1, 2
brilliant, 1, 1, 1
mimosas, 1, 1, 1
fun, 4, 4, 17
kissing, 1, 1, 1
animated, 1, 1, 0
guide, 1, 1, 3
sriracha, 1, 1, 1
pound, 1, 1, 3
costly, 1, 1, 3
cents, 1, 1, 5
guilty, 1, 1, -2
disappointing, 1, 1, 165
beautifully, 1, 1, 2
leaving, 1, 1, 2
rib, 1, 1, 1
deadpool, 1, 1, 1
shirt, 1, 1, 27
concoction, 1, 1, 5
butcher, 1, 1, 2
virtually, 1, 1, 2
grand, 1, 1, 1049
9, 2, 2, 108
higher, 1, 1, 1
development, 2, 1, 1
used, 15, 14, 184
fatty, 1, 1, 2
forced, 1, 1, 1
keys, 1, 1, 1
whered, 1, 1, 1
yesterday, 1, 1, 71
moment, 1, 1, 3
cucumber, 1, 1, 1
brussels, 1, 1, 2
lower, 4, 3, 41
noodle, 1, 1, 1
picky, 1, 1, 2
older, 1, 1, 1
halve, 1, 1, 1
spent, 6, 6, 188
analysis, 1, 1, 4
person, 1, 1, -10
solids, 1, 1, 36
edge, 1, 1, 4
consistency, 1, 1, 2
swiss, 1, 1, 1
lobsters, 1, 1, 2
cheddar, 4, 4, 4
shape, 1, 1, 2
using, 11, 10, 164
regardless, 1, 1, 6
udavidwinters, 1, 1, 102
letting, 1, 1, 2
cut, 11, 11, 25
cup, 17, 7, 30
cuz, 1, 1, 1
snag, 1, 1, 2
source, 2, 2, 4
location, 1, 1, 1
easter, 1, 1, 8
remaining, 1, 1, 3
surprised, 2, 2, 17
australia, 1, 1, 2
format, 1, 1, 1
big, 2, 2, 36
couple, 7, 7, 26
nuoc, 1, 1, 1
bit, 6, 4, 6
jackfruit, 1, 1, 1
modifications, 1, 1, 2
shaped, 1, 1, 0
eel, 1, 1, 5
creaminess, 1, 1, 36
minced, 1, 1, 3
lerma, 1, 1, 5
google, 1, 1, 41
often, 1, 1, 1
absolutely, 3, 3, 5
back, 7, 5, 13
yolk, 1, 1, 1
jetztich, 1, 1, 5
lips, 2, 1, -5
marmalade, 1, 1, 3
mmmmm, 1, 1, 1
examples, 1, 1, 2
curious, 2, 2, 2
b8, 1, 1, 0
pronounced, 2, 2, 11
scale, 1, 1, 1
decision, 1, 1, 3
per, 6, 6, 20
youtubenstjvgxicpu, 1, 1, 2
simmer, 4, 1, 3
ticking, 1, 1, 0
tends, 1, 1, 36
temple, 1, 1, 1
eating, 5, 5, 44
remembered, 1, 1, 3
reach, 2, 2, 2
step, 2, 1, 58
fleshlight, 1, 1, 2
stew, 1, 1, 1
crap, 2, 2, 8
125f, 1, 1, 2
wwwsnowsbbqcom, 1, 1, 1
goods, 1, 1, 2
anything, 5, 5, 11
netflix, 2, 2, 4
perk, 1, 1, 2
beans, 2, 2, 4
idk, 1, 1, 2
dialog, 1, 1, 1
seeing, 1, 1, 2
garbage, 1, 1, -2
tofu, 1, 1, 2
appropriate, 1, 1, 2
primarily, 1, 1, 2
rolls, 2, 1, 1
impressed, 4, 4, 55
tasting, 1, 1, 1
dismal, 1, 1, 2
question, 3, 3, 12
fast, 2, 2, 6
infected, 2, 1, -5
homemade, 2, 2, 2
bruh, 2, 2, 6
tastiest, 1, 1, 1
wondering, 2, 2, 10
inches, 2, 2, 1
girlfriends, 1, 1, 6
sammiches, 1, 1, 4
link, 2, 2, 5
posted, 1, 1, 3
fries, 1, 1, 1
us, 2, 2, 7
uk, 1, 1, 2
fried, 5, 4, 5
similar, 2, 2, 3
called, 3, 3, 4
worthwhile, 1, 1, 0
chad, 1, 1, 1
crumbshot, 1, 1, 51
likewise, 1, 1, 3
cham, 1, 1, 1
char, 1, 1, 1
single, 1, 1, 267
willey, 1, 1, 1
kidney, 1, 1, 3
rainbow, 3, 2, 7
rainy, 1, 1, 1
proofs, 2, 1, 1
lemon, 2, 2, 2
drippings, 1, 1, 1
nice, 18, 17, 1161
mustard, 1, 1, 2
tablespoon, 4, 3, 4
kansas, 1, 1, -9
breasts, 3, 1, 3
prepared, 2, 2, 4
kaiser, 1, 1, 1
sides, 4, 3, 6
ago, 3, 3, 14
e, 1, 1, -2
practically, 1, 1, 3
required, 1, 1, 36
daikon, 1, 1, 1
gr8, 1, 1, 0
cooked, 9, 9, -38
hella, 1, 1, 11
2006, 2, 2, 47
came, 4, 4, 5
far, 1, 1, 18
ceviche, 1, 1, 1
2008, 1, 1, 6
hello, 1, 1, 1
rinse, 1, 1, 1
melty, 1, 1, 3
gt, 4, 3, 41
melts, 1, 1, 36
scratch, 1, 1, 2
results, 2, 2, 1054
softer, 1, 1, 2
groceries, 1, 1, 1
ga, 1, 1, 3
go, 8, 8, 18
barbecue, 2, 2, 6
issues, 1, 1, 2
vietnamese, 2, 1, 1
peanut, 3, 3, 3
concerned, 1, 1, 7
culinary, 1, 1, 11
starter, 1, 1, 1
include, 1, 1, 1
sent, 1, 1, 2
ingredient, 1, 1, 2
outside, 3, 3, 3
dessert, 1, 1, 2
spoon, 3, 3, 52
putting, 1, 1, 1
anywhere, 1, 1, 4
mixing, 3, 2, 4
entire, 1, 1, 0
magic, 2, 2, 209
asparagus, 2, 2, 2
button, 1, 1, 3
try, 25, 24, 74
race, 1, 1, 0
verdict, 1, 1, 2
imgur, 1, 1, 102
rack, 2, 1, 1
biased, 1, 1, 0
video, 3, 3, 2346
marinade, 1, 1, 1
treme, 1, 1, 1
acid, 1, 1, 1
odd, 1, 1, 4
sausage, 5, 4, 5
cupcakes, 2, 2, 9
sauerkraut, 1, 1, 3
chicago, 1, 1, 1
giving, 2, 2, 4
upowersimon, 1, 1, 102
indian, 1, 1, 14
packing, 1, 1, 1
let, 6, 6, 13
frilled, 1, 1, 12
sexy, 1, 1, 2
vinegar, 3, 2, 12
great, 29, 26, 218
30, 3, 2, 4
shades, 1, 1, 2
34, 2, 2, 15
menu, 1, 1, 1
spices, 4, 3, 3
makes, 9, 9, 40
composed, 1, 1, 3
panicked, 1, 1, 35
claim, 1, 1, 3
shake, 1, 1, 2
win, 1, 1, 3
crazy, 1, 1, -1
pasta, 2, 2, 5
manny, 1, 1, 7
gordon, 1, 1, 1
lime, 3, 3, 5
cha, 2, 1, 1
use, 18, 13, 51
usa, 1, 1, 0
breadknife, 1, 1, 2
next, 6, 6, 9
crab, 2, 2, 4
20tail, 1, 1, 2
chip, 1, 1, 2
65g, 1, 1, 2
pencil, 1, 1, 2
baffled, 1, 1, 0
started, 3, 3, 37
reciperegardless, 1, 1, 4
baby, 2, 1, -2
gladly, 1, 1, 2
uvaro, 1, 1, 102
balls, 2, 1, 1
salad, 5, 5, 32
f, 2, 2, 3
ride, 1, 1, 11
pour, 4, 4, 42
carrot, 2, 2, 1
thin, 3, 3, 8
meet, 1, 1, 1
didnt, 1, 1, 16
dissolve, 1, 1, 1
proof, 1, 1, 2
perfecting, 1, 1, 0
links, 1, 1, 1
plate, 4, 4, 9
pieces, 4, 3, 4
high, 4, 3, 12
pieced, 1, 1, 35
imgurcomalr4n1, 1, 1, 102
something, 7, 7, 19
bones, 3, 2, 3
mixes, 1, 1, 1
onions, 16, 5, 8
lamb, 1, 1, 1
pure, 1, 1, 0
japs, 1, 1, 0
eggsplosion, 1, 1, 2
exteriorsolutions, 1, 1, 1
feta, 2, 2, 7
instead, 10, 10, 756
stock, 1, 1, 1
furiously, 1, 1, 1
cupboard, 1, 1, 5
stop, 3, 3, 11
victimless, 1, 1, -2
spelling, 1, 1, 2
tomato, 3, 3, 7
light, 1, 1, 2
sit, 1, 1, 1
lines, 1, 1, 1
scoop, 1, 1, 1
bakery, 1, 1, 2
honestly, 1, 1, 1
allow, 2, 2, 4
classy, 1, 1, 2
pinteresty, 1, 1, 2
soggy, 1, 1, 1
jiro, 2, 1, 0
spatula, 1, 1, 1
looks, 100, 95, 3762
mentioned, 1, 1, 2
austrian, 1, 1, 1
brittle, 1, 1, 2
bunch, 1, 1, 2
perfect, 13, 13, 42
lb, 2, 2, 4
walnut, 1, 1, 267
lt, 2, 2, 4
degrees, 1, 1, 2
choose, 1, 1, 102
orange, 2, 2, 26
2014, 1, 1, -16
tsp, 4, 2, 6
empanadas, 1, 1, 1
animal, 2, 2, 4
dab, 1, 1, 3
flour, 13, 7, 22
material, 1, 1, 1
cutting, 5, 5, 61
articulate, 1, 1, 1
hands, 2, 2, 1
day, 15, 15, 244
coriander, 1, 1, 2
mushrooms, 1, 1, 3
masters, 1, 1, 0
ratatouille, 1, 1, 0
edit, 5, 5, 12
uplifting, 1, 1, 1
rising, 2, 2, 4
texas, 2, 1, -3
florets, 1, 1, 1
macaroons, 1, 1, 2
88, 1, 1, 0
books, 1, 1, 6
measure, 1, 1, 2
pointless, 1, 1, -2
ggod, 1, 1, 11
peeling, 1, 1, 1
cause, 1, 1, 0
red, 11, 9, 26
buds, 1, 1, -1
overcurl, 1, 1, 2
salami, 1, 1, 2
completely, 4, 3, 4
anyhow, 1, 1, 6
craving, 1, 1, 0
additional, 1, 1, 1
chilli, 1, 1, 2
freshwater, 1, 1, 5
cured, 3, 2, 36
could, 12, 12, 33
shells, 1, 1, 1
165f, 1, 1, 2
times, 6, 6, 58
austin, 3, 3, 22
south, 1, 1, 5
finest, 1, 1, 11
reaches, 1, 1, 2
jesus, 2, 2, 3
owning, 1, 1, 2
reference, 1, 1, 21
wrapped, 4, 4, 10
drool, 1, 1, 1
perfectly, 1, 1, 0
final, 1, 1, 6
boil, 4, 2, 2
shell, 5, 5, 14
stomach, 1, 1, 7
reversed, 1, 1, 3
exactly, 1, 1, 2
lists, 1, 1, 1049
fuzzy, 1, 1, 3
texpat, 1, 1, 3
remember, 1, 1, 1
loved, 1, 1, 8
metroid, 1, 1, 14
ganache, 5, 2, 59
youtube, 1, 1, 1
6th, 1, 1, 23
bet, 2, 2, 3
descriptions, 1, 1, 102
false, 1, 1, 1049
lightly, 1, 1, 3
carrots, 2, 2, 2
spelled, 1, 1, -9
tonight, 1, 1, 1
recommends, 1, 1, 1
need, 11, 9, 103
2hrs, 2, 2, 72
clearly, 1, 1, 1
screw, 2, 2, 2
afraid, 1, 1, 2
dishes, 2, 2, 1
min, 13, 2, 4
skittles, 1, 1, 2
able, 1, 1, 3
battles, 1, 1, 0
arm, 1, 1, 1
mix, 10, 5, 7
truck, 1, 1, 1
unagi, 3, 3, 12
unless, 1, 1, 2
alton, 2, 1, 6
dutch, 2, 2, 3
mimosa, 2, 1, 3
tahini, 2, 1, 3
bulletpoints, 1, 1, 2
beets, 1, 1, 2
upset, 1, 1, 1
thanksgiving, 1, 1, 2
face, 1, 1, 2
ballons, 1, 1, 35
sushiritto, 1, 1, 2
nailed, 2, 2, 102
painting, 1, 1, 4
sells, 1, 1, 5
doughs, 1, 1, 2
nutella, 1, 1, 0
doughy, 1, 1, 1
anyway, 3, 3, 11
bring, 5, 4, 1060
brine, 4, 2, 5
12t, 1, 1, 3
fear, 1, 1, 1
thicker, 2, 2, 37
coloring, 3, 2, 8
based, 2, 2, 3
upvote, 2, 2, 4
winner, 1, 1, 4
riblets, 1, 1, 1
bourbon, 1, 1, 2
local, 2, 2, 5
hope, 3, 3, 7
regularly, 1, 1, 1
skimp, 1, 1, 1
means, 2, 2, 14
beat, 2, 2, 6
familiar, 2, 2, 2
dope, 1, 1, 7
props, 1, 1, 1
awww, 1, 1, 2
ones, 1, 1, 2
daydreamed, 1, 1, 1
chips, 2, 2, 6
mouthful, 1, 1, 0
smash, 1, 1, 1
places, 2, 2, 5
ended, 4, 4, 82
stuff, 5, 5, 11
grab, 1, 1, 35
variations, 1, 1, 41
puddle, 1, 1, 71
cuts, 1, 1, 2
cajun, 1, 1, 1
freeze, 1, 1, 2
powder, 6, 3, 6
heatresistant, 1, 1, 1
icecream, 1, 1, 2
state, 2, 2, 6
correctly, 1, 1, 1
intricacydelicacy, 1, 1, 1
bought, 2, 2, 5
ends, 1, 1, 16
opening, 1, 1, 445
habanero, 1, 1, -3
job, 12, 11, 23
spoil, 2, 2, 2
outer, 2, 2, 8
david, 1, 1, 1
figured, 1, 1, 2
joke, 2, 2, -1
wwwimgurcomagcvg0d, 1, 1, 1
minds, 1, 1, 2
etc, 3, 3, 3
atleast, 1, 1, 36
clogged, 1, 1, 0
kinds, 1, 1, 2
otherwise, 3, 3, 4
glazetastic, 1, 1, 1
wall, 1, 1, 2
ca, 9, 9, 24
walk, 2, 2, 36
table, 2, 2, 4
labor, 1, 1, 2
clickbait, 1, 1, 7
decent, 2, 2, 2
validating, 1, 1, 2
poured, 1, 1, 3
slowly, 3, 2, 4
reservations, 1, 1, 1
louisiana, 1, 1, 2
bbq, 22, 18, -2
username, 1, 1, 2
imgurcomszh4xa9, 1, 1, 2
hmm, 1, 1, 2
finished, 1, 1, 3
smoking, 2, 2, 8
ap, 1, 1, 3
intimidate, 1, 1, 2
plain, 1, 1, 5
vanilla, 3, 2, 37
1518, 1, 1, 2
handwriting, 1, 1, 3
hoagie, 2, 2, 2
frustrating, 1, 1, 23
layer, 3, 3, 39
henkel, 2, 2, 3
almost, 7, 7, 15
insanely, 1, 1, 1
coating, 1, 1, 6
surface, 1, 1, 1
maldon, 1, 1, 2
grinder, 1, 1, 1
perhaps, 1, 1, 1
undisturbed, 1, 1, 1
member, 2, 2, 7
inch, 1, 1, 3
gets, 1, 1, 1
difficult, 1, 1, 1
succulent, 1, 1, 2
ball, 6, 5, 300
http, 25, 23, 240
disagree, 1, 1, -2
fucker, 1, 1, 1
fucked, 1, 1, 2
croissants, 3, 3, 6
expand, 1, 1, 12
center, 2, 2, 1
lunch, 2, 2, 2
colour, 1, 1, 3
incredible, 2, 2, 2
well, 14, 13, 132
greatfully, 1, 1, 2
thought, 2, 2, 26
nulification, 1, 1, -2
350, 1, 1, 2
usual, 2, 2, 2
less, 1, 1, 1
das, 1, 1, 5
loaf, 8, 7, 67
mistakes, 1, 1, 2
advertised, 1, 1, 1049
lecker, 2, 2, 6
skill, 1, 1, 1
rubber, 1, 1, 1
bell, 2, 1, 3
vide, 1, 1, 1
discuss, 1, 1, 1
add, 34, 8, 16
book, 1, 1, 1
combine, 5, 4, 10
5, 8, 8, 1197
balloons, 1, 1, 35
crummy, 1, 1, 2
tests, 1, 1, 1
crud, 1, 1, 1
five, 1, 1, 1
know, 11, 11, 21
immediately, 1, 1, 1
like, 73, 66, 1462
onion, 9, 8, 16
scallop, 1, 1, 1
liebe, 1, 1, 5
candy, 1, 1, 1
sized, 1, 1, 4
tablespoons, 6, 4, 7
lose, 1, 1, 3
works, 5, 4, 8
soft, 2, 2, 3
sourdough, 3, 1, 2
warmed, 1, 1, 3
scared, 1, 1, 1
recommendation, 1, 1, 4
proper, 3, 3, 8
home, 3, 3, 29
meatloaf, 8, 8, 20
drizzle, 2, 2, 4
literally, 2, 2, 22
avoid, 3, 3, 5
rewarding, 1, 1, 2
passion, 1, 1, 1
pepper, 16, 11, 26
imgurcomokj5wdf, 1, 1, 2
expansion, 1, 1, 12
umandaralicious, 1, 1, 102
noonbut, 1, 1, 1
snapped, 1, 1, 1
actual, 5, 5, 4
puts, 2, 1, 1
world, 1, 1, 3
getting, 7, 7, 11
tray, 1, 1, 1
flaky, 1, 1, -2
seeds, 6, 4, 8
toppings, 1, 1, 2
documentary, 1, 1, 0
owe, 1, 1, 1
tenderloin, 1, 1, 3
certine, 1, 1, 36
cocoa, 1, 1, 36
weather, 2, 2, 4
tiny, 1, 1, 2
female, 1, 1, 7
artists, 1, 1, 102
forget, 2, 2, 0
brownies, 1, 1, 267
stainless, 1, 1, 3
vegetables, 1, 1, 0
caviar, 2, 2, 9
mozz, 1, 1, 2
buy, 4, 4, 15
gluten, 1, 1, 1
brand, 2, 2, 5
related, 1, 1, 3
squeeze, 1, 1, 1
eat, 12, 11, 78
count, 1, 1, 2
made, 30, 28, 902
wise, 1, 1, 0
temp, 5, 4, 9
annato, 3, 1, 1
wish, 3, 3, 3
j, 1, 1, -2
smooth, 2, 2, 17
flip, 1, 1, 1
cake, 9, 8, 22
problem, 2, 2, 1
piece, 4, 4, -10
minutes, 6, 5, 13
stirring, 2, 1, 1
cmon, 1, 1, 2
imgurcomaserzw, 1, 1, 2
pic, 1, 1, 1
pie, 1, 1, 2
twist, 1, 1, 3
sambal, 1, 1, 1
compared, 1, 1, 2
ingredients, 6, 5, 1062
trials, 1, 1, 2
45, 2, 2, 4
claiming, 1, 1, 3
detail, 1, 1, 18
40, 1, 1, 2
annnnd, 1, 1, 35
details, 1, 1, 2
sick, 1, 1, 2
incredibly, 2, 2, 7
repeat, 2, 2, 3
star, 2, 2, 3
shredded, 2, 2, 5
quarts, 1, 1, 1
variation, 1, 1, 2
stay, 1, 1, 0
chance, 1, 1, 3
njpa, 1, 1, 1
friends, 2, 2, 109
vein, 1, 1, 2
inspiration, 1, 1, 1
ghost, 1, 1, -3
chiffonade, 1, 1, 3
baker, 1, 1, 3
portion, 2, 2, 1
understand, 1, 1, 41
baked, 5, 5, 19
