Word, Frequency, Comment Frequency, Net Score
secondly, 1, 1, 27
wfmqnvj9qvq, 1, 1, 2
hordes, 2, 2, 115
hats, 4, 4, 102
personally, 14, 12, 121
dynamic, 2, 2, 7
hitch, 1, 1, 1
four, 2, 2, 58
straws, 1, 1, 2
sleep, 4, 4, 36
mirage, 1, 1, 1
climb, 1, 1, 2
oldest, 1, 1, 28
hate, 5, 4, 88
formating, 1, 1, 6
consider, 3, 3, 936
psychopathic, 1, 1, 1
feeding, 1, 1, 28
buddy, 1, 1, 1
advantage, 1, 1, 6
tweet, 2, 2, 19
sigils, 1, 1, 1
brilliant, 1, 1, 1
voted, 1, 1, 12
lore, 2, 2, 4
lord, 18, 13, 760
sorry, 8, 8, 685
worth, 2, 2, 57
summarizes, 1, 1, 4
blistering, 1, 1, 2
shivered, 1, 1, 3
risk, 2, 2, 10
rise, 2, 2, 83
lurk, 1, 1, 17
misunderstanding, 1, 1, 4
001, 1, 1, 1
probability, 1, 1, 3
intereseting, 1, 1, 4
every, 20, 17, 2615
delt, 1, 1, 75
taj, 1, 1, 5
formula, 1, 1, 4
mahal, 1, 1, 5
stabbed, 3, 3, 22
remeber, 1, 1, 5
bringing, 1, 1, 0
lasts, 1, 1, 0
strayed, 3, 2, 26
walda, 1, 1, 7
greyjoys, 2, 2, 37
clings, 1, 1, 10
viable, 1, 1, 2
frozen, 3, 3, 60
convenience, 1, 1, 10
soundtracks, 1, 1, 1
34s, 1, 1, 22
murders, 1, 1, 11
tutorials, 1, 1, 1
starktully, 1, 1, 54
clothes, 4, 4, 36
enjoy, 2, 2, 42
lessen, 1, 1, 7
force, 4, 3, 80
coordinate, 1, 1, 10
tired, 3, 3, 122
miller, 1, 1, 23
weddings, 2, 1, 1
harold, 1, 1, 3
targs, 3, 1, 3
batch, 1, 1, 3
nail, 1, 1, 55
surrounding, 1, 1, 23
second, 6, 6, 92
headseyes, 1, 1, 1
walkersothers, 1, 1, 1
manner, 1, 1, 48
ressurected, 1, 1, 4
theory, 115, 80, 404
even, 61, 50, 1712
hilariously, 1, 1, 0
errors, 1, 1, 17
deliberate, 1, 1, 55
saved, 3, 3, 173
ned, 41, 24, 294
beaten, 3, 3, 7
nec, 1, 1, 5
liberty, 1, 1, 1
children, 17, 14, 250
melted, 3, 3, 8
new, 19, 17, 188
payoff, 1, 1, 2
ever, 28, 26, 1355
told, 8, 8, 266
helmets, 1, 1, 18
hero, 6, 5, 16
screams, 2, 2, 113
whose, 2, 2, 24
mel, 1, 1, 1
backthough, 1, 1, 1
men, 36, 29, 461
brainwashed, 1, 1, 45
hundreds, 2, 2, 2
remarried, 1, 1, 55
met, 3, 3, 33
osha, 2, 2, 26
ontop, 1, 1, 1
represented, 1, 1, 55
path, 1, 1, 2
100, 1, 1, 1
dorn, 1, 1, 2
crossbow, 1, 1, 1
half, 7, 5, 30
watchers, 4, 4, 4
daughter, 5, 3, 26
forum, 1, 1, 1
bedding, 1, 1, 1
shadowbabies, 1, 1, 2
k, 1, 1, 2
settles, 1, 1, 18
completely, 10, 10, 68
reports, 1, 1, 5
controversy, 2, 1, 679
ect, 1, 1, 5
skirts, 1, 1, 1
smoke, 1, 1, 1
aka, 4, 4, 43
mistake, 4, 4, 682
apart, 2, 2, 680
punishment, 6, 5, 20
eyebrows, 1, 1, 0
golden, 3, 2, 29
fantastic, 2, 2, 3
resurrected, 1, 1, 1
magically, 1, 1, 32
ground, 4, 4, 33
tickler, 1, 1, 3
explained, 1, 1, 3
treatment, 1, 1, 16
replace, 1, 1, 7
brought, 6, 6, 76
patience, 1, 1, 54
specifics, 3, 3, 28
seasonepisode, 1, 1, 4
vivid, 1, 1, 2
drowned, 1, 1, 64
romantically, 1, 1, 2
castamere, 5, 5, 75
total, 4, 3, 10
forums, 1, 1, 2
plot, 12, 12, 281
charge, 3, 2, 3
wwothers, 1, 1, 1
spoke, 1, 1, 1
would, 177, 108, 1413
army, 13, 9, 82
browse, 1, 1, 39
rhaegar, 5, 5, 132
mortality, 1, 1, 12
arms, 2, 2, 2
inevitable, 1, 1, 12
stormlands, 3, 2, 88
noting, 1, 1, 55
music, 5, 4, 24
calm, 1, 1, 10
spike, 3, 3, 709
survive, 10, 8, 55
type, 4, 4, 2
tell, 8, 8, 1005
slaughtered, 1, 1, 6
mystical, 1, 1, 1
knits, 1, 1, 17
frankjavcee, 1, 1, 2
posting, 4, 4, 27
holy, 1, 1, 3
populations, 1, 1, 3
brings, 2, 2, 86
naive, 2, 2, 11
ti, 1, 1, 3
haha, 2, 2, 4
wars, 4, 4, 42
warp, 1, 1, 0
grief, 3, 2, 106
glass, 9, 9, 144
discussed, 1, 1, 8
tying, 1, 1, 1
excellent, 2, 2, 41
yard, 1, 1, 5
hold, 9, 7, 175
casualties, 1, 1, 6
overrun, 1, 1, 5
must, 44, 43, 414
1993, 4, 1, 22
word, 9, 7, 34
room, 3, 3, 1700
shame, 7, 5, 6
riverlands, 2, 2, 81
work, 16, 13, 70
mi, 1, 1, 0
trystane, 4, 2, 26
theories, 34, 33, 132
movies, 1, 1, 18
suggestive, 1, 1, 4
sedgekins, 1, 1, 18
example, 4, 4, 54
sand, 1, 1, 3
shook, 1, 1, 18
sisterwife, 1, 1, 23
fresher, 1, 1, 12
give, 10, 9, 128
jaqen, 2, 2, 31
climax, 1, 1, 7
reach, 1, 1, 1
dragons, 49, 32, 287
honey, 1, 1, 22
overheard, 1, 1, 99
british, 1, 1, 1
want, 31, 30, 593
times, 9, 9, 44
hatching, 1, 1, 18
valar, 4, 4, 79
returned, 2, 1, 6
ceremony, 1, 1, 1
aging, 1, 1, 1
end, 38, 29, 3030
kingslayer, 1, 1, 54
provide, 1, 1, 75
spreading, 2, 2, 4
returning, 3, 3, 36
nuts, 1, 1, 4
damage, 1, 1, 12
wights, 21, 12, 98
hot, 4, 4, 64
writers, 2, 1, 0
significance, 7, 7, 127
answer, 3, 3, 35
gate, 6, 5, 44
ordinary, 1, 1, 0
shrug, 1, 1, 0
horror, 1, 1, 2
wallpapers, 1, 1, 20
badly, 1, 1, 2
poker, 1, 1, 18
nedcatelyn, 1, 1, 16
honored, 1, 1, 4
arryn, 5, 2, 57
beauty, 1, 1, 17
disassemble, 1, 1, 57
loyalty, 1, 1, 1
facinating, 1, 1, 2
511, 1, 1, 2
wrong, 10, 9, 43
emperor, 2, 2, 4
uproot, 1, 1, 2
president, 1, 1, 679
summarize, 1, 1, 29
royce, 1, 1, 2
stronghold, 1, 1, 5
purchase, 1, 1, 25
danny, 2, 2, 24
attempt, 2, 2, 10
effective, 3, 3, 64
move, 2, 2, 2
flaunt, 1, 1, 1
maintain, 1, 1, 10
green, 57, 57, 43
ultimate, 2, 2, 24
goodbye, 1, 1, 1
things, 25, 23, 396
filming, 2, 2, 18
first, 34, 30, 379
order, 7, 6, 68
wind, 1, 1, 1
ancestral, 4, 1, 2
foretells, 1, 1, 27
freycraster, 1, 1, 1
wut, 1, 1, 5
dreamed, 1, 1, 6
fall, 3, 3, 25
tested, 1, 1, 2
london, 1, 1, 3
unsullied, 1, 1, 1
boltons, 7, 6, 59
replicating, 1, 1, 2
talkative, 1, 1, 2
blanked, 1, 1, 3
lumpedin, 1, 1, 55
majestically, 1, 1, 99
somewhere, 6, 5, 343
gridiron, 1, 1, 5
twitter, 1, 1, 29
writing, 4, 4, 25
better, 15, 15, 229
damascus, 1, 1, 1
production, 1, 1, 679
compelling, 1, 1, 9
martellspretty, 1, 1, 34
hidden, 2, 2, 11
easier, 2, 1, 18
overcome, 2, 2, 37
versus, 1, 1, 55
affected, 1, 1, 1
prophets, 1, 1, 3
thrones, 21, 18, 1953
weakness, 1, 1, 2
locusts, 1, 1, 1
safe, 9, 7, 74
roost, 1, 1, 5
hghar, 1, 1, 3
daenarys, 1, 1, 3
break, 3, 3, 156
effects, 1, 1, 1
illegitimacy, 1, 1, 931
downright, 2, 2, 2
roose, 6, 5, 34
aired, 1, 1, 5
grammar, 1, 1, 22
fails, 1, 1, 1
regularly, 1, 1, 7
convinces, 1, 1, 23
arrested, 1, 1, 17
wooden, 1, 1, 1
daughters, 2, 2, 5
profusely, 1, 1, 679
sothoryos, 1, 1, 1
went, 10, 8, 99
dayne, 1, 1, 2
closeminded, 1, 1, 1
side, 10, 9, 97
warg, 2, 1, 4
luck, 4, 4, 14
snakes, 1, 1, 3
fairly, 2, 2, 71
statue, 1, 1, 1
series, 28, 25, 957
crimes, 1, 1, 3
january, 1, 1, 2
longclaw, 4, 4, 25
vote, 1, 1, 6
arrives, 1, 1, 1
gates, 2, 2, 6
hosted, 1, 1, 17
navy, 2, 2, 17
logo, 1, 1, 13
dawn, 7, 7, 27
recognizable, 1, 1, 46
whip, 1, 1, 18
pounce, 2, 2, 34
large, 1, 1, 1
gon, 10, 9, 415
bastardom, 1, 1, 1
network, 3, 3, 26
driving, 1, 1, 4
pussies, 1, 1, 18
god, 13, 8, 123
ha, 2, 1, 1
crucial, 1, 1, 1
enviroment, 1, 1, 5
slynt, 1, 1, 3
rare, 1, 1, 1
reader, 1, 1, 1
rl, 4, 4, 56
surprise, 3, 3, 64
newly, 1, 1, 0
foundation, 1, 1, 22
perception, 1, 1, 12
forcible, 1, 1, 16
youtubessiej1rkjpm, 1, 1, 11
written, 3, 3, 26
jester, 1, 1, 6
threatened, 2, 2, 1
given, 19, 16, 278
free, 3, 3, 26
standard, 1, 1, 18
39s, 1, 1, 11
frey, 4, 4, 39
rain, 3, 3, 47
scoped, 1, 1, 3
wanted, 14, 12, 89
volatile, 1, 1, 0
created, 4, 3, 9
starts, 3, 3, 77
summerhall, 1, 1, 27
alivewalk, 1, 1, 0
messagecompose, 54, 54, 40
heck, 1, 1, 1
100000, 1, 1, 5
adulthood, 1, 1, 3
unknown, 3, 3, 6
uses, 5, 5, 42
onto, 2, 2, 2
fuckin, 1, 1, 52
tarly, 4, 4, 43
chopped, 1, 1, 1
already, 20, 19, 79
features, 2, 2, 26
fuckers, 1, 1, 0
hoop, 1, 1, 20
walkers, 70, 43, 616
hearing, 2, 2, 23
rant, 1, 1, 1
2f2782966amp, 1, 1, 10
guzzle, 1, 1, 22
kfc, 1, 1, 54
another, 22, 19, 109
preston, 1, 1, 6
nagga, 1, 1, 1
leaders, 1, 1, 5
olds, 1, 1, 15
ten, 1, 1, 3
revival, 1, 1, 7
metal, 1, 1, 2
top, 6, 6, 707
uertacaltinoz, 1, 1, 10
joff, 2, 2, 4
needed, 2, 2, 9
confirming, 1, 1, 3
master, 1, 1, 1
tragic, 2, 2, 73
ordered, 1, 1, 168
john, 4, 3, 15
unbroken, 2, 2, 2
caitlyn, 1, 1, 6
malefemale, 1, 1, 12
murder, 4, 4, 171
emblem, 1, 1, 1
bouncing, 1, 1, 64
serve, 1, 1, 1
took, 8, 8, 116
rectified, 1, 1, 8
somewhat, 7, 6, 746
shortly, 1, 1, -1
artistic, 1, 1, 5
dimwitted, 1, 1, 1
begone, 2, 1, 27
mercy, 4, 4, 111
messing, 1, 1, 1178
guild, 1, 1, 2
target, 1, 1, 3
roles, 1, 1, 55
elegant, 1, 1, 3
enabled, 1, 1, 18
likely, 27, 26, 164
project, 5, 1, 17
matter, 12, 10, 1005
guilt, 3, 3, 4
friend, 6, 6, 15
iron, 11, 11, 349
budget, 2, 2, 34
knights, 2, 2, 6
feeling, 2, 2, 5
powers, 2, 2, 30
minus, 1, 1, 1
perspective, 2, 2, 30
bridge, 5, 4, 9
manned, 4, 4, 31
sees, 3, 3, 36
seer, 1, 1, 1
ran, 3, 3, 6
kraken, 1, 1, 64
modern, 1, 1, 16
mind, 10, 9, 160
mine, 3, 3, 109
spent, 1, 1, 1
talking, 12, 11, 146
sansan, 1, 1, 16
seen, 13, 12, 147
seem, 18, 17, 194
seamstress, 1, 1, 10
tells, 4, 4, 1054
twincest, 1, 1, 0
realm, 7, 5, 71
convenient, 2, 2, 5
latter, 1, 1, 1
responsible, 1, 1, 4
snow, 53, 35, 968
brandon, 3, 3, 56
realy, 1, 1, 6
sound, 1, 1, 27
absorbed, 1, 1, 0
amusing, 1, 1, 679
forces, 2, 2, 40
hatch, 5, 3, 42
snob, 1, 1, 1
arguably, 1, 1, 12
blue, 6, 5, 28
nobody, 5, 5, 19
maiden, 4, 4, 5
though, 27, 24, 1134
thrilled, 1, 1, 23
outcome, 3, 3, 17
cinematic, 1, 1, 14
rickard, 2, 2, 4
flashback, 1, 1, 1
regular, 4, 3, 174
mouth, 1, 1, 1
plenty, 2, 2, 21
genital, 1, 1, 12
milliner, 2, 1, 1
sub, 2, 2, 17
1500w, 1, 1, 7
episode, 20, 16, 853
observation, 2, 2, 5
hides, 1, 1, 3
grove, 1, 1, 1
rayder, 2, 1, 12
crowd, 1, 1, 12
treaty, 1, 1, 75
definitely, 9, 9, 497
sources, 1, 1, 1
sun, 1, 1, 3
breathed, 1, 1, 27
whights, 1, 1, 1
silencing, 1, 1, 1
came, 10, 8, 48
decidedly, 1, 1, 2
saying, 17, 17, 1175
zealots, 1, 1, 3
lyrics, 1, 1, 6
hunger, 1, 1, 138
skyrim, 4, 4, 13
ending, 5, 5, 78
colors, 2, 2, 935
abilities, 1, 1, 2
gauge, 1, 1, 2
keywords, 1, 1, 3
earth, 1, 1, 1
condemned, 1, 1, 7
enjoyed, 2, 2, 3
chaos, 1, 1, 3
execution, 4, 4, 19
chisholm, 1, 1, 1
layout, 2, 2, 27
sleeps, 1, 1, 27
peasants, 2, 2, 14
cousins, 3, 2, 77
explain, 7, 6, 143
myth, 2, 2, 55
cripple, 1, 1, 5
appreciated, 2, 2, 18
bush, 4, 2, 681
deepest, 1, 1, 28
stabbing, 1, 1, 3
gods, 3, 3, 16
beacause, 1, 1, 1
dullness, 1, 1, 7
falsely, 1, 1, 5
indepth, 1, 1, 7
continuity, 1, 1, 28
nightswatch, 1, 1, -1
watch, 34, 26, 193
preferred, 2, 2, 18
pocket, 1, 1, 1
haunted, 1, 1, 2
spirit, 1, 1, 1
wedding, 34, 29, 1247
15, 4, 3, 19
dr, 1, 1, 7
unfortunately, 4, 4, 19
switched, 2, 2, 24
gendry, 7, 6, 116
warband, 1, 1, 2
enemy, 1, 1, 1
rowing, 1, 1, 54
illegitimate, 1, 1, 2
twice, 1, 1, 27
interspersed, 1, 1, 55
410, 1, 1, 11
disney, 1, 1, 1
shots, 6, 5, 81
favors, 1, 1, 8
release, 6, 6, 1057
implication, 1, 1, 4
steal, 1, 1, 2
setup, 2, 2, 9
lannisport, 2, 1, 4
ears, 2, 2, 138
respond, 1, 1, 14
captures, 1, 1, 23
reread, 1, 1, 82
reference, 3, 3, 5
skeptically, 1, 1, 5
depends, 1, 1, 0
decided, 4, 4, 39
result, 2, 2, 3
waldron, 1, 1, 1
agot, 2, 1, 3
corrupt, 1, 1, 3
armageddon, 1, 1, 5
hammer, 1, 1, 157
robbs, 1, 1, 6
best, 13, 13, 149
subject, 3, 3, 5
said, 24, 23, 1589
capacity, 1, 1, 55
pressured, 1, 1, 2
shaven, 1, 1, 1
lots, 2, 2, 28
away, 17, 16, 525
interviewing, 1, 1, 2
rings, 1, 1, 2
portrayed, 1, 1, 5
grandmother, 1, 1, 23
opened, 1, 1, 2
lancel, 5, 5, 79
discovers, 1, 1, 1
hopefully, 3, 3, 33
drawn, 1, 1, 28
sorts, 2, 2, 3
shields, 1, 1, 1
discovery, 1, 1, -9
warrior, 2, 2, 1
lazy, 1, 1, 4
never, 32, 31, 754
khaleesi, 2, 2, 3
reproduction, 2, 2, 48
nature, 2, 2, 74
wo, 8, 8, 145
smelled, 1, 1, 27
however, 10, 9, 110
religious, 2, 2, 21
meh, 1, 1, 4
ww, 18, 9, 94
orlena, 1, 1, 0
wear, 7, 7, 148
dismembered, 1, 1, 6
tyrion, 39, 23, 3620
wth, 1, 1, 0
cousin, 2, 2, 56
picking, 1, 1, 2
holds, 1, 1, 1
predates, 1, 1, 2
flathead, 1, 1, 157
faced, 3, 2, 1
essentially, 2, 2, 38
accident, 2, 2, 685
sacrificing, 2, 2, 13
weirwood, 7, 5, 40
brat, 1, 1, 1
inpact, 1, 1, 2
country, 2, 2, 22
pits, 1, 1, 1
readers, 1, 1, 12
fortlong, 1, 1, 1
players, 5, 4, 65
hahahaha, 1, 1, 2
games, 1, 1, 4
planned, 4, 3, 56
faces, 33, 25, 4770
expense, 2, 2, 1
bran, 48, 33, 465
negotiation, 1, 1, 6
presumably, 3, 3, 57
tough, 1, 1, 1
appeared, 1, 1, 1
character, 26, 18, 915
tullystark, 1, 1, 55
melisandre, 3, 3, 8
active, 2, 2, 13
realised, 1, 1, 3
hotsprings, 1, 1, 5
pregnancy, 1, 1, 32
loaded, 1, 1, 22
beheaded, 3, 2, 3
trust, 4, 3, 17
speak, 4, 4, 57
bingo, 1, 1, 2
dragonstone, 4, 4, 90
puts, 1, 1, 931
basis, 1, 1, 8
binge, 1, 1, 1
podrik, 1, 1, 3
three, 14, 8, 734
endless, 1, 1, 3
confident, 1, 1, 9
beer, 1, 1, 1
much, 46, 42, 920
interest, 1, 1, 0
expected, 3, 3, 78
entered, 2, 2, 15
leg, 1, 1, 99
threw, 1, 1, 679
website, 1, 1, 17
baloon, 1, 1, 2
life, 16, 16, 194
families, 1, 1, 54
deeper, 3, 3, 57
attacked, 2, 2, 28
prison, 3, 3, 40
janos, 1, 1, 3
freehold, 1, 1, 7
joined, 1, 1, 1
59am, 1, 1, 1
kids, 3, 3, 11
direwolf, 2, 2, 32
child, 10, 7, 104
catch, 6, 6, 90
companions, 2, 2, 9
voices, 1, 1, 1
chill, 1, 1, 1
play, 6, 4, 41
exception, 1, 1, 0
dowels, 1, 1, 1
jonygritte, 1, 1, 16
n, 2, 2, 8
taste, 3, 2, 680
formatting, 2, 2, 23
suppose, 3, 3, 940
hates, 3, 3, 27
tricky, 1, 1, 12
stopping, 3, 3, 136
aid, 1, 1, 5
balance, 1, 1, 1
headsskulls, 1, 1, 1
leaves, 2, 2, 33
vows, 2, 2, 27
defending, 1, 1, 55
concensus, 1, 1, 3
upgrade, 1, 1, 2
seven, 10, 8, 187
climbed, 1, 1, 12
played, 4, 4, 5
cersei, 22, 19, 2901
defeated, 3, 3, 90
conditioned, 1, 1, 45
player, 12, 3, 60
cant, 1, 1, 2
im, 4, 4, 188
theon, 11, 5, 40
qyburn, 1, 1, 6
ie, 1, 1, 3
id, 3, 3, 57
confirmed, 12, 11, 105
soldier, 1, 1, 10
suggest, 2, 2, 19
make, 51, 47, 4728
wound, 1, 1, 4
rebellion, 3, 3, 5
speculating, 1, 1, 5
writer, 1, 1, 4
potentially, 2, 2, 28
split, 1, 1, 1
babies, 9, 4, 7
viewing, 1, 1, 1
plates, 1, 1, 2
several, 5, 5, 28
breaks, 1, 1, 3
bells, 1, 1, 27
wheel, 2, 1, 2
meets, 1, 1, 1
decedent, 1, 1, 3
inadvertently, 1, 1, 679
unhealthily, 1, 1, 188
quentin, 1, 1, 54
evil, 1, 1, 2
kit, 6, 5, 136
kin, 1, 1, 1
characters, 78, 44, 1901
jealous, 2, 2, 24
protected, 1, 1, 1
opportunity, 2, 2, 3
thoughts, 3, 3, 12
cycle, 1, 1, 3
mentioning, 2, 2, 104
arrynthey, 1, 1, 34
kept, 7, 7, 218
shitty, 2, 2, 2
charlie, 1, 1, 1
humble, 2, 2, 25
inherit, 3, 2, 77
midway, 1, 1, 0
tho, 1, 1, 12
contact, 54, 54, 40
greatest, 5, 4, 90
mother, 15, 11, 1072
claims, 2, 2, 25
left, 20, 20, 498
opinions, 1, 1, 0
bugger, 1, 1, 18
birth, 4, 4, 101
sentence, 3, 3, 61
yea, 1, 1, 3
photo, 1, 1, 10
presume, 1, 1, 2
whatnot, 1, 1, 2
aside, 3, 3, 4
quotes, 7, 5, 12
spoiled, 1, 1, 1
identify, 4, 4, 98
thanks, 7, 7, 53
human, 3, 3, 15
facts, 1, 1, 679
yep, 1, 1, 71
yes, 14, 13, 83
yet, 7, 7, 122
impending, 1, 1, 2
previous, 2, 2, 13
hai, 1, 1, 2
unique, 2, 2, 3
butchering, 1, 1, 27
tagline, 1, 1, 59
ideal, 1, 1, 2
weirwoods, 3, 3, 29
wright, 1, 1, 6
spread, 3, 3, 9
rumor, 3, 3, 14
easy, 1, 1, 55
imgurcom1nl9jel, 1, 1, 55
save, 8, 5, 17
hat, 3, 3, 89
gave, 8, 8, 51
actresses, 1, 1, 6
casting, 1, 1, 17
metaphorical, 1, 1, 188
grasping, 1, 1, 2
advances, 1, 1, 4
survival, 2, 2, 60
rapidly, 1, 1, 1
possible, 17, 16, 210
possibly, 9, 9, 169
sorting, 2, 2, 10
bastards, 5, 4, 229
background, 4, 4, 15
wanting, 1, 1, 13
crumbling, 1, 1, 1
dreamt, 6, 1, 27
shadow, 7, 7, 85
progresses, 1, 1, 55
burnt, 1, 1, 1
dreams, 4, 4, 138
occurring, 2, 2, 53
damaging, 1, 1, 16
59, 4, 4, 37
58, 1, 1, 11
rewatching, 6, 6, 156
visible, 3, 3, 72
arsehole, 1, 1, 2
performing, 1, 1, 16
specific, 6, 6, 67
remind, 2, 1, 1
zombies, 11, 9, 186
night, 44, 29, 603
essos, 8, 6, 159
starvation, 1, 1, 138
benjen, 5, 3, 58
battlefield, 1, 1, 10
right, 24, 20, 1600
old, 15, 12, 141
hardyng, 1, 1, 3
deal, 7, 7, 24
people, 72, 59, 1280
sends, 3, 3, 68
crown, 1, 1, 1
somehow, 5, 5, 30
dead, 84, 43, 931
rodrick, 3, 3, 58
escape, 3, 3, 23
dear, 1, 1, 2
fingeron, 1, 1, 5
animate, 1, 1, 4
guess, 20, 18, 504
library, 1, 1, 167
enemies, 2, 2, 935
denies, 1, 1, 18
consensus, 1, 1, 24
quentyn, 4, 3, 58
represent, 1, 1, 16
bottom, 4, 4, 79
purple, 4, 4, 43
ollyyyyyyyy, 1, 1, 1
normal, 9, 8, 880
inside, 1, 1, 4
comments, 29, 29, 62
contributing, 1, 1, 2
everything, 10, 10, 69
equal, 2, 2, 24
sideplot, 1, 1, 23
denied, 3, 3, 68
serpents, 1, 1, 27
hurt, 1, 1, 10
adorable, 1, 1, 2
drink, 1, 1, 22
technicality, 1, 1, 55
pls, 1, 1, 3
malnutrition, 1, 1, 46
deleted, 5, 5, -20
burn, 7, 7, 134
circlejerk, 1, 1, 2
lefty, 1, 1, 56
disappeared, 1, 1, 1
tormund, 1, 1, 1
confrontation, 1, 1, 0
losing, 3, 3, 109
post, 66, 66, 482
super, 2, 2, 4
properties, 1, 1, 5
trophy, 3, 3, 4
acok, 4, 4, 90
rallying, 1, 1, 2
sr_1_6, 1, 1, 3
months, 2, 2, 6
shield, 1, 1, 8
costs, 2, 2, 8
dinner, 2, 2, 2
plus, 4, 4, 29
banker, 1, 1, 1
gender, 2, 2, 13
islands, 3, 3, 7
sept, 1, 1, 17
automatically, 55, 55, 72
daenrys, 1, 1, 2
raised, 1, 1, 78
destination, 1, 1, 1
tyrell, 4, 3, 105
cracking, 1, 1, 1
pays, 1, 1, 1
prisoners, 2, 1, 28
float, 1, 1, 9
imgurcomdsubnlx, 2, 1, 371
son, 16, 8, 107
respectable, 1, 1, 54
adventure, 2, 1, 2
consummated, 1, 1, 55
lieu, 1, 1, 2
nameless, 2, 1, 4
soon, 6, 6, 145
ronflex, 1, 1, 54
east, 1, 1, 18
wws, 1, 1, -1
danyjorah, 1, 1, 16
greyjoy, 4, 3, 26
constantly, 1, 1, 5
available, 2, 2, 3
waa, 1, 1, 6
fight, 12, 12, 200
absolutely, 3, 3, 4
fought, 5, 5, 17
way, 32, 28, 586
call, 7, 7, 46
factions, 1, 1, 1
imgurcomf2nxcva, 1, 1, 55
war, 20, 14, 272
happy, 7, 7, 117
questionable, 1, 1, 5
starve, 1, 1, 1
head, 29, 27, 1223
creation, 1, 1, 2
offer, 1, 1, 99
bookreader, 1, 1, 2
groove, 1, 1, 11
becoming, 2, 2, 6
recommend, 2, 2, 4
snows, 3, 3, 32
landing, 18, 16, 286
chainmail, 2, 2, 28
mysterious, 1, 1, 1
heat, 5, 4, 86
hear, 8, 8, 140
catalyst, 2, 2, 25
contempt, 1, 1, 14
doese, 1, 1, 2
catch22, 1, 1, 7
removed, 5, 5, 678
true, 13, 11, 1429
atrocities, 1, 1, 1
fort, 2, 2, 9
absent, 1, 1, 2
congratulations, 1, 1, 3
circumstantial, 1, 1, 10
input, 1, 1, 4
born, 10, 8, 118
muster, 1, 1, 5
lopping, 1, 1, 128
astapor, 1, 1, 11
attached, 2, 1, 1
adore, 1, 1, 1
emotional, 1, 1, 2
horrifying, 1, 1, 2
generals, 2, 1, 3
emit, 1, 1, 0
horses, 1, 1, 99
proud, 1, 1, 3
youngest, 1, 1, 3
request, 1, 1, 20
wealthy, 1, 1, 2
proven, 1, 1, 2
evidence, 6, 6, 29
somebody, 5, 5, 65
howling, 2, 2, 28
sometime, 2, 2, 26
promised, 1, 1, 1
fashioned, 1, 1, 23
prayer, 1, 1, 6
mediocre, 1, 1, 1
livesreigns, 1, 1, 0
trip, 1, 1, 2
shit, 16, 16, 41
physical, 2, 2, 21
headshots, 7, 6, 180
dying, 3, 3, 4
swineherds, 1, 1, 3
na, 11, 10, 416
whereas, 1, 1, 7
generally, 2, 2, 56
crowns, 1, 1, 8
reality, 2, 2, 6
til, 1, 1, 401
grammatical, 1, 1, 17
beheading, 2, 2, 3
interested, 2, 2, 57
role, 4, 4, 36
holding, 2, 2, 57
hurr, 2, 1, 3
test, 1, 1, 22
tie, 2, 2, 2
confusing, 1, 1, 1
haveif, 1, 1, 1
realize, 2, 2, 19
nw, 2, 2, 6
picture, 3, 3, 27
incestuous, 3, 2, 57
intend, 1, 1, 16
brothers, 5, 4, 74
rgameofthrones, 56, 56, 43
faction, 2, 2, 9
dies, 10, 9, 1078
football, 2, 2, 7
transported, 1, 1, 5
trailers, 2, 2, 4
fell, 5, 4, 97
intent, 1, 1, 78
reign, 1, 1, 1
proceeding, 1, 1, 6
aware, 2, 2, 26
died, 25, 18, 460
jones, 1, 1, 1
um, 1, 1, 10
younger, 1, 1, 2
apologizing, 1, 1, 679
happening, 6, 6, 129
faegon, 1, 1, 3
yothat, 1, 1, 0
assume, 17, 13, 247
painting, 1, 1, 3
blackfyre, 4, 4, 13
together, 13, 12, 281
loyal, 2, 2, 28
warm, 2, 2, 8
snowstark, 1, 1, 55
time, 46, 41, 1602
serious, 3, 3, 8
banners, 1, 1, 27
quantity, 1, 1, 1
privilege, 1, 1, 1
staged, 1, 1, 7
cares, 2, 2, 2
concept, 1, 1, 2
managed, 1, 1, 54
valeryian, 1, 1, 2
chain, 1, 1, 1
affair, 1, 1, 15
dance, 2, 2, 12
rob, 4, 4, 14
fulcrum, 1, 1, 55
focus, 5, 5, 121
themes, 7, 2, 56
lannister, 46, 22, 2133
skim, 1, 1, 6
ice, 19, 14, 79
bandits, 1, 1, 4
skin, 1, 1, 0
battle, 13, 12, 189
abundant, 1, 1, 1
row, 1, 1, 2645
certainly, 7, 6, 84
suicide, 1, 1, 1
offcourse, 1, 1, 1
valyrians, 1, 1, 15
father, 24, 16, 473
passage, 3, 3, 21
0, 2, 2, 8
finally, 6, 6, 57
asking, 3, 3, 15
supplies, 1, 1, 0
text, 1, 1, 1
terror, 1, 1, 27
obssessed, 1, 1, 11
cunning, 1, 1, 23
oversight, 1, 1, 18
necklaces, 1, 1, 3
town, 1, 1, 1
massive, 3, 3, -7
jerk, 1, 1, 0
keeping, 6, 5, 96
seemingly, 1, 1, 2
choice, 4, 4, 23
grinds, 1, 1, 4
patchface, 2, 2, 12
stays, 1, 1, 25
cook, 2, 1, 10
join, 5, 4, 11
little, 35, 28, 1619
exact, 3, 3, 203
minute, 4, 4, 1206
cool, 15, 15, 234
perceived, 1, 1, 1
epic, 1, 1, 14
level, 1, 1, 2
die, 48, 33, 496
jamie, 5, 5, 38
dig, 2, 2, 11
posts, 1, 1, 2
brother, 13, 9, 144
leave, 7, 7, 1031
p, 2, 2, 2
apathetic, 1, 1, 1
movie, 1, 1, 2
speculation, 35, 34, 998
round, 1, 1, 25
prevent, 2, 2, 129
blade, 4, 3, 8
says, 15, 15, 192
occurrence, 2, 2, 2
insignificant, 1, 1, 2
sigh, 1, 1, 59
prediction, 1, 1, 2
sign, 1, 1, 18
slowed, 1, 1, 1
cost, 1, 1, 5
chopping, 2, 1, 1
catelyn, 14, 12, 264
eating, 2, 2, 13
yippee, 1, 1, 2
chicken, 1, 1, 1697
guards, 2, 2, 36
curse, 1, 1, 24
adds, 4, 4, 14
stands, 2, 2, 8
iimgurcomptutwekjpg, 1, 1, 3
doom, 1, 1, 2
remain, 3, 3, 88
agrees, 1, 1, 23
current, 3, 3, 57
reunite, 1, 1, 2
suspect, 2, 2, -2
fannister, 1, 1, 2
goes, 6, 6, 828
illustrations, 1, 1, 2
reply, 1, 1, 2
falling, 1, 1, 1
geography, 1, 1, 5
rdiy, 2, 2, 3
supporting, 2, 2, 20
unsure, 54, 54, 40
dwarf, 1, 1, 0
wail, 2, 2, 9
wildling, 3, 3, 58
funeral, 1, 1, 3
v, 15, 14, 95
sunday, 1, 1, 1
cushioning, 1, 1, 12
water, 1, 1, 1
knowndead, 1, 1, 1178
slow, 4, 4, 71
yards, 1, 1, 1
sunspear, 1, 1, 5
alone, 5, 5, 18
along, 13, 11, 271
roaring, 1, 1, 27
appears, 1, 1, 1
change, 5, 4, 46
wait, 11, 9, 260
sending, 3, 2, 17
hbo, 10, 9, 738
theorize, 1, 1, 22
redemption, 2, 1, 1
noticeable, 2, 1, 55
crows, 4, 4, 8
shift, 1, 1, 1
studied, 1, 1, 24
bot, 54, 54, 40
unpredictability, 1, 1, 1
queue, 1, 1, 1
trial, 5, 5, 45
picturing, 1, 1, 1
usually, 3, 3, 60
qent, 1, 1, 5
conveniently, 2, 2, 22
swordsone, 1, 1, 6
plotted, 1, 1, 3
teenage, 1, 1, 1
tasks, 1, 1, 2
useful, 7, 5, 58
perspectives, 1, 1, 1
humour, 1, 1, 11
extra, 2, 2, 57
hopeful, 1, 1, 48
merely, 1, 1, 2
bs, 1, 1, 5
prefer, 4, 4, 851
bloody, 12, 8, 61
nightwhich, 1, 1, 12
frankly, 1, 1, 29
hboseries, 1, 1, 17
1455373464amp, 1, 1, 3
ubghsjbh7gw, 1, 1, 0
isles, 1, 1, 1
everybody, 4, 3, 57
plotline, 1, 1, 2
troops, 1, 1, 10
working, 1, 1, 17
prove, 1, 1, 10
sake, 2, 2, 45
positive, 1, 1, 10
angry, 1, 1, 3
stated, 1, 1, 1
visit, 2, 2, 958
tears, 1, 1, 27
live, 14, 12, 55
explicitly, 1, 1, 3
iphone, 1, 1, 20
https, 142, 78, 194
criteria, 1, 1, 0
scope, 1, 1, 1
prep, 1, 1, 2
today, 4, 4, 86
saalador, 1, 1, 17
scratched, 1, 1, 29
introducing, 1, 1, 17
gryffindor, 1, 1, 1
sharing, 1, 1, 27
teased, 2, 2, 80
flying, 1, 1, 14
ooo, 1, 1, 3
clue, 4, 4, 68
teaser, 52, 37, 1528
drown, 1, 1, 79
everywhere, 2, 2, 7
degrade, 1, 1, 12
riding, 2, 2, 13
prophecy, 1, 1, 9
affc, 3, 2, 8
riders, 1, 1, 1
fly, 5, 5, 16
riverrun, 3, 3, 21
graphic, 2, 2, 4
twittercomj_skoog, 1, 1, 17
pushed, 1, 1, 1
originally, 2, 2, 25
soul, 1, 1, 1
believer, 3, 3, 38
cat, 5, 4, 447
hardest, 1, 1, 6
gathers, 1, 1, 8
stature, 1, 1, 2
following, 2, 2, 56
making, 6, 5, 29
detached, 1, 1, 32
arrive, 3, 3, 31
bites, 1, 1, 6
chapter, 3, 3, 87
address, 1, 1, 1
claim, 5, 5, 975
crazy, 7, 7, 131
valentines, 2, 2, 2
figure, 3, 3, 59
ger, 1, 1, 34
awesome, 12, 11, 51
fuck, 7, 7, 36
topic, 2, 2, 28
heard, 6, 6, 63
performed, 56, 56, 53
council, 1, 1, 679
allowed, 2, 2, 9
confuses, 1, 1, 99
stole, 1, 1, 1
occur, 3, 3, 129
visenya, 1, 1, 2
agendas, 1, 1, 4
winter, 28, 13, 330
discussion, 3, 3, 24
means, 38, 38, 162
sudden, 1, 1, 0
s6, 5, 5, 9
s5, 2, 2, 3
species, 2, 2, 33
1, 29, 26, 1000
till, 3, 3, 25
nowhere, 1, 1, 0
flank, 1, 1, 18
polygamy, 2, 1, 4
sword, 29, 12, 109
andals, 1, 1, 2
matrells, 1, 1, 34
rhoyne, 1, 1, 3
speaks, 2, 2, 35
sworn, 1, 1, 17
rewatched, 1, 1, 3
intertargaryen, 1, 1, 3
map, 1, 1, 2
product, 1, 1, 6
laundry, 1, 1, 2
information, 2, 2, 87
may, 27, 23, 293
freezing, 2, 2, 7
sacrifice, 1, 1, 2
fed, 1, 1, 2
horn, 1, 1, 8
snk, 1, 1, 1
4th, 1, 1, 2
mad, 7, 4, 108
commit, 2, 1, 1
date, 2, 2, 20
heroes, 2, 2, 63
data, 7, 1, 17
grow, 3, 3, 5
man, 24, 21, 1664
alivegt, 1, 1, 2
wwwyoutubecomwatch, 13, 12, 89
natural, 2, 2, 6
remember, 29, 27, 333
conscious, 1, 1, 18
maybe, 32, 27, 1276
wheelchair, 1, 1, 56
desperation, 1, 1, 1
iimgurcomxha1jyojpg, 1, 1, 3
thorne, 2, 1, 37
cthulu, 1, 1, 1
tale, 1, 1, 2
inform, 1, 1, 1
sandbox, 2, 1, 4
gorged, 1, 1, 27
basket, 1, 1, 99
representation, 1, 1, 7
truce, 1, 1, 18
pulled, 1, 1, 2
talk, 1, 1, 1
typical, 2, 2, 10
tagged, 28, 28, 7
serving, 1, 1, 16
joins, 1, 1, 1
repair, 1, 1, 10
food, 1, 1, 3
zzzz, 1, 1, 23
shaky, 1, 1, 3
displayed, 1, 1, 0
unacceptable, 2, 1, 679
lsh, 11, 8, 106
years, 17, 12, 55
fangs, 1, 1, 27
course, 13, 11, 55
episodes, 3, 3, 20
kimmel, 1, 1, 3
nbsp, 12, 2, 39
upvoted, 2, 1, 1
statements, 1, 1, 13
cold, 8, 7, 177
still, 81, 67, 378
worship, 1, 1, 1
dreading, 1, 1, 16
limbs, 1, 1, 32
group, 5, 4, 69
thank, 1, 1, 32
wallace, 1, 1, 3
aryanne, 1, 1, 54
interesting, 10, 9, 142
amazing, 6, 5, 16
maid, 2, 1, 27
according, 2, 2, 25
listing, 1, 1, 54
atonement, 1, 1, 9
mail, 1, 1, 1
wildlings, 4, 4, 4
main, 22, 18, 256
happened, 12, 11, 746
theorized, 1, 1, 5
non, 1, 1, 1
s5e10, 1, 1, 25
redwynes, 1, 1, 3
matches, 1, 1, 0
pleaaaaseeee, 1, 1, 1
melodysheep, 1, 1, 4
introduce, 1, 1, 48
underneath, 1, 1, 8
lunch, 1, 1, 1
conquer, 1, 1, 5
meereen, 2, 2, 3
fireson, 1, 1, 0
killed, 23, 20, 430
runners, 2, 2, 25
possess, 1, 1, 4
lineage, 5, 4, 103
name, 14, 12, 132
lies, 1, 1, 2
servant, 1, 1, 23
explains, 3, 3, 19
drop, 1, 1, 4
possibilities, 1, 1, 4
crypts, 14, 8, 251
peasant, 1, 1, 5
careless, 1, 1, 679
realise, 1, 1, 188
rock, 5, 5, 118
entirely, 3, 3, 47
communicates, 1, 1, 1
em, 2, 2, 6
acknowledging, 1, 1, 1
significantly, 2, 1, 16
lannisterbaratheon, 2, 2, 78
reel, 1, 1, 2
eg, 1, 1, 4
treacherous, 1, 1, 1
yeah, 13, 13, 97
fires, 1, 1, 1
farewell, 1, 1, 1
entering, 1, 1, 1
year, 6, 6, 58
ft, 1, 1, 1
happen, 15, 14, 101
tried, 2, 1, 23
living, 20, 15, 104
shown, 12, 11, 112
qarth, 1, 1, 3
space, 1, 1, 2
geeks, 1, 1, 3
furthermore, 1, 1, 22
looking, 16, 13, 214
seriously, 8, 8, 209
stuff, 9, 9, 97
hacked, 1, 1, 4
internet, 1, 1, 0
suggesting, 3, 3, 26
wolfish, 1, 1, 1
bla, 2, 1, 679
correct, 5, 5, 24
shows, 8, 7, 67
liked, 1, 1, 10
undead, 8, 6, 61
attended, 1, 1, 3
hula, 1, 1, 20
monster, 2, 2, 1
disintegrated, 1, 1, 1
wan, 1, 1, 1
siege, 2, 2, 56
targaryens, 3, 2, 5
million, 1, 1, 2
albuquerque, 1, 1, 1
possibility, 2, 2, 15
quite, 5, 4, 22
besides, 2, 2, 24
grandma, 2, 2, 60
improvide, 1, 1, 17
limps, 1, 1, 12
realignment, 1, 1, 18
card, 3, 3, 20
care, 9, 9, 226
training, 2, 2, 3
language, 2, 2, 26
locations, 1, 1, 2
dunno, 2, 2, 9
kingdoms, 8, 5, 121
thing, 25, 24, 1355
nuff, 1, 1, 2
place, 17, 15, 636
vision, 4, 4, 27
swing, 1, 1, 55
blacksmith, 2, 2, 74
510, 1, 1, 11
promotion, 1, 1, 3
widow, 2, 2, 9
think, 127, 95, 862
waited, 1, 1, 416
1000, 3, 3, 36
blind, 2, 2, 13
initial, 1, 1, 3
fetched, 1, 1, 1
surviving, 2, 2, 28
sansa, 35, 27, 4756
spoken, 1, 1, 3
omitted, 1, 1, 10
shireen, 3, 3, 17
symbolic, 1, 1, 5
flipping, 1, 1, 2
xd, 1, 1, 1
one, 117, 88, 2838
clumsy, 1, 1, 32
submit, 1, 1, 17
directly, 2, 2, 45
carry, 2, 2, 64
impossible, 2, 2, 17
sounds, 2, 2, 0
drove, 1, 1, 5
open, 8, 4, 86
george, 7, 5, 687
howwhy, 1, 1, 16
size, 2, 2, 17
city, 2, 2, 3
sheer, 2, 2, 10
necessarily, 3, 3, 1
changers, 1, 1, 1
bite, 1, 1, 18
structured, 2, 1, 17
anyone, 15, 15, 358
indicate, 1, 1, 5
returns, 4, 3, 94
2, 33, 28, 1256
draft, 9, 2, 26
typing, 1, 1, 48
white, 97, 62, 916
bits, 2, 2, 5
speaking, 3, 3, 32
gives, 4, 4, 40
dragonglass, 1, 1, 2
eyes, 12, 10, 120
showdown, 1, 1, 1
gendryarya, 1, 1, 16
season, 92, 66, 3958
appreciates, 1, 1, 138
heritage, 1, 1, 10
screwing, 1, 1, 1
artifact, 1, 1, 1
doors, 1, 1, 17
stylized, 2, 2, 935
released, 5, 5, 7
sequels, 1, 1, 2
eyed, 2, 2, 5
axe, 1, 1, 2
fooled, 1, 1, 401
copy, 2, 2, 29
representing, 1, 1, 4
11, 1, 1, 2
10, 7, 5, 769
wat, 1, 1, 4
massacring, 1, 1, 4
third, 5, 4, 66
require, 1, 1, 2
buzzfeed, 1, 1, 44
recruit, 1, 1, 4
modelled, 1, 1, 2
halls, 4, 1, 1
executed, 1, 1, 1
siding, 1, 1, 2
future, 9, 6, 794
reinforcements, 1, 1, 23
thoros, 1, 1, 1
oath, 2, 2, 23
prefers, 1, 1, 1
fork, 1, 1, 7
tyrionsaryas, 1, 1, 4
marrying, 3, 2, 20
sam, 26, 19, 199
pro, 1, 1, 57
confessed, 3, 3, 21
turned, 3, 2, 50
valyria, 2, 2, 3
weaselly, 1, 1, 5
sad, 2, 2, 55
woah, 1, 1, 2
say, 35, 27, 1961
buried, 3, 2, 84
plotlines, 1, 1, 2
anger, 1, 1, 0
allen, 1, 1, 57
breakfast, 1, 1, 1
impacted, 1, 1, 2
saw, 25, 22, 625
nuanced, 1, 1, 79
olenna, 1, 1, 54
snowy, 1, 1, 3
ideas, 2, 1, 0
sewing, 1, 1, 1
note, 4, 4, 21
mance, 10, 2, 13
potential, 1, 1, 55
take, 22, 20, 337
online, 2, 2, 1
destroy, 1, 1, 12
heal, 1, 1, 2
circumstances, 1, 1, 17
200, 1, 1, 34
begin, 6, 6, 61
sure, 26, 26, 281
rereading, 1, 1, 11
opposite, 3, 3, 61
track, 2, 2, 3
price, 2, 2, 276
keeps, 3, 3, 7
betrayal, 2, 2, 0
severed, 2, 2, 4
paid, 1, 1, 272
falls, 1, 1, 4
algebraic, 1, 1, 3
sheets, 1, 1, 2
winters, 1, 1, 3
michelle, 2, 1, 17
bookseason, 1, 1, 22
operate, 1, 1, 2
especially, 5, 5, 67
surprising, 2, 2, 4
considered, 2, 2, 17
egg, 2, 2, 2
later, 8, 8, 746
implications, 2, 2, 77
tooth, 3, 2, 3
inuniverse, 1, 1, 16
slaves, 1, 1, 3
obsidian, 9, 8, 39
uncle, 8, 6, 979
laws, 1, 1, 11
walking, 4, 4, 41
drastically, 1, 1, 1
shot, 14, 9, 806
interfer, 1, 1, 4
show, 139, 116, 772
german, 1, 1, 4
cheap, 1, 1, 0
discovered, 3, 2, 3
resurrecting, 1, 1, 7
builds, 1, 1, 4
excerpts, 1, 1, 2
dismemberment, 1, 1, 1
line, 15, 11, 810
promptly, 1, 1, 1
feedback, 1, 1, 1
winterdespite, 1, 1, 12
sinks, 1, 1, 7
specifically, 2, 2, 2
brutally, 1, 1, 1
sugar, 1, 1, 1
title, 58, 58, 55
daily, 1, 1, 8
dick, 1, 1, 1
enough, 12, 11, 114
short, 3, 3, 27
going, 42, 40, 1977
black, 56, 54, 409
robb, 24, 19, 627
fades, 1, 1, 59
thatsslightly, 1, 1, 1
uncles, 3, 3, 10
get, 40, 35, 737
brienne, 6, 6, 53
cannon, 1, 1, 0
legitimize, 1, 1, 3
begging, 1, 1, 0
epicness, 1, 1, 15
truly, 5, 5, 20
cursing, 1, 1, 0
blackfish, 3, 2, 7
nearly, 3, 3, 20
clans, 1, 1, 1
petyr, 2, 2, 8
prime, 1, 1, 1
reveal, 3, 3, 10
regarding, 2, 2, 35
skull, 2, 2, 38
girl, 2, 2, 9
artist, 1, 1, 4
leather, 1, 1, 2
confusedintrigued, 1, 1, 3
orphans, 2, 1, 10
slaughters, 1, 1, 23
interwoven, 1, 1, 1
finger, 1, 1, 1
jokes, 1, 1, 1
stupid, 2, 2, 2
predicted, 1, 1, 2
lords, 3, 1, 23
mereenese, 1, 1, 6
pants, 1, 1, 36
1m43s, 1, 1, 11
husband, 2, 2, 24
wiki, 1, 1, 2
reveals, 2, 2, 45
often, 4, 3, 8
burst, 1, 1, 27
imposter, 2, 2, 850
unmarried, 1, 1, 3
psychopaths, 1, 1, 13
dreadfort, 1, 1, 23
relative, 1, 1, 4
sandor, 4, 4, 66
horse, 1, 1, 18
anyways, 2, 2, 8
existence, 1, 1, 21
apologies, 1, 1, 679
wonder, 9, 9, 225
stannis, 31, 28, 495
suspects, 1, 1, 10
leaning, 1, 1, 2
ellaria, 1, 1, 23
wielding, 1, 1, 28
ways, 1, 1, 6
jumped, 1, 1, 29
boy, 8, 6, 113
definite, 1, 1, 24
aemon, 4, 4, 48
weapons, 3, 3, 15
legitimacy, 1, 1, 10
3, 25, 21, 2002
invokes, 1, 1, 10
seers, 1, 1, 1
recognisable, 1, 1, 3
reading, 7, 7, 147
expose, 1, 1, 0
across, 5, 5, 60
wouldve, 1, 1, 5
notice, 4, 4, 79
impregnated, 1, 1, 4
25, 1, 1, -1
originated, 2, 2, 17
screen, 1, 1, 4
hobbits, 1, 1, 2
jacobs, 1, 1, 6
killing, 10, 9, 253
impregnates, 1, 1, 4
spare, 1, 1, 12
underthewater, 1, 1, 6
comeback, 3, 3, 93
come, 35, 30, 208
convoluted, 1, 1, 5
cunninglord, 1, 1, 5
reaction, 4, 3, 5
missions, 1, 1, 2
disarmed, 1, 1, 4
tuck, 1, 1, 5
reddit, 3, 3, 417
many, 38, 26, 194
priests, 2, 1, 1
priestess, 4, 3, 14
personal, 3, 3, 34
share, 2, 2, 25
hut, 1, 1, 1
glassvalerian, 1, 1, 1
comes, 9, 9, 204
nearby, 2, 2, 38
among, 5, 5, 707
madness, 3, 3, 41
afterwards, 2, 2, 3
pov, 1, 1, 17
pot, 2, 2, 3
period, 2, 2, 6
mirroring, 1, 1, 2
walder, 4, 4, 5
twin, 3, 3, 12
strengthening, 1, 1, 1
imo, 2, 2, 8
learning, 1, 1, 679
jojens, 1, 1, 9
yi, 1, 1, 3
constant, 1, 1, 2
skeletons, 4, 4, 149
boat, 1, 1, 1
considering, 10, 8, 122
destroyed, 5, 4, 62
aiming, 2, 2, 129
victarion, 3, 2, 5
capable, 4, 3, 56
stretch, 1, 1, 18
west, 3, 3, 2
mark, 1, 1, 12
cared, 1, 1, 22
legit, 3, 3, 5
motives, 1, 1, 0
qid, 1, 1, 3
tyrrel, 1, 1, 0
lightened, 1, 1, 9
confessions, 1, 1, 18
hardly, 1, 1, 46
wants, 5, 5, 23
direction, 2, 2, 34
thousand, 2, 2, 6
haircut, 1, 1, 5
drawer, 1, 1, 57
photos, 1, 1, 0
figured, 2, 2, 4
wake, 3, 3, 33
suspected, 1, 1, 2
laying, 1, 1, 1
careful, 1, 1, 55
irrelevant, 1, 1, 2
former, 1, 1, 1
case, 8, 7, 185
alike, 2, 2, 25
resoundingly, 1, 1, 2
mount, 2, 2, 38
trick, 1, 1, 1
w, 5, 3, 707
narrativegrrms, 1, 1, -1
unfortunate, 1, 1, 17
reposts, 1, 1, 1
wellvalar, 1, 1, 1
situation, 2, 2, 103
slapping, 1, 1, -9
cock, 1, 1, 3
ive, 1, 1, 22
wargs, 1, 1, 3
eventually, 11, 10, 713
canon, 2, 2, 18
commander, 4, 2, 5
couples, 1, 1, 13
middle, 2, 2, 25
good, 44, 39, 268
bronn, 2, 2, 4
whimpering, 1, 1, 1
argue, 1, 1, 1
ironic, 1, 1, 82
impaled, 1, 1, 679
robbtalisa, 1, 1, 16
technology, 1, 1, 2
worry, 1, 1, 1
helmet, 2, 2, 9
different, 21, 20, 109
margery, 1, 1, 1
combination, 1, 1, 0
paw, 1, 1, 27
pay, 4, 4, 929
hintat, 1, 1, 55
locking, 2, 2, 41
moderators, 54, 54, 40
check, 1, 1, 2
shifts, 2, 1, 12
speech, 2, 2, 13
reminder, 30, 30, 9
pal, 1, 1, 5
events, 8, 7, 29
tshirtamp, 1, 1, 1
week, 3, 3, 5
noble, 5, 4, 178
jeffrey, 2, 2, 6
finish, 3, 3, 56
centuries, 4, 3, 14
screenshot, 1, 1, 184
tactical, 1, 1, 0
8000, 2, 1, 2
drives, 1, 1, 3
ck, 1, 1, 0
runny, 1, 1, 11
producers, 2, 2, 679
running, 2, 2, 132
streamlining, 1, 1, 8
favorites, 1, 1, 1
casterly, 4, 4, 117
totally, 1, 1, 4
tradition, 1, 1, 78
weave, 1, 1, 1
catelyngt, 1, 1, 1
secretely, 1, 1, 5
volcanoes, 2, 1, 1
charges, 1, 1, 17
markup, 54, 54, 40
polliver, 1, 1, 1
magical, 6, 6, 40
severe, 1, 1, 1
without, 50, 50, 283
bodies, 5, 4, 167
charged, 1, 1, 17
summer, 6, 5, 36
pacified, 1, 1, 4
armour, 1, 1, 3
arebut, 1, 1, 1
actions, 4, 4, 22
personaly, 1, 1, 2
wrecks, 1, 1, 1
kill, 40, 35, 334
battlehardened, 1, 1, 1
touch, 2, 2, 3
rewatch, 2, 2, 3
speed, 1, 1, 1
captured, 1, 1, 2
blow, 1, 1, 1
cliffhanger, 1, 1, 7
death, 33, 23, 864
yourside, 1, 1, 6
hint, 2, 2, 72
thinking, 16, 15, 1021
rose, 5, 4, 39
asos, 4, 4, 83
seems, 24, 21, 215
except, 8, 7, 227
silver, 1, 1, 3
color, 2, 2, 3
setting, 3, 3, 12
starks, 25, 16, 226
4, 20, 18, 204
actors, 4, 4, 33
euron, 2, 2, 188
vinyls, 1, 1, 3
momentum, 1, 1, 7
real, 16, 15, 260
jake, 2, 2, 6
aspects, 1, 1, 55
around, 25, 21, 195
kills, 10, 8, 42
inflecting, 1, 1, 6
read, 26, 25, 228
calendars, 1, 1, 4
admitting, 1, 1, 5
dark, 8, 7, 55
bitch, 1, 1, 0
pop, 1, 1, 3
mom, 1, 1, 4
confined, 1, 1, 32
world, 18, 13, 38
implicate, 1, 1, 4
lady, 12, 9, 83
reslly, 1, 1, 3
7m9s, 1, 1, 1
reborn, 4, 4, 4
unbowed, 2, 2, 2
smell, 1, 1, 2
everytime, 2, 2, 7
restish, 1, 1, 17
serves, 1, 1, 16
roll, 1, 1, 26
chamber, 3, 3, 33
benefit, 2, 2, 7
maker, 1, 1, 1
yingyang, 1, 1, 1
either, 14, 13, 94
fully, 2, 2, 41
claw, 1, 1, 3
tower, 5, 5, 41
creeped, 1, 1, 1
lansol, 1, 1, 0
attempting, 1, 1, 1
groomsman, 1, 1, 3
uthecatizzle, 1, 1, 3
marital, 1, 1, 16
imprisonment, 1, 1, 2
draw, 2, 2, 23
englis, 1, 1, 0
xrzav1ulyqq, 1, 1, 2
kings, 10, 10, 136
morghulis, 5, 5, 80
intact, 2, 2, 35
bigger, 1, 1, 5
thinks, 4, 4, 36
gross, 1, 1, -7
slice, 1, 1, 2
genetics, 1, 1, 4
mood, 1, 1, 9
confirm, 1, 1, 0
frees, 1, 1, 23
squire, 1, 1, 23
oathkeeper, 3, 3, 3
overly, 1, 1, 23
legal, 1, 1, 2
moon, 4, 3, 30
throat, 2, 2, 17
exit, 1, 1, 55
lcg, 1, 1, 5
corbray, 1, 1, 2
greyscale, 7, 4, 21
coldhands, 5, 5, 30
terrifies, 1, 1, 188
kristian, 1, 1, 2
felt, 3, 3, 427
assembly, 1, 1, 1
reasonable, 1, 1, 48
power, 18, 12, 192
intimate, 1, 1, 1
seconds, 1, 1, 59
tree, 4, 3, 14
nightfort, 2, 2, 6
uneasy, 1, 1, 18
drums, 1, 1, 27
imgurcomfobx6hj, 1, 1, 20
assemble, 2, 2, 40
resurrection, 2, 2, 19
exciting, 2, 2, 7
throw, 1, 1, 2
stone, 2, 2, 40
ol, 2, 2, 133
central, 4, 1, 22
midland, 1, 1, 2
oh, 12, 10, 134
wikia, 1, 1, 2
separateddeadetc, 1, 1, 16
favorite, 4, 4, 55
meaning, 4, 4, 15
chop, 1, 1, 1
journey, 1, 1, 37
wolf, 7, 6, 97
stand, 7, 5, 32
act, 5, 3, 82
mean, 15, 14, 91
road, 2, 2, 9
op, 3, 3, 21
flashbacks, 3, 3, 5
ladies, 2, 1, 85
lands, 6, 5, 103
dagger, 4, 4, 11
burning, 4, 4, 40
whites, 1, 1, 0
image, 6, 4, 30
blessed, 2, 2, 65
cursed, 1, 1, 6
noone, 1, 1, 1
references, 1, 1, 99
determine, 1, 1, 5
apologize, 1, 1, 679
speculated, 2, 2, 2
warlocks, 1, 1, 3
tommenser, 1, 1, 2
fantasy, 3, 2, 7
wildfire, 1, 1, 1
rzakqp_09ky, 1, 1, 40
inadvertent, 1, 1, 679
hes, 2, 2, 26
fanart, 1, 1, 7
assumed, 3, 3, 43
hey, 4, 4, 8
stark, 46, 32, 1149
start, 17, 13, 203
youtubeomra8nozf2q, 1, 1, 11
low, 1, 1, 1
lot, 17, 17, 228
fish, 2, 2, 32
intends, 1, 1, 0
decomposes, 1, 1, 32
jacked, 1, 1, 5
complete, 6, 6, 82
regard, 1, 1, 2
amongst, 2, 2, 3
locks, 3, 2, 108
ended, 4, 4, 22
legitimization, 1, 1, 3
prohpecy, 1, 1, 8
trying, 15, 14, 1025
pycelle, 1, 1, 679
traveled, 1, 1, 3
pull, 1, 1, 0
rush, 1, 1, 7
panorama, 1, 1, 14
arranged, 1, 1, 2
annihilate, 1, 1, 3
naming, 1, 1, 23
recaptures, 1, 1, 0
2m32s, 1, 1, 6
headsman, 1, 1, 2
nearest, 1, 1, 55
eschew, 1, 1, 18
conqueror, 1, 1, 1
politically, 1, 1, 5
torso, 1, 1, 7
agree, 1, 1, 2
distance, 2, 2, 60
nephewking, 1, 1, 54
gone, 10, 8, 131
leaked, 3, 3, 16
hated, 3, 3, 54
videos, 1, 1, 0
tywin, 19, 16, 261
certain, 6, 6, 118
forgot, 3, 3, 680
deep, 1, 1, 10
watcher, 3, 3, 22
imagination, 2, 2, 9
senses, 1, 1, 1
mormont, 3, 3, 64
watched, 7, 6, 138
tranquil, 1, 1, 2
hound, 10, 10, 4374
tremble, 1, 1, 6
nerd, 1, 1, 1
film, 2, 2, 2
harington, 1, 1, 85
infact, 2, 1, 1
beliefsand, 1, 1, -1
idiot, 2, 2, 2
credibility, 1, 1, 54
swords, 12, 11, 178
anarchy, 1, 1, 4
rubber, 1, 1, 4
roses, 3, 1, 2
5, 24, 23, 343
lifestyle, 1, 1, 4
genna, 1, 1, 3
friggin, 1, 1, 679
puppy, 1, 1, 3
dismayed, 1, 1, 679
booksmasher, 1, 1, 3
poor, 4, 3, 57
regardless, 1, 1, 10
multiple, 2, 2, 4
spoilers, 116, 60, 168
symbol, 2, 2, 3
finale, 4, 4, 693
pukes, 1, 1, 9
intentional, 3, 3, 3
includes, 1, 1, 55
waving, 1, 1, 11
ygritte, 9, 8, 417
gayest, 1, 1, -6
unbent, 2, 2, 2
brotherhood, 6, 5, 38
included, 6, 6, 758
islanders, 1, 1, 5
tendencies, 1, 1, 1
missed, 5, 5, 76
building, 2, 2, 4
natalie, 2, 2, 6
sewed, 1, 1, 6
wife, 8, 7, 76
controlled, 1, 1, 1
lysa, 1, 1, 54
odds, 1, 1, 12
groom, 1, 1, 2
mask, 4, 4, 33
rescues, 1, 1, 5
lipstick, 1, 1, 1
directors, 2, 2, 19
u, 1, 1, 1
bravosrelated, 1, 1, 7
resembles, 1, 1, 1
alright, 1, 1, 4
roughly, 1, 1, 16
bolton, 9, 8, 163
original, 6, 6, 33
banishment, 1, 1, 3
grimdark, 1, 1, 1
surrounded, 1, 1, 23
skeleton, 2, 2, 160
pointing, 3, 3, 34
metaphor, 1, 1, 5
caused, 2, 2, 680
lack, 3, 3, 100
month, 2, 2, 3
founded, 1, 1, 7
poisoned, 1, 1, 1
tours, 1, 1, 3
forged, 7, 6, 139
8300, 1, 1, 7
talks, 1, 1, 25
follow, 5, 5, 8
alt, 1, 1, 1
rhaegal, 2, 2, 57
revealed, 3, 2, 24
reasoning, 2, 2, 25
causes, 1, 1, 4
recaps, 1, 1, 7
gems, 1, 1, 3
referring, 1, 1, 1
tv, 5, 5, -1
diplomacy, 1, 1, 5
tr, 1, 1, 3
laughing, 1, 1, 1
tl, 1, 1, 7
grab, 1, 1, 1
14, 1, 1, 3
enjoying, 1, 1, 0
ta, 1, 1, 416
activities, 1, 1, 2
resounding, 1, 1, 0
woman, 6, 4, 58
worse, 4, 4, 71
straightforward, 1, 1, 18
song, 9, 9, 70
far, 25, 23, 764
rmb, 1, 1, 5
eyrie, 1, 1, 5
screwdriver, 1, 1, 157
fat, 4, 3, 22
primed, 1, 1, 8
toss, 1, 1, 1
sons, 5, 4, 33
worst, 2, 2, 52
decide, 2, 2, 62
got, 31, 29, 720
difference, 1, 1, 9
chekov, 1, 1, 1
fourth, 3, 1, 23
leads, 2, 2, 57
harrenhal, 2, 2, 31
synths, 1, 1, 52
cable, 1, 1, 13
list, 7, 6, 37
worded, 1, 1, 99
grandfather, 2, 1, 23
random, 1, 1, 6
sang, 1, 1, 6
desertion, 1, 1, 2
rhaegon, 1, 1, 6
harry, 1, 1, 0
small, 4, 4, 713
brightroar, 1, 1, 2
myrcella, 5, 5, 30
owned, 1, 1, 1
tea, 2, 1, 22
jorah, 13, 9, 56
doted, 1, 1, 10
grabs, 2, 2, 30
sync, 1, 1, 1
unable, 1, 1, 0
powersituations, 1, 1, 7
past, 10, 7, 41
winds, 1, 1, 2
titles, 2, 2, 49
design, 4, 3, 4
displays, 1, 1, 59
pass, 2, 2, 36
casual, 2, 2, 3
creatures, 1, 1, 1
stood, 1, 1, 22
darkness, 6, 4, 12
cast, 1, 1, 6
deeply, 1, 1, 679
insultbut, 1, 1, 1
version, 6, 6, 8
apologized, 1, 1, 679
learned, 2, 2, 778
gh, 1, 1, 1
nullification, 1, 1, 13
method, 1, 1, 1
otherwhite, 1, 1, 0
revealing, 1, 1, 1
edited, 3, 3, 192
full, 4, 4, 1
shaggydog, 1, 1, 99
tags, 161, 55, 41
oldtown, 2, 2, 9
loose, 1, 1, 1
component, 2, 2, 160
supposedly, 1, 1, 1
vale, 1, 1, 54
revenge, 9, 7, 104
ranger, 1, 1, 85
deserved, 1, 1, 0
threads, 1, 1, 22
civilians, 2, 2, 80
strong, 9, 7, 22
legend, 2, 2, 21
admits, 4, 4, 41
teeth, 2, 2, 6
ahead, 1, 1, 7
inspired, 2, 2, 8
3eyed, 1, 1, 18
allows, 1, 1, 3
experience, 1, 1, 5
prior, 5, 4, 702
amount, 4, 4, 53
pick, 6, 6, 25
action, 55, 55, 41
mentions, 5, 5, 155
loathes, 1, 1, 1
options, 1, 1, 2
via, 1, 1, 1
followed, 2, 2, -3
family, 27, 15, 274
caravan, 1, 1, 5
clickbaity, 1, 1, 3
young, 4, 2, 33
ask, 3, 3, 68
aimed, 1, 1, 4
beheld, 1, 1, 3
actress, 2, 2, 5
herring, 1, 1, 55
targaryen, 18, 15, 257
eye, 3, 3, 45
takes, 8, 7, 95
amaze, 1, 1, 1
wiped, 2, 1, 3
coupled, 1, 1, 4
two, 21, 18, 1024
damaged, 1, 1, 4
captain, 2, 1, 2
tullytullys, 1, 1, 34
carrickarede, 3, 2, 4
unrecognizable, 1, 1, 32
dragonsteel, 2, 1, 2
6, 18, 16, 4543
taken, 5, 5, 77
theorytinfoil, 1, 1, 2
amassing, 1, 1, 1
cannibalism, 1, 1, 1
door, 11, 7, 46
knows, 20, 18, 232
spoils, 1, 1, 1
kiyisuzc6e, 1, 1, 1
excuse, 2, 2, 4
landed, 1, 1, 3
volunteered, 1, 1, 2
basically, 9, 8, 228
broke, 1, 1, 3
particular, 3, 3, 56
known, 11, 11, 94
fanfiction, 2, 2, 5
glad, 1, 1, 1
presumed, 2, 1, 12
commanded, 1, 1, 1
none, 6, 5, 85
craster, 7, 4, 12
illyrio, 1, 1, 21
recall, 3, 3, 25
jinglebell, 1, 1, 29
dramatically, 1, 1, 4
imgurcomlmjg17c, 1, 1, 20
debated, 4, 1, 55
frankenmountain, 1, 1, 4
learn, 4, 4, 135
abandon, 2, 2, 1
strategies, 1, 1, 10
playable, 2, 1, 2
male, 7, 4, 106
wun, 2, 1, 1
hovels, 1, 1, 3
history, 4, 4, 38
beautiful, 3, 3, 57
pushes, 1, 1, 1
anapioficeandfirecom, 3, 1, 17
snuck, 2, 2, 13
suggestions, 3, 2, 19
accept, 2, 2, 5
days, 3, 3, 9
heels, 1, 1, 1
minimum, 3, 2, 16
numbers, 2, 2, 22
sense, 15, 15, 43
phrase, 10, 5, 145
dress, 1, 1, 1
offspring, 1, 1, 3
firmly, 1, 1, 1
huge, 5, 5, 60
needs, 3, 3, 263
court, 1, 1, 6
dreads, 1, 1, 28
awkward, 1, 1, 52
shanked, 1, 1, 1
rather, 10, 10, 81
plans, 1, 1, 3
acts, 1, 1, 13
punkrock, 1, 1, 1
extinguished, 2, 2, 2
dismisses, 1, 1, 931
stir, 1, 1, 55
breinne, 1, 1, 4
okay, 5, 4, 10
intended, 1, 1, 0
disgraced, 1, 1, 1
advice, 1, 1, 27
weaknesses, 1, 1, 32
soundtrack, 2, 2, 2
streets, 1, 1, 1
blood, 12, 9, 67
coming, 19, 17, 587
qk_fywqlccm, 1, 1, 7
inconceivable, 1, 1, 11
capitalize, 1, 1, 0
fm, 1, 1, 10
nonetheless, 1, 1, 1
burns, 1, 1, 8
github, 2, 1, 17
deserter, 1, 1, 16
joffreygt, 1, 1, 1
resetting, 1, 1, 7
shady, 1, 1, 40
dragon, 44, 28, 438
deserted, 1, 1, 2
discussing, 1, 1, 2
daggers, 1, 1, 36
ego, 1, 1, 2
wrench, 2, 2, 78
threatens, 2, 2, 708
putting, 4, 4, 844
dream, 9, 4, 109
playing, 5, 5, 71
pans, 3, 3, 57
randyll, 1, 1, 17
help, 10, 6, 215
developed, 1, 1, 4
eddard, 8, 4, 107
artwork, 1, 1, 2
sooo, 1, 1, 34
mission, 2, 2, 6
depriving, 1, 1, 28
trade, 2, 2, 34
held, 2, 2, 19
attitude, 2, 2, 13
selyse, 1, 1, 18
heirs, 2, 2, 24
committed, 1, 1, 2
hell, 6, 6, 42
forlorn, 1, 1, 2
oblivious, 1, 1, 10
logic, 1, 1, 2
messed, 2, 2, 105
style, 6, 5, 54
20, 3, 3, 11
stabs, 1, 1, 3
balon, 7, 7, 231
pray, 1, 1, 1
wishful, 2, 2, 103
28, 1, 1, 2
actually, 31, 26, 1040
late, 1, 1, 2
absence, 3, 2, 19
parts, 3, 3, 11
heros, 1, 1, 6
flaunting, 1, 1, 99
followers, 1, 1, 3
paths, 1, 1, 4
might, 43, 28, 222
household, 1, 1, 1
fool, 1, 1, 1
someone, 21, 19, 178
return, 15, 12, 1870
disrespectful, 2, 1, 679
ya, 1, 1, 1
protaganist, 1, 1, 3
fictional, 1, 1, 188
maegary, 2, 2, 85
bought, 1, 1, 2
slight, 1, 1, 48
disregarded, 1, 1, 1
martells, 5, 3, 91
walls, 2, 2, 24
fancy, 1, 1, 3
hundred, 1, 1, 1
foot, 1, 1, 7
lyanna, 4, 3, 78
speculate, 1, 1, 16
imgurcomajb6vm, 1, 1, 1
viewers, 4, 4, 9
instructions, 2, 2, 36
mystery, 1, 1, 3
easily, 6, 5, 66
likeness, 1, 1, 1
pregnant, 6, 6, 219
counteredkilled, 1, 1, 1
always, 28, 21, 1796
iimgurcomblrroocjpg, 1, 1, 1
ashes, 1, 1, 5
stopped, 5, 5, 18
pan, 1, 1, 59
turns, 1, 1, 23
found, 14, 13, 779
shocking, 1, 1, 679
stoneheart, 9, 6, 81
obligated, 2, 1, 85
marry, 4, 4, 85
trailer, 20, 18, 572
griff, 1, 1, 21
heavy, 1, 1, 12
reactions, 2, 2, 24
harm, 1, 1, 3
everyone, 36, 32, 2177
knowledgeable, 1, 1, 14
delicious, 1, 1, 1
weight, 2, 1, 22
generation, 4, 2, 26
house, 39, 26, 1200
utf8amp, 1, 1, 3
hard, 5, 5, 67
reduce, 1, 1, 6
idea, 17, 16, 653
ware, 1, 1, 3
imgurcomgallerywdkxv, 1, 1, 7
expect, 7, 5, 3
fist, 1, 1, 6
barratheon, 1, 1, 1
beyond, 4, 4, 5
cosplayed, 1, 1, 1
event, 3, 3, 713
really, 56, 50, 2119
deals, 1, 1, 6
clarity, 1, 1, 2
prolly, 3, 3, 6
psychology, 1, 1, 0
wondered, 2, 2, 2
grining, 1, 1, 2
miss, 3, 3, 17
robert, 21, 15, 388
since, 26, 25, 352
hilt, 1, 1, 5
research, 1, 1, 3
acting, 5, 5, 115
hill, 3, 2, 33
7, 8, 7, 82
lannisters, 16, 11, 209
fit, 3, 3, 38
flame, 1, 1, 1
aegon, 12, 9, 85
issue, 2, 2, 29
plotting, 2, 2, 6
fled, 2, 2, 36
pun, 1, 1, 0
conceived, 1, 1, 0
sansaramsey, 1, 1, 8
belief, 1, 1, 22
shitdoms, 1, 1, 54
timeline, 1, 1, 2
samwell, 3, 3, 4
forgive, 3, 3, 130
cockroach, 1, 1, 5
effect, 2, 2, 20
houses, 6, 6, 25
reason, 6, 6, 44
base, 2, 1, 1
members, 3, 3, 50
imagine, 13, 11, 76
put, 10, 9, 1376
beginning, 3, 3, 7
loads, 2, 2, 14
heartsbane, 1, 1, 2
thrown, 2, 2, 3
thread, 34, 34, 70
seahorse, 1, 1, 1
targ, 4, 3, 5
terrible, 4, 4, 112
telltale, 1, 1, 1
lamentation, 1, 1, 2
expecting, 2, 2, 45
sooner, 1, 1, 7
threat, 6, 6, 33
syrio, 1, 1, 37
castle, 19, 18, 137
throws, 1, 1, 21
ding, 3, 1, 1
major, 41, 39, 808
viserion, 2, 2, 57
dont, 7, 7, 16
slipped, 1, 1, 29
feel, 10, 10, 151
costume, 1, 1, 1
number, 4, 4, 89
preservation, 1, 1, 2
valentine, 2, 2, 16
feet, 1, 1, 9
dust, 1, 1, 18
talked, 1, 1, 3
done, 13, 11, 137
hearteater, 1, 1, 2
visions, 5, 3, 30
ikea, 3, 3, 4
passes, 2, 2, 986
story, 41, 32, 229
heads, 8, 7, 850
leverage, 1, 1, 5
bloodied, 1, 1, 1
script, 1, 1, 4
introduction, 1, 1, 23
leading, 2, 2, 7
interviews, 1, 1, 1
revive, 1, 1, 1
least, 15, 14, 67
militant, 4, 3, 24
belongs, 1, 1, 54
assumption, 1, 1, 2
identity, 1, 1, 3
storm, 3, 3, 46
bravo, 2, 1, 2
kevan, 3, 3, 59
scheme, 1, 1, 2
store, 1, 1, 2
witnessing, 1, 1, 2
shifted, 1, 1, 9
selling, 1, 1, 2
passed, 3, 3, 30
relationship, 5, 5, 29
behind, 5, 5, 130
relieved, 1, 1, 16
needle, 2, 1, 1
interviewed, 1, 1, 3
excels, 1, 1, 75
luckily, 2, 2, 8
part, 15, 13, 160
greatgrandfather, 1, 1, 23
focusing, 3, 3, 99
translation, 1, 1, 4
believe, 31, 28, 543
convinced, 2, 2, 60
hollywood, 1, 1, 9
shrunken, 1, 1, 13
edmure, 3, 2, 57
king, 48, 37, 392
kind, 10, 10, 141
b, 4, 4, 108
determines, 1, 1, 128
dany, 42, 29, 3032
gotten, 4, 4, 109
grey, 2, 2, 2
youth, 1, 1, 23
marriage, 1, 1, 55
supposed, 6, 6, 88
sister, 15, 11, 139
sheeples, 1, 1, -7
weapon, 3, 3, 14
sentenced, 1, 1, 3
motivation, 2, 2, 35
storytelling, 5, 5, 106
alongside, 2, 2, -1
ages, 1, 1, 23
jeyne, 2, 2, 19
responce, 1, 1, 22
baratheons, 2, 2, 27
opportunist, 1, 1, 2
concentration, 1, 1, 1
confirms, 1, 1, 1
organs, 1, 1, 12
vulnerable, 2, 2, 2
option, 2, 2, 41
mountain, 4, 4, 21
breathing, 2, 2, 36
nights, 10, 9, 25
built, 2, 2, 105
depending, 2, 2, 6
lil, 1, 1, 1
self, 2, 2, 6
trapped, 3, 2, 19
punishments, 1, 1, 9
also, 76, 59, 885
entirety, 1, 1, 2
internal, 1, 1, 18
build, 4, 4, 30
finding, 3, 3, 8
jaimebrienne, 1, 1, 16
offscreen, 1, 1, 4
experienced, 3, 3, 101
reckon, 1, 1, 18
quote, 6, 4, 695
eggs, 10, 6, 138
english, 1, 1, 1
effecting, 1, 1, 1
highgarden, 1, 1, 23
react, 2, 2, 10
mace, 4, 2, 57
hired, 3, 3, 102
plan, 4, 4, 25
significant, 3, 2, 56
nothing, 14, 14, 198
seasons, 7, 7, 706
extremely, 2, 2, 3
themno, 1, 1, 1
esso, 1, 1, 1
appear, 5, 5, 49
unequal, 1, 1, 16
devastated, 2, 1, 5
mobile, 1, 1, 6
clear, 4, 4, 737
sometimes, 2, 2, 4
snapping, 1, 1, 1
unreasonable, 1, 1, 55
hints, 2, 2, 7
pic, 2, 2, 7
amazed, 2, 2, 2
clean, 2, 1, 10
barren, 1, 1, 24
usual, 1, 1, 2
lannistermany, 1, 1, 34
lying, 2, 2, 4
fry, 1, 1, 5
filmed, 1, 1, 17
particularly, 5, 3, 68
rebels, 1, 1, 5
gold, 2, 2, 5
sparrow, 5, 5, 60
heavily, 3, 3, 28
lay, 4, 3, 22
fond, 1, 1, 55
disputed, 1, 1, 2
hyped, 1, 1, 2
rangebased, 1, 1, 37
finn, 1, 1, 27
carefully, 1, 1, 55
fine, 29, 29, 39
find, 25, 19, 856
shits, 1, 1, 1
impact, 3, 1, 12
giant, 3, 3, 32
awakens, 1, 1, 99
northern, 7, 7, 46
justice, 1, 1, 55
e10, 1, 1, 28
writes, 3, 1, 22
less, 9, 9, 104
gilly, 4, 2, 2
betray, 1, 1, 2
pretty, 35, 33, 495
uruk, 1, 1, 2
circle, 2, 2, 9
downvotes, 2, 1, 1
discuss, 1, 1, 2
reap, 1, 1, 7
begins, 2, 2, 9
omnipresent, 1, 1, 1
hit, 2, 2, 72
dorthraki, 3, 1, 22
spoiler, 89, 60, 50
dependent, 1, 1, -1
trees, 1, 1, 23
resent, 1, 1, 14
lame, 1, 1, 1
feels, 2, 2, 66
grew, 1, 1, 3
hid, 1, 1, 86
rest, 7, 7, 62
closely, 2, 2, 8
shared, 1, 1, 1
boils, 1, 1, 1
banner, 1, 1, 5
distraction, 1, 1, 4
builder, 1, 1, 78
appeal, 1, 1, 4
showed, 2, 2, 20
contagious, 1, 1, 19
sacrificed, 1, 1, 2
frickin, 1, 1, 24
dothraki, 2, 2, 22
european, 1, 1, 2
casted, 1, 1, 17
sacrifices, 3, 3, 32
spiked, 1, 1, 2
common, 6, 6, 25
activity, 3, 3, 24
hype, 5, 5, 82
x, 3, 3, 19
arya, 39, 31, 2998
cringe, 1, 1, -3
wrote, 2, 2, 28
rumored, 1, 1, 1
insane, 1, 1, 4
set, 11, 9, 107
art, 4, 3, 11
ser, 3, 3, 39
drafted, 1, 1, 7
throwing, 1, 1, 128
eastwatch, 1, 1, 16
carrying, 1, 1, 1
ringmail, 1, 1, 1
potent, 1, 1, 2
scenes, 6, 6, 91
plausible, 1, 1, 1
culture, 2, 2, 48
see, 70, 56, 3809
individual, 2, 2, 36
dumb, 1, 1, 8
sea, 4, 4, 8
showing, 2, 2, 18
close, 8, 8, 97
arm, 3, 2, 3
learns, 1, 1, 28
runnerup, 1, 1, 3
bride, 4, 1, 16
pictures, 3, 3, 19
wow, 4, 4, 23
currently, 6, 4, 171
please, 59, 59, 102
heading, 1, 1, 12
cleganebowlgethype, 1, 1, 2645
fans, 5, 4, 11
various, 2, 2, 24
probably, 33, 31, 332
burned, 4, 4, 85
heartache, 1, 1, 2
nope, 1, 1, 6
slaying, 1, 1, 27
westerosi, 2, 2, 7
piss, 3, 3, 36
knowing, 4, 4, 6
recently, 7, 7, 767
creating, 3, 2, 22
singled, 1, 1, 12
missing, 6, 6, 24
intimidated, 1, 1, 0
attention, 3, 3, -5
sigil, 1, 1, 2
incident, 1, 1, 14
turning, 1, 1, 3
protovalyrian, 1, 1, 2
betrayed, 3, 2, 10
understanding, 1, 1, 9
encapsulate, 1, 1, 55
remaining, 1, 1, 1
pissed, 2, 2, 8
c, 1, 1, 17
toward, 1, 1, 2
last, 34, 31, 276
reverse, 1, 1, 0
license, 1, 1, 39
fiance, 1, 1, 12
annual, 1, 1, 5
harpy, 3, 2, 25
thor, 1, 1, 19
connection, 4, 4, 60
became, 4, 4, 30
forgotten, 2, 2, 61
bond, 2, 2, 15
whole, 13, 12, 204
finds, 1, 1, 2
tr2qahux4na, 1, 1, 28
maester, 8, 8, 739
flies, 1, 1, 28
volcanic, 1, 1, 16
tarlys, 1, 1, 34
maestet, 1, 1, 1
point, 29, 22, 199
simple, 2, 2, 158
sweet, 3, 2, 5
crippled, 2, 2, 99
community, 3, 2, 23
coincidence, 1, 1, 1
olly, 3, 3, 71
fashion, 2, 2, 9
simply, 4, 4, 55
adaptation, 1, 1, 19
church, 1, 1, 9
vessel, 1, 1, 4
headey, 1, 1, -1
throughout, 6, 6, 60
expensive, 1, 1, 4
jorahs, 1, 1, 6
ps, 2, 2, 4
worthless, 1, 1, 2
xpost, 1, 1, 1
described, 4, 4, 43
baelor, 1, 1, 17
stamp, 1, 1, 2
create, 3, 3, 5
strings, 1, 1, 1
political, 4, 3, 61
due, 7, 6, 21
strategy, 1, 1, 5
rivals, 1, 1, 54
secret, 8, 8, 101
describes, 1, 1, 5
damn, 6, 6, 18
arryns, 3, 2, 6
ireland, 2, 2, 4
preventable, 1, 1, 2
proverbial, 1, 1, 4
assassinated, 2, 2, 18
meeting, 1, 1, 7
empty, 4, 3, 12
walter, 1, 1, 35
firm, 2, 2, 25
dialogue, 1, 1, 4
lived, 2, 2, 3
champion, 2, 1, 1
rulled, 1, 1, 54
assassinating, 1, 1, 5
fire, 54, 29, 341
gas, 2, 2, 19
39, 1, 1, 11
aye, 2, 2, 28
else, 15, 13, 200
whatever, 4, 3, 7
understand, 5, 5, 86
realms, 2, 2, 21
exquisite, 1, 1, 1
pact, 1, 1, 78
intriguing, 1, 1, 21
stolen, 2, 2, 2
look, 25, 22, 922
solid, 2, 2, 38
foreshadowed, 1, 1, 32
straight, 3, 3, 16
tip, 1, 1, 57
ahai, 10, 9, 426
rope, 1, 1, 3
33, 1, 1, 11
replaced, 2, 2, 55
error, 2, 2, 45
fun, 4, 4, 27
animated, 1, 1, 19
robin, 4, 4, 64
pack, 2, 2, 3
grip, 1, 1, 1
detailed, 1, 1, 3
larger, 1, 1, 17
10000, 1, 1, 2
hoping, 5, 5, 70
guilty, 2, 2, 4
styr, 1, 1, 71
repeating, 1, 1, 3
embroidered, 1, 1, 2
disappointing, 1, 1, -1
rulers, 2, 1, 9
vow, 1, 1, 13
owes, 1, 1, 28
beautifully, 1, 1, 2
ready, 2, 2, 8
34, 3, 3, 15
bloodstone, 1, 1, 1
underlining, 1, 1, 5
blackwood, 2, 1, 23
funny, 5, 5, -3
shirt, 1, 1, 1
anymore, 8, 8, 267
headless, 1, 1, 1
seek, 1, 1, 1
belong, 1, 1, 54
butcher, 1, 1, 3
shorter, 1, 1, 3
rules, 6, 5, 159
emphasize, 2, 2, 57
bethesda, 2, 2, 16
grand, 1, 1, 679
conflict, 6, 5, 100
higher, 1, 1, 1
heraldry, 1, 1, 23
used, 20, 19, 142
itch, 1, 1, 1
lie, 1, 1, 4
bonus, 1, 1, 6
gallery, 1, 1, 10
birthed, 1, 1, 3
yesterday, 1, 1, 5
cement, 1, 1, 55
crushed, 2, 2, 5
moment, 5, 5, 58
couldve, 1, 1, 5
moving, 4, 3, 124
purpose, 1, 1, 3
businsess, 1, 1, 2
3aertacaltinoz, 1, 1, 10
weird, 2, 2, 7
early, 4, 3, 17
lower, 1, 1, 1
whores, 1, 1, 1
older, 3, 3, 56
chickens, 1, 1, 54
anybody, 1, 1, 4
obviously, 18, 17, 101
person, 14, 11, 49
tales, 1, 1, 3
tvshow, 1, 1, 2
savvy, 1, 1, 5
genuinely, 2, 2, 216
stating, 1, 1, 9
martell, 1, 1, 5
northmen, 1, 1, 23
vindictive, 1, 1, 11
shape, 1, 1, 2
hobbes, 1, 1, 1
questions, 58, 57, 139
amp, 25, 12, 191
love, 31, 27, 908
doran, 2, 2, 77
forrest, 1, 1, 5
prince, 4, 3, 81
tin, 1, 1, 6
letting, 1, 1, 1
cut, 10, 9, 146
remembers, 2, 2, 4
majority, 2, 2, 54
disappointed, 2, 2, -1
casulaties, 1, 1, 6
prologue, 2, 1, 2
cuz, 1, 1, 3
source, 6, 4, 21
overthinking, 1, 1, -7
parents, 4, 4, 133
questioned, 1, 1, 16
imgurcomprxxjr2, 1, 1, 55
snap, 1, 1, 29
contrary, 1, 1, 1
furniture, 1, 1, 1
easter, 1, 1, 1
excited, 1, 1, 8
surprised, 3, 3, 1
useless, 1, 1, 2
confession, 2, 1, 0
march, 1, 1, 1
4np10a_mr_k, 1, 1, 5
format, 1, 1, 7
big, 21, 20, 831
couple, 4, 4, 21
wives, 2, 2, 7
matters, 2, 2, 9
game, 31, 23, 1964
quest, 3, 2, 6
cataclysm, 1, 1, 3
guide, 55, 55, 41
bit, 8, 8, 180
youtubegwmgrr9a818, 1, 1, 1
projects, 1, 1, 17
ahem, 1, 1, 115
bloodraven, 2, 1, 4
outright, 1, 1, 3
vests, 1, 1, 2
follows, 2, 2, 153
interestingly, 1, 1, 3
identifying, 1, 1, 55
ignore, 4, 4, 122
chairs, 1, 1, 2
continue, 7, 7, 112
indication, 1, 1, 2
donna, 2, 1, 167
popular, 2, 2, 420
healthy, 1, 1, 1
prequels, 1, 1, 2
debateable, 1, 1, -3
methods, 1, 1, 1
fucking, 14, 10, 2169
spring, 1, 1, 3
fathers, 2, 2, 778
1st, 3, 2, 11
back, 47, 36, 365
bounce, 1, 1, 3
ah, 1, 1, 2
understood, 1, 1, 1
strongest, 1, 1, 0
towards, 3, 3, 6
examples, 55, 55, 57
sight, 1, 1, 188
flaying, 1, 1, 13
curious, 3, 3, 20
server, 1, 1, 2
pale, 1, 1, 13
hmmmm, 1, 1, 1
omra8nozf2q, 1, 1, 0
savage, 1, 1, 27
accepted, 2, 2, 4
renly, 21, 12, 139
decision, 3, 2, 3
shall, 6, 3, 11
audience, 3, 3, 38
per, 1, 1, 0
prop, 2, 2, 690
saan, 1, 1, 17
flirst, 1, 1, 23
verbally, 1, 1, 10
halberd, 1, 1, 2
excluding, 1, 1, 18
dating, 1, 1, 25
drogon, 5, 5, 49
minimal, 1, 1, 3
cgi, 1, 1, 6
run, 6, 6, 99
bc, 2, 1, 1
remembered, 3, 3, 1
lightbringer, 5, 3, 53
jumps, 1, 1, -9
costumes, 1, 1, 8
zombie, 8, 5, 134
step, 1, 1, 32
joffrey, 45, 34, 1885
concealed, 1, 1, 17
hostages, 1, 1, 6
become, 13, 12, 425
imgurcomgaga4w2, 1, 1, 55
wealth, 3, 2, 7
faith, 7, 6, 43
changing, 1, 1, 1
goods, 1, 1, 5
anything, 19, 19, 1192
wore, 1, 1, 7
scrambling, 1, 1, 5
stricken, 1, 1, 1
militia, 1, 1, 17
idk, 4, 4, 6
wrinkled, 1, 1, 13
block, 1, 1, 3
ppl, 1, 1, 1
seeing, 6, 6, 60
blackwater, 2, 2, 11
within, 1, 1, 2
sparknotes, 1, 1, 1
seating, 1, 1, 2
invading, 3, 2, 30
predictions, 1, 1, 1
drifted, 1, 1, 27
guideline, 1, 1, 0
beneath, 1, 1, 2
span, 1, 1, 55
modicum, 1, 1, 2
catlyn, 1, 1, 6
question, 9, 9, 80
long, 43, 32, 731
custom, 1, 1, 39
occupy, 1, 1, 3
camera, 6, 5, 118
infected, 1, 1, 2
suit, 3, 3, 29
forward, 2, 2, 56
brynden, 2, 2, 83
bored, 1, 1, 0
footage, 4, 4, 12
robbgt, 1, 1, 1
garrison, 3, 3, 35
wondering, 8, 8, 177
poster, 2, 2, 4
atop, 1, 1, 29
memory, 2, 2, 102
glamour, 1, 1, 0
boys, 4, 4, 25
link, 8, 6, 485
authority, 1, 1, 4
hopes, 1, 1, 17
azor, 10, 9, 426
reek, 15, 3, 85
rickon, 5, 4, 135
dull, 1, 1, 15
raising, 1, 1, 4
posted, 9, 9, 448
info, 3, 3, 79
infront, 1, 1, 1
travelling, 1, 1, 5
20150615163048, 1, 1, 0
sleepers, 1, 1, 8
us, 15, 13, 1319
theoretical, 1, 1, 2
clips, 5, 5, 87
fairley, 2, 1, 17
un, 1, 1, 54
uh, 2, 1, 2
faded, 1, 1, 3
bwb, 2, 1, 17
fried, 1, 1, -3
similar, 12, 11, 852
called, 11, 9, 41
lena, 1, 1, -1
associated, 2, 2, 1
adults, 1, 1, 4
dismay, 1, 1, 3
defined, 1, 1, 4
cover, 1, 1, 85
diphalic, 1, 1, 3
influence, 3, 3, 9
single, 2, 2, 72
warning, 113, 59, 171
lyn, 1, 1, 2
ragnarok, 3, 2, 25
empire, 1, 1, 1
echo, 1, 1, 12
sack, 5, 4, 31
ancestors, 1, 1, 16
lemon, 1, 1, 71
upcoming, 1, 1, 25
tentative, 1, 1, 1
rains, 5, 5, 75
uspinnerclotho, 1, 1, 3
nah, 3, 3, 8
peace, 3, 3, 8
nan, 2, 2, 6
backs, 1, 1, 1
matching, 1, 1, 3
points, 3, 3, 18
statement, 2, 2, 61
department, 1, 1, 11
storyline, 3, 3, 15
assassinate, 1, 1, 99
nice, 12, 12, 83
explaining, 2, 2, 20
muddled, 1, 1, 55
elements, 1, 1, 55
calculating, 1, 1, 0
lend, 1, 1, 4
favourite, 2, 2, 3
impress, 1, 1, 3
lashing, 1, 1, 1
visits, 1, 1, 99
actuall, 1, 1, 2
william, 1, 1, 3
drag, 2, 2, 32
allowing, 1, 1, 5
double, 1, 1, 1
sides, 1, 1, 5
rightful, 2, 2, 23
ago, 11, 10, 34
whoring, 1, 1, 2
land, 4, 3, 1
dvd, 2, 2, 863
age, 2, 2, 2
required, 1, 1, 157
youtube, 1, 1, 6
visual, 1, 1, 7
walked, 3, 3, 2
notion, 1, 1, 4
depth, 1, 1, 2
implied, 3, 3, 102
karma, 1, 1, 7
literally, 4, 4, 68
walker, 22, 20, 245
pyre, 1, 1, 14
requires, 3, 2, 11
gt, 10, 8, 754
sadistically, 1, 1, 1
youtubeztfb3eujcva, 1, 1, 6
results, 1, 1, 3
produce, 1, 1, 29
existing, 5, 5, 63
gg, 1, 1, 401
autocorrectcaused, 1, 1, 1
go, 29, 27, 605
psycho, 1, 1, 0
cases, 1, 1, 3
seemed, 5, 5, 977
tysha, 3, 1, 5
terms, 1, 1, 5
reposted, 1, 1, 1
glows, 1, 1, 13
effort, 3, 3, 17
commanders, 2, 2, 23
send, 2, 2, 92
suits, 1, 1, 10
daario, 1, 1, 1
excluded, 1, 1, 12
breach, 2, 2, 3
moron, 1, 1, -3
women, 5, 5, 27
dorne, 5, 4, 29
sent, 5, 5, 25
overlaps, 1, 1, 3
queen, 6, 3, 99
torture, 2, 2, 62
outside, 3, 3, 280
wishes, 1, 1, 3
redemptionvengeance, 1, 1, 2
chooses, 1, 1, 1
telling, 4, 4, 20
subreddit, 57, 57, 49
wipe, 1, 1, 13
posture, 1, 1, 5
entire, 8, 8, 192
magic, 32, 19, 280
harbor, 1, 1, 5
knight, 4, 2, 22
notes, 1, 1, 22
michael, 2, 2, 9
varys, 3, 2, 7
try, 9, 7, 110
tunnel, 1, 1, 71
nairn, 1, 1, 2
komarck, 2, 2, 9
freed, 1, 1, 3
ride, 1, 1, 9
castles, 5, 5, 42
smaller, 1, 1, 1
pledge, 1, 1, 8
fellowing, 1, 1, 2
teasers, 7, 6, 34
silly, 2, 2, 14
imply, 2, 2, 34
hodor, 7, 5, 26
video, 7, 5, 58
traveling, 3, 3, 28
picked, 3, 3, 185
reunion, 1, 1, 14
growing, 3, 3, 32
midfebruary, 1, 1, 416
believes, 1, 1, 24
click, 2, 2, 25
clangor, 1, 1, 27
sausage, 1, 1, 11
plays, 5, 5, 43
giving, 2, 2, 87
pipes, 1, 1, 27
reaching, 1, 1, 1
access, 2, 2, 22
waiting, 3, 2, 2
twins, 1, 1, 679
imgurcomf4cghu4, 1, 1, 20
theres, 2, 2, 42
rotted, 1, 1, 29
toenails, 1, 1, 2
returnand, 1, 1, 0
body, 15, 14, 135
counterbalancing, 1, 1, 1
focuses, 1, 1, 1
led, 3, 3, 58
chose, 2, 2, 100
exchange, 1, 1, 5
commercial, 1, 1, 2
sins, 1, 1, 2
highly, 2, 2, 10
believed, 4, 4, 60
ramsey, 1, 1, 11
let, 18, 18, 247
sink, 1, 1, 421
others, 29, 22, 879
clicked, 1, 1, 401
canals, 1, 1, 1
imgurcom4dubu1h, 1, 1, 55
altough, 1, 1, 6
extreme, 1, 1, 2
margaery, 5, 4, 64
great, 24, 22, 109
talent, 1, 1, 5
dividing, 1, 1, 1
survivor, 1, 1, 11
broken, 1, 1, 9
receive, 1, 1, 7
involved, 3, 3, 131
30, 1, 1, 1
host, 1, 1, 1
leaving, 5, 4, 10
resurrect, 2, 2, 376
suggests, 3, 3, 27
products, 2, 2, 3
wwwmuseumreplicascom, 1, 1, 39
defeat, 2, 2, 683
harrington, 2, 2, 25
opinion, 3, 3, 23
implement, 2, 1, 17
youtuber, 1, 1, 1
makes, 21, 21, 802
honor, 3, 2, 63
thats, 3, 3, 81
named, 13, 11, 215
undying, 1, 1, 9
blizzard, 1, 1, 59
danger, 2, 2, 23
win, 10, 10, 93
app, 1, 1, 2
manage, 1, 1, 2
clegane, 2, 2, 19
api, 7, 2, 19
names, 7, 7, 149
precursor, 1, 1, 2
mens, 1, 1, 1
tools, 1, 1, 157
manipulate, 1, 1, 2
standing, 3, 3, 9
86amp, 1, 1, 3
use, 74, 69, 170
qhorin, 1, 1, 85
crap, 1, 1, 75
hears, 1, 1, 23
shitcaked, 1, 1, 36
remains, 2, 2, 5
breakup, 1, 1, 1
gregor, 1, 1, 60
martyn, 2, 1, 3
theme, 10, 6, 23
next, 18, 17, 3976
figurative, 2, 2, 25
worn, 1, 1, 1
doubt, 12, 11, 300
cheeky, 1, 1, 0
iimgurcomk12bexsjpg, 1, 1, 3
raiding, 1, 1, 1
oily, 1, 1, 1
reflects, 1, 1, 11
cheeks, 2, 2, 56
sort, 8, 7, 109
retribution, 1, 1, 1
clever, 2, 2, 12
victory, 1, 1, 0
knownalive, 1, 1, 1178
superinvolved, 1, 1, 2
started, 5, 5, 107
becomes, 2, 2, 30
inclined, 1, 1, 1
freedom, 3, 2, 6
heir, 3, 3, 98
occurred, 2, 2, 12
confused, 1, 1, 1
payne, 1, 1, 3
deserve, 3, 3, 4
train, 2, 2, 3
8, 3, 2, 5
asoiaf, 8, 7, 36
baby, 10, 10, 1018
ok, 2, 2, 4
appointed, 1, 1, 28
starter, 1, 1, 2
carried, 3, 3, 57
fan, 1, 1, 1
account, 1, 1, 17
fooling, 1, 1, 18
practicing, 1, 1, 4
5000, 2, 2, 10
f, 2, 2, 22
rhyonar, 1, 1, 2
tease, 2, 2, 140
slit, 1, 1, 1
asha, 2, 1, 3
reproduce, 5, 4, 51
creepy, 1, 1, 1
anywhere, 5, 5, 20
obvious, 12, 10, 121
servants, 1, 1, 0
island, 2, 2, 9
valyrian, 23, 15, 83
meet, 2, 2, 20
didnt, 2, 2, 1
coffin, 1, 1, 55
proof, 3, 3, 50
control, 7, 5, 118
wearing, 3, 3, 72
reanimated, 5, 4, 167
coincident, 1, 1, 5
escapes, 3, 3, 7
process, 4, 3, 5
lock, 2, 2, 50
slim, 1, 1, 40
rode, 1, 1, 12
dripping, 1, 1, 27
disruption, 1, 1, 1
pieces, 6, 6, 67
high, 11, 11, 110
villain, 1, 1, 2
tag, 55, 55, 41
pulling, 1, 1, 1
something, 45, 41, 545
bones, 3, 1, 6
rape, 3, 3, 22
weaken, 1, 1, 931
summers, 1, 1, 2
united, 1, 1, 1
embodiment, 2, 1, 1
regains, 1, 1, 24
sit, 4, 4, 97
vibe, 1, 1, 2
six, 5, 3, 57
delay, 1, 1, 4
responsibilities, 1, 1, 3
swear, 2, 2, 1698
forest, 5, 5, 11
insistent, 1, 1, 55
instead, 8, 8, 950
warner, 1, 1, 13
intelligent, 1, 1, 32
sin, 1, 1, 1
gurm, 1, 1, 3
swore, 1, 1, 35
aeron, 1, 1, 3
sir, 1, 1, 1
stop, 8, 7, 95
waters, 1, 1, 99
tact, 2, 2, 129
tied, 1, 1, 5
imgurcomptlzwdm, 1, 1, 55
fits, 2, 2, 23
techincally, 1, 1, 1
sry, 1, 1, 0
purely, 1, 1, 2
light, 10, 7, 19
subreddits, 1, 1, 17
lines, 3, 3, 103
chief, 1, 1, 1
honestly, 3, 3, 119
realizes, 1, 1, 9
allow, 1, 1, 2
classy, 1, 1, 1
favourites, 2, 1, 13
s1, 1, 1, 15
longest, 1, 1, 18
spreads, 1, 1, 1
similarities, 1, 1, 1
despite, 2, 1, 54
rebellious, 1, 1, 23
showrunner, 1, 1, 138
produced, 2, 2, 8
alliance, 2, 2, 56
including, 5, 5, 87
looks, 20, 19, 317
tyrant, 1, 1, 1
referencing, 1, 1, 679
mentioned, 7, 7, 63
bunch, 2, 2, 81
lf, 2, 1, 2
write, 3, 3, 32
revived, 2, 2, 26
chosen, 1, 1, 2
ships, 1, 1, 0
overanalyzing, 1, 1, 1
resorting, 1, 1, 1
lt, 1, 1, 2
muggle, 1, 1, 5
choose, 4, 3, 5
covered, 28, 28, 1234
2016, 1, 1, 60
infertile, 1, 1, 14
hermaphrodites, 2, 2, 59
dad, 2, 1, 23
greater, 4, 4, 73
paramour, 1, 1, 23
python, 1, 1, 17
spell, 1, 1, 3
invitation, 2, 2, 16
mention, 7, 6, 9
chronological, 1, 1, 2
raid, 1, 1, 1
gmt, 1, 1, 1
legendary, 1, 1, 0
hands, 7, 7, 30
front, 3, 3, 73
critically, 1, 1, 4
day, 8, 7, 68
firerelated, 1, 1, 128
february, 1, 1, 2
edit, 7, 7, 472
warned, 1, 1, 16
feast, 8, 6, 998
greasiness, 1, 1, 5
sufficiently, 1, 1, 4
magnitude, 1, 1, 7
trap, 1, 1, 16
truth, 1, 1, 1
disregard, 1, 1, 2
rising, 2, 2, 3
winterfell, 35, 23, 674
s03e09, 1, 1, 11
onscreen, 1, 1, 6
flair, 2, 1, 1
executions, 2, 1, 13
sunmy, 1, 1, 3
armies, 2, 2, 6
chunk, 1, 1, -1
heated, 1, 1, 16
inevitably, 1, 1, 1
related, 1, 1, 23
forgetting, 1, 1, 34
books, 91, 74, 770
variety, 1, 1, 1
changed, 1, 1, 2
relates, 1, 1, 1
programmer, 1, 1, 17
sexual, 1, 1, 23
special, 3, 3, 22
euronvictarion, 1, 1, 6
littered, 1, 1, 79
armor, 3, 3, 38
nowadays, 1, 1, 6
defend, 1, 1, 1
killedcaptured, 1, 1, 4
bad, 15, 13, 814
mere, 1, 1, 1
upset, 1, 1, 1
strokes, 8, 2, 26
venom, 1, 1, 27
hilarious, 1, 1, 1
reanimate, 2, 1, 1
cause, 6, 6, 47
red, 55, 51, 341
iimgurcomwwee0k6jpg, 1, 1, 32
achievements, 1, 1, 3
apprenticeship, 1, 1, 1
charactersto, 1, 1, 1
tully, 4, 3, 61
stormlord, 1, 1, 23
braavos, 3, 3, 83
projectile, 1, 1, 1
approaches, 1, 1, 13
ancestry, 1, 1, 23
surely, 1, 1, 4
masks, 2, 2, 20
conflicts, 6, 1, 22
obliteration, 1, 1, 75
fallout, 2, 1, 4
princess, 1, 1, 0
additional, 1, 1, 23
yara, 1, 1, 0
river, 2, 2, 29
allies, 1, 1, 54
prepare, 2, 2, 38
g, 5, 5, 42
lone, 1, 1, 2
phrases, 1, 1, 55
could, 80, 58, 3273
area, 2, 2, 72
childless, 2, 1, 3
keep, 18, 13, 221
conversation, 3, 3, 2
length, 1, 1, 1
cures, 1, 1, 6
distinctions, 1, 1, 55
hence, 3, 3, 132
retain, 1, 1, 6
logically, 1, 1, 1
chills, 1, 1, 2
south, 13, 11, 254
mankind, 2, 1, 1
reforged, 1, 1, 0
swapped, 1, 1, 1
hardhome, 8, 8, 219
powerful, 1, 1, 2
scene, 20, 18, 127
reaches, 1, 1, 4
alleged, 1, 1, 3
mereen, 1, 1, 5
warcraft, 1, 1, 2
lol, 6, 6, 1230
s2e1, 1, 1, 1
owner, 1, 1, 5
reached, 4, 4, 34
kidding, 1, 1, 416
quality, 2, 2, 7
endgame, 2, 2, 23
sisters, 1, 1, 1
ancient, 3, 2, 4
sadly, 1, 1, 6
fair, 7, 7, 6
hyperbolic, 1, 1, 2
guys, 17, 15, 307
homie, 1, 1, 1
wrapper, 3, 1, 17
attack, 4, 3, 82
iirc, 1, 1, 4
ton, 2, 2, 4
wrapped, 1, 1, 1
perfectly, 2, 2, 34
final, 3, 2, 28
5to1, 1, 1, 1
beard, 2, 2, 22
bugfixes, 1, 1, 17
iimgurcomxef10wcjpg, 1, 1, 3
sealed, 1, 1, 0
prostitute, 1, 1, 5
shelf, 2, 2, 2
explanation, 2, 2, 1
exactly, 10, 9, 878
mentionned, 1, 1, 54
begginging, 1, 1, 6
depressing, 1, 1, 416
disguised, 1, 1, 2
regards, 4, 4, 20
manipulation, 2, 2, 77
diminish, 2, 2, 10
sex, 7, 5, 71
accelerates, 1, 1, 1
steel, 31, 17, 204
loved, 5, 4, 25
males, 1, 1, 47
counteract, 1, 1, 7
ironborn, 1, 1, 6
boring, 2, 2, 1
lion, 4, 3, 112
bed, 2, 2, 86
roberts, 1, 1, 99
defense, 1, 1, 7
2itkf3xyci8, 1, 1, 2
loves, 2, 1, 2
sr, 1, 1, 3
tortures, 1, 1, 3
spurt, 1, 1, 16
providing, 1, 1, 71
matrix, 1, 1, 5
bet, 3, 3, 9
descriptions, 1, 1, 3
counter, 1, 1, 1
false, 1, 1, 0
wakes, 2, 2, 9
survives, 1, 1, 2
tommen, 8, 7, 100
fail, 1, 1, 1
torment, 3, 2, 68
unlikely, 6, 3, 82
need, 77, 47, 938
turn, 2, 2, 6
apparently, 5, 5, 698
clearly, 6, 5, 80
inactions, 1, 1, 2
q, 1, 1, 10
bastard, 8, 6, 401
afraid, 1, 1, 12
able, 13, 11, 101
upsetsurprised, 1, 1, 1
bleh, 1, 1, 5
mix, 1, 1, 11
concerns, 54, 54, 40
jail, 1, 1, 54
beratheon, 1, 1, 3
accuracy, 1, 1, 2
unless, 2, 2, 6
combat, 1, 1, 5
annoucing, 1, 1, 2
belwas, 3, 2, 2
rsker, 1, 1, 7
skirmish, 1, 1, 3
connected, 2, 2, 34
demise, 1, 1, 1
edric, 3, 3, 43
prisoner, 3, 2, 39
spirits, 1, 1, 10
reanimation, 3, 2, 129
ruins, 1, 1, 1
deny, 1, 1, 10
toned, 1, 1, 16
placement, 2, 2, 55
consequences, 2, 2, 103
hk, 1, 1, 1
eachother, 1, 1, 5
bred, 1, 1, 59
stronger, 3, 3, 5
face, 29, 24, 4906
looked, 1, 1, 35
near, 5, 5, 94
gesture, 1, 1, 2
nailed, 1, 1, 3
plague, 1, 1, 23
normally, 1, 1, 18
positivity, 1, 1, 10
fact, 15, 14, 332
impression, 2, 2, 4
tape, 1, 1, 57
answered, 1, 1, 1
chances, 1, 1, 53
caved, 1, 1, 9
agreed, 1, 1, 2
charles, 1, 1, 1
anyway, 5, 5, 44
chapters, 2, 2, 23
unbelievable, 1, 1, 6
bring, 8, 8, 46
planning, 1, 1, 18
bedroom, 1, 1, 16
argues, 1, 1, 23
soldiers, 1, 1, 10
fear, 3, 3, 15
longer, 2, 2, 0
danys, 1, 1, 1
debate, 2, 2, 64
baratheonlannister, 1, 1, 55
stamped, 1, 1, 2
longsword, 1, 1, 1
uprising, 1, 1, 4
untimely, 1, 1, 1
based, 7, 7, 119
knowledge, 7, 6, 26
continent, 2, 2, 9
winner, 3, 3, 6
jar, 1, 1, 37
surroundings, 1, 1, 1
tullys, 1, 1, 23
candidates, 1, 1, 0
indeed, 5, 5, 81
tune, 1, 1, 14
daenerys, 14, 11, 134
halfwit, 1, 1, 29
handsome, 1, 1, 85
thousands, 4, 2, 4
hope, 17, 17, 196
horns, 1, 1, 27
meant, 7, 7, 66
loss, 2, 2, 59
handle, 1, 1, 3
watching, 9, 9, 210
beat, 2, 2, 62
mainly, 2, 2, 8
quantified, 1, 1, 17
bear, 5, 5, 19
tbh, 2, 2, 33
awww, 1, 1, 15
ones, 15, 13, 120
legitimate, 1, 1, 5
words, 4, 2, 3
catgt, 1, 1, 2
wise, 1, 1, 1
entity, 2, 1, 4
allong, 1, 1, 54
gray, 1, 1, 2
sowing, 1, 1, 2
invaded, 1, 1, 2
brain, 1, 1, 37
meereenese, 2, 1, 1
conditions, 1, 1, 2
married, 8, 6, 135
fixes, 1, 1, 17
beric, 1, 1, 3
summon, 1, 1, 4
jaime, 19, 11, 2779
edd, 2, 2, 4
sparrows, 1, 1, 1
marries, 1, 1, 16
qo, 1, 1, 10
view, 4, 4, 72
spotted, 1, 1, 25
guessing, 4, 4, 4
btw, 2, 2, 19
j, 4, 4, 56
exists, 1, 1, 13
burying, 1, 1, 78
acquired, 1, 1, 2
jaquen, 1, 1, 1
lifeblood, 1, 1, 28
humans, 4, 3, 5
module, 1, 1, 2
breathe, 1, 1, 7
legacy, 1, 1, 10
introduced, 2, 2, 3
changes, 1, 1, 7
joffery, 4, 2, 940
officialy, 1, 1, 54
linedup, 1, 1, 55
closer, 1, 1, 2
dungeon, 2, 2, 35
computer, 1, 1, 2
iimgurcomrusr6n2jpg, 1, 1, 13
placed, 1, 1, 679
understandable, 1, 1, 2
pattern, 1, 1, 55
tyrions, 1, 1, 834
commented, 1, 1, 4
cruel, 2, 1, 27
tend, 3, 2, 4
favor, 1, 1, 12
state, 6, 1, 55
identification, 1, 1, 18
viper, 2, 2, 13
correctly, 3, 3, 24
horrible, 1, 1, 1
cersai, 1, 1, 6
neither, 1, 1, 60
email, 1, 1, 17
calvin, 1, 1, 1
tent, 1, 1, 1
adwd, 1, 1, 2
perfect, 1, 1, 1
ends, 1, 1, 5
sole, 1, 1, 11
faceless, 15, 12, 987
ability, 2, 2, 123
opening, 1, 1, 1
importance, 1, 1, 3
gifted, 1, 1, 3
sorrow, 1, 1, 14
facepalm, 1, 1, 401
s01e01, 1, 1, 2
ignorance, 1, 1, 128
efficiency, 1, 1, 4
job, 7, 7, 32
key, 4, 4, 58
sitting, 2, 2, 12
janei, 1, 1, 3
approval, 2, 1, 99
bendable, 1, 1, 2
jon, 143, 79, 2639
hits, 1, 1, 4
weeks, 1, 1, 29
instant, 1, 1, 1
curly, 1, 1, 23
money, 2, 2, 25
asshai, 2, 2, 35
taking, 8, 8, 187
acknowledge, 1, 1, 3
responsed, 1, 1, 1
minds, 1, 1, 6
pulp, 1, 1, 32
darryl, 1, 1, 2
etc, 7, 7, 111
diehard, 1, 1, 4
saddest, 1, 1, 27
puff, 1, 1, 1
heart, 6, 4, 493
otherwise, 4, 4, 197
comment, 55, 55, 44
20150427005416, 1, 1, 0
iimgurcomaueh6ucpng, 1, 1, 1
relevant, 1, 1, 2
co, 3, 2, 66
unfold, 1, 1, 48
wall, 35, 33, 310
cb, 2, 1, 0
ca, 31, 29, 1464
mhysa, 1, 1, 3
walk, 15, 12, 150
incest, 10, 7, 120
onlysuggestion, 1, 1, 1
rpg, 1, 1, 1
news, 2, 2, 12
respect, 4, 3, 65
greenseers, 1, 1, 3
nen, 1, 1, 2
neat, 1, 1, 6
seige, 1, 1, 5
adjective, 2, 2, 3
0k725l92mk4, 1, 1, 1
addition, 2, 2, 14
decent, 1, 1, 2
tyrells, 3, 1, 3
starklannisterbolton, 2, 1, 55
literal, 2, 2, 2
preoccupied, 1, 1, 5
costumers, 1, 1, 5
baratheon, 20, 13, 1980
waste, 2, 2, 5
recurring, 1, 1, 99
citadel, 3, 3, 7
wtf, 1, 1, 1
suggested, 1, 1, 16
mike, 1, 1, 2
describe, 2, 2, 18
general, 4, 4, 31
stationed, 1, 1, 2
league, 4, 4, 43
painted, 1, 1, 2
moved, 2, 2, 24
wilding, 1, 1, 7
protect, 1, 1, 0
meus, 1, 1, 20
finished, 3, 3, 15
legends, 1, 1, 3
angles, 1, 1, 5
present, 9, 6, 41
omg, 4, 4, 86
abandoned, 1, 1, 1
marches, 1, 1, 13
plain, 2, 2, 10
appearance, 3, 3, 8
inn, 1, 1, 3
choices, 1, 1, 2
owns, 2, 1, -1
instantly, 3, 2, 3
carved, 1, 1, 1
bowmen, 1, 1, 3
baelish, 2, 2, 6
almost, 6, 5, 4
thus, 4, 3, 6
site, 1, 1, 3
helped, 2, 2, 40
vs, 5, 4, 31
optimistic, 1, 1, 2
adultery, 4, 4, 23
politics, 2, 1, 75
sits, 1, 1, 1
wreck, 1, 1, 1
imgurcompyycrxp, 1, 1, 20
portray, 1, 1, 75
capture, 2, 2, 51
moves, 2, 2, 10
insight, 1, 1, 2
perhaps, 4, 3, 58
identities, 2, 1, 3
began, 1, 1, 2
cross, 2, 2, 4
unite, 2, 2, 24
highlighted, 1, 1, 3
rodrik, 3, 2, 7
hoods, 1, 1, 18
merciful, 1, 1, 138
largest, 2, 2, 10
party, 1, 1, 12
socialist, 1, 1, 23
gets, 8, 8, 147
onehanded, 1, 1, 54
difficult, 2, 2, 13
injured, 1, 1, 32
material, 2, 2, 23
http, 46, 31, 1805
slightly, 1, 1, 59
absorb, 1, 1, 2
gorgeous, 2, 2, 108
retarded, 1, 1, 54
upon, 2, 1, 16
holdfasts, 1, 1, 5
harrenhall, 1, 1, 2
colouring, 1, 1, 2
prophesied, 2, 2, 8
fucked, 9, 5, 82
frequently, 1, 1, 17
strategic, 1, 1, 0
noncanon, 2, 2, 18
destruction, 1, 1, 75
connington, 3, 3, 15
center, 1, 1, -2
tranalated, 1, 1, 7
warranted, 1, 1, 18
westeros, 24, 19, 260
colour, 1, 1, 0
incredible, 2, 2, 4
well, 46, 38, 546
fighting, 8, 8, 75
asked, 3, 2, 1
thought, 26, 24, 264
govern, 1, 1, -1
dragonfire, 2, 2, 9
firstly, 1, 1, 27
position, 4, 4, 59
breaker, 1, 1, 1
latest, 1, 1, 55
reside, 1, 1, 55
flesh, 3, 2, 33
moments, 2, 2, 33
necromancer, 1, 1, 4
executive, 1, 1, 679
cakes, 1, 1, 71
mistaken, 6, 4, 25
chord, 1, 1, 1
recap, 2, 2, 45
manifestation, 1, 1, 16
mistakes, 2, 2, 5
barmaid, 2, 1, 23
protecting, 1, 1, 9
skill, 2, 2, 12
dais, 1, 1, 12
spells, 1, 1, 32
listen, 1, 1, 1
field, 2, 2, 6
drunk, 1, 1, 2
wash, 1, 1, 29
knew, 9, 8, 318
hall, 4, 4, 110
reasons, 7, 6, 263
add, 10, 8, 17
book, 66, 58, 542
adoption, 1, 1, 1
adn, 1, 1, -3
rmhbradndhc, 1, 1, 1
hurry, 1, 1, 7
villagers, 1, 1, 1
smart, 2, 2, 13
raven, 2, 2, 19
identical, 1, 1, 7
wont, 2, 2, 4
fate, 5, 5, 64
government, 1, 1, 3
lanisters, 1, 1, 5
admit, 1, 1, 5
fyi, 1, 1, 3
stooped, 1, 1, 27
whispers, 1, 1, 1
five, 4, 4, 14
know, 73, 62, 4355
facial, 1, 1, 9
desk, 1, 1, 2
press, 1, 1, 679
immediately, 4, 3, 684
rofl, 1, 1, 5
nedgt, 1, 1, 1
insert, 2, 2, 9
pure, 1, 1, 15
like, 102, 87, 2294
lost, 10, 9, 154
safest, 2, 2, 8
alternatively, 1, 1, 2
tons, 2, 1, 4
sized, 1, 1, 834
clip, 1, 1, 2
lose, 6, 6, 101
iimgurcom60u5nrkjpg, 1, 1, 942
works, 8, 7, 212
soft, 1, 1, 18
page, 3, 2, 20
likes, 3, 2, 36
gaining, 2, 2, 4
protagonists, 1, 1, 4
belonged, 1, 1, 679
village, 1, 1, 3
thief, 1, 1, 5
alive, 33, 22, 251
immortal, 1, 1, 1
hair, 7, 5, 100
growth, 1, 1, 16
poole, 1, 1, 16
choosing, 1, 1, 2
springs, 2, 2, 44
proper, 2, 2, 56
home, 3, 3, 8
hissing, 1, 1, 18
peter, 1, 1, 4
warging, 1, 1, 4
comon, 1, 1, 2
happens, 10, 10, 261
ilan, 1, 1, 3
lead, 2, 2, 18
realistic, 1, 1, 1
broad, 8, 2, 26
corpse, 1, 1, 3
reproducing, 2, 1, 1
leap, 1, 1, 10
assuming, 2, 2, 11
screwed, 1, 1, 34
freys, 5, 4, 75
leader, 1, 1, 4
bromance, 1, 1, 2
cunnilingus, 1, 1, 16
medieval, 1, 1, 1
location, 3, 1, 5
skinchange, 2, 1, 4
quaithe, 1, 1, 1
faiththe, 1, 1, 0
overall, 2, 1, 8
murdered, 2, 2, 2
although, 9, 8, 49
hostage, 3, 2, 83
r, 1, 1, 28
grrm, 16, 9, 68
barely, 1, 1, 2
loras, 3, 2, 71
hiding, 1, 1, 1
throne, 18, 15, 261
actual, 4, 4, 11
asks, 3, 3, 949
getting, 9, 9, 86
westoros, 1, 1, 2
universe, 4, 3, 37
sinister, 1, 1, 6
chance, 6, 5, 61
recognized, 2, 2, 16
important, 16, 11, 166
places, 1, 1, 1
cleganebowl, 2, 2, 62
glasses, 1, 1, 1
damp, 5, 5, 27
software, 1, 1, 5
harder, 1, 1, 7
depart, 1, 1, 5
previously, 3, 3, 1202
tight, 2, 2, 38
saul, 1, 1, 1
deadnot, 1, 1, 0
brands, 1, 1, 18
guard, 1, 1, 1
doesnt, 2, 2, 2
promise, 1, 1, 3
refer, 1, 1, 12
female, 1, 1, 35
likeliness, 1, 1, 7
legitimized, 1, 1, 4
littlefinger, 9, 9, 171
forget, 3, 3, 104
badass, 4, 4, 24
parentage, 6, 4, 958
quotes_by_patchface, 1, 1, 3
egalitarian, 1, 1, 23
epilogue, 2, 2, 11
support, 6, 5, 17
spots, 1, 1, 2
noticed, 15, 14, 326
intention, 2, 2, 4
pouts, 1, 1, 10
biggest, 2, 1, 55
ramsay, 23, 9, 119
firebased, 1, 1, 2
naturally, 2, 2, 56
function, 1, 1, 32
ghost, 5, 5, 47
joffreys, 1, 1, 6
prophetic, 1, 1, 3
north, 20, 16, 164
mutiny, 1, 1, 1
bookshow, 1, 1, 4
prophecies, 2, 1, 6
reminds, 2, 2, 3
wight, 5, 4, 148
valerian, 8, 5, 132
gain, 1, 1, -3
courts, 1, 1, 1
highest, 1, 1, 12
eat, 4, 4, 1838
count, 1, 1, 6
davos, 2, 2, 3
made, 25, 21, 1810
tactics, 1, 1, 55
glory, 1, 1, 8
whether, 12, 10, 124
cells, 1, 1, -1
official, 6, 6, 66
targaryon, 1, 1, 2
flip, 1, 1, 1
signed, 1, 1, 78
record, 4, 4, 9
convince, 4, 3, 847
stories, 2, 2, 50
woke, 1, 1, 27
hand, 10, 8, 77
fetch, 1, 1, 3
cake, 1, 1, 3
problem, 3, 3, 4
piece, 2, 2, 7
smallfolk, 1, 1, 5
irish, 1, 1, 7
deaths, 4, 3, 23
miiiight, 1, 1, 1
whisper, 1, 1, 27
contribute, 3, 1, 17
pie, 1, 1, 2
combine, 1, 1, 17
twist, 2, 2, 22
seduces, 1, 1, 4
replica, 2, 2, 28
guy, 8, 8, 77
povs, 2, 1, 3
mya, 1, 1, 34
chub, 1, 1, 5
shooting, 2, 2, 7
danydrogo, 1, 1, 16
80, 3, 3, 86
retrospect, 1, 1, 2
formidentity, 1, 1, 3
mutual, 2, 2, 76
rumors, 5, 4, 53
gay, 1, 1, -8
48, 1, 1, 11
contest, 1, 1, 3
46, 1, 1, 11
dressed, 1, 1, 836
42, 2, 2, 18
detail, 3, 3, 68
promote, 1, 1, 2
lately, 1, 1, 54
guarantee, 1, 1, 1
details, 2, 2, 4
sick, 2, 2, 25
obsessed, 1, 1, 23
mass, 1, 1, 0
headgear, 1, 1, 18
incredibly, 3, 3, 7
illusion, 1, 1, 4
reckless, 1, 1, 0
conclusion, 3, 3, 56
junk, 1, 1, 57
repeat, 1, 1, 13
talisa, 1, 1, 54
class, 2, 2, 2
arianne, 4, 3, 27
ultimately, 3, 2, 11
stay, 2, 2, 71
stag, 2, 2, 28
foil, 1, 1, 6
storylines, 3, 1, 7
kinda, 8, 7, 446
ixi8apisq8i, 1, 1, 0
friends, 3, 3, 4
oberyn, 3, 3, 35
kingsroad, 1, 1, 1
cliff, 1, 1, 128
shamedo, 1, 1, 3
coupling, 1, 1, 12
using, 10, 10, 147
starting, 2, 2, 4
rcharactercrossovers, 1, 1, 2
lasted, 2, 1, 3
rule, 7, 6, 93
assassin, 2, 2, 100
narrative, 1, 1, 1
compete, 1, 1, 5
situations, 1, 1, 18
volumes, 1, 1, 22
lives, 5, 4, 87
foreshadowing, 12, 11, 274
boltonsfreys, 1, 1, 54
