Word, Frequency, Comment Frequency, Net Score
limited, 3, 3, 34
todays, 1, 1, -10
raining, 1, 1, 1369
prerendered, 1, 1, 1
saves, 1, 1, 1
yellow, 3, 3, 64
needlessly, 1, 1, 17
four, 1, 1, 15
mmofps, 1, 1, 16
woods, 2, 1, 2
sleep, 2, 2, 6
799, 1, 1, 153
consists, 1, 1, 6
cycle, 1, 1, 1
fuckups, 1, 1, 0
captain, 1, 1, 1
hate, 17, 16, 267
pack, 4, 4, 13
consider, 1, 1, 4
g502, 1, 1, 16
increase, 4, 4, 160
swag, 1, 1, -7
aud, 4, 1, 153
megaman, 1, 1, 1
immeasurable, 1, 1, 6
cynacle, 1, 1, 3
spec, 3, 3, 4
explorable, 1, 1, 1
bike, 1, 1, 6
certain, 3, 3, 103
voted, 1, 1, 29
3999, 1, 1, 153
recycle, 1, 1, 1
teaching, 1, 1, 3
sorry, 12, 11, 250
pride, 1, 1, 1
worth, 12, 12, 66
counterspells, 1, 1, 3
updated, 2, 2, 3
asteroids, 1, 1, 6
autoshot, 1, 1, 30
ninkasi, 9, 6, 40
void, 2, 1, 3
rise, 1, 1, 36
grenadiers, 1, 1, 145
relatively, 2, 2, 2
flashpoint, 2, 1, 2
helmet, 3, 3, 5
lololol, 1, 1, 2
linkin, 1, 1, 33
every, 53, 50, 3417
boot, 1, 1, 2
stabbed, 1, 1, 3
humblebrag, 1, 1, 1
fisto, 1, 1, 7
murdertough, 1, 1, 612
vast, 2, 2, 6
darksouls, 1, 1, 0
mw2, 4, 3, 271
school, 6, 5, 119
slowed, 1, 1, 17
skills, 2, 2, 5
ref, 1, 1, 2
companies, 1, 1, 1
ilean, 1, 1, 1
dw, 1, 1, 4
reg, 1, 1, 1
english, 2, 2, 4
samurai, 1, 1, 1
convenience, 1, 1, 1
unrelated, 1, 1, 12
math, 2, 2, 2
seige, 1, 1, 3
nondescript, 1, 1, 4
artist, 2, 2, 4
heading, 1, 1, 3
facethose, 1, 1, 5
clothes, 1, 1, 1
enjoy, 15, 14, 131
d100, 1, 1, 25
bill, 1, 1, 4
bicycle, 1, 1, 211
imgurcombnson3x, 1, 1, 4
weddings, 1, 1, -10
scraper, 1, 1, 1
frosted, 1, 1, 2
horn, 2, 2, 38
nail, 1, 1, 1
mansion, 2, 2, 1774
second, 16, 16, 141
street, 6, 5, 40
me3, 1, 1, 1
iimgurcomfhjc4apgif, 1, 1, 26
kidnap, 1, 1, 4
quite, 9, 8, 68
bolts, 3, 3, 391
even, 66, 57, 1848
hide, 1, 1, 2
christ, 2, 2, 175
anddd, 1, 1, 4
wreck, 1, 1, 1
saved, 6, 5, 119
selected, 1, 1, 24
orchestra, 1, 1, 1
revolver, 2, 2, 5
launch, 2, 2, 2
scrolling, 1, 1, 1
lights, 1, 1, 111
miltank, 1, 1, 46
new, 38, 33, 493
woundering, 1, 1, 2
undetailed, 1, 1, 3
ever, 29, 26, 273
romani, 2, 2, 2
disney, 1, 1, 5
told, 5, 5, 660
textures, 2, 2, 12
crunch, 1, 1, 4
misjudged, 1, 1, 3
hero, 4, 4, 7
screams, 1, 1, 2
r_fqu4kzn7a, 1, 1, 18
bunkers, 1, 1, 1
never, 66, 64, 786
titanfall, 1, 1, 1
meh, 4, 4, 28
hundreds, 6, 5, 182
conglomerate, 3, 1, 16
met, 5, 5, 203
mew, 1, 1, 14
blindly, 1, 1, 4
wallhacks, 1, 1, 1
pursuit, 1, 1, 2
represented, 1, 1, 27
path, 3, 3, 16
100, 16, 15, 1737
iimgurcomuwp4zytpng, 1, 1, 164
ballballs, 1, 1, 5
20111119212659, 1, 1, 2
darkness, 2, 2, 2
kids, 15, 14, 246
daughter, 1, 1, 7
tx, 1, 1, 1
items, 9, 6, 7
leaves, 1, 1, 12
changed, 6, 6, 6
graze, 2, 2, 17
ignoring, 4, 2, 6
v9shqbbxd4a, 1, 1, 1
goty, 1, 1, 8
goddamnit, 1, 1, 653
cages, 1, 1, 153
allready, 1, 1, -13
chemistry, 1, 1, 1
platforms, 1, 1, 1
military, 2, 2, 16
aikido, 1, 1, 5
changes, 1, 1, 153
punishment, 1, 1, 3
pit, 2, 2, 199
criticism, 1, 1, 3
golden, 2, 2, 2
fantastic, 3, 3, 224
mechs, 1, 1, 22
respawning, 2, 2, 6
campaign, 6, 5, 104
russia, 1, 1, 5
safehouse, 2, 2, 49
sper, 1, 1, 2
charisma, 2, 2, 3
exclaiming, 1, 1, 2
replace, 3, 3, 126
bro, 3, 3, 118
patience, 2, 2, 5
cheats, 1, 1, 30
drowned, 2, 2, 0
055, 1, 1, 1
counts, 1, 1, 19
total, 3, 3, 30
ffxiv, 1, 1, 1
unit, 2, 2, 0
cutscene, 1, 1, 1
dnd, 3, 3, 6
cheating, 1, 1, 1
would, 110, 97, 3455
army, 3, 3, 0
mortality, 1, 1, 3
arms, 2, 2, 121
407571, 1, 1, 11
bleed, 1, 1, 89
backing, 1, 1, 0
call, 21, 21, 225
therefore, 1, 1, 1
spike, 1, 1, 54
strike, 2, 2, 2
survive, 1, 1, 21
turnand, 1, 1, 30
type, 4, 4, 102
arma, 7, 7, 53
abusing, 1, 1, 96
paperwork, 1, 1, 2
posting, 5, 5, 346
holy, 11, 11, 308
wwwmakewarnotlovecom, 1, 1, 23
successful, 1, 1, 1
brings, 1, 1, 1
haha, 2, 2, 46
wars, 1, 1, 2
award, 1, 1, 1
hurt, 3, 2, 90
99, 4, 3, 56
98, 6, 6, 1451
hover, 1, 1, 6
loran, 2, 1, 3
rip, 2, 2, 4
excellent, 3, 3, 53
90, 5, 5, 1393
hole, 1, 1, 56
hold, 15, 15, 25
95, 6, 5, 207
3995, 1, 1, 153
97, 1, 1, 2
must, 9, 7, 135
shoot, 23, 18, 350
ii, 3, 3, 3
join, 5, 3, 17
1994, 1, 1, 30
err, 1, 1, 3
player, 23, 20, 730
1999, 1, 1, 153
1998, 1, 1, 1
setup, 1, 1, 1
work, 23, 20, 315
dodo, 2, 1, 1
regrets, 3, 3, 84
movies, 1, 1, 3
battlefront, 1, 1, 4
install, 6, 5, 49
mr, 1, 1, 3
endor, 1, 1, 4
example, 4, 4, 52
headphones, 1, 1, 1
give, 26, 24, 3091
horns, 1, 1, 2
floor, 2, 2, 2
sega, 2, 2, 3
dragons, 1, 1, 25
currency, 1, 1, 2
esther, 1, 1, 1
iimgurcom2sz3khnjpg, 1, 1, 1
want, 41, 40, 1475
story, 29, 23, 404
attract, 1, 1, -2
oohhhhhhhhhhhhhhh, 1, 1, 1
risk, 2, 2, 31
41qfl4qb3ne, 1, 1, 2
aging, 1, 1, 13
enb, 1, 1, 1
end, 26, 26, 310
thing, 46, 43, 739
provide, 1, 1, 3
multiverseid, 2, 2, 20
travel, 2, 2, 154
song, 2, 2, 3
nuts, 2, 2, 11
damage, 9, 7, 171
machine, 1, 1, -1
hot, 3, 3, 13
hitman, 1, 1, 6
opposite, 1, 1, 1
housemates, 1, 1, 3
yum, 1, 1, 1
dq5pemjdnr4, 1, 1, 1
beach, 1, 1, 1
charging, 1, 1, 2
bebop, 1, 1, 15
gaming, 13, 12, 295
amen, 1, 1, 1
beauty, 1, 1, 1
less, 1, 1, 1
warm, 1, 1, 1
hosing, 1, 1, 145
damaged, 1, 1, 1
misunderstanding, 1, 1, -10
whittle, 1, 1, 3
blanka, 1, 1, 8
wrong, 13, 12, 307
lot, 25, 24, 222
features, 2, 2, 159
retain, 1, 1, 1
misfit, 1, 1, 111
combined, 1, 1, 3
lap, 5, 5, 13
types, 1, 1, 1
imgurcomiicudz3, 1, 1, 1
simpsons, 2, 2, 19
chilled, 1, 1, 55
armed, 1, 1, 1
attempt, 1, 1, 0
anymore, 3, 3, 4
third, 4, 4, 318
aimbot, 1, 1, 2
shitload, 1, 1, 1
appreciate, 2, 2, 5
mp5, 1, 1, 1
fungi, 1, 1, 187
childhood, 3, 3, 4
complaining, 1, 1, 0
complexity, 1, 1, 30
18th, 1, 1, 1
green, 4, 4, 780
anita, 1, 1, -6
ambulance, 2, 2, 5
fan, 3, 3, 3
1000, 1, 1, 13
order, 3, 3, 4
wind, 2, 2, 2
wine, 5, 5, 5
operations, 1, 1, 1
asswagon, 1, 1, 2
executed, 1, 1, 3
infested, 1, 1, 12
revamped, 1, 1, 1
office, 1, 1, 111
deck, 1, 1, 0
defenders, 1, 1, 1
fall, 1, 1, 2
tricked, 1, 1, 4
jpeg, 1, 1, 1
proportionate, 1, 1, -1
teen, 1, 1, 3
medli, 2, 2, 12
620, 1, 1, 1
nsfw, 1, 1, 27
thesis, 1, 1, 1
fable, 3, 2, 7
sludge, 1, 1, 1
brutal, 1, 1, 6
animated, 1, 1, 5
hook, 2, 2, 3
durdle, 1, 1, 1
lovingly, 1, 1, 1
fit, 3, 3, 18
somewhere, 2, 2, 17
screaming, 2, 2, 164
fix, 2, 2, 3
blown, 1, 1, 1
writing, 3, 3, 4
survivors, 4, 4, 63
compelling, 2, 2, 27
encounter, 1, 1, 18
glanced, 1, 1, 1
hidden, 7, 7, 78
bunker, 1, 1, 1
easier, 1, 1, -1
shear, 1, 1, 37
eugene, 2, 2, 2
versus, 1, 1, 1
babies, 2, 2, 14
khajiit, 1, 1, 1
downs, 1, 1, 3
safe, 6, 6, 218
touring, 1, 1, 4
break, 11, 10, 83
80s, 1, 1, 3
bang, 9, 1, 3
effects, 1, 1, 2
carnival, 1, 1, 1
imgurcomnnddm5d, 1, 1, 1
fear, 1, 1, 5
one, 184, 150, 1556
ther, 1, 1, 2
bank, 1, 1, 1
sans, 2, 2, -8
shadows, 1, 1, 16
electro, 1, 1, 1
alex, 1, 1, 3
meat, 1, 1, 1
pontar, 1, 1, 2
regularly, 1, 1, 0
bf42, 1, 1, 26
backgrounds, 1, 1, -2
chuck, 3, 3, 5
bunny, 2, 2, 2
instant, 1, 1, 2
mob, 1, 1, 1
victory, 1, 1, 1
arrow, 1, 1, 4
vodello, 1, 1, 2
went, 14, 13, 2776
murdering, 1, 1, 2
side, 14, 14, 45
hideo, 1, 1, 3
luck, 5, 5, 386
perimeter, 1, 1, 1
schemes, 1, 1, 153
financial, 1, 1, -10
nuked, 1, 1, 2
series, 8, 8, 218
train, 3, 3, 215
dot, 1, 1, 2
spider, 1, 1, 1
dedicated, 1, 1, -1
skins, 1, 1, 1
carry, 1, 1, 19
taught, 1, 1, 1369
forgot, 6, 6, 1
aids, 2, 1, 0
399, 1, 1, 153
lupe, 5, 4, 18
message, 2, 2, 9
fuss, 1, 1, 2
reminding, 1, 1, 0
goo, 1, 1, 9
gon, 13, 12, 841
driving, 2, 2, 4
display, 1, 1, 111
smw, 1, 1, 52
pokemon, 5, 4, 2446
psychic, 1, 1, 2
washed, 1, 1, 3
monitor, 1, 1, 1
content, 14, 9, 1004
laid, 2, 2, 41
safety, 1, 1, 1
tired, 1, 1, 2
ra, 1, 1, 8
rc, 2, 2, 42
surprise, 2, 2, 65
opportune, 1, 1, 1
pv0isvuq8pi, 3, 3, 46
log, 2, 2, 3
cards, 1, 1, 3
perception, 1, 1, 55
rehearsed, 1, 1, 28
linear, 1, 1, 20
barrier, 1, 1, 0
written, 2, 2, 14
eternal, 1, 1, 1
given, 4, 4, 166
free, 17, 14, 191
attitude, 1, 1, 16
rgaming, 2, 2, 719
hoodie, 1, 1, 3
estimate, 1, 1, 0
wanted, 10, 10, 41
gameplay, 3, 3, 35
spread, 1, 1, 2
coldhunger, 1, 1, 23
1455687517amp, 1, 1, 1
logging, 1, 1, 1
created, 3, 2, 154
installs, 1, 1, 1
starts, 2, 2, 5
days, 17, 17, 255
commented, 1, 1, 1
shelved, 1, 1, 1
ish, 2, 1, 12
iceman, 1, 1, 1
tempting, 1, 1, 3
bitf, 1, 1, 2
baten, 1, 1, 1
potions, 9, 7, 54
onto, 4, 4, 5
facepalmed, 1, 1, 5
fuckin, 4, 4, 9
competition, 1, 1, 4
200, 1, 1, 1
already, 17, 15, 185
nigel, 1, 1, 2
sjk4ezgkmd4, 1, 1, 4
render, 1, 1, 1
veritable, 1, 1, 30
grade, 3, 3, 113
wasp, 1, 1, 3
meet, 1, 1, 1
goggle, 1, 1, 1
coding, 1, 1, 3
primary, 1, 1, 6
accidentally, 1, 1, 4
channels, 1, 1, 18
fantasy, 2, 2, 1
floors, 1, 1, 2
disappearing, 1, 1, 1
another, 21, 21, 567
force, 6, 6, 364
comic, 2, 2, 28
plastic, 1, 1, 3
instagram, 4, 4, 112
sarkeesian, 1, 1, -6
goblins, 1, 1, 1
service, 1, 1, 4
kerbal, 1, 1, 5
meenjoy, 1, 1, 132
sarcasm, 1, 1, 6
top, 12, 12, 356
seduction, 1, 1, 10
girls, 9, 9, 319
twisted, 3, 3, 2
approximately, 1, 1, 37
fiction, 1, 1, 24
futurama, 1, 1, 1
needed, 6, 6, 391
master, 2, 2, 9
percentage, 4, 3, 51
legs, 4, 4, 5
assaultron, 1, 1, 15
listen, 1, 1, 101
mentioning, 1, 1, 7
luden, 1, 1, 1
asset, 1, 1, 109
radars, 1, 1, 2
tool, 7, 7, 92
addition, 1, 1, 2
serve, 1, 1, 1
took, 18, 18, 294
iimgurcomcr63cgif, 1, 1, 3
wisdom, 1, 1, 6
nirvana, 5, 5, 43
mindjacks, 1, 1, 1
tugs, 1, 1, 13
debuffed, 1, 1, -1
luckskill, 1, 1, 1
wasted, 2, 2, 14
practiced, 1, 1, 4
fangames, 1, 1, 3
stolen, 1, 1, 2
distance, 3, 3, 220
trek, 2, 2, 4
proteus, 1, 1, 16
target, 6, 3, 132
rampage, 2, 2, 35
elegant, 1, 1, 3
droning, 1, 1, 1
tree, 2, 1, 2
zero, 3, 3, 3
aztec, 1, 1, 4
celadon, 1, 1, 89
project, 3, 3, 4
matter, 11, 9, 221
idle, 1, 1, 1
silly, 1, 1, 18
spoiled, 1, 1, 2
hacking, 3, 3, 3
feeling, 10, 9, 141
powers, 1, 1, 0
minus, 1, 1, 2
desperate, 1, 1, 1
commentary, 2, 2, 0
shoppingand, 1, 1, 1
bridge, 1, 1, 219
lbs, 2, 2, 41
humble, 1, 1, 1
sees, 2, 2, 2
roadtrip, 1, 1, -10
funnyrussian, 1, 1, 8
ran, 8, 8, 2143
boston, 2, 1, 3
pretend, 2, 2, 96
ram, 1, 1, 211
mind, 11, 11, 128
mine, 5, 5, 317
glass, 9, 9, 25
spent, 4, 4, 26
talking, 7, 7, 371
adhd, 1, 1, 1
iii, 2, 2, 3
seen, 10, 10, 164
seem, 11, 11, 224
obviously, 2, 2, 24
tale, 1, 1, 2
tells, 5, 5, 68
craziest, 1, 1, 7
gorky, 1, 1, 18
strength, 1, 1, 2
clickers, 1, 1, 12
redbull, 1, 1, 1
responsible, 1, 1, 1
chest, 4, 3, 8
succumbs, 1, 1, 1
doors, 1, 1, 1
hum, 1, 1, 1
matchstick, 2, 1, 5
unfair, 2, 2, 2
explanation, 1, 1, 14
orphaned, 1, 1, 5
blue, 18, 18, 601
nobody, 3, 3, 22
nambypamby, 1, 1, 2
maiden, 1, 1, 12
though, 28, 27, 318
disrespect, 1, 1, 1
russel, 1, 1, -20
object, 1, 1, -10
haul, 1, 1, 1
mario, 49, 40, 3246
regular, 4, 4, -5
mouth, 1, 1, 1
lists, 1, 1, 5
plenty, 2, 2, 34
reichstag, 1, 1, 24
disarmed, 2, 1, 358
es, 1, 1, 2
animators, 1, 1, 1
bradford, 1, 1, 4
sullied, 1, 1, 1
stupid, 3, 3, 21
consolers, 1, 1, 1
special, 3, 3, 4
released, 4, 4, -4
doc, 2, 2, 57
calculated, 1, 1, 252
spawnpoint, 1, 1, 16
swamp, 1, 1, 5
points, 7, 7, 48
keywords, 2, 1, 1
thunder, 2, 1, 1369
rupees, 1, 1, 1
questline, 1, 1, 5
81amp, 1, 1, 1
scream, 2, 2, 177
came, 12, 12, 164
yank, 1, 1, 1
ludicrous, 1, 1, 307
saying, 8, 8, 13
unchangeable, 1, 1, 1
sanctuary, 3, 2, 3
bomb, 2, 2, 39
saga, 1, 1, 1
random, 12, 12, 1107
sexist, 1, 1, 1
subreddit, 5, 2, 18
attempts, 3, 3, 10
fo4, 2, 2, 6
radio, 7, 7, 21
500, 2, 2, 4
nintendon, 1, 1, 1
lethal, 1, 1, 153
earth, 1, 1, 1
bail, 1, 1, 37
enjoyed, 8, 8, 24
legendaries, 1, 1, 75
ayyys, 1, 1, 1
flowers, 3, 2, 7
layout, 1, 1, 28
painfully, 1, 1, -10
dawn, 1, 1, 1
iimgurcomqd7mcczjpg, 1, 1, 1
situations, 2, 2, 0
explain, 1, 1, 1
cpu, 3, 3, 24
bust, 1, 1, 6
pripyat, 1, 1, 2
touched, 2, 2, 26
rich, 2, 2, 219
pursuing, 1, 1, 7
announce, 1, 1, 83
arakh, 1, 1, 78
rice, 1, 1, 1
wearing, 3, 3, 56
dm, 3, 3, 7
sunglasses, 1, 1, 3
colorful, 1, 1, 69
designing, 1, 1, 2
stop, 12, 11, 67
whatmy, 1, 1, 79
preferred, 1, 1, 1
coast, 1, 1, 153
pocket, 1, 1, 2
h, 2, 1, 1
haunted, 1, 1, 12
spirit, 1, 1, 0
wedding, 5, 5, 34
report, 1, 1, 2
knocks, 1, 1, 3
nasty, 2, 2, 5
dr, 2, 2, 158
ds, 1, 1, 3
earl, 1, 1, 1
delete, 1, 1, 1
runs, 1, 1, 15
microchip, 1, 1, 1
bar, 2, 2, 76
covering, 2, 2, 4
nicely, 1, 1, 2
fields, 1, 1, 1
gfycat, 1, 1, 3
rescues, 1, 1, 12
modern, 7, 7, -10
idiotic, 1, 1, 8
patch, 2, 2, 58
wasting, 2, 2, 112
twice, 3, 3, 55
bad, 31, 29, 484
gameor, 1, 1, 1
gears, 2, 2, 8
shots, 15, 11, 74
release, 9, 7, 234
botchling, 1, 1, 2
xbox360problems, 1, 1, 1
steal, 4, 4, 3
steam, 15, 14, 20
thanks, 17, 17, 767
headed, 1, 1, 1773
takenby, 1, 1, 8
blew, 2, 2, 36
cerny, 1, 1, 1
fair, 10, 10, 613
habit, 1, 1, 3
beaten, 2, 2, 3
sensitivity, 1, 1, 16
buzzkill, 1, 1, 2
donkey, 1, 1, 2
resist, 2, 1, 2
checks, 1, 1, 2
depends, 1, 1, 16
decided, 5, 5, 32
van, 1, 1, 2
result, 2, 2, 0
playtime, 1, 1, 1
fail, 2, 2, 26
miserable, 1, 1, 1
bevmo, 1, 1, 1
iimgurcom7rzgc6njpg, 1, 1, 13
yes, 16, 13, 363
best, 31, 31, 331
zack, 1, 1, 1
00, 3, 3, 4
said, 22, 14, 236
draws, 1, 1, 4
05, 2, 2, 68
lots, 2, 2, 7
away, 23, 20, 241
iirc, 1, 1, 20
gentleman, 1, 1, 12
butt, 2, 1, 1
continually, 1, 1, 2
targets, 1, 1, 16
ailen, 1, 1, 20
unable, 1, 1, 23
irl, 1, 1, 10
finger, 1, 1, 1
pets, 1, 1, 3
props, 1, 1, 3
flip, 1, 1, 1
deputies, 1, 1, 647
sorts, 1, 1, 1
previous, 2, 2, 96
approach, 2, 2, 12
pirate, 2, 1, 3
360, 1, 1, 1
privilege, 1, 1, -6
warrior, 2, 2, 9
lazy, 3, 3, 6
peppridge, 1, 1, 3
omg, 6, 4, 41
rfirstplaceproblems, 1, 1, -2
rims, 1, 1, 2
wo, 10, 10, 1843
smelled, 1, 1, 138
however, 4, 4, 170
boss, 15, 11, 57
nightmares, 2, 1, 2
buggers, 1, 1, 2
loading, 2, 2, 5
wear, 2, 2, 3
extent, 1, 1, 1
punt, 1, 1, 2
dedication, 1, 1, 3
picking, 3, 3, 10
downgraded, 2, 2, 39
incrediblenever, 1, 1, 1
improve, 1, 1, 3
notoriously, 1, 1, 24
cop, 2, 2, 43
goddess, 1, 1, 1
accident, 1, 1, 2
triggers, 1, 1, 2
country, 1, 1, 33
adapter, 1, 1, 1
fetishism, 1, 1, 1
adventurer, 1, 1, 0
adventures, 2, 2, 3
gotten, 7, 7, 92
players, 13, 13, 36
games, 63, 53, 2526
planned, 4, 3, 5
lookin, 3, 1, 111
logic, 2, 2, 12
brah, 1, 1, 3
com, 1, 1, 1
asked, 2, 2, 1
nfiepzd3enk, 1, 1, 199
con, 1, 1, 1
peacefully, 1, 1, 2
suggest, 2, 2, 46
presumably, 1, 1, 13
bored, 4, 4, 116
tough, 2, 2, 360
betting, 1, 1, 50
himmoral, 1, 1, 2
sodid, 1, 1, 8
ffiv, 1, 1, 2
2nd, 2, 1, 4
awesomely, 1, 1, 37
novamm, 1, 1, 7
massive, 1, 1, 16
oblivious, 1, 1, 3
250, 1, 1, 1
251, 1, 1, 1043
heals, 1, 1, 5
ether, 1, 1, 1
armored, 2, 2, 6
lighthouse, 1, 1, 5
tint, 1, 1, 4
cam, 1, 1, 1
omega, 1, 1, 21
basis, 2, 2, 1
chrome, 1, 1, 2
x40, 1, 1, 1
three, 15, 12, 68
quickly, 4, 3, 2
beep, 2, 1, 4
kojipro, 1, 1, 1
beer, 5, 4, 7
much, 45, 44, 681
detrimental, 1, 1, 1
104, 1, 1, 1
interest, 1, 1, 3
miraculously, 1, 1, 56
expected, 3, 3, 74
parents, 7, 7, 131
inconspicuous, 1, 1, 2
dozens, 1, 1, 1
pro, 4, 4, 27
threw, 3, 2, 57
website, 4, 3, 159
chug, 5, 5, 6
life, 33, 28, 1677
nutshells, 1, 1, -1
mushroom, 1, 1, 1773
drugs, 1, 1, 16
fuckface, 2, 2, 1
concerning, 1, 1, 1
sunshine, 5, 5, 11
chipped, 1, 1, 3
1942, 1, 1, 9
argument, 1, 1, 1
moneys, 1, 1, 2
decrepit, 1, 1, 1
craft, 1, 1, 729
reno, 1, 1, 1
safespace, 1, 1, 3
child, 3, 3, 616
catch, 3, 3, 32
worked, 6, 6, 3
sad, 8, 7, 32
giacomo, 1, 1, 1
sniped, 1, 1, 0
exception, 1, 1, 1
intending, 1, 1, -2
ahead, 2, 2, 2
launcher, 2, 2, -19
reapers, 1, 1, 1
tastes, 1, 1, 1
air, 11, 9, 122
aim, 4, 4, 19
near, 10, 10, 58
suppose, 1, 1, 1
surprised, 5, 5, 102
7995, 1, 1, 153
stopping, 1, 1, 6
normtheme, 1, 1, 4
voice, 2, 2, 51
82amp, 1, 1, 1
launched, 1, 1, 4
mistake, 2, 1, 1
spawn, 1, 1, 16
upgrade, 1, 1, 10
cons, 1, 1, 4
existence, 1, 1, 2
iimgurcomyjcna26jpg, 1, 1, -4
played, 37, 34, 1898
iq, 1, 1, 0
ip, 1, 1, 1
speech, 1, 1, 83
iv, 8, 7, 429
letdown, 1, 1, 13
shame, 3, 3, 6
cant, 9, 8, 54
cia, 1, 1, 1
im, 8, 8, 32
creepy, 1, 1, 86
exterior, 1, 1, 0
exile, 2, 2, 14
survivalist, 1, 1, 1
ie, 1, 1, 4
supaplex, 1, 1, 1
feed, 1, 1, 0
confirmed, 4, 4, 140
bottles, 10, 9, 17
credit, 5, 5, 824
perform, 1, 1, 10
things, 24, 24, 214
make, 47, 45, 656
punctuation, 1, 1, 1
wound, 4, 4, 9
bulges, 1, 1, 1
linked, 1, 1, 1
beside, 2, 2, 375
complex, 1, 1, 4
inventory, 3, 3, 7
unfortunate, 3, 3, 259
stuntman, 1, 1, 8
success, 1, 1, 2
several, 8, 6, 1246
couple, 9, 9, 17
definately, 1, 1, 2
bells, 1, 1, 1
wheel, 2, 2, 6
fairly, 2, 2, 3
ds1, 1, 1, 1
historic, 1, 1, 28
smoke, 1, 1, 138
rotor, 1, 1, 1
social, 1, 1, 46
hang, 1, 1, 0
evil, 6, 5, 165
hand, 3, 2, 58
delight, 1, 1, 2
grammar, 1, 1, 1
modded, 2, 2, 22
actionadventure, 1, 1, 1
characters, 9, 9, 63
animations, 1, 1, 0
hans, 1, 1, 5
tyson, 1, 1, 9
terribly, 1, 1, 1
opportunity, 3, 3, -8
blamed, 1, 1, 7
thoughts, 1, 1, 1
kid, 11, 11, 789
mbs, 2, 1, 3
mk7, 1, 1, 1
vermont, 1, 1, 1
kept, 9, 9, 217
russians, 1, 1, 7
hopping, 1, 1, 4
charlie, 1, 1, 12
youre, 2, 2, 5
taint, 1, 1, 1
tho, 3, 3, 1
charity, 1, 1, 6
logo, 5, 4, 130
144hz, 1, 1, 1
mother, 1, 1, 37
hearts, 3, 3, 19
cure, 1, 1, 2
jangly, 1, 1, 1
left, 13, 11, 87
scissoring, 1, 1, 69
passed, 2, 2, 3
graded, 1, 1, 0
gunhole, 1, 1, 20
yea, 5, 3, 141
photo, 2, 2, 3
laptop, 1, 1, 2
agoa, 1, 1, 30
swearing, 1, 1, 4
quotes, 2, 2, 5
brigade, 1, 1, 1
financially, 1, 1, 2
identify, 1, 1, 2
abernathy, 1, 1, 174
human, 2, 2, 213
sanitary, 1, 1, 1
yep, 4, 4, 6
plight, 1, 1, 27
yet, 10, 10, 40
repost, 12, 12, 44
hah, 2, 2, 0
puny, 1, 1, 1
replayed, 1, 1, 1
designers, 1, 1, 2
family, 6, 6, 38
instance, 2, 2, 1
enemieswhen, 1, 1, 58
character, 25, 25, 1188
emphasis, 1, 1, 1
clubbing, 2, 1, 2
competitively, 1, 1, -1
alchemy, 2, 2, 3
squad, 9, 9, 41
transformed, 1, 1, 7
board, 4, 4, 40
innocent, 3, 3, -5
save, 12, 12, 240
hat, 1, 1, 237
gave, 13, 12, 117
viking, 2, 2, 24
tactic, 1, 1, 1
ops, 6, 5, 28
nixi, 1, 1, 153
survival, 4, 4, 101
roadside, 1, 1, 9
rng, 9, 8, 74
possible, 12, 11, 2995
awhile, 1, 1, 2
caps, 2, 2, 3
possibly, 2, 2, 12
fusion, 1, 1, 4
gameboy, 6, 6, 246
suffering, 2, 1, -10
opa, 1, 1, 3
background, 3, 3, 31
performance, 1, 1, 1
judge, 3, 3, 36
59, 1, 1, 8
shadow, 4, 4, 2
unique, 3, 2, 3
burnt, 1, 1, 1
dreams, 3, 3, 100
apart, 2, 2, -3
shoulder, 1, 1, 1
gifs, 4, 4, 339
nevermind, 2, 2, -6
gifv, 3, 3, 513
brutality, 1, 1, 2
godif, 1, 1, -10
glitch, 2, 2, 13
cooler, 1, 1, 18
57, 1, 1, 398
hunt, 1, 1, 153
51, 1, 1, 39
50, 4, 4, 31
xbox, 6, 6, 15
specific, 4, 4, 24
renamed, 1, 1, 2
purchase, 1, 1, 11
officer, 1, 1, 85
zombies, 6, 4, 90
night, 11, 11, 142
security, 1, 1, 111
whomever, 1, 1, 1
emasculating, 1, 1, 63
del, 1, 1, 83
battlefield, 6, 6, 61
maximize, 1, 1, 1
right, 53, 47, 548
old, 24, 19, 132
deal, 5, 5, 656
people, 72, 59, 715
stepchild, 1, 1, 2
creed, 3, 3, 6
easy, 12, 12, 32
somehow, 5, 5, 57
dead, 17, 16, 82
unnecessary, 1, 1, 9
9999, 1, 1, 1
planetside, 10, 10, 105
printer, 2, 2, 91
unexpectedly, 1, 1, 2
undertale, 2, 2, -2
escape, 4, 4, 208
critique, 1, 1, 2
pain, 6, 6, 35
perfected, 1, 1, 1
tutorial, 3, 3, 92
enemies, 12, 11, 40
ignore, 1, 1, -1
humor, 1, 1, 1
ceckpoints, 1, 1, 1
bottom, 2, 2, 22
trilogy, 2, 2, 2
phenomenal, 1, 1, 18
companions, 4, 4, 290
fox, 3, 3, 8
distrust, 2, 1, -10
comments, 3, 3, 10
creative, 1, 1, 1
everything, 13, 12, 242
continue, 1, 1, 2
outfits, 1, 1, 16
denied, 1, 1, 11
centage, 1, 1, -2
confusion, 1, 1, 4
beating, 3, 3, 6
espionage, 1, 1, -6
avatar, 1, 1, 1
unequipped, 1, 1, 1
core, 2, 2, 17
knew, 13, 12, 325
pls, 3, 3, 78
disposed, 1, 1, 1
handgun, 1, 1, 3
plot, 1, 1, 2
deleted, 6, 6, -21
tonightwish, 1, 1, 2
view, 1, 1, 1
plz, 1, 1, 1
speak, 1, 1, 1
protagonist, 1, 1, 10
fullest, 1, 1, -10
bolt, 2, 2, 17
defensive, 1, 1, -16
runexpected, 3, 3, 65
eye, 2, 2, 1688
post, 10, 10, 135
super, 16, 16, 36
yeahdid, 1, 1, 2
chapter, 1, 1, 2
brahmin, 1, 1, 3
dunking, 1, 1, -1
figive, 1, 1, 1
eat, 3, 3, 58
cowboy, 1, 1, 15
attacks, 2, 2, 2
strangers, 1, 1, 20
months, 6, 5, 314
words, 5, 5, 67
assault, 1, 1, 1
rolled, 1, 1, 1
gentler, 1, 1, 1
intertwined, 1, 1, 111
magazine, 1, 1, 4
despair, 1, 1, 4
plus, 5, 5, 78
warhammer, 1, 1, 1
guile, 1, 1, 111
eight, 1, 1, 13
efforts, 1, 1, 1
slightly, 2, 2, 2
tenpenny, 1, 1, 2
ffs, 1, 1, 1
match, 1, 1, 2
primitive, 1, 1, 96
sob, 1, 1, 7
potato, 2, 2, 16
sociopath, 1, 1, 3
pays, 1, 1, 612
ahh, 1, 1, 94
disappoint, 1, 1, 1
visible, 1, 1, 7
hucking, 1, 1, 2
son, 6, 5, 98
pair, 3, 3, 9
boom, 1, 1, 2
adventure, 1, 1, 1
versions, 2, 2, -3
insult, 3, 3, -1
soon, 6, 6, 4
rounds, 1, 1, 23
allways, 1, 1, 40
bumbed, 1, 1, 2
wan, 7, 7, 130
despised, 1, 1, 1
spongebob, 1, 1, 1
grindy, 1, 1, 3
abstractions, 1, 1, 6
medal, 1, 1, 1
suffice, 2, 2, 731
flying, 6, 6, 15
knowing, 5, 4, 10
vision, 1, 1, 1
nova, 1, 1, 1
fight, 18, 16, 163
gif, 16, 15, 1435
anderson, 1, 1, 5
fought, 1, 1, 2
phonenow, 1, 1, 1
girlsdo, 1, 1, 2
way, 56, 51, 610
wax, 1, 1, 13
waw, 2, 2, 25
music, 3, 3, 17
gim, 5, 1, 1
renegade, 1, 1, 23
war, 11, 6, 16
purposely, 1, 1, 2
happy, 9, 7, 57
starve, 1, 1, 3
head, 31, 27, 276
allot, 1, 1, 2
offering, 1, 1, 153
funpoint, 1, 1, 30
batman, 1, 1, 2
becoming, 3, 3, -4
gorgeous, 1, 1, 10
lawn, 1, 1, 87
landing, 4, 4, 110
maxim, 1, 1, 18
mysterious, 2, 1, 153
heat, 2, 2, 3
hear, 2, 2, 1
odyssey, 1, 1, 13
syndicate, 1, 1, 1
dbags, 1, 1, 0
removed, 4, 4, 34
true, 8, 8, 1789
sprinting, 1, 1, 1
nerf, 1, 1, 26
congratulations, 1, 1, 1
preview, 2, 2, 205
input, 1, 1, 9
sighs, 1, 1, 18
multiplayercoop, 1, 1, 1
invincible, 1, 1, 30
nutters, 2, 2, 534
yakuza, 1, 1, 2
chocobo, 1, 1, 1
bounds, 7, 7, 23
tell, 26, 24, 472
angst, 1, 1, 3
callsign, 1, 1, 2
emotional, 1, 1, -10
pixar, 1, 1, -2
mtg, 1, 1, 1
ownhave, 1, 1, 1
151, 1, 1, 3
passenger, 1, 1, 2
proud, 2, 2, 4
proved, 1, 1, 1
classic, 3, 3, 5
toss, 2, 2, 2
mirror, 1, 1, -10
texts, 1, 1, 5
muscular, 1, 1, 3
sale, 1, 1, 1
dear, 2, 2, 3
list, 4, 4, 20
sometime, 2, 2, 3
exist, 4, 4, 18
multilauncher, 1, 1, 9
drinks, 1, 1, 1
door, 5, 5, -8
ship, 2, 2, -9
annoying, 8, 8, 83
mold, 2, 1, 2
unholy, 1, 1, 4
shit, 69, 64, 1805
multiplayers, 1, 1, 2
blatantly, 1, 1, 4
baby, 3, 3, 6
dying, 12, 11, 50
na, 20, 19, 971
nc, 4, 1, 16
helpful, 1, 1, 16
reality, 2, 2, 3
til, 4, 4, 34
tim, 1, 1, 1
interested, 4, 4, 95
republic, 1, 1, 16
holding, 13, 12, 184
digital, 1, 1, 1
warehouse, 1, 1, 1
additional, 1, 1, 153
wanders, 1, 1, 1
developers, 2, 2, 2
roll, 4, 3, 28
standard, 1, 1, 2
nw, 1, 1, 1
scored, 1, 1, 0
picture, 7, 7, 41
cleric, 1, 1, 2
eternity, 1, 1, 3
faction, 6, 2, 169
toad, 10, 10, 1276
dies, 2, 2, 13
felt, 10, 10, 305
update, 2, 2, 4
trailers, 1, 1, 1
teamwork, 1, 1, 2
fell, 2, 2, 86
trouble, 1, 1, 3
held, 1, 1, 1
weekend, 3, 3, 90
died, 6, 6, 31
jiggle, 1, 1, 1
billion, 3, 3, 13
cheated, 1, 1, 41
bullet, 8, 7, 72
phone, 5, 5, 109
assume, 6, 6, 18
grading, 1, 1, 8
yacht, 1, 1, 1
landed, 3, 3, 168
together, 4, 4, 39
konami, 6, 5, 81
4995, 1, 1, 153
jacker, 1, 1, 6
time, 89, 84, 4004
push, 3, 3, 20
serious, 2, 2, 14
neutering, 1, 1, -6
tamriel, 1, 1, 58
paced, 1, 1, 4
basically, 4, 4, 31
detective, 1, 1, 153
managed, 1, 1, 1
ron, 1, 1, 430
whoever, 2, 2, 614
dance, 1, 1, 2
pros, 3, 2, 32
keep, 18, 17, 66
resources, 1, 1, 16
souls, 10, 10, 294
horseback, 1, 1, 78
celebi, 1, 1, 1043
gazillion, 1, 1, 1
manages, 2, 2, 179
ice, 1, 1, 1
jarring, 1, 1, 2
skin, 3, 3, 1
battle, 11, 11, 204
fridge, 1, 1, 1
chair, 1, 1, 2
displaying, 1, 1, 27
vvvvvv, 1, 1, 2
resourceful, 1, 1, 37
row, 6, 6, 101
devoted, 1, 1, 2
certainly, 2, 2, 25
suicide, 2, 2, 8
zone, 1, 1, 3
flask, 16, 14, 1290
unpack, 1, 1, 2
burnout, 1, 1, 1
flash, 1, 1, 1
officersit, 1, 1, 3
methodically, 1, 1, 1
interactions, 1, 1, 4
passage, 1, 1, 8
0, 5, 5, 413
finally, 21, 18, 268
carjacking, 1, 1, 12
swoop, 1, 1, 1
marks, 1, 1, 17
terror, 2, 2, 6
sovereignty, 2, 1, 16
addon, 2, 1, 153
oversight, 1, 1, 430
shoprite, 1, 1, 1
personally, 1, 1, 1
coop, 1, 1, 2
advantage, 3, 3, 2
arma3, 1, 1, -1
crate, 1, 1, 2
bluffs, 1, 1, 50
keeping, 1, 1, 1
persona, 1, 1, 2
choice, 4, 4, 1405
vegas, 3, 3, 24
enslavement, 1, 1, 20
tanks, 2, 2, 3
stays, 2, 2, 90
locked, 3, 3, 3
launchers, 2, 2, 214
1s, 1, 1, 1
exact, 3, 3, 271
minute, 4, 4, 12
cool, 19, 19, 345
penises, 1, 1, 1
ciri, 1, 1, 2
impressive, 4, 3, 12
level, 40, 36, 672
die, 14, 14, 17
bikecopter, 1, 1, 96
dig, 1, 1, 18
posts, 2, 2, 612
brother, 5, 5, 1799
c9u0n3t, 1, 1, 0
prob, 1, 1, 52
leave, 7, 7, 36
p, 2, 2, 2
soooo, 1, 1, 802
kits, 1, 1, 153
hello, 4, 4, 46
gamefreak, 1, 1, 89
team, 8, 6, 9
quick, 8, 8, 28
guy, 29, 27, 464
shooters, 3, 3, 2
round, 6, 5, 314
added, 5, 5, 12
dis, 2, 2, -15
prevent, 1, 1, 37
spiritual, 1, 1, 1
sentry, 2, 2, 7
says, 7, 6, 1465
regret, 2, 2, 5
boards, 1, 1, 111
porn, 2, 2, 3
route, 1, 1, 111
dealing, 1, 1, 2
provisioners, 2, 1, -1
discover, 1, 1, 2
sign, 3, 2, 15
imgurcomwmwflbl, 1, 1, 28
seeps, 1, 1, 1
cost, 6, 5, 158
shirts, 2, 2, 114
pale, 1, 1, 2
binded, 1, 1, 1
77qsbruslkw, 1, 1, 8
port, 1, 1, 20
snipers, 6, 4, 29
yall, 1, 1, 1
headset, 2, 1, 16
curse, 1, 1, 1
barbie, 1, 1, 1
ocarina, 3, 3, 4
bo3, 1, 1, 1
marry, 1, 1, 111
realizing, 1, 1, 4
meanthis, 1, 1, 2
current, 7, 7, 253
majora, 2, 2, 3
suspect, 1, 1, 3
decade, 2, 2, 1
goes, 9, 9, 25
reply, 1, 1, 4
falling, 1, 1, 3
lagg, 1, 1, 28
boost, 2, 2, 1
filled, 3, 3, 157
mechanic, 3, 3, 93
dweller, 1, 1, 4
honour, 1, 1, 1
learn, 3, 3, 18
french, 1, 1, 1
water, 15, 12, 69
sealed, 1, 1, 13
baseball, 2, 2, 10
eerie, 1, 1, 2
alone, 5, 5, 2775
grabbed, 1, 1, 3
along, 3, 3, 3
teaches, 1, 1, 191
appears, 2, 2, 4
change, 12, 12, 180
wait, 25, 25, 241
box, 6, 6, 38
boy, 3, 3, 76
hurtling, 1, 1, 37
standout, 1, 1, 4
redemption, 1, 1, 18
flames, 1, 1, 1
cheesesteak, 1, 1, 1
institute, 3, 2, 68
wherever, 2, 2, 534
grenade, 8, 8, 219
queue, 1, 1, 1
trial, 1, 1, 3
franklin, 1, 1, 2
scenario, 1, 1, 5
usually, 9, 9, 67
lamps, 1, 1, -10
weird, 6, 6, 205
ubisoft, 2, 2, 14
king, 1, 1, 2
againeven, 1, 1, 7
teenage, 2, 2, 29
ipa, 1, 1, 1
love, 42, 41, 423
raise, 1, 1, 2
celebrity, 1, 1, 1
extra, 4, 4, 6
dovahkiin, 2, 2, 29
hopeful, 1, 1, 1
bs, 1, 1, 1
prefer, 2, 2, 28
gamecube, 1, 1, 3
bloody, 2, 2, 8
999, 1, 1, 153
losing, 3, 3, 620
randoms, 1, 1, 5
1st, 3, 3, 155
receiver, 1, 1, 101
mssed, 1, 1, 3
rarely, 3, 2, 38
crisis, 1, 1, 2
market, 1, 1, 1
everybody, 3, 3, 204
defeat, 1, 1, 4
voices, 1, 1, 153
troops, 2, 2, 4
working, 8, 8, 1449
bernard, 1, 1, 4
turret, 4, 3, 53
positive, 1, 1, 2
angry, 2, 2, 4
8199, 1, 1, 0
dude, 13, 13, 153
mixamp, 2, 1, 16
france, 1, 1, 1
scenarios, 1, 1, 27
live, 10, 10, 177
wood, 1, 1, 0
andy, 1, 1, 4
remind, 3, 3, -6
wondering, 4, 4, 261
iipa, 1, 1, 3
mediocre, 1, 1, 18
associated, 1, 1, 1
thru, 1, 1, 2
froths, 1, 1, 2
today, 4, 4, 5
loving, 1, 1, 2
plug, 1, 1, 3
walkways, 1, 1, 4
slob, 1, 1, 111
african, 1, 1, -2
afford, 1, 1, 2
madcatz, 1, 1, 46
farelli, 1, 1, 1
ooh, 1, 1, 1
oregon, 2, 2, -9
lies, 1, 1, 1
listenin, 1, 1, 101
ultra, 1, 1, 3
everywhere, 6, 6, 8
virtue, 1, 1, 2
sit, 3, 3, 5
_gt, 1, 1, 1
wrenches, 1, 1, 4
effort, 2, 2, 2
easiest, 3, 3, 93
fly, 4, 4, 19
logos, 1, 1, 2
douche, 3, 3, 58
deserved, 2, 2, 10
foreplaylong, 1, 1, 3
owch, 1, 1, 1
starfox, 1, 1, 1
car, 19, 16, 240
quoting, 1, 1, 2
backgroud, 1, 1, 1
soul, 2, 2, 2
believer, 1, 1, 13
cat, 2, 2, 2
districts, 1, 1, 1
wallet, 1, 1, 20
hardest, 5, 4, 5
printing, 1, 1, 1
halflife, 2, 2, 95
growing, 3, 3, 161
making, 13, 12, 498
laughter, 1, 1, 1
dollars, 2, 2, 17
feature, 2, 2, 4
cad, 1, 1, 15
thief, 1, 1, 1
995, 1, 1, 252
classrooms, 1, 1, 12
expansions, 2, 1, 1
figure, 6, 6, 9
parasite, 1, 1, 1
nexus, 1, 1, 1
heartfire, 1, 1, 1
awesome, 23, 22, 107
fuck, 43, 38, 600
agent, 2, 2, 6
shards, 3, 1, -10
sample, 1, 1, 3
heard, 7, 7, 115
cube, 1, 1, 1
dropped, 5, 5, 87
repbulic, 1, 1, 16
litereally, 1, 1, 4
teamnot, 1, 1, 1
1amp, 2, 2, 2
winter, 1, 1, 5
arkham, 1, 1, 0
afterlife, 1, 1, 2
watching, 7, 7, 25
ping, 1, 1, -1
cliche, 1, 1, 2
chex, 1, 1, 6
freezes, 1, 1, 5
1, 22, 19, 457
till, 8, 7, 200
sunday, 1, 1, 1
tes, 2, 2, 21
fps, 3, 3, 8
genocide, 1, 1, 3
acrobatic, 1, 1, 1
whose, 1, 1, 3
suffer, 2, 2, -8
map, 24, 18, 314
unbelievable, 1, 1, -8
designer, 1, 1, 87
traditional, 1, 1, 1
crashes, 1, 1, 53
huge, 5, 5, 0
may, 8, 7, 165
max, 3, 3, 3
blasting, 3, 2, 8
spot, 7, 6, 110
accessory, 2, 2, 4
per, 1, 1, -2
heartbreaking, 1, 1, 1
4th, 1, 1, 0
mad, 5, 5, 536
noise, 1, 1, 3
date, 2, 2, -11
suck, 5, 5, 8
guys, 18, 18, 187
man, 37, 33, 1769
supersonic, 1, 1, 1
wwwyoutubecomwatch, 28, 26, 542
mayo, 1, 1, 1
remember, 27, 23, 1158
liquid, 3, 2, -2
tbh, 1, 1, 18
whenever, 4, 4, 845
maybe, 6, 6, 17
rollin, 1, 1, 2
devs, 3, 3, 24
splatoon, 1, 1, 3
switch, 3, 3, 17
deposit, 1, 1, 68
unleash, 2, 2, 2
basket, 1, 1, 1
kurt, 1, 1, -20
fireball, 1, 1, 4
pulled, 2, 2, 369
talk, 6, 5, 35
typical, 1, 1, 1773
steamnesiaamp, 1, 1, 1
forced, 2, 2, 114
breaking, 3, 3, 16
shield, 2, 2, 2
youtubex8rj7x4_zro, 1, 1, 1
east, 1, 1, 1
food, 2, 2, 2
slalom, 1, 1, 4
differences, 1, 1, 7
bluray, 1, 1, 3
mainly, 2, 2, 19
raised, 1, 1, -11
canary, 1, 1, 5
years, 28, 24, 483
arm, 1, 1, 3
course, 3, 3, 10
nbsp, 2, 1, 0
cuts, 2, 2, 2
still, 56, 54, 2345
owl, 1, 1, -1
clicking, 2, 1, 3
bartered, 1, 1, 2
gta, 24, 19, 1194
limbs, 3, 3, 157
police, 14, 11, 235
thank, 9, 8, 227
brained, 1, 1, 1
interesting, 7, 7, 47
toro, 1, 1, 83
troubles, 1, 1, 1
amazing, 11, 11, 111
reddiquette, 1, 1, 1
gen, 2, 2, 2
chalice, 1, 1, 3
platform, 3, 3, 64
answear, 1, 1, 1
occasionally, 1, 1, 2
hometown, 1, 1, 1
dismembering, 1, 1, 1
suspension, 1, 1, 1
main, 6, 6, 54
scrunchies, 1, 1, 1
happened, 11, 11, 166
lonely, 1, 1, 13
broadsword, 1, 1, 28
tucked, 1, 1, 2
3, 44, 43, 661
matches, 2, 2, 26
conversations, 1, 1, -1
killer, 5, 5, 140
shatter, 1, 1, 2
sarcastic, 1, 1, 194
daigo, 1, 1, 46
underneath, 1, 1, 5
lunch, 1, 1, 111
srsly, 1, 1, 2
kaitos, 1, 1, 1
subscribers, 1, 1, 7
half, 13, 13, 67
grows, 1, 1, 1
twilight, 1, 1, 1
killed, 14, 13, 224
overlap, 1, 1, 1
streams, 1, 1, -2
name, 25, 22, 847
thankful, 1, 1, 1
james, 2, 1, 2
jhin, 1, 1, 13
advent, 2, 2, 7
momma, 1, 1, 111
establishing, 1, 1, 5
realistic, 5, 5, 5
vermintide, 1, 1, 1
butter, 1, 1, 1
denmark, 2, 1, 5
entirely, 2, 2, 14
quarter, 1, 1, 1
pommel, 1, 1, 30
trope, 2, 2, 44
realism, 2, 2, 6
em, 2, 2, 650
acknowledging, 1, 1, -16
domain, 2, 2, 24
bday, 1, 1, 3
fired, 4, 3, 1258
blacked, 1, 1, -4
fixes, 1, 1, 1
ea, 1, 1, 2
yeah, 19, 18, 158
aeris, 1, 1, 0
challenges, 1, 1, 1
badasses, 1, 1, 2
fires, 1, 1, 1
replay, 1, 1, -7
gtav, 1, 1, 2
ex, 2, 2, 7
entering, 1, 1, 2
year, 11, 9, 27
eu, 3, 3, 290
zeroes, 1, 1, 1
happen, 10, 10, 354
teams, 1, 1, 27
pills, 1, 1, 7
aiming, 2, 2, 212
er, 1, 1, 1
living, 1, 1, 75
shown, 3, 3, 259
followed, 1, 1, 2
gamers, 3, 3, 33
intercourse, 1, 1, 174
space, 4, 4, 13
dredd, 1, 1, 2
multiplayer, 2, 2, 2
activities, 1, 1, 1
rolls, 1, 1, 0
looking, 21, 20, 74
emulate, 1, 1, 1
seriously, 5, 5, 135
ripley, 3, 1, 37
catapult, 1, 1, 1
hacked, 2, 2, 5
internet, 2, 2, 10
dinner, 1, 1, 1
losers, 1, 1, 0
steamchartscom, 1, 1, 1
receiving, 1, 1, 1
joining, 1, 1, -3
happenings, 1, 1, 2
huuuuuge, 1, 1, 1
shows, 2, 2, 6
jacking, 1, 1, 1
smalls, 1, 1, 1
lag, 1, 1, 1
goto, 2, 2, 8
siege, 5, 5, 138
cars, 1, 1, 1
badand, 1, 1, 2
million, 4, 3, 60
dismember, 1, 1, 1
possibility, 1, 1, 1
walnuts, 1, 1, 1
bringing, 2, 2, 154
cornered, 1, 1, 3
flyer, 1, 1, 2
complicated, 1, 1, -1
rebel, 3, 1, 111
besides, 2, 2, 88
ori, 1, 1, 6
pots, 1, 1, 2
cough, 1, 1, 16
marine, 2, 1, 3
inevitable, 1, 1, 8
card, 8, 6, 15
care, 8, 8, 13
advance, 2, 2, 17
10mm, 1, 1, 1
disguised, 1, 1, 1
dunno, 2, 2, 4
celosia, 1, 1, 2
punk, 1, 1, 10
reasonable, 1, 1, 2
honest, 5, 5, 18
inverts, 1, 1, 101
turn, 16, 16, 573
jumping, 5, 4, 3
place, 29, 23, 348
gordon, 1, 1, 2
forms, 1, 1, 2
routes, 1, 1, 1
510, 1, 1, 1
promotion, 2, 2, 24
preach, 1, 1, 1
wolfenstein, 1, 1, 1
think, 66, 62, 1643
waited, 1, 1, 2
first, 72, 60, 1104
cheese, 1, 1, 0
constantly, 3, 3, 4
saving, 2, 2, 3
prong, 1, 1, 1
buildingsrooftops, 1, 1, 1
dungeons, 2, 2, 178
cj, 1, 1, 1
cpus, 1, 1, 6
xd, 2, 2, 11
blacks, 1, 1, 1
walkthrough, 1, 1, 1
fast, 3, 3, 44
rink, 1, 1, 0
crit, 2, 2, 28
impossible, 7, 7, 52
xp, 3, 3, 20
tame, 1, 1, 153
open, 9, 9, 825
tomorrow, 2, 2, 2
gawdammit, 1, 1, 1
size, 4, 4, 34
rented, 1, 1, 2
city, 9, 9, 636
little, 26, 24, 177
checked, 1, 1, 1
silent, 2, 2, 2
stuck, 3, 3, 122
factions, 2, 1, 16
bite, 1, 1, 3
europe, 1, 1, 22
response, 1, 1, 368
anyone, 18, 17, 565
raged, 1, 1, 3
returns, 2, 2, 4
2, 56, 48, 2076
tragic, 3, 3, 655
convention, 1, 1, 5
white, 5, 5, 121
filter, 12, 11, 93
friend, 8, 8, 57
gives, 3, 3, 91
meme, 3, 2, 0
eyes, 3, 3, 9
deo, 1, 1, 1
mostly, 6, 6, 9
diddy, 1, 1, 3
season, 16, 10, 251
anxiously, 1, 1, 1
continuous, 1, 1, 24
huh, 2, 2, 2
accurately, 2, 2, 32
snatch, 1, 1, 2
hut, 3, 1, 3
cops, 15, 11, 1412
cait, 1, 1, 3
glimmer, 1, 1, 1
platforming, 1, 1, 8
0o0, 1, 1, 1
slashed, 1, 1, 56
berserker, 1, 1, 2
copy, 2, 2, 47
macmillan, 1, 1, 5
sumbitch, 1, 1, 1
11, 3, 3, 8
10, 16, 14, 138
lich, 1, 1, 2
12, 2, 2, 4
15, 6, 6, 15
14, 1, 1, 2
sailing, 1, 1, 0
16, 1, 1, 4
depressed, 2, 2, 3
shotting, 1, 1, 1
require, 1, 1, 4
framerate, 1, 1, 1
gg, 1, 1, 2
youve, 1, 1, 5
aerials, 1, 1, 0
future, 8, 8, 16
results, 1, 1, 21
heists, 1, 1, 4
reinforcements, 1, 1, 3
marines, 1, 1, 3
outcome, 1, 1, 24
damned, 1, 1, 1
slashing, 1, 1, 1
mountain, 1, 1, 1
san, 2, 2, 42
angel, 1, 1, 3
mundane, 1, 1, 42
preston, 3, 3, 27
turned, 8, 8, 146
locations, 1, 1, 1
alley, 1, 1, 7
bugs, 5, 5, 36
woah, 1, 1, 1
say, 22, 21, 2896
arachnid, 1, 1, 1
buried, 3, 3, 6
voiced, 1, 1, 1
comfort, 1, 1, 3
sells, 3, 1, 5
recover, 1, 1, 0
saw, 9, 9, 38
superman, 2, 2, 7
form, 1, 1, 2
wanderer, 1, 1, 1
bashing, 1, 1, 1
translate, 1, 1, 7
veteran, 10, 7, 119
offer, 2, 2, 2
downwards, 2, 2, 55
aside, 5, 5, 75
expires, 1, 1, 11
produces, 1, 1, 2
note, 3, 3, 15
equipment, 1, 1, 1
gotham, 1, 1, 0
potential, 1, 1, 2
take, 34, 31, 313
online, 14, 12, 430
objective, 3, 2, -14
wanting, 3, 3, 21
concern, 1, 1, 1
deus, 1, 1, 2
channel, 1, 1, 10
ultimate, 2, 2, 2
surf, 2, 2, 19
dlc, 31, 24, 357
sure, 22, 21, 227
prick, 2, 2, 1823
norman, 4, 4, 33
squadmates, 2, 1, 30
normal, 2, 2, 2
track, 3, 3, 53
price, 11, 5, 161
enter, 3, 3, 12
bandolier, 1, 1, 1
paid, 2, 2, 148
falls, 1, 1, -2
beta, 1, 1, 6
satisfying, 4, 4, 17
net, 2, 1, 0
complaints, 1, 1, 6
andross, 1, 1, 6
staged, 2, 2, 47
neverwinter, 1, 1, 2
peaceful, 1, 1, 2
forever, 5, 5, 8
tortured, 1, 1, 2
radioactive, 1, 1, 10
especially, 6, 6, 25
surprising, 1, 1, 2
room, 13, 9, 1
considered, 2, 2, 189
guyss, 1, 1, -4
average, 3, 3, 18
later, 13, 13, 275
sisters, 1, 1, 1
drive, 3, 3, 19
defeating, 1, 1, 3
tooth, 1, 1, 3
subjectively, 1, 1, 7
corrin, 1, 1, 31
axe, 2, 2, 2
salt, 1, 1, 2
shop, 2, 2, 3
rating, 2, 2, 36
walking, 4, 4, 15
shot, 29, 27, 569
show, 9, 9, 126
cheat, 2, 2, 31
atom, 1, 1, 153
kinds, 2, 2, 3
7x0sd1hje30, 1, 1, 4
developed, 1, 1, 4
hack, 3, 3, 24
automatron, 2, 1, 153
corner, 7, 6, 93
aggressive, 1, 1, 1
conquered, 1, 1, 211
data, 1, 1, 63
maine, 2, 2, 227
ground, 6, 6, 505
boundaries, 2, 2, 18
370755amp, 1, 1, 9
slow, 4, 4, 42
dice, 1, 1, 1
title, 14, 13, 1190
trigger, 1, 1, 2
daily, 2, 2, 534
dick, 10, 9, 282
pump, 1, 1, 4
outpost, 2, 1, 3
nes, 5, 5, 33
going, 34, 33, 1146
black, 8, 7, 7
hockey, 1, 1, 0
velocihopter, 1, 1, 1
equipped, 2, 2, 18
scruffy, 1, 1, 1
youtubeoasgvrum98y, 1, 1, 11
recipes, 1, 1, 2
awareness, 1, 1, 1
clank, 1, 1, 1
xcom, 41, 36, 3041
mildlyinfuriating, 1, 1, 2
touch, 2, 2, 4
get, 132, 114, 2599
cannon, 3, 2, 24
replaces, 1, 1, 4
freezing, 1, 1, 5
emulators, 1, 1, 2
countered, 1, 1, 1
truly, 4, 3, 9
faster, 1, 1, 1
nearly, 4, 4, 95
gee, 1, 1, 4
compliments, 1, 1, 1
installed, 1, 1, 1
premade, 1, 1, 2
gem, 1, 1, 1
secondary, 1, 1, 6
fender, 1, 1, 2
rdnd, 1, 1, 3
rfo4, 1, 1, 1
girl, 5, 3, 181
settings, 3, 3, 18
frustrated, 2, 2, 4
basicaly, 1, 1, 1
colossus, 1, 1, 2
borrow, 1, 1, 18
sidearm, 1, 1, 19
worried, 3, 3, 3
joker, 1, 1, 1
charborg, 5, 5, 63
paper, 2, 2, 3
bison, 1, 1, 3
raunchy, 1, 1, 4
overthink, 1, 1, 27
london, 1, 1, 3
bought, 7, 7, 1
inside, 3, 3, -7
husband, 1, 1, 18
499, 1, 1, 153
unmoving, 1, 1, 1
ignored, 1, 1, 1
destructible, 1, 1, 1
queues, 1, 1, 2
ken, 1, 1, 8
physically, 1, 1, 51
imposter, 1, 1, 1
signs, 1, 1, 87
minigun, 2, 2, 146
seat, 1, 1, 1
nervous, 1, 1, 7
actively, 1, 1, 1
college, 3, 3, 24
anyways, 3, 3, 102
seal, 2, 2, 2
contains, 1, 1, 94
connected, 1, 1, 1
sickle, 3, 3, 3
wonder, 7, 7, 19
mordin, 1, 1, 1
clips, 1, 1, 28
palette, 1, 1, 7
bender, 1, 1, 37
parent, 1, 1, 191
camping, 6, 5, -26
maturity, 1, 1, 0
ways, 2, 2, 4
jumped, 1, 1, 56
review, 1, 1, 1
opening, 1, 1, 3
sites, 1, 1, 1
dismemberment, 1, 1, 2
weapons, 10, 8, 429
enough, 17, 16, 143
uninstalled, 2, 2, 9
reading, 1, 1, 5
across, 9, 8, 24
sirens, 1, 1, 2
bummed, 1, 1, 2
notice, 3, 3, 44
beverages, 1, 1, 1
jobs, 4, 4, 1149
vertical, 1, 1, 2
25, 3, 2, 5
yeaaaahhhh, 1, 1, 1
screen, 8, 7, 322
guntoting, 2, 2, 534
flow, 1, 1, 1
jr, 1, 1, 1
killing, 9, 9, 112
blame, 1, 1, 5
pcmr, 1, 1, 4
iimgurcomjt03zb2gif, 1, 1, 2
implemented, 1, 1, 0
heal, 1, 1, 27
xbone, 3, 3, -6
article, 4, 3, 10
comb, 1, 1, 2
come, 27, 25, 1053
fish, 2, 2, -14
guitar, 1, 1, 2
dates, 1, 1, 111
mans, 1, 1, 12
superstar, 1, 1, 1
missions, 10, 10, 44
sweatshirt, 1, 1, 1
avoid, 2, 2, 4
reddit, 9, 9, 73
many, 27, 26, 755
trader, 1, 1, 7
trades, 1, 1, 111
quiet, 1, 1, 2
flipped, 1, 1, 1
plants, 1, 1, 2
purely, 1, 1, 16
remake, 2, 2, 8
yelled, 1, 1, 12
platformers, 1, 1, 1
gw2, 1, 1, 2
comes, 10, 10, 47
nearby, 3, 3, 3
duty, 8, 8, 110
feral, 2, 2, 156
halpens, 1, 1, 0
merry, 1, 1, 3
seaworthy, 1, 1, 1
color, 6, 6, 16
shirt, 1, 1, 2
endless, 2, 1, 3
multiplier, 1, 1, 1
colony, 1, 1, 153
period, 1, 1, 24
dispatch, 1, 1, 2
whatnot, 1, 1, 2
60, 3, 3, 164
sleezeball, 1, 1, 2
inexplicably, 1, 1, 3
bohan, 3, 1, 37
64, 7, 7, 50
pok, 6, 5, 67
learning, 5, 4, 47
slide, 1, 1, 0
constant, 1, 1, 1
pod, 1, 1, 2
crew, 1, 1, 1
skeletons, 5, 5, 33
boat, 11, 9, 130
considering, 1, 1, 37
better, 33, 33, 3909
unusual, 1, 1, 1
punishes, 1, 1, 1
grand, 1, 1, 2
godammit, 1, 1, 3
capable, 1, 1, 24
cqc, 1, 1, 16
heartshaped, 1, 1, 2
mark, 1, 1, 3
cared, 1, 1, 23
workshop, 5, 2, 173
hobo, 1, 1, 2
snes, 1, 1, 178
helicopter, 5, 3, 15
borders, 2, 2, 133
staring, 1, 1, 1
mary, 1, 1, 5
bullshit, 6, 6, 12
wants, 5, 5, 15
n, 1, 1, 2
tournament, 1, 1, -2
reaction, 1, 1, 1
1455687472amp, 1, 1, 1
3qppjuazhw, 1, 1, 1
hits, 6, 5, 108
wounds, 1, 1, 2
drawer, 1, 1, 5
photos, 1, 1, -10
figured, 1, 1, 5
wake, 1, 1, -10
foggy, 1, 1, 4
laying, 2, 2, 3
careful, 2, 2, 4
youtube0jfu7pw76ze, 1, 1, 27
former, 3, 2, 602
pilot, 1, 1, 2
case, 4, 4, 175
ftfy, 2, 2, 173
prehistoric, 1, 1, 1
disconnected, 1, 1, 1
turtles, 2, 2, 29
mount, 1, 1, 1
cash, 3, 3, 12
imgurcomiomgsz4, 1, 1, -1
ratchet, 1, 1, 1
utero, 1, 1, 3
promising, 1, 1, 3
situation, 5, 5, 4
pitch, 1, 1, -1
passes, 1, 1, 1
uquzoide, 2, 2, 803
contentresponse, 1, 1, -6
cart, 2, 2, 4
ive, 1, 1, 2
loch, 1, 1, 2
shepard, 1, 1, 53
eventually, 2, 2, 4
decapitation, 1, 1, 1
hills, 2, 2, 3
bros, 1, 1, 4
commander, 1, 1, 2
middle, 7, 7, 89
good, 67, 66, 1423
embrace, 1, 1, 1
limping, 1, 1, 2
jerks, 1, 1, 20
obnoxious, 1, 1, 17
everyday, 3, 3, -7
worry, 2, 2, 54
movements, 2, 2, 1688
binary, 2, 2, 24
different, 15, 14, 554
develop, 3, 2, 6
mccomb, 1, 1, 4
april, 2, 2, 150
media, 2, 2, 47
granted, 2, 1, 1
reminded, 3, 3, 110
check, 8, 7, 245
commando, 1, 1, 1
poetic, 1, 1, 3
amazingly, 1, 1, 1
pad, 2, 2, 8
siderbar, 1, 1, 16
reminder, 1, 1, -10
defines, 1, 1, 4
duel, 1, 1, 1
week, 6, 6, 0
shootingfighting, 1, 1, 26
finish, 9, 8, 85
thunderbolt, 1, 1, 1369
screenshot, 1, 1, 1
acquire, 1, 1, 1
journsals, 1, 1, 1
tactical, 2, 2, -5
driver, 4, 4, 49
ness, 10, 9, 17
companion, 4, 3, 32
driven, 1, 1, -10
running, 8, 7, 133
uhh, 1, 1, 15
cinder, 1, 1, 4
changing, 5, 4, 194
totally, 12, 11, 132
thrown, 1, 1, 2
charactermissing, 1, 1, 7
bane, 1, 1, 53
traps, 1, 1, -10
ballooning, 1, 1, 1
band, 1, 1, -6
safely, 1, 1, 1
iimgurcomlxjcgrhjpg, 1, 1, 0
leagueinto, 1, 1, 0
8089, 1, 1, 24
toojust, 1, 1, 2
grumps, 1, 1, 3
9fag, 2, 1, 1
without, 8, 8, 14
bowser, 3, 2, 8
relief, 3, 3, 86
bottle, 18, 14, 109
relied, 1, 1, 24
peripherals, 1, 1, 1
model, 1, 1, 1
otherwise, 4, 4, 11
amazed, 1, 1, 69
summer, 2, 2, 3
desolate, 1, 1, 1
dover, 6, 5, 4
money, 11, 9, 162
rest, 6, 6, 7
manipulation, 1, 1, 4
unclear, 1, 1, 9
kill, 29, 26, 3022
storming, 1, 1, 24
aspect, 1, 1, 55
ps2, 4, 4, 13
impractical, 1, 1, 1
ps1, 1, 1, 1
speed, 2, 2, 239
guides, 1, 1, 2
ps4, 12, 9, 26
afterwards, 2, 2, 7
insight, 1, 1, 4
death, 14, 13, 765
grounded, 1, 1, 19
bowie, 1, 1, 5
thinking, 12, 11, 34
bricks, 1, 1, 3
seems, 15, 15, 148
except, 10, 10, 66
improvement, 9, 9, 231
pallet, 1, 1, 1
imgurcomdvq3rnu, 1, 1, 33
lets, 7, 5, 294
codec, 1, 1, 3
approve, 1, 1, -2
4, 35, 30, 251
struck, 1, 1, 2
sucked, 1, 1, 87
joyful, 1, 1, 3
real, 21, 21, 3273
slanted, 1, 1, 0
psi, 2, 2, 38
psn, 1, 1, -1
around, 35, 30, 533
kills, 6, 5, 79
netcode, 1, 1, 0
read, 3, 3, 1
replaced, 1, 1, 3
glitched, 1, 1, 2
disable, 1, 1, 16
bow, 2, 2, 114
early, 5, 4, 26
np, 1, 1, 1
psx, 1, 1, -11
mon, 6, 5, 67
listening, 2, 2, 4
jenkins, 2, 1, 2
world, 19, 14, 320
psp, 2, 2, 3
glitches, 2, 1, 1
lady, 2, 2, 21
grim, 1, 1, 1
rear, 1, 1, 1
mod, 13, 13, 318
clan, 1, 1, 2
crysis, 1, 1, 1
2012, 1, 1, 1
intel, 2, 2, 4
stranger, 1, 1, 12
pounds, 1, 1, 111
smell, 2, 1, 83
collective, 1, 1, 0
buddies, 1, 1, 10
62, 1, 1, 2
lightning, 8, 8, 604
discarded, 1, 1, 12
ourobouros, 1, 1, 1
benefit, 1, 1, 1
63, 1, 1, 2
fully, 2, 2, 1
tower, 5, 4, 6
stationary, 1, 1, 3
ciq7kgjnqz4, 1, 1, 2
65, 3, 3, 5
1989, 1, 1, 28
laugh, 2, 2, 7
joking, 2, 2, 45
exposed, 1, 1, 3
arrested, 1, 1, 4
replays, 1, 1, 0
devious, 1, 1, 153
pacific, 1, 1, 1
calling, 2, 2, 1
japanese, 1, 1, 2
whispering, 2, 2, 52
iimgurcomactseu7gifv, 1, 1, 198
potion, 16, 15, 520
kings, 1, 1, 15
images, 1, 1, 3
treatments, 1, 1, 87
endeavor, 1, 1, 18
basic, 1, 1, 1
pikmin, 1, 1, 1
mood, 1, 1, 1
unlocked, 5, 5, 11
lls, 1, 1, -1
memories, 4, 4, -5
tube, 1, 1, 153
footing, 1, 1, 2
recorded, 1, 1, 21
overly, 1, 1, 2
stops, 3, 3, -9
moon, 1, 1, 4
critical, 1, 1, 3
exit, 3, 3, 7
picks, 4, 4, 132
moderate, 3, 1, 16
911, 1, 1, 1
910, 3, 3, 4
knife, 1, 1, 3
freed, 1, 1, 56
destroys, 1, 1, 1
welcome, 3, 3, 112
racism, 1, 1, 1
power, 7, 7, 400
1420, 1, 1, 2
seconds, 10, 10, 18
sixth, 1, 1, 0
equivalent, 2, 2, -17
flyers, 1, 1, 1
slaughter, 1, 1, 1
robots, 3, 2, 156
ugrammarwizard, 1, 1, 3
broken, 5, 5, 61
despicable, 1, 1, 3
artie, 1, 1, 2
georgia, 1, 1, 1
drums, 1, 1, 3
inherent, 1, 1, 152
morphy, 1, 1, 12
sadder, 1, 1, 1
icfdzvwjyxy, 1, 1, 4
throw, 13, 11, 197
earlier, 1, 1, 219
crafting, 1, 1, 1
ol, 1, 1, 0
ok, 2, 2, -4
ace, 1, 1, 1
stations, 2, 2, 4
jeep, 1, 1, 3
industry, 2, 2, 4
violence, 2, 2, -4
favorite, 13, 13, 28
bitching, 1, 1, 1
thousands, 1, 1, 21
betterworse, 1, 1, 7
escalating, 1, 1, 2
shameless, 1, 1, 3
stand, 6, 5, 291
luigi, 17, 15, 1958
mixed, 2, 2, 113
mean, 14, 14, 1945
backup, 1, 1, 1
road, 3, 3, 17
op, 23, 22, 71
tent, 1, 1, -1
ladies, 1, 1, 2
burning, 4, 2, 3
follows, 2, 2, 57
aerial, 1, 1, 1
image, 2, 2, 4
lil, 1, 1, 3
rolling, 2, 2, 3
rising, 1, 1, 1
heated, 1, 1, 1
operator, 1, 1, 1
valuable, 3, 3, 7
ceazes, 1, 1, 1
nowadays, 2, 2, 4
intervention, 1, 1, 150
stare, 1, 1, 1
tropical, 1, 1, 2
firewatch, 1, 1, 4
area, 9, 9, 165
downed, 2, 2, 29
hex, 1, 1, 1
hey, 9, 9, 67
lol, 9, 9, 83
start, 22, 18, 498
stealth, 1, 1, 1
encounters, 1, 1, 1
racist, 4, 4, 2
low, 6, 5, 279
stars, 4, 3, 11
house, 1, 1, 2
windhelm, 1, 1, 5
beelined, 1, 1, 1
valley, 1, 1, 12
heh, 1, 1, -4
energy, 2, 2, 2
assumes, 1, 1, 39
boo, 2, 1, 0
jacked, 1, 1, 37
smashes, 2, 2, 507
relic, 1, 1, 1
complete, 9, 9, 20
psychonauts, 1, 1, 2
buggy, 2, 2, 109
strikes, 2, 2, 0
beginners, 1, 1, 1
shotguns, 1, 1, 2
brain, 1, 1, 1
survived, 2, 2, 534
naruto, 1, 1, 1
happier, 1, 1, -10
trying, 17, 17, 440
escalates, 1, 1, 8
buying, 6, 6, 33
happening, 3, 3, 109
pull, 4, 4, 0
rush, 1, 1, 1
prototype, 1, 1, 1
arranged, 1, 1, 13
overlooking, 1, 1, 2
rage, 8, 8, 145
majoras, 4, 4, 4
vice, 3, 3, 4
unimpressive, 1, 1, 55
breath, 1, 1, 2
flirt, 1, 1, 9
leveled, 1, 1, 1
wellactuallyyou, 1, 1, 1
cyclops, 1, 1, 1
dirty, 2, 2, 3
clone, 2, 1, 2
agree, 2, 2, 5
rust, 1, 1, 268
strongly, 1, 1, 30
gone, 6, 6, -3
cba, 1, 1, 1
luigigetting, 1, 1, 67
af, 1, 1, 1
ai, 5, 5, 38
ah, 5, 5, 8
ak, 1, 1, 3
destroyer, 1, 1, 1
deep, 7, 7, 75
cringey, 1, 1, -1
intro, 1, 1, 2
file, 3, 3, 104
walks, 1, 1, 1
girlfriend, 3, 3, 117
watched, 5, 5, 88
moves, 2, 2, 3
cables, 1, 1, 111
nerd, 4, 2, 6
fill, 2, 2, 2
tedious, 1, 1, 6
pcgamer, 1, 1, 2
payday, 1, 1, 1
retiring, 1, 1, 4
deserve, 2, 2, -1
psc, 1, 1, 1
burden, 1, 1, 27
zelda, 8, 7, 61
modding, 3, 1, 1
weegie, 1, 1, 7
57s, 1, 1, 14
5, 19, 18, 128
underwater, 1, 1, 1
overcome, 1, 1, 6
trash, 1, 1, 3
greeted, 2, 2, -8
trajectory, 1, 1, 30
poor, 1, 1, 20
briefly, 1, 1, 7
comfortable, 1, 1, 2
sharing, 1, 1, 1
regardless, 2, 2, 3
multiple, 7, 6, 33
shelter, 1, 1, 1
spoilers, 2, 2, 17
symbol, 1, 1, 16
teeth, 2, 2, 2
damnably, 1, 1, 1
cove, 1, 1, 8
includes, 1, 1, 153
seriousness, 1, 1, 1
bullets, 5, 5, 186
fresh, 1, 1, 1
discipline, 1, 1, 4
ledger, 1, 1, 1
spouse, 1, 1, 5
tendencies, 1, 1, -1
pool, 6, 4, 91
alcohol, 1, 1, 13
building, 4, 4, 132
camp, 1, 1, 2
gamer, 2, 2, 112
remote, 1, 1, 10
onrails, 1, 1, 1
wife, 7, 6, 612
d20, 1, 1, 3
odds, 1, 1, 30
mask, 5, 5, 6
finished, 6, 6, 65
mimic, 1, 1, 150
dramatic, 1, 1, 101
mass, 3, 3, 58
satisfied, 1, 1, 1
god, 16, 15, 62
thatsounds, 1, 1, 2
remarkable, 1, 1, 1
4999, 2, 2, 155
starting, 6, 6, 467
original, 23, 21, 249
growling, 1, 1, 1
smoking, 1, 1, 2
forget, 6, 6, 58
vile, 1, 1, 1
metaphor, 1, 1, -10
caused, 2, 2, 44
forbidden, 1, 1, 1
lack, 3, 3, 105
dollar, 2, 2, 2
crosshairs, 1, 1, 3
month, 2, 2, 3
sfii, 1, 1, 3
gt, 11, 10, 510
deadline, 1, 1, 1
youngns, 1, 1, 2
follow, 5, 5, 93
achievment, 1, 1, 1
settlement, 8, 8, 23
decisions, 1, 1, 0
children, 6, 4, 160
causes, 1, 1, 3
johnson, 1, 1, 2
comic_id, 1, 1, 7
apartment, 1, 1, 37
referring, 1, 1, 4
happeneddo, 1, 1, 3
trafic, 1, 1, 1
imma, 1, 1, 1
tr, 4, 2, 36
acting, 1, 1, 1
opportunities, 2, 2, 1
dribble, 3, 3, 6
gary, 1, 1, 1
tl, 3, 3, 162
program, 1, 1, 5
norg, 1, 1, 1
preserved, 1, 1, 2
th, 2, 2, 1
ti, 1, 1, 2
fivestar, 1, 1, 37
smk, 1, 1, 1
enjoying, 1, 1, 5
hideous, 1, 1, 2
rob, 1, 1, 7
norm, 1, 1, 13
ta, 7, 7, 23
sound, 6, 5, 6
woman, 2, 2, 171
worse, 6, 6, 28
takes, 2, 2, 3
sitting, 5, 5, 378
paradise, 2, 1, 1
fav, 1, 1, 2
robotnik, 1, 1, 12
fat, 2, 2, 7
focus, 2, 2, 5
selfies, 1, 1, 3
asgard, 1, 1, 23
worst, 7, 7, 130
decide, 3, 3, 3
got, 67, 55, 563
awful, 1, 1, 1
sony, 1, 1, 2
ticket, 1, 1, 2
difference, 4, 3, 35
abandoned, 5, 4, 12
leads, 3, 3, 156
sant, 1, 1, 2
synths, 2, 1, 153
alma, 1, 1, 4
gf, 3, 3, 5
skeletal, 1, 1, 13
heist, 6, 6, 21
lauf, 1, 1, 2
bucco, 1, 1, 2
mattered, 1, 1, 0
large, 3, 3, 12
spiderman, 1, 1, 1
realising, 1, 1, 1
mile, 3, 3, 80
itemweapon, 1, 1, -1
small, 20, 18, 115
artorias, 1, 1, 1
shoulda, 1, 1, 1
gb, 1, 1, 2
darkbeast, 1, 1, 3
titled, 1, 1, 3
andor, 1, 1, 5
streets, 3, 3, 25
grabs, 1, 1, 6
pun, 1, 1, 2
past, 17, 16, 36
rate, 1, 1, 3
titles, 1, 1, 1
design, 4, 3, 162
perspective, 2, 2, 85
lawyer, 1, 1, 2
pass, 20, 13, 247
split, 2, 2, 10
choices, 2, 2, 154
browsing, 1, 1, 18
casual, 1, 1, 1
chuckle, 2, 2, -4
creatures, 2, 1, 153
firstplaceproblems, 1, 1, -3
tweeted, 1, 1, 4
stood, 1, 1, 1
sub, 2, 2, 21
clock, 1, 1, 22
planetside2, 1, 1, 1
sun, 1, 1, 8
wrecked, 1, 1, 1
ticks, 1, 1, 22
fucks, 3, 3, 1778
emotions, 2, 1, -10
crush, 2, 2, 3
version, 11, 11, 1282
destroyed, 1, 1, 1
shuffling, 1, 1, 5
learned, 3, 3, 19
hijacked, 1, 1, 8
racing, 5, 4, 11
guns, 9, 5, 555
movement, 2, 2, 38
videogame, 1, 1, -16
full, 15, 15, 484
christian, 1, 1, 5
stages, 4, 3, 24
throww, 6, 1, 111
vet, 1, 1, 9
hours, 21, 18, 1523
ranger, 2, 2, 53
bribes, 1, 1, 2
threads, 1, 1, 1
arch, 1, 1, 16
excess, 1, 1, 9
_y1zguuhgs8amp, 1, 1, 3
graves, 1, 1, 1
method, 1, 1, 1
strong, 3, 3, 4
table, 1, 1, 1
legend, 6, 5, 12
baron, 2, 2, 10
arena, 2, 2, 17
pleasant, 1, 1, 1
search, 3, 3, 164
ejectoseato, 1, 1, 38
3000, 1, 1, 7
division, 2, 2, 2
extraordinary, 1, 1, 31
diming, 1, 1, 1
inspired, 2, 2, 2
whine, 1, 1, 2
qualify, 1, 1, 4
experience, 2, 2, 13
soldier, 7, 6, 83
amount, 9, 7, 319
l2spell, 1, 1, 0
pick, 13, 13, 543
action, 7, 7, 41
mentions, 1, 1, 2
chain, 1, 1, 153
options, 3, 3, 183
potionand, 1, 1, 1
shuffle, 1, 1, 1
dues, 1, 1, 1
thankfully, 3, 3, 5
suddenly, 1, 1, 37
requiring, 1, 1, -1
vii, 1, 1, 0
cosmetic, 1, 1, 16
planeswalker, 1, 1, 1
put, 31, 30, 1394
follower, 1, 1, 5
ocelot, 2, 2, 4
toys, 2, 2, 14
arseface, 1, 1, 1
pulls, 1, 1, 1
crater, 1, 1, 2
establish, 1, 1, 12
files, 1, 1, 0
ringing, 1, 1, 101
teammates, 1, 1, 13
crushinator, 1, 1, 2
flaws, 1, 1, 30
score, 2, 2, 2
twd, 1, 1, -20
amaze, 1, 1, 1
objectives, 3, 3, 102
plastered, 1, 1, 3
two, 39, 33, 1040
vote, 2, 2, 21
resident, 1, 1, 5
hadouken, 1, 1, 111
exploding, 1, 1, 2
trip, 1, 1, 1
6, 13, 11, 597
taken, 5, 5, 74
injury, 1, 1, 1
paraphrased, 1, 1, 20
xyxpln23alm, 1, 1, 11
ballad, 1, 1, 27
savingreloading, 1, 1, 2
turbo, 2, 2, 534
scotia, 1, 1, 1
fellow, 3, 3, 156
knows, 5, 4, 104
1500, 1, 1, 16
immersion, 1, 1, 6
archer, 1, 1, 7
corrected, 1, 1, 89
mira, 3, 1, 3
m80, 1, 1, 16
excuse, 2, 2, 23
flag, 3, 3, 27
controlling, 1, 1, 4
stick, 3, 3, 55
broke, 5, 5, 207
particular, 3, 3, 17
known, 2, 2, 10
coyote, 1, 1, 1
doom, 3, 3, 6
firerate, 3, 1, 16
glad, 3, 3, 4
dex, 1, 1, 75
none, 4, 4, 142
include, 1, 1, 0
hour, 6, 6, 15
offender, 1, 1, 9
phrasing, 1, 1, -3
policemen, 1, 1, 2
sucks, 4, 4, 17
ducklips, 1, 1, 3
acts, 1, 1, 9
guards, 1, 1, 3
tw3, 1, 1, 3
patrols, 1, 1, 2
nine, 3, 3, 40
sent, 2, 2, 116
evolved, 2, 2, 3
v, 35, 32, 971
knocked, 1, 1, 2
enders, 1, 1, 3
playable, 3, 3, 2
quicksave, 1, 1, 2
epitome, 1, 1, 1
history, 1, 1, 3
beautiful, 3, 3, 24
compare, 1, 1, 3
digging, 1, 1, 0
f4, 2, 2, 7
challenging, 1, 1, 3
brown, 2, 2, 55
share, 2, 2, -9
stinging, 1, 1, 1
pages, 1, 1, 23
numbers, 2, 1, -10
purchased, 1, 1, 153
sense, 4, 4, 36
cows, 1, 1, 1
pond, 3, 2, -14
disliked, 1, 1, 1
gamegt, 1, 1, 6
reputation, 1, 1, 20
information, 1, 1, 194
needs, 8, 8, 114
casings, 1, 1, 1
court, 1, 1, 2
goal, 6, 6, 70
awkward, 1, 1, 5
rather, 11, 11, 495
plans, 1, 1, 1
yeast, 1, 1, 5
spreadsheet, 1, 1, 24
stayed, 4, 4, 58
hnhpmjbgkxa, 1, 1, 1
maps, 6, 6, 12
glowing, 1, 1, 1
1695, 1, 1, 153
functioning, 1, 1, 2
opt, 1, 1, 0
clink, 1, 1, 2
ryu, 1, 1, 8
explains, 1, 1, 27
creature, 2, 2, 38
miyagi, 1, 1, 3
simplicity, 1, 1, 1035
plant, 1, 1, 9
okay, 3, 3, -3
tried, 10, 10, 175
bags, 1, 1, 0
countryside, 2, 1, 5
jk, 1, 1, 1
bumper, 1, 1, 1
sneak, 2, 2, 112
testament, 1, 1, 5
tries, 4, 4, 6
plane, 6, 6, 602
lighting, 3, 3, 160
blood, 1, 1, 9
ff, 1, 1, 0
coming, 9, 9, 220
ironman, 3, 3, 57
rfrisson, 1, 1, 20
circumstantial, 1, 1, 0
plank, 2, 2, 37
refuse, 2, 2, 4
short, 1, 1, 5
palyer, 1, 1, 99
leroy, 2, 1, 2
loud, 1, 1, 1
katsucon, 2, 2, 4
overnight, 1, 1, 2
trevor, 1, 1, 12
impossibly, 1, 1, 1
colonels, 1, 1, 22
tsar, 1, 1, 16
negligible, 1, 1, 6
hobbit, 2, 2, 6
pay, 8, 7, 103
banks, 1, 1, 2
inline, 1, 1, 5
dream, 3, 3, 22
playing, 45, 44, 916
chicks, 2, 2, 206
itl, 1, 1, 1
rounded, 1, 1, 252
help, 13, 13, 1835
adult, 2, 2, 0
ffx, 2, 1, 1
essence, 2, 2, 14
brotha, 1, 1, 1
sooo, 1, 1, 3
mission, 33, 28, 183
trade, 1, 1, 1
mixing, 1, 1, 153
isnt, 3, 2, 9
sighteverything, 1, 1, 30
unite, 1, 1, 4
lasers, 1, 1, 4
replies, 1, 1, 729
hell, 15, 15, 56
itt, 3, 3, -7
intelligently, 1, 1, 19
heli, 1, 1, 7
developer, 1, 1, 2
24, 1, 1, 11
messed, 1, 1, 2
style, 3, 2, 127
20, 13, 12, 174
22, 2, 2, 31
computers, 1, 1, 1
pray, 1, 1, 3
c, 2, 1, 1
greatly, 1, 1, 23
28, 2, 2, 41
blurring, 1, 1, 1
actually, 44, 44, 3388
late, 5, 5, 242
harmless, 1, 1, 20
absence, 1, 1, 13
ruining, 1, 1, 6
watchdogs, 1, 1, 2
cross, 2, 2, 6
conkers, 2, 2, 4
offensive, 1, 1, 4
might, 16, 15, 307
alter, 1, 1, 0
dolls, 1, 1, 1
lookout, 1, 1, 50
someone, 29, 28, 3910
somebody, 4, 3, 28
calm, 2, 2, 10
yo, 2, 2, 7
ya, 1, 1, 36
gadget, 1, 1, 1
hunter, 2, 2, 4
mashing, 2, 2, 10
woulda, 1, 1, 37
number, 3, 3, 21
underground, 2, 2, 2
walls, 4, 4, 4
sideways, 1, 1, 2
ninja, 5, 4, 35
valentine, 2, 2, 271
farcry4, 1, 1, 1
animation, 6, 6, 20
bigger, 4, 4, 5
instructions, 1, 1, 9
easily, 6, 6, 27
mettaton, 1, 1, 15
glaring, 1, 1, 30
hrs, 1, 1, 1
unplayable, 1, 1, 1
imprisoned, 1, 1, 2
instances, 1, 1, 1
always, 61, 58, 2666
puzzle, 2, 2, 19
harbor, 8, 3, 277
stopped, 3, 3, 8
uploads, 1, 1, 3
turns, 6, 5, 11
found, 15, 15, 140
mouse, 3, 2, 19
difficult, 6, 6, 28
notes, 1, 1, 3
trailer, 3, 2, 14
referred, 1, 1, -17
heavy, 7, 6, 14
reactions, 1, 1, 3
everyone, 16, 15, 257
chopper, 1, 1, 1
weight, 6, 4, 36
needless, 2, 2, 1045
generation, 1, 1, 3
jaws, 1, 1, 4
deathclaw, 1, 1, 2
hard, 32, 27, 347
reduce, 1, 1, 1
idea, 11, 11, 103
gun, 9, 9, 166
oil, 2, 2, 10
expect, 6, 6, 1485
quantum, 1, 1, 11
operation, 2, 2, 3
beyond, 5, 4, 179
conker, 1, 1, 4
event, 6, 6, 1153
really, 72, 68, 1229
gus, 1, 1, 2
lovers, 1, 1, 111
missed, 10, 8, 1423
wondered, 3, 3, 2
item, 11, 7, 2597
ufuckswithducks, 1, 1, 3
trooper, 2, 2, 4
since, 31, 30, 836
garvey, 3, 2, 25
research, 1, 1, 1
lols, 1, 1, 3
misses, 4, 4, 336
health, 3, 3, 8
lord, 1, 1, 27
7, 3, 3, 4
brewers, 1, 1, 1
print, 2, 2, 13
hearing, 2, 2, 21
shortly, 1, 1, 1
issue, 3, 3, 8
brewery, 3, 3, 4
tx0htrgasqo, 1, 1, 0
ass, 9, 8, 44
tooie, 1, 1, 5
nervously, 1, 1, -10
drink, 11, 8, 9
exodus, 2, 1, 1
crouched, 1, 1, 3
dirt, 1, 1, -10
roofs, 1, 1, 2
correspondingly, 1, 1, -1
motherfucker, 1, 1, 47
diploma, 1, 1, 28
uchainchompbraden, 1, 1, 199
difficulty, 8, 8, 88
reason, 16, 16, 203
base, 10, 9, 91
members, 2, 2, 4
imagine, 9, 9, 88
ask, 4, 4, 11
heads, 1, 1, 2
ash, 1, 1, 33
beginning, 5, 5, 12
loads, 2, 2, 2
bash, 1, 1, 18
kellog, 1, 1, 5
bumped, 1, 1, 4
feb, 1, 1, 11
benefits, 1, 1, 0
slowdown, 2, 1, 0
thread, 4, 4, 20
iimgurcomtnbxqgdgif, 1, 1, 11
needing, 3, 3, 32
positioning, 1, 1, 1
terrible, 4, 4, 539
caption, 2, 2, 6
american, 2, 2, -2
jelly, 1, 1, 2
expecting, 3, 3, 4
gamenever, 1, 1, 1
w, 3, 3, 36
divorce, 3, 2, -7
consequence, 1, 1, 257
existential, 1, 1, 4
castle, 4, 3, 279
apocalypse, 2, 2, 22
starbursts, 1, 1, 1
throws, 3, 3, 60
mimgurcompgskxzm, 1, 1, 119
dive, 1, 1, -1
flood, 1, 1, 3
major, 1, 1, 5
smoother, 1, 1, 1
dont, 13, 10, 212
probability, 1, 1, 152
3ds, 2, 2, 108
feel, 20, 20, 273
hundres, 1, 1, 1
beforehand, 1, 1, 2
5580, 1, 1, 1
reflected, 1, 1, 30
turnbased, 1, 1, 3
feet, 2, 2, 129
infinite, 2, 2, 17
pop, 1, 1, 2
smaller, 1, 1, 99
done, 11, 11, 592
elevator, 3, 3, 7
yeahthat, 1, 1, 18
blank, 2, 2, 2
kobe, 1, 1, 2
miss, 30, 25, 2030
grocery, 1, 1, 1
stage, 2, 2, 23
staying, 1, 1, 3
tatl, 1, 1, 1
guess, 17, 17, 1050
landmass, 2, 2, 211
bulletresistant, 2, 2, 534
jet, 5, 5, 18
rookies, 1, 1, 58
leading, 1, 1, 0
5th, 1, 1, -3
smough, 3, 3, 26
716721, 1, 1, 75
puzzles, 1, 1, 87
least, 15, 15, 231
jeb, 1, 1, 14
paint, 1, 1, 153
station, 2, 2, 3
expand, 3, 2, 3
storm, 2, 2, 2
sigh, 2, 2, 3
terminals, 1, 1, -1
hundred, 2, 2, 114
southern, 1, 1, 5
banana, 1, 1, 0
store, 4, 4, 5
listed, 1, 1, 2
mini, 1, 1, 2
selling, 2, 2, 0
watcher, 1, 1, 1
option, 4, 4, 23
relationship, 2, 2, 7
trapped, 3, 3, 89
checklist, 1, 1, 4
needle, 2, 1, 1
park, 2, 2, 109
kitchen, 1, 1, 3
part, 12, 12, 167
rifle, 5, 5, 53
tfw, 1, 1, 2
believe, 10, 10, 42
convinced, 3, 3, 96
carnage, 2, 2, 534
sumerian, 1, 1, 1
kind, 13, 12, 354
b, 2, 2, 17
aaa, 1, 1, 20
pcs, 1, 1, 1
bag, 4, 3, 124
vial, 5, 3, 97
double, 2, 2, 18
onewhen, 1, 1, 3
whores, 1, 1, 14
username, 1, 1, 2
breakups, 1, 1, 1
dank, 1, 1, 2
supposed, 12, 12, 1869
a40, 1, 1, 1
shotgun, 2, 2, 3
certs, 1, 1, 16
nailed, 1, 1, 2
toward, 1, 1, 1
colour, 3, 3, 116
attached, 2, 2, 30
silence, 1, 1, 26
castlevania, 1, 1, 2
ranch, 2, 2, 4
outta, 1, 1, 2
kart, 14, 14, 200
danish, 1, 1, 3
fights, 3, 3, -7
ages, 4, 4, 36
juicy, 1, 1, 1
roughly, 2, 2, 485
randomly, 1, 1, 1
pedestrian, 1, 1, 7
pgaa7e6icx0, 1, 1, 2
gorilla, 1, 1, 2
aged, 1, 1, 1
individually, 1, 1, 2
vulnerable, 1, 1, 2
sell, 4, 3, -8
lie, 1, 1, 3
spyro, 4, 3, -9
confirm, 1, 1, 1
drunk, 6, 6, 5
depending, 2, 2, 17
dildo, 1, 1, 0
odd, 1, 1, 5
cave, 2, 2, 4
trowel, 1, 1, 1
click, 5, 5, 42
ubreak, 1, 1, 199
also, 42, 40, 777
entirety, 1, 1, 2
aggro, 1, 1, 2
lip, 1, 1, 4
build, 6, 6, 201
flakes, 1, 1, 2
k5wmedlpfnu, 1, 1, 3
gym, 1, 1, 11
oops, 1, 1, 1
club, 3, 3, 80
play, 101, 85, 3461
towards, 7, 6, 432
pointblank, 2, 2, 42
hilent, 1, 1, 12
customize, 1, 1, 153
quote, 3, 3, 26
rrainbow6, 1, 1, 802
reach, 3, 3, 9
ps, 1, 1, 2
depths, 1, 1, 18
75, 2, 2, 53
experiences, 2, 2, 534
plan, 4, 3, 192
treasure, 1, 1, 1
70, 2, 2, 8
nothing, 12, 12, 1566
defensible, 1, 1, 3
decision, 1, 1, 1
extremely, 3, 3, 6
achievement, 3, 3, 63
78, 1, 1, 22
registers, 1, 1, 1
branching, 1, 1, 3
audio, 2, 2, 8
dealers, 2, 2, 4
deku, 5, 2, 10
sturdy, 1, 1, 0
spends, 2, 2, 92
clear, 7, 7, 100
sometimes, 10, 10, 254
cover, 19, 14, 253
legaia, 1, 1, 1
collecting, 1, 1, 2
godawful, 1, 1, 4
realises, 1, 1, 3
convient, 1, 1, 3
clean, 1, 1, 69
barren, 1, 1, 1
hyrule, 1, 1, 1
physics, 2, 2, 86
hips, 1, 1, 3
dodging, 2, 2, 6
dealzon, 1, 1, 11
cinnamon, 1, 1, 4
particularly, 2, 2, 5
rebels, 2, 1, 7
gold, 3, 3, 1269
pennies, 1, 1, 111
mutants, 1, 1, 1
runescape, 5, 5, 22
disappointed, 3, 3, 199
hotel, 1, 1, 1
snakeblew, 1, 1, 51
meticulously, 1, 1, 2
sprayed, 1, 1, 4
crayon, 1, 1, 10
frisking, 1, 1, 2
stoned, 2, 1, 37
carefully, 1, 1, 1
coins, 2, 2, 14
fine, 3, 3, 25
find, 29, 27, 80
bananas, 6, 6, 6
completion, 3, 3, 8
reminiscent, 1, 1, 2
giant, 2, 2, 98
cried, 3, 3, 7
northern, 1, 1, -1
justice, 1, 1, 69
townspeople, 1, 1, 153
wallhacking, 1, 1, 1
flesh, 3, 3, 4
rotten, 2, 2, 2
unhappy, 2, 2, 58
penalty, 2, 2, 2
failed, 2, 2, 2
idiots, 2, 2, 0
asking, 1, 1, 1
explodes, 2, 2, 7
pretty, 40, 38, 312
factor, 1, 1, -1
8, 2, 2, 14
checkpoint, 1, 1, 1
storage, 1, 1, 1
hit, 49, 36, 1917
freaks, 1, 1, 12
vidya, 1, 1, 4
spoiler, 3, 3, 15
toy, 2, 1, 2
adventurers, 1, 1, 1
express, 1, 1, 3
proned, 1, 1, 2
wonky, 1, 1, 0
cheaper, 2, 2, 3
famous, 1, 1, 1
feels, 5, 5, 484
rings, 1, 1, -10
longest, 1, 1, 178
theft, 1, 1, 2
international, 1, 1, 0
respectively, 1, 1, 16
imitating, 1, 1, 11
restart, 1, 1, 1
contextual, 1, 1, 1
cringy, 1, 1, 2
enemy, 16, 16, 122
catcher, 1, 1, 12
tot, 1, 1, 0
badge, 1, 1, 2
36m51s, 1, 1, 3
generally, 1, 1, 4
dothraki, 1, 1, 78
orcs, 1, 1, 3
remove, 2, 2, 2
ahhhhh, 2, 2, 98
bf2, 1, 1, 26
gdc, 1, 1, 83
scripted, 1, 1, 395
witcher, 9, 9, 16
hype, 2, 2, 213
x, 3, 3, 3
creator, 1, 1, 18
wrote, 2, 2, 32
insane, 2, 2, 5
scenery, 1, 1, 1
bars, 1, 1, 4
set, 14, 14, 181
art, 4, 4, 15
ser, 1, 1, 4
adopt, 3, 1, 5
psychological, 1, 1, 0
throwing, 1, 1, 1
intelligence, 2, 2, 7
monza, 2, 2, 29
sex, 1, 1, 9
mantra, 1, 1, 7
see, 57, 51, 2042
individual, 4, 4, 48
dumb, 2, 2, 4
sea, 1, 1, 1
ps3, 1, 1, 1
close, 10, 10, 106
youtubennyyjxqbydu, 1, 1, 1
paul, 1, 1, 12
chose, 1, 1, 83
sequences, 1, 1, 13
knees, 1, 1, 1
cosplay, 2, 2, 0
oldies, 1, 1, 1
expert, 2, 2, 5
visiting, 1, 1, 16
movie, 3, 3, 5
wow, 12, 9, 343
currently, 5, 5, 34
please, 14, 14, 191
sophie, 3, 1, 5
ups, 4, 4, 397
pickup, 3, 3, 27
various, 2, 2, 17
6080, 1, 1, 0
lei, 1, 1, 2
probably, 21, 19, 239
burned, 1, 1, 1
donate, 1, 1, 26
numerous, 1, 1, 0
monsters, 1, 1, 1
compliment, 1, 1, 3
piss, 1, 1, 2
available, 2, 2, 52
blow, 1, 1, 75
vindicated, 1, 1, 2
recently, 7, 7, 0
unconscious, 1, 1, 98
missing, 7, 5, 35
keyboard, 2, 2, 4
pisses, 1, 1, 10
sold, 3, 3, 10
attention, 5, 5, 25
outfit, 6, 3, 171
hill, 2, 2, 2
spray, 1, 1, 3
invest, 1, 1, 1
invisible, 3, 3, 2
pagan, 1, 1, 13
remaining, 1, 1, 1
pissed, 2, 2, 0
floats, 1, 1, 1
orphanage, 2, 1, 2
last, 43, 42, 371
generator, 2, 2, 31
mega, 2, 2, 5
desired, 1, 1, 1
vaule, 1, 1, -10
solely, 1, 1, -2
barely, 1, 1, 40
funhausachievement, 1, 1, 0
remembers, 1, 1, 3
bandit, 1, 1, 111
connection, 1, 1, 3
became, 6, 6, 132
sills, 2, 1, 12
enchantments, 1, 1, 0
cola, 2, 1, 2
desaturate, 1, 1, 73
bots, 3, 3, 19
whole, 15, 15, 75
healing, 1, 1, 2
load, 7, 7, 98
illeity, 1, 1, 1
i8xqxkica2i, 1, 1, 11
consume, 1, 1, 13
hackers, 1, 1, 2
point, 18, 18, 124
reasons, 2, 2, 38
sweet, 6, 6, 8
loan, 1, 1, 1
forklift, 1, 1, 3
smashing, 3, 3, 4
rad, 1, 1, 1
dudes, 4, 4, 5
coincidence, 2, 1, 4
fashion, 1, 1, 3
simply, 4, 4, 49
likes, 6, 6, 644
upgrades, 1, 1, 3
mattress, 2, 2, -9
throughout, 4, 4, 50
olimar, 1, 1, 1
beats, 1, 1, 0
belt, 2, 1, 1
pr, 1, 1, 46
shieldbearer, 1, 1, 1
consuming, 4, 4, 512
xpost, 2, 2, 2
filth, 1, 1, 12
storytelling, 1, 1, 83
pt, 1, 1, 1
humorous, 1, 1, 1
create, 3, 3, 48
seep, 1, 1, 1
curve, 3, 2, 17
strategy, 4, 4, 11
hitting, 3, 3, 75
pc, 18, 15, 89
secret, 4, 4, 152
dropping, 1, 1, 1
damn, 23, 23, 1337
navigate, 1, 1, 153
collected, 1, 1, 4
brick, 4, 4, 43
pi, 2, 1, 1
whoa, 2, 2, 29
empty, 17, 10, 842
humping, 1, 1, 1
firm, 1, 1, 13
bromance, 1, 1, 1
lived, 1, 1, 22
zelduh, 2, 1, 52
squirrel, 1, 1, 4
fire, 6, 6, 51
infect, 2, 1, 2
fearing, 1, 1, 2
gas, 2, 2, 2
requires, 7, 6, 22
else, 14, 14, 294
usage, 1, 1, 4
whatever, 9, 9, 168
understand, 10, 9, 2965
whitney, 1, 1, 46
demand, 1, 1, 2
gag, 1, 1, 10
rocking, 1, 1, 2
awfully, 1, 1, 1
watch_dogs, 1, 1, 1
coursealways, 1, 1, 2
honking, 2, 2, 38
valkyria, 2, 2, 8
fur, 3, 3, 7
look, 35, 33, 2778
fuq, 1, 1, 86
solid, 3, 3, 1030
straight, 8, 7, 14
expanded, 1, 1, 153
twenty, 1, 1, 111
tekkers, 1, 1, -8
invisable, 1, 1, 1
forgetting, 2, 2, 42
optimization, 1, 1, 16
accidently, 1, 1, 4
pressed, 2, 2, 112
behavior, 1, 1, 1773
mordor, 1, 1, 3
fun, 27, 24, 191
mmmmwahahahahahahaa, 1, 1, 1
2100, 1, 1, 2
guide, 1, 1, 1
loop, 1, 1, 85
alike, 1, 1, 20
kingdom, 3, 3, 21
larger, 1, 1, 2
10000, 1, 1, 37
hoping, 1, 1, 1
contaminate, 1, 1, 2
cents, 1, 1, 13
socom, 1, 1, 1
demon, 1, 1, 12
jpg, 2, 2, 8
ducks, 1, 1, 3
decoration, 1, 1, 2
gunned, 1, 1, 3
awakening, 1, 1, 1
obstacle, 1, 1, 257
frantic, 2, 2, 5
9598, 1, 1, 1
triple, 1, 1, 1
beautifully, 1, 1, 2
glassblowers, 1, 1, 1
runner, 1, 1, 1
a40a50, 1, 1, 16
garantied, 1, 1, 0
chase, 3, 3, 46
funny, 9, 9, 29
30fps, 1, 1, 1
raiders, 2, 2, 155
italy, 1, 1, 28
baseline, 1, 1, 26
shat, 1, 1, 67
swords, 2, 2, 4
kirby, 1, 1, 1
l8hkfa0ifns, 2, 2, 278
bethesda, 12, 11, 167
peoples, 1, 1, 18
wasteland, 6, 3, 173
ray, 1, 1, 0
ruto, 1, 1, 3
shao, 1, 1, 4
conflict, 1, 1, 153
higher, 2, 2, 162
development, 3, 3, 3
used, 25, 25, 374
temporary, 1, 1, 3
dime, 1, 1, 13
bonus, 3, 3, 1
island, 7, 7, 179
yesterday, 2, 2, 53
alert, 1, 1, -1
moment, 4, 4, 276
levels, 16, 10, 301
moving, 8, 7, 10
user, 2, 2, 2
ssdamp, 1, 1, 1
haunting, 1, 1, 2
robust, 1, 1, 1
nickname, 1, 1, 0
socialist, 2, 2, 0
infamous, 1, 1, 6
recent, 3, 3, 3
dark, 22, 22, 448
lower, 5, 5, 1572
task, 2, 2, 36
finesse, 1, 1, 111
evasion, 1, 1, 1
older, 3, 3, 115
percentages, 1, 1, 69
anxious, 2, 1, 1
dancing, 1, 1, 1
urge, 1, 1, 1
anybody, 5, 5, 54
wedged, 1, 1, 2
edgy, 1, 1, 3
person, 10, 10, 76
edge, 2, 2, 5
chronicles, 2, 2, 8
involves, 1, 1, 1
consistency, 1, 1, 109
platformersi, 1, 1, -11
meanwhile, 2, 2, 112
initials, 1, 1, 111
spend, 3, 3, 3
shitbox, 1, 1, 3
sims, 2, 2, 21
reds, 1, 1, 1
psiops, 1, 1, 1
abilities, 2, 2, 171
mom, 3, 3, 14
sx200_ql40amp, 2, 1, 1
yeahcool, 1, 1, 1
settlements, 6, 5, 172
crackled, 1, 1, 2
competitive, 3, 3, 10
quarters, 2, 2, 112
winced, 1, 1, 3
atomic, 1, 1, 38
questions, 1, 1, 6
behind, 14, 13, 84
useful, 3, 3, 4
sidebar, 1, 1, 16
commandergeneral, 1, 1, 4
jumpsuit, 1, 1, 3
letting, 1, 1, 3
dabbin, 1, 1, -1
cut, 4, 4, 33
slogging, 1, 1, 2
tablet, 1, 1, 3
majority, 1, 1, 1
hated, 2, 2, 179
spills, 1, 1, 2
guaranteed, 1, 1, 8
cuz, 2, 2, 39
signals, 1, 1, 1
source, 7, 7, 652
cue, 1, 1, 7
deliberately, 1, 1, 30
dare, 1, 1, 1
crying, 3, 2, 20
kamrul, 1, 1, 1
laggard, 1, 1, 1
excited, 4, 4, 79
hates, 4, 4, 17
obligatory, 1, 1, 2
bluefilter, 1, 1, 29
australia, 1, 1, 22
march, 3, 1, 153
tease, 1, 1, 1
impaling, 1, 1, 6
pathmodule, 1, 1, 1
big, 19, 17, 255
showing, 6, 6, 138
laughed, 1, 1, 1
pricey, 2, 2, 51
reuse, 1, 1, 1
shitty, 11, 11, 228
game, 287, 233, 6183
quest, 15, 11, 58
logical, 1, 1, 7
underwhelmed, 1, 1, 18
bit, 11, 11, 149
buddy, 1, 1, 2
like, 189, 170, 4010
knock, 1, 1, 1
banjo, 1, 1, 5
pqv_lustxdw, 1, 1, 0
semi, 1, 1, 15
sincerely, 1, 1, 7
puck, 1, 1, 0
admittedly, 2, 2, 40
signal, 2, 1, 1
consensus, 1, 1, 18
collect, 1, 1, 2
destination, 2, 2, 21
youtubebbdgguyscue, 1, 1, 28
leia, 1, 1, 7
crawled, 1, 1, 1
popular, 3, 3, 23
ptsd, 1, 1, 2
clipping, 1, 1, 2
dudettes, 1, 1, 2
often, 5, 5, 8
fucking, 39, 36, 1355
goddamn, 4, 4, 65
pals, 1, 1, -1
duck, 1, 1, 3
back, 60, 51, 818
bounce, 3, 3, 4
kerlon, 2, 2, 0
b4, 2, 1, 1
understood, 2, 2, 6
strongest, 1, 1, 18
experienced, 3, 3, 12
replaying, 1, 1, 4
grenades, 3, 2, 5
sight, 6, 6, 18
2999, 4, 2, 155
curious, 1, 1, 5
exiting, 1, 1, 1
ar33s, 2, 1, 4
fanfare, 1, 1, 101
savage, 1, 1, 3
horde, 1, 1, 153
scale, 1, 1, 5
fzero, 2, 2, 3
jmyd3tsxyuc, 1, 1, 3
griefing, 1, 1, 2
youtubepv0isvuq8pi, 2, 2, 412
audience, 1, 1, 3
bollywood, 1, 1, 2
programmers, 1, 1, 3
bendover, 3, 3, 27
connecting, 1, 1, 1
slash, 3, 3, 4
blackops, 1, 1, -6
excluding, 1, 1, 1
epic, 2, 2, 21
temple, 1, 1, 21
bunion, 1, 1, 87
either, 10, 8, 52
run, 23, 23, 270
belts, 1, 1, 111
300, 1, 1, 1
word, 1, 1, 1
jumps, 1, 1, 4
continuing, 1, 1, 2
equipping, 1, 1, 2
zombie, 9, 6, 56
bathroom, 1, 1, 1
step, 3, 3, 34
usd, 4, 1, 153
nowhere, 1, 1, 391
lasts, 1, 1, 1
become, 3, 3, 159
crap, 4, 4, 79
aswell, 1, 1, 1
handled, 1, 1, 4
jake, 1, 1, 4
megaton, 1, 1, 2
sharper, 1, 1, 7
anything, 16, 16, 139
starsomething, 1, 1, 0
firing, 2, 2, 10
potionmaking, 1, 1, 94
trinket, 1, 1, 7
deserves, 1, 1, 14
range, 5, 5, 54
bgs, 1, 1, 20
idk, 2, 2, 4
psychonaut, 1, 1, 2
charm, 1, 1, 2
hatred, 1, 1, 3
wonders, 1, 1, 1
block, 5, 5, 9
20140927070713, 1, 1, 2
seeing, 6, 6, 409
uhanyways, 1, 1, 79
letter, 1, 1, 153
garbage, 3, 3, 2
viola, 1, 1, 1
visit, 2, 2, 392
aliens, 9, 9, 363
within, 3, 3, 13
iimgurcomb3v6gqnjpg, 1, 1, 13
nonsense, 2, 2, 41
mutagenic, 1, 1, 0
servers, 1, 1, 28
iwbtg, 1, 1, 3
appropriate, 1, 1, 2
xbones, 1, 1, 1
url, 1, 1, 1
mp_s_a_1_2, 1, 1, 1
universalis, 1, 1, 3
lesson, 1, 1, 1
morning, 1, 1, 1
downhill, 1, 1, 1
smells, 2, 2, 128
sectopod, 1, 1, 2
impressed, 2, 2, 2
sonny, 1, 1, 1
statistics, 1, 1, 1
arcade, 4, 4, 160
spam, 1, 1, 1
spending, 1, 1, 430
witchcraft, 1, 1, 3
question, 5, 5, 41
diago, 1, 1, 4
long, 17, 16, 397
custom, 3, 3, 299
assasin, 1, 1, 1
dribbled, 1, 1, 1
camera, 4, 4, 26
infected, 1, 1, 12
impresses, 1, 1, 2
suit, 1, 1, 0
forward, 1, 1, 1
wwhd, 1, 1, 3
bestmost, 1, 1, 2
sections, 1, 1, 8
footage, 2, 1, 2
sidenote, 1, 1, 1
mountains, 1, 1, 1
rim14andthisisdeep, 1, 1, -2
https, 61, 55, 2657
butters, 1, 1, 3
talked, 1, 1, 3
poster, 1, 1, 1
registered, 1, 1, 9
murphy, 1, 1, 12
girlfriends, 1, 1, 3
hoped, 1, 1, 9
boys, 3, 3, 656
properly, 3, 3, 6
link, 15, 15, 564
library, 1, 1, 4
newer, 1, 1, 29
delta, 2, 2, 4
line, 13, 11, 143
active, 1, 1, 16
nutshell, 4, 1, -1
raising, 1, 1, 2
posted, 4, 4, 1072
info, 2, 2, 24
tempered, 1, 1, 2
patriot, 1, 1, 2
biggie, 1, 1, 1
skull, 1, 1, 1
restarted, 1, 1, -1
blockage, 1, 1, 2
rgifsthatendtoosoon, 1, 1, 98
sounds, 8, 8, 168
ejector, 1, 1, 1
us, 16, 12, 710
ur, 1, 1, 20
planet, 1, 1, 1
mobile, 4, 4, 59
qid, 2, 1, 1
sona, 1, 1, 1
uh, 3, 3, -3
uk, 2, 1, 4
planes, 1, 1, 41
continuously, 1, 1, 1
fulfilled, 1, 1, 3
similar, 6, 6, 626
called, 18, 14, 160
mk9, 1, 1, 1
mk8, 2, 2, 7
sort, 1, 1, 1
procede, 1, 1, 2
ordered, 1, 1, 2
gayman, 1, 1, 1
raging, 1, 1, 138
metal, 5, 5, 1063
penalizes, 1, 1, 1
haunt, 1, 1, 86
package, 2, 2, 24
bayonetta, 1, 1, 3
single, 12, 12, 176
diverse, 1, 1, 26
l4d2, 1, 1, 1
ingredients, 3, 3, 6
winterhold, 1, 1, 23
guidance, 1, 1, 1
defensivebased, 1, 1, 4
cafe, 1, 1, 1
hail, 1, 1, 1
feburysvings20perc, 1, 1, 11
phantom, 1, 1, 4
rainbow, 5, 4, 39
supportive, 1, 1, 16
nag, 1, 1, 5
peach, 4, 3, 18
amounts, 1, 1, 9
nah, 1, 1, 4
peace, 1, 1, 153
xb1, 1, 1, -3
thinks, 1, 1, 11
occasional, 1, 1, 12
towers, 1, 1, 96
magics, 1, 1, 94
definitely, 6, 6, 128
bases, 2, 1, 16
corny, 1, 1, -11
grind, 1, 1, 18
forge, 1, 1, 7
storyline, 1, 1, 1
reedus, 8, 7, 172
acceptable, 2, 2, 9
nice, 32, 32, 1743
elements, 2, 2, 24
scrub, 1, 1, 1
intensifies, 1, 1, 5
favourite, 2, 2, 3
skill, 3, 3, 3
smiley, 2, 2, 33
problems, 5, 5, 7
fatalis, 1, 1, 4
prepared, 1, 1, 1
helping, 2, 2, 101
roboto, 1, 1, 7
drag, 1, 1, 3
allowing, 1, 1, 2
gsr, 1, 1, 1
weigh, 1, 1, 111
evac, 1, 1, 22
nooooootttt, 1, 1, 1
bot, 1, 1, 3
sides, 1, 1, 4
structure, 1, 1, 7
ago, 9, 9, 424
hells, 1, 1, 1
land, 6, 6, 21
fighter, 3, 3, 2
lana, 1, 1, -3
practically, 1, 1, 1
ballhog, 1, 1, 29
age, 1, 1, 1
required, 3, 3, 10
youtube, 4, 4, 64
orbit, 1, 1, 1
walked, 5, 5, 7
annoyed, 1, 1, 7
impatient, 1, 1, 1
cooked, 1, 1, 1
depth, 1, 1, 1035
beverage, 1, 1, 1
karma, 2, 2, 2
douchebag, 1, 1, 0
far, 17, 12, 405
vocally, 1, 1, 1
infuriates, 1, 1, 395
intentional, 2, 2, 51
scroll, 2, 2, 37
moveit, 1, 1, 0
renting, 1, 1, 2
trust, 1, 1, 1
code, 3, 3, 18
partial, 2, 2, 6
ashamed, 1, 1, 0
extremes, 1, 1, 18
scratch, 1, 1, 1
laziness, 1, 1, 20
resistance, 1, 1, 2
gx, 1, 1, 2
alien, 7, 7, 109
dispel, 1, 1, 24
farms, 1, 1, 3
ugh, 3, 3, 27
groceries, 1, 1, 2
gang, 2, 2, -18
referencing, 1, 1, -5
freakin, 1, 1, 1
go, 77, 66, 2706
flashback, 1, 1, 2
mercenaries, 1, 1, 5
issues, 4, 4, 7
luxuries, 1, 1, 3
crossover, 1, 1, 27
cruiser, 1, 1, 127
reposted, 2, 2, 798
harvest, 2, 2, 154
corsairk70, 1, 1, 1
young, 3, 3, 253
send, 7, 7, 258
nose, 2, 2, 1
campfire, 1, 1, 138
helps, 1, 1, -1
suite, 1, 1, 153
dislike, 1, 1, 0
women, 6, 6, 8
friendly, 2, 1, 2
ringsfallout, 1, 1, 27
sniper, 6, 6, 103
spaceship, 1, 1, 10
sypro, 1, 1, 1
breathing, 1, 1, 4
wished, 1, 1, 3
outside, 6, 6, 160
rshitpost, 83, 1, 1
hazing, 1, 1, 2
stadium, 1, 1, 14
crosses, 1, 1, 2
putting, 3, 3, 12
chooses, 1, 1, 1
llama, 1, 1, -3
noose, 1, 1, 7
telling, 4, 4, 656
drinking, 4, 4, 13
ending, 1, 1, 0
wipe, 1, 1, -1
entire, 15, 13, 153
partially, 1, 1, 7
uxheeepphyrrrr, 1, 1, 0
wasis, 1, 1, 2
101, 1, 1, 6
exits, 1, 1, 1
vader, 1, 1, 1
meant, 4, 4, 29
knight, 1, 1, 0
button, 9, 7, 32
colors, 2, 2, 103
try, 14, 13, 979
barleywines, 1, 1, 1
race, 9, 8, 224
shiiiiiiiit, 1, 1, 1
relation, 1, 1, -10
carl, 2, 2, 2
settlers, 2, 2, 155
originally, 1, 1, 2
hyped, 2, 2, 27
goldeneye, 1, 1, 4
locate, 1, 1, -1
cap, 2, 2, 7
fuuuuuuuuuu, 1, 1, 8
autobots, 1, 1, 6
599, 1, 1, 11
pepper, 1, 1, 4
emerged, 1, 1, 7
waking, 1, 1, 87
jump, 8, 8, 46
vrjqgham92m, 1, 1, 1
n64, 4, 4, 9
video, 20, 20, 147
picked, 6, 6, 638
plead, 1, 1, 3
download, 2, 2, 2
acid, 1, 1, -1
nests, 1, 1, 3
makers, 1, 1, 19
depression, 1, 1, 3
reviews, 1, 1, 2
plays, 3, 3, 23
19th, 1, 1, 11
giving, 8, 8, 231
colonel, 1, 1, 31
assisted, 3, 3, 81
piper, 1, 1, 9
kudos, 2, 2, 2
labeled, 2, 2, 127
probs, 1, 1, 1
consistently, 2, 2, 17
waiting, 5, 5, 153
unreal, 1, 1, 28
volatile, 3, 3, 99
corridor, 1, 1, 1
theres, 1, 1, 3
ammunition, 1, 1, 2
bird, 2, 2, 25
feh, 1, 1, 1
3d, 3, 3, 84
body, 2, 2, 7
toast, 1, 1, 4
downright, 1, 1, 1
nearest, 1, 1, 1
rthathappened, 1, 1, 41
lee, 1, 1, 1
leg, 1, 1, 23
backstory, 1, 1, 612
pushing, 1, 1, 0
punch, 32, 5, 118
chaoticevil, 1, 1, 37
highly, 1, 1, 1
following, 6, 5, 12
explore, 5, 4, 38
objects, 1, 1, 1
let, 26, 24, 3727
expansion, 6, 5, 11
others, 3, 3, 8
sexy, 1, 1, 2
e, 1, 1, 1
tearstaste, 1, 1, 3
extreme, 1, 1, 30
great, 35, 35, 1481
38, 1, 1, 30
talent, 2, 2, 2
survivor, 1, 1, 2
credits, 1, 1, 2
receive, 1, 1, 8
involved, 2, 2, 41
30, 8, 8, 45
35, 2, 2, 19
34, 3, 3, 27
engine, 1, 1, 20
640, 1, 1, 3
jokes, 1, 1, 1
resulting, 1, 1, 2
uld, 1, 1, 7
sword, 6, 6, 38
shitshow, 1, 1, 0
opinion, 3, 3, 8
gaiden, 3, 2, 6
makes, 19, 18, 217
maker, 6, 6, 84
thats, 6, 5, 23
fake, 2, 2, -15
named, 4, 4, 55
panicked, 1, 1, 2
airspace, 1, 1, 199
heart, 7, 7, 24
shake, 1, 1, 87
win, 10, 10, 38
stunt, 3, 2, 47
fractured, 1, 1, 1
crazy, 2, 2, 30
wii, 4, 4, 64
iimgurcomfl9rwxtpng, 1, 1, 1
austria, 1, 1, 12
aboard, 2, 2, 220
names, 2, 2, 1
dwarven, 1, 1, 0
sewers, 1, 1, 12
apply, 5, 5, 752
boasts, 1, 1, 7
gateway, 1, 1, 1
cloud, 2, 2, 4
corrupted, 1, 1, 2
standing, 1, 1, 2
cha, 1, 1, 3
use, 24, 23, 841
andreas, 2, 2, 42
hears, 1, 1, 2
certificate, 1, 1, 89
milla, 7, 1, 2
remains, 3, 3, 4
hudson, 1, 1, 0
bush, 1, 1, 3
flat, 3, 2, 2
next, 22, 19, 378
doubt, 3, 3, 212
_, 3, 3, 20
rrated, 1, 1, 3
vehicle, 4, 4, 43
butler, 1, 1, 2
material, 1, 1, 1
raiding, 1, 1, 2
pushback, 1, 1, 37
judged, 1, 1, 1
levelheaded, 1, 1, 4
preconfirmed, 1, 1, 2
clever, 1, 1, 1
trippy, 1, 1, 1
upcoming, 1, 1, 1
giggle, 1, 1, 56
started, 10, 9, 178
becomes, 2, 2, 10
inclined, 1, 1, 24
freedom, 3, 2, 115
sister, 2, 2, 8
confused, 1, 1, 2
hes, 1, 1, 4
carrying, 3, 3, 550
rabbit, 1, 1, 4
hardened, 1, 1, 1
penis, 2, 2, 3
rare, 2, 2, 2
whatsoever, 1, 1, 1
folder, 1, 1, 16
starter, 1, 1, 28
blops, 2, 2, 8
account, 11, 10, 78
balls, 2, 2, 2
consoles, 4, 4, -2
origins, 3, 3, 18
f, 3, 3, 92
challenge, 5, 4, 9
oh, 38, 32, 3060
pour, 1, 1, 1
vibe, 1, 1, 3
handwave, 1, 1, 94
terran, 2, 1, 16
monster, 1, 1, 4
anywhere, 4, 4, 24
obvious, 3, 3, 39
smear, 1, 1, 9
pulling, 1, 1, 2729
drops, 1, 1, 1
didnt, 2, 2, 3
levitation, 1, 1, 2
flanking, 1, 1, 1
bend, 3, 2, 4
control, 3, 3, 154
nocturne, 1, 1, 1
tap, 5, 3, 5
waaaay, 1, 1, 0
mowing, 1, 1, 30
process, 2, 2, 30
estus, 1, 1, 3
billboards, 1, 1, 1
g1g2, 1, 1, 2
dogma, 1, 1, 2
pieces, 2, 2, 21
high, 18, 17, 199
villain, 3, 3, 72
exclaims, 1, 1, 506
something, 41, 35, 696
boner, 2, 2, 6
serial, 2, 2, 22
onionbro, 1, 1, 17
native, 1, 1, 74
sir, 4, 3, 28
thrustington, 1, 1, 0
competetive, 1, 1, 0
lame, 2, 2, 0
destroying, 1, 1, 3
holds, 3, 3, 38
carries, 1, 1, 4
tickling, 1, 1, 1
delay, 1, 1, 0
located, 1, 1, 1
carrier, 1, 1, 9
forest, 2, 1, 1
dismissing, 1, 1, 31
goner, 1, 1, 1
instead, 12, 12, 219
barleywine, 1, 1, 1
panic, 2, 1, 3
stock, 1, 1, 2
profile, 1, 1, 87
tension, 1, 1, 4
buildings, 2, 2, 37
ceremoniously, 1, 1, 2
blocks, 2, 2, 4
stormtroopers, 2, 2, 10
psyched, 1, 1, 1
farm, 1, 1, 174
watch, 11, 11, 112
hintgt, 1, 1, 1
act, 3, 3, 18
winners, 1, 1, 1
npc, 2, 2, 10
xc2, 1, 1, 2
men, 4, 3, 5
ties, 1, 1, 111
spelling, 1, 1, 1
mourning, 1, 1, 2
logiclet, 1, 1, 1
bsod, 1, 1, 2
l, 2, 1, 1
geek, 1, 1, 111
realized, 2, 2, 1369
assassin, 2, 2, 5
chasing, 3, 3, 130
smokehacks, 1, 1, 1
daycare, 1, 1, 1
addons, 1, 1, 153
light, 12, 11, 26
counter, 5, 5, 3
lines, 4, 4, 4
texturing, 1, 1, 109
screenshots, 1, 1, 2
wwii, 1, 1, 1
fortunately, 1, 1, 5
honestly, 4, 4, 4
realizes, 1, 1, 13
allow, 3, 3, 4
itreturned, 1, 1, 3
16vs16, 1, 1, 4
moders, 1, 1, 3
six, 6, 5, 258
upsnake, 1, 1, 2
countless, 3, 2, 1
mute, 1, 1, -10
hnnnngwhy, 1, 1, 132
move, 20, 18, 208
unonasuomi282, 1, 1, 89
giveaways, 1, 1, 1
geck, 1, 1, 1
whilst, 2, 2, 534
including, 5, 5, 199
costume, 1, 1, 44
damnit, 4, 4, 25
mentioned, 5, 5, 46
horny, 1, 1, 1
boosts, 1, 1, 16
bunch, 5, 5, 14
perfect, 5, 5, 115
superior, 2, 2, 11
theseus, 1, 1, 1
la, 1, 1, 10
chosen, 3, 3, 65
flawed, 1, 1, 2
nostalgia, 1, 1, 1
winning, 4, 4, 80
waitwhy, 1, 1, 0
cringe, 1, 1, 0
lt, 3, 3, 7
willing, 2, 2, 464
choose, 7, 6, 199
primal, 1, 1, 1
2015, 3, 3, 85
sapien, 1, 1, 1
2016, 11, 8, 286
9osbdbke9hy, 1, 1, 199
2010, 2, 2, 14
sif, 3, 3, 5
dad, 1, 1, 4
freeman, 1, 1, 2
violating, 1, 1, 3
crash, 2, 2, 534
fourth, 1, 1, 174
pearl, 1, 1, 3
dam, 3, 3, 51
practice, 1, 1, 4
bat, 1, 1, 1
flew, 2, 2, 14
panga, 3, 3, 203
snake, 6, 5, 67
legendary, 2, 2, 2
hands, 7, 7, 65
front, 10, 10, 130
announcers, 1, 1, 2
powerups, 5, 5, 7
cage, 2, 1, 2
day, 26, 22, 1109
successor, 1, 1, 1
inbound, 1, 1, 1
qkd_7qx4nrc, 1, 1, 9
masters, 1, 1, 0
mods, 7, 5, 216
measly, 1, 1, 145
auto, 1, 1, 2
evrytim, 1, 1, 2
edit, 19, 19, 2287
blazing, 1, 1, 37
reloading, 1, 1, 99
theory, 1, 1, -5
productions, 2, 1, 101
trap, 2, 2, 24
truth, 1, 1, 1
crossing, 1, 1, 0
promise, 1, 1, 3
circular, 1, 1, 4
eases, 1, 1, 1
grabbing, 1, 1, 3
legions, 1, 1, 0
glasses, 1, 1, 2
commonwealth, 1, 1, 153
learnplay, 1, 1, 1
dicks, 1, 1, 34
cry, 6, 6, 40
desensitized, 1, 1, 1
lilac, 1, 1, 45
freaking, 2, 2, -2
allnew, 1, 1, 153
product, 1, 1, 2
related, 1, 1, 3
whitish, 2, 1, 1
thirty, 1, 1, 5
celticish, 1, 1, -1
separating, 1, 1, 2
80, 3, 3, 23
sexual, 1, 1, 2
suddonly, 1, 1, 3
popping, 3, 3, 1
secretly, 1, 1, 1
unoriginal, 1, 1, 3
mp_s_a_1_1, 1, 1, 1
reload, 3, 3, 26
armor, 10, 8, 165
defend, 2, 2, 5
insurgency, 3, 3, 13
gooseberries, 1, 1, 45
navigating, 1, 1, 56
geometry, 1, 1, 1
appeals, 1, 1, 20
venom, 1, 1, 1
mate, 4, 4, 228
barley, 5, 5, 5
hilarious, 2, 2, 30
wich, 1, 1, 1
cause, 8, 8, 72
sacrifice, 1, 1, 2
red, 11, 10, 437
common, 3, 3, 10
achievements, 1, 1, 3
nerves, 1, 1, 1
thanking, 1, 1, 2
wallpaper, 2, 2, 4
flanked, 1, 1, 2
razerback, 1, 1, 1
wines, 1, 1, 1
scumbag, 1, 1, 56
npcs, 1, 1, 1
ban, 1, 1, 0
completely, 8, 8, 433
que, 1, 1, 101
dumpster, 1, 1, 7
doubles, 1, 1, 4
squishing, 1, 1, 16
princess, 10, 9, 135
legends, 1, 1, 6
devoting, 1, 1, 1
backwards, 1, 1, -1
iimgurcomwzhity6jpg, 1, 1, 7
lone, 1, 1, 1
kazunoko, 1, 1, 2
mortar, 1, 1, -1
could, 62, 50, 624
shells, 9, 7, 633
wrapping, 1, 1, 2
times, 31, 29, 243
conversation, 1, 1, 13
assumed, 2, 2, 3
hence, 1, 1, 2
hyaaaa, 1, 1, 3
chills, 2, 2, 32
myoutubecomwatch, 2, 2, 10
scare, 1, 1, 3
south, 1, 1, 3
fucckkkk, 1, 1, 2
transexual, 1, 1, 1
unnaturally, 1, 1, 2
succeeds, 1, 1, -1
powerful, 1, 1, 153
scene, 2, 2, 9
owned, 4, 4, 6
jesus, 6, 6, 104
improving, 1, 1, 0
spaghetti, 1, 1, 3
improvements, 1, 1, 1
warcraft, 1, 1, 2
bitch, 7, 7, 209
boats, 1, 1, 2
representations, 1, 1, 2
owner, 1, 1, 802
refer, 1, 1, 3
blows, 1, 1, 30
kidding, 1, 1, -5
quality, 4, 4, 15
heroes, 2, 2, 25
owning, 1, 1, 150
prank, 1, 1, 10
playlist, 1, 1, 3
sadly, 2, 2, 17
reference, 3, 3, -1
ferris, 2, 2, 6
unknown, 2, 2, 32
demonstration, 1, 1, -1
backtrack, 1, 1, 4
detailing, 1, 1, 5
system, 6, 6, 1
relations, 2, 2, 4
attack, 4, 4, 10
modders, 1, 1, 1
ruin, 2, 2, 0
esports, 1, 1, 0
perfectly, 2, 2, 29
averted, 1, 1, 1
lapd, 1, 1, 3
boil, 1, 1, 4
prone, 3, 3, 103
misspelled, 1, 1, 1
shell, 8, 8, 9
sloppily, 1, 1, 20
gear, 3, 3, 1062
guild, 1, 1, 16
completed, 1, 1, 6
exactly, 10, 10, 148
motorcycle, 1, 1, 3
shorty, 1, 1, 111
hitchancehit, 1, 1, 51
depressing, 4, 4, 20
2030, 1, 1, 1
regards, 1, 1, 7
skyrim, 20, 13, 859
relase, 1, 1, 3
elite, 2, 2, 3
neck, 1, 1, 3
loved, 12, 12, 80
bodyguard, 1, 1, 12
ben, 5, 5, 4
warfare, 2, 2, 7
culture, 1, 1, 3
boring, 1, 1, 6
bother, 1, 1, 0
richer, 1, 1, 1
bed, 3, 3, 123
enought, 1, 1, 20
warframes, 1, 1, 1
appealing, 1, 1, 111
defense, 2, 2, 4
sens, 3, 1, 16
loves, 1, 1, 3
sr, 2, 1, 1
briefing, 1, 1, 3
doctorate, 1, 1, 1
providing, 1, 1, 1
steep, 1, 1, 5
dusty, 1, 1, 13
bet, 3, 3, 46
peachbut, 1, 1, 9
goodis, 1, 1, 1
subreddits, 1, 1, 16
egoraptor, 1, 1, 18
clip, 2, 2, 29
waker, 2, 2, 2
stunlocking, 1, 1, 2
sf5, 1, 1, 46
mothertruckers, 1, 1, 4
robot, 4, 4, 309
tonight, 1, 1, 876
clickbait, 1, 1, 1
750, 1, 1, 1
racetrack, 1, 1, 28
need, 34, 31, 1182
border, 1, 1, -1
clearly, 4, 4, 59
template, 1, 1, 2
screw, 3, 3, 54
bastard, 1, 1, 2
angle, 11, 9, 67
dishes, 2, 2, 4
congrats, 3, 3, 165
skillful, 1, 1, -1
agency, 1, 1, 153
able, 13, 10, 42
gravity, 1, 1, 1
battles, 3, 3, 15
gunner, 1, 1, 613
mix, 3, 3, 5
mechanist, 2, 2, 156
truck, 3, 3, 28
asshole, 2, 2, 41
copied, 1, 1, 6
lily, 1, 1, 5
brand, 2, 2, 112
rplanetside, 2, 1, 16
accuracy, 5, 3, 1388
goddamned, 2, 1, 2
manyou, 1, 1, 3
unless, 2, 2, 4
scrubs, 1, 1, 1
combat, 1, 1, 86
scenes, 1, 1, 2
xcom2, 1, 1, 30
mewtwo, 1, 1, 1
furious, 1, 1, 5
bioshock, 2, 2, 5
respawned, 1, 1, 7
comparison, 4, 3, 4
segment, 1, 1, 2
iimgurcomgablx9xgifv, 1, 1, 31
tboned, 1, 1, 127
cellphone, 1, 1, -1
fragile, 1, 1, 1
nazi, 3, 1, 1
saddest, 1, 1, 3
absolutely, 3, 3, 89
eachother, 1, 1, 7
disease, 1, 1, 12
grimrock, 2, 2, 4
face, 12, 12, 434
looked, 5, 5, 13
wore, 1, 1, 2
scrambled, 1, 1, 1
komiqipnbea, 1, 1, 2
cloaked, 1, 1, 16
alcoholic, 1, 1, 1
fiasco, 2, 2, 34
brew, 1, 1, 1
sd, 1, 1, 1
normally, 7, 7, 295
fact, 4, 4, 117
impression, 1, 1, 1
cute, 1, 1, 10
chances, 2, 2, 21
text, 3, 3, 8
comics, 1, 1, 1
supported, 1, 1, 3
assholes, 2, 2, 7
anyway, 7, 7, 44
nights, 1, 1, 2
bring, 4, 4, 12
biker, 1, 1, -20
planning, 1, 1, 4
traitor, 1, 1, 2
parked, 2, 1, 37
reaching, 1, 1, 1
hc, 2, 1, 2
soldiers, 11, 11, 120
chicken, 1, 1, 876
longer, 2, 2, 2
pleased, 1, 1, 1
kelloggdlc, 1, 1, 1
gmg, 1, 1, 11
bloodborne, 2, 2, 5
partners, 1, 1, -10
higherlevel, 1, 1, 153
highest, 1, 1, 10
based, 11, 10, 20
knowledge, 3, 3, 13
sheriff, 1, 1, 647
banding, 2, 1, 4
upvote, 3, 3, 18
cache, 3, 3, 67
credited, 1, 1, 5
wreak, 2, 2, 534
terminal, 1, 1, 268
surroundings, 1, 1, 26
bitches, 1, 1, 3
jam, 1, 1, 1
satan, 1, 1, 1
ambiguity, 1, 1, 2
combo, 1, 1, 111
fuel, 1, 1, 1
riding, 3, 3, 100
handsome, 1, 1, 0
local, 3, 3, 181
hope, 10, 10, 129
dodge, 3, 3, 146
count, 5, 4, 5
lobo, 1, 1, 1
crashproof, 2, 2, 534
means, 5, 5, 1538
beat, 32, 30, 191
familiar, 3, 3, 95
dope, 1, 1, 1
hopefully, 1, 1, 1
gatheredcrafted, 1, 1, 1
lucky, 3, 3, 6
bear, 3, 2, 36
likely, 1, 1, 1
mgs, 2, 2, 10
joint, 1, 1, 1
community, 4, 2, 17
ones, 12, 11, 105
fallout, 42, 31, 1004
drawn, 1, 1, 7
timing, 4, 4, 34
pinballs, 1, 1, 1
kong, 2, 2, 5
skullmining, 1, 1, 257
routine, 1, 1, 1
nopes, 1, 1, 6
areas, 3, 3, 29
smash, 9, 9, 40
intentionally, 2, 2, 2
5050, 1, 1, 3
trucks, 1, 1, 9
ended, 5, 4, 63
upper, 2, 2, 2
pfft, 1, 1, 0
married, 1, 1, 0
sharpshooter, 1, 1, 31
taxes, 1, 1, 3
tuned, 1, 1, 2
qa, 1, 1, 3
default, 1, 1, 1
luging, 1, 1, 5
stuff, 19, 17, 509
iimgurcomwp8wpsmgifv, 1, 1, 7
gbp, 4, 1, 153
dangerous, 3, 3, 3
grab, 5, 5, 42
fixed, 1, 1, -4
server, 5, 2, 18
generations, 1, 1, 4
looks, 39, 39, 775
spotted, 1, 1, 1
guessing, 3, 3, 273
btw, 2, 2, 14
9098, 1, 1, 24
computed, 2, 1, 30
resort, 1, 1, 1
tossing, 1, 1, 2
frame, 1, 1, 18
fatpoo, 1, 1, 0
humans, 1, 1, 90
freeze, 2, 2, 649
edition, 1, 1, 8
computer, 7, 5, 12
lightnight, 1, 1, 31
enhanced, 1, 1, 2
dragon, 2, 2, 3
europa, 1, 1, 3
jerseyup, 1, 1, 1
hah111, 1, 1, 1
closer, 1, 1, 3
dungeon, 3, 3, 346
lyon, 1, 1, 1
error, 1, 1, 1
stats, 2, 2, 0
destiny, 4, 4, 147
rhumblebrag, 1, 1, 1
pattern, 1, 1, 1
nightmare, 1, 1, -2
nebula, 1, 1, 1
sadthen, 1, 1, 1
tend, 1, 1, 27
levelhow, 1, 1, 79
daytoday, 2, 2, 534
megabytes, 1, 1, 30
silhouetting, 1, 1, 1
operative, 1, 1, 1
closed, 1, 1, 7
horrible, 2, 1, 2
limit, 1, 1, 10
pistol, 6, 5, 185
ishimura, 1, 1, 6
thumbnail, 1, 1, 1
curtains, 1, 1, 1
pants, 2, 2, 51
publishers, 1, 1, 1
ends, 4, 4, 64
explosive, 1, 1, 1
ability, 6, 4, 17
helicopters, 1, 1, 1
importance, 1, 1, 2
721, 1, 1, 3
deliver, 1, 1, 10
kicking, 1, 1, 2
job, 15, 14, 264
pitfalls, 1, 1, 2
key, 2, 2, 2
probing, 1, 1, 90
group, 6, 6, 126
precious, 1, 1, 18
optional, 1, 1, 1
distribution, 1, 1, -1
legit, 4, 4, 17
david, 2, 2, 9
marty, 1, 1, 1
commands, 1, 1, 4
weeks, 4, 4, 221
drum, 1, 1, 3
buster, 1, 1, 1
joke, 9, 8, -13
taking, 4, 4, 112
equal, 1, 1, 1035
minds, 2, 2, 26
creeping, 1, 1, 2
followup, 1, 1, 20
etc, 6, 4, 4
admit, 1, 1, 0
figures, 1, 1, 2729
nitro, 1, 1, 1
section, 2, 2, 3
volley, 1, 1, 30
crushingly, 1, 1, 1
anothet, 1, 1, 4
aquarium, 2, 1, 1
comment, 3, 3, -1
splitters, 1, 1, 2
relevant, 12, 12, 318
wiley, 1, 1, 1
wtf, 4, 4, 242
wall, 5, 5, 136
cb, 2, 2, 4
ca, 45, 42, 1269
solve, 1, 1, -6
walk, 7, 6, 146
genre, 2, 2, 2
projector, 1, 1, 111
sephiroth, 1, 1, 17
rpg, 6, 5, 107
oncethe, 1, 1, 51
cs, 6, 6, 112
respect, 1, 1, 30
mafia, 1, 1, 1
earning, 1, 1, 1
johndeere, 1, 1, 4
flourishing, 1, 1, 3
quit, 7, 7, 135
provinces, 1, 1, 58
occured, 1, 1, 1
videos, 5, 5, 99
spanned, 1, 1, 4
leveloin, 1, 1, 3
decent, 6, 6, 26
muddy, 1, 1, 2
impact, 1, 1, 2
window, 2, 1, 12
dumbed, 1, 1, 20
taste, 1, 1, 4
kahn, 1, 1, 4
drank, 1, 1, 1
slowly, 3, 3, 5
dlcs, 3, 3, 10
tv, 3, 3, 12
daisy, 1, 1, 1
kengo, 1, 1, 1
feather, 1, 1, 4
waste, 4, 4, 27
troopers, 2, 2, 3
trinity, 1, 1, 1
youtubeamp, 1, 1, 3
normando, 1, 1, 1
mike, 1, 1, 9
nickel, 1, 1, 1
proudest, 1, 1, 56
league, 11, 11, 947
painted, 1, 1, 2
moved, 2, 2, 2
releasing, 1, 1, 1
overwhelmingly, 1, 1, 11
essentially, 1, 1, 3
crappy, 1, 1, 7
guerrillas, 1, 1, 2
orange, 1, 1, 2
controller, 12, 11, 196
sensed, 1, 1, 20
using, 8, 7, 37
graphics, 8, 7, 36
kicks, 1, 1, 3
improved, 4, 3, 36
vanity, 1, 1, 1
general, 7, 6, 14
racer, 1, 1, 0
ooooo, 1, 1, 2
present, 5, 5, 30
reverse, 3, 2, 2
affirmative, 1, 1, 2
criminal, 3, 3, 24
laser, 1, 1, 1
screencap, 1, 1, 3
unlike, 1, 1, -3
plain, 1, 1, 2
physical, 1, 1, 7
4050, 1, 1, 0
harder, 3, 3, 12
dorm, 1, 1, 0
value, 2, 2, 3
151721, 1, 1, 1368
secrets, 1, 1, 1
youtubekm2plrtrlms, 1, 1, 4
hahaha, 2, 2, -5
rigged, 3, 3, 1
instantly, 1, 1, 1
frustrating, 5, 5, 18
ill, 1, 1, 0
supply, 2, 2, 8
aaaaaaaaaaaaaaaaa, 1, 1, 0
mutant, 2, 2, 29
omni, 1, 1, 1
almost, 16, 15, 198
beerio, 1, 1, 0
insanely, 3, 3, 24
designs, 1, 1, 2
surface, 1, 1, 1
papyrus, 1, 1, 3
hardware, 2, 2, 6
vs, 5, 3, 22
lifetime, 1, 1, 82
claimed, 1, 1, 24
partner, 6, 2, -9
detensifies, 1, 1, 2
thor, 1, 1, 14
barreled, 1, 1, 3
capture, 3, 3, 156
terrorist, 1, 1, 3
helms, 1, 1, 2
010, 1, 1, 4
perhaps, 1, 1, 2
spaaaaaaaaaaaace, 1, 1, 5
began, 1, 1, 2
views, 1, 1, 19
radiation, 1, 1, 153
itssss, 1, 1, 0
ornstein, 3, 3, 26
campus, 1, 1, 3
flasks, 4, 4, 55
parts, 4, 4, 1247
slammed, 1, 1, 2
jaw, 1, 1, 4
taxidermy, 1, 1, 153
largest, 1, 1, 153
units, 2, 2, 25
party, 4, 4, 17
android, 1, 1, 1
gets, 14, 14, 501
tapped, 1, 1, 1
dreamcast, 2, 2, 2
cod, 10, 8, 9
ballsacks, 1, 1, 1
ball, 8, 8, 193
http, 63, 60, 4363
kd, 1, 1, 16
quests, 3, 3, 158
upon, 2, 2, 39
effect, 2, 2, 5
fucker, 1, 1, 145
beast, 2, 2, 3
v2, 1, 1, 2
cadhate, 1, 1, 15
timesplitters, 2, 2, 16
confusing, 1, 1, 2
vault, 2, 2, 5
fucked, 3, 2, 7
frequently, 1, 1, 10
cheering, 1, 1, 1
unimaginably, 1, 1, 1
destruction, 2, 2, 534
numbered, 1, 1, 13
arse, 1, 1, 1
retard, 1, 1, 0
1m0s, 1, 1, 11
weapon, 10, 10, 248
nonetheless, 1, 1, 0
well, 40, 39, 640
intended, 2, 2, 3
fighting, 5, 5, 36
thought, 40, 38, 4869
idiot, 2, 2, -5
fucktard, 1, 1, -3
touching, 1, 1, 3
sectoid, 1, 1, 5
gutted, 1, 1, 1043
spectator, 1, 1, 268
dressed, 1, 1, 26
handcannon, 1, 1, 5
position, 8, 8, 15
wreckage, 1, 1, 7
soviet, 2, 1, 2
drawing, 1, 1, 2
usual, 1, 1, 1
persuasion, 1, 1, 1
nighimpossible, 1, 1, 4
stout, 1, 1, 5
rocket, 11, 11, 922
heavily, 1, 1, 24
moments, 1, 1, 52
claiming, 2, 1, 24
accurate, 1, 1, 4
andlightning, 1, 1, 1
liked, 3, 3, 140
detail, 1, 1, 1
battletoads, 1, 1, 6
stored, 1, 1, 1
rooms, 1, 1, 1
itgetting, 1, 1, 1
purified, 1, 1, -1
glue, 1, 1, 1
recommend, 2, 2, 2
downvoted, 1, 1, 20
happiness, 4, 4, 52
distress, 1, 1, 1
rubber, 2, 1, 4
disturbance, 1, 1, 20
console, 5, 4, 119
farther, 1, 1, 2
field, 5, 4, 14
guts, 1, 1, 5
sky, 4, 4, 14
wash, 3, 3, 6
upvoted, 3, 3, -7
realize, 4, 4, 67
deathclaws, 1, 1, 153
simple, 4, 4, 360
add, 11, 10, 142
book, 3, 3, 19
halo, 4, 4, 14
yeesh, 1, 1, 0
vids, 1, 1, 66
upvotes, 1, 1, 1
jars, 1, 1, 1
undyne, 1, 1, 3
kick, 28, 2, 115
sterilize, 1, 1, 1
wallhacker, 1, 1, 1
unleashed, 1, 1, 153
saturation, 1, 1, 3
whelp, 1, 1, 2
ctrl, 1, 1, 2
sick, 4, 4, 49
government, 1, 1, 430
fairies, 2, 1, 1
crushed, 1, 1, 4
ready, 3, 3, 3
touhou, 1, 1, 3
spectrum, 1, 1, 6
kellogg, 12, 12, 786
shooter, 3, 3, 397
five, 4, 4, 79
know, 60, 54, 1311
facial, 1, 1, 7
press, 3, 3, 20
immediately, 4, 4, 7
hauling, 1, 1, 6
pier, 2, 1, 2
2499, 2, 1, 153
incredibly, 4, 4, 38
necessary, 2, 2, 8
archons, 2, 2, 174
lost, 8, 7, 223
onlyfirst, 1, 1, 99
alternatively, 1, 1, 1
ring, 11, 9, 54
ewoks, 1, 1, 5
stillborn, 1, 1, 4
loses, 1, 1, 5
controllers, 2, 2, 9
uppermid, 1, 1, 1
mental, 1, 1, 2
lose, 4, 4, 40
chick, 1, 1, -1
funniest, 2, 2, 53
works, 4, 4, 32
soft, 1, 1, 6
page, 7, 7, 115
weasel, 1, 1, 178
shen, 1, 1, 2
craftsmanship, 1, 1, 1
scared, 1, 1, 98
61, 1, 1, 2
gauntlets, 1, 1, 2
searching, 1, 1, 1
alive, 4, 4, 36
maiq, 2, 1, 1
tumblr, 1, 1, 1
melee, 1, 1, 3
117, 1, 1, 13
growth, 1, 1, 26
shes, 1, 1, 2
choosing, 1, 1, 16
proper, 3, 3, 4
home, 7, 7, 153
drop, 5, 5, 14
employment, 1, 1, 1
misadventures, 1, 1, 4
happens, 6, 6, 41
robobrain, 1, 1, 153
nokia, 1, 1, 1
iimgurcomyxsuq2zgifv, 1, 1, 1
lead, 6, 6, 29
literally, 12, 12, 136
corpse, 3, 2, 11
mines, 1, 1, 2
grinding, 2, 2, 3
sickles, 2, 2, 2
counterspell, 2, 2, 2
hire, 3, 3, 88
ripped, 3, 2, -9
bosses, 3, 3, 13
comical, 1, 1, 2
paperweight, 1, 1, 1
mode, 16, 15, 338
limitations, 1, 1, 19
slower, 1, 1, 89
blowing, 2, 2, 72
titan, 1, 1, -2
inaccurate, 1, 1, 89
solider, 1, 1, 11
slight, 1, 1, 4
trevors, 1, 1, 12
rock, 2, 2, 4
ninasi, 1, 1, 1
playthis, 1, 1, 51
lieutenant, 1, 1, 2
murdered, 2, 2, 3
wario, 2, 2, 10
although, 7, 7, 78
worthy, 2, 2, 1
repair, 1, 1, 1
slug, 1, 1, 211
minigame, 1, 1, 1
actual, 8, 7, 19
carried, 3, 3, 30
extension, 1, 1, 3
getting, 35, 32, 1287
universe, 7, 7, 228
waifu, 1, 1, 4
mofo, 1, 1, 1
perks, 1, 1, 152
swear, 4, 4, 210
beaked, 1, 1, 56
trials, 1, 1, 199
imgurcomv1qutsd, 1, 1, 2
condemned, 2, 2, 24
swimming, 1, 1, 2
turtle, 1, 1, 3
playthrough, 2, 2, 4
fourstar, 1, 1, 37
final, 18, 17, 87
keeps, 1, 1, 2
previously, 2, 1, 1
tight, 1, 1, 7
zones, 1, 1, 1
telltale, 1, 1, 7
fartknocker, 1, 1, 1
mushrooms, 1, 1, -1
included, 2, 1, 1
guard, 1, 1, 1
activate, 1, 1, 1
champ, 2, 2, 6
tiny, 2, 2, 125
female, 1, 1, 1
artists, 1, 1, 3
lovely, 1, 1, 4
bothers, 2, 2, 14
nuke, 3, 3, 7
ridge, 1, 1, 16
1983, 1, 1, 67
val, 1, 1, 199
nuka, 2, 1, 2
daryl, 1, 1, 33
marsala, 1, 1, 876
rocketpowered, 1, 1, 1
tourist, 1, 1, -10
noticed, 3, 3, 5
bump, 4, 3, 10
cesaro, 1, 1, 2
inner, 1, 1, -1
frustration, 1, 1, 24
4lyfe, 1, 1, 2
biggest, 2, 2, 3
ffx2, 1, 1, 1
inspiration, 2, 1, 5
buy, 23, 19, 322
north, 2, 2, 22
kojima, 13, 10, 177
bus, 7, 3, 4
coke, 2, 2, 6
sequel, 2, 2, 2
astro, 1, 1, 16
reminds, 9, 9, 70
ultima, 1, 1, 4
hi, 1, 1, 16
plague, 1, 1, 2
iimgurcomhx0mpycjpg, 1, 1, 1
ileen, 1, 1, 0
8090, 1, 1, 1
ha, 1, 1, 152
adhesive, 1, 1, 2
bug, 2, 2, 4
witness, 1, 1, 25
iimgurcomcnqtnvngifv, 1, 1, 1895
made, 40, 39, 1141
wise, 1, 1, 38
places, 2, 2, 392
society, 1, 1, -10
whether, 1, 1, 24
wish, 13, 13, 106
official, 1, 1, 4
smooth, 3, 3, 4
unlock, 3, 3, 7
triumphant, 1, 1, 1
excitement, 1, 1, 37
cruel, 2, 2, 41
catching, 2, 2, 20
stories, 1, 1, 7
skyward, 1, 1, 2
pumped, 2, 2, 11
cake, 1, 1, 0
demonstrate, 1, 1, 1
problem, 6, 6, 12
piece, 5, 5, 57
minutes, 8, 8, 43
tricks, 1, 1, 1
zangief, 1, 1, 8
iimgurcomx4n1qalgifv, 1, 1, 312
bearing, 1, 1, 2
gunstar, 1, 1, 23
marksmen, 1, 1, 2
pin, 1, 1, 2
deaths, 1, 1, 2
int, 1, 1, 1
recognize, 1, 1, 3
ki, 1, 1, 2
pic, 1, 1, 13
graphical, 2, 2, 56
consumed, 2, 2, 19
boardwalk, 1, 1, 5
ini, 1, 1, 16
ink, 1, 1, 1
angeal, 1, 1, 1
vanu, 2, 1, 16
commentators, 2, 2, 16
shooting, 6, 6, 14
humanized, 1, 1, 1
ew, 2, 2, 259
planting, 1, 1, 1
spell, 1, 1, -1
compared, 5, 5, 22
deporting, 1, 1, 2
48, 3, 3, 755
incredible, 2, 2, 3
deadly, 1, 1, 358
45, 2, 2, 9
percent, 1, 1, 22
43, 1, 1, 1
40, 3, 3, 39
lately, 1, 1, 1
details, 1, 1, 7
ducked, 1, 1, 7
novice, 1, 1, 0
pricetag, 1, 1, 1
u, 7, 6, 69
sitespages, 1, 1, 16
bootanimation, 1, 1, 1
mk9s, 1, 1, 4
20x10, 1, 1, 37
fodder, 1, 1, 24
repeat, 1, 1, 1
star, 18, 15, 2272
firestorm, 1, 1, 1
innovative, 1, 1, 1
ears, 1, 1, 1
class, 2, 2, 112
astounding, 1, 1, 2
795, 1, 1, 153
bundle, 4, 4, 6
stay, 13, 13, 232
hahah, 1, 1, 1
town, 1, 1, 1
chance, 27, 21, 3069
sped, 1, 1, 3
sunderer, 3, 3, 19
kinda, 3, 3, 70
nintendo, 3, 3, 41
destroy, 2, 2, 4
y1yj4n1fnx0, 1, 1, 137
badass, 2, 2, 2
friends, 24, 22, 70
trims, 2, 1, 2
exposure, 1, 1, 0
ghost, 2, 2, 5
fandom, 1, 1, -11
amp, 3, 2, 12
sasr, 1, 1, 16
ranks, 1, 1, 4
expands, 1, 1, 1
gam, 1, 1, -18
rule, 7, 7, 11
strings, 1, 1, 13
rrocketleague, 4, 4, 76
ducksonquack___, 1, 1, 8
write, 1, 1, 69
me_irl, 1, 1, 3
searched, 1, 1, 4
lives, 2, 2, 6
yell, 2, 2, 649
iimgurcommv2h2fepng, 1, 1, 3
rarebut, 1, 1, 2
traumatizing, 1, 1, 2
