Word, Frequency, Comment Frequency, Net Score
secondly, 1, 1, 9
defend, 5, 3, 29
hats, 4, 3, 9
vermin, 1, 1, 20
yellow, 1, 1, 2
four, 4, 4, 23
woods, 1, 1, 1
__, 1, 1, 1
allamp, 1, 1, 1
consists, 1, 1, 7
hate, 15, 13, 64
rocking, 1, 1, 1
consider, 4, 3, 20
stinks, 1, 1, 11
whose, 4, 4, 46
creperie, 1, 1, 1
founder, 1, 1, 3
themes, 1, 1, 0
paris, 1, 1, 1
spew, 2, 2, 4
seriously, 5, 5, 27
james, 44, 17, 143
skipping, 1, 1, 2
headcanon, 1, 1, 1
justgone, 1, 1, 66
swap, 1, 1, 6
lore, 3, 3, 13
lord, 9, 6, 54
sorry, 16, 16, 114
pride, 2, 2, 7
didwas, 1, 1, 2
worth, 6, 4, 110
roofies, 1, 1, 3
google_amp, 1, 1, 2
lure, 2, 2, 12
p259, 1, 1, 6
rescue, 1, 1, 8
unpopular, 2, 2, 11
rise, 1, 1, 1
connects, 2, 2, 9
despise, 1, 1, 2
replication, 1, 1, 3
appropriation, 1, 1, 9
every, 19, 18, 91
updates, 1, 1, 1
jacob, 1, 1, 15
affect, 2, 2, 26
seals, 1, 1, 12
multiple, 6, 6, 22
courageous, 5, 3, 29
avada, 3, 3, 27
tickets, 13, 4, 10
discovers, 1, 1, 3
school, 7, 7, 119
basics, 1, 1, 8
baking, 1, 1, 6
furrowed, 1, 1, 11
skills, 3, 3, 16
ref, 1, 1, 1
solution, 1, 1, 7
frozen, 1, 1, 2
convenience, 2, 2, 50
feltcher, 1, 1, 2
purists, 1, 1, 3
soundtracks, 2, 1, 2
wavered, 1, 1, 1
murders, 1, 1, 19
happier, 1, 1, 11
triumph, 7, 5, 93
clothes, 1, 1, 2
enjoy, 6, 5, 25
witnessing, 1, 1, 8
bill, 2, 2, -7
force, 1, 1, 7
leaders, 2, 2, 8
tired, 4, 4, 41
longbottoms, 2, 2, 13
punchable, 1, 1, 8
reacted, 1, 1, 2
hanging, 3, 3, 9
gamorrean, 1, 1, 1
giantsmagical, 1, 1, 1
incantation, 2, 2, 22
likely, 11, 9, 88
louder, 1, 1, 2
hpthemed, 1, 1, 2
barrenheim, 1, 1, 7
7th, 1, 1, 6
available, 1, 1, 2
kidnap, 1, 1, 58
quill, 1, 1, 1
inanimate, 1, 1, 3
even, 71, 59, 604
hide, 5, 4, 45
puppy, 1, 1, 15
ruthless, 1, 1, 1
decisions, 5, 4, 12
horcruxes, 11, 6, 73
selected, 2, 2, 9
revolves, 1, 1, 2
reasoning, 1, 1, 14
triangles, 1, 1, 12
lights, 1, 1, 39
haze, 1, 1, 11
pranks, 1, 1, 1
new, 31, 28, 241
construction, 1, 1, 3
conjure, 2, 2, 10
ever, 30, 28, 393
consisting, 1, 1, 1
told, 13, 10, 113
iimgurcom7h3pfuyjpg, 1, 1, 1
kicked, 1, 1, 66
hero, 4, 4, 39
culi, 1, 1, 3
reporter, 1, 1, 19
pancakes, 1, 1, 5
molly, 11, 9, 166
never, 31, 25, 161
preserves, 1, 1, 4
hundreds, 1, 1, 2
met, 5, 5, 12
dislikes, 1, 1, 5
protection, 1, 1, 70
misjudges, 1, 1, 20
pursuit, 1, 1, 2
represented, 1, 1, 10
path, 3, 3, 30
spies, 1, 1, 4
finders, 2, 1, 6
interpret, 1, 1, 3
kids, 3, 3, 26
tapes, 1, 1, 2
jams, 1, 1, 2
items, 5, 3, 7
leaves, 1, 1, 6
changed, 10, 9, 26
piercing, 1, 1, 70
reports, 1, 1, 3
anchor, 1, 1, 15
credit, 5, 4, 33
crap, 3, 3, 5
mentor, 1, 1, 6
smoke, 5, 1, 11
poverty, 1, 1, 11
changes, 5, 5, 40
punishment, 2, 2, 9
burrow, 1, 1, 1
golden, 1, 1, 3
fantastic, 4, 4, 24
magically, 2, 2, 38
elaborated, 1, 1, 1
straw, 2, 2, 8
fireworks, 1, 1, 1
explained, 2, 2, 5
feelings, 7, 6, 61
brought, 2, 2, 21
visible, 1, 1, 3
serving, 1, 1, 8
unanswered, 1, 1, 1
intensiveness, 1, 1, 2
counts, 1, 1, 8
total, 4, 3, 17
circumvent, 1, 1, 15
brb, 1, 1, 1
ebony, 1, 1, 1
experimentation, 1, 1, 25
comprised, 1, 1, 3
plot, 6, 6, 94
gobbledegook, 1, 1, 2
charge, 1, 1, 1
dna, 1, 1, 5
spoke, 1, 1, 3
would, 272, 137, 1108
army, 1, 1, 1
hospital, 1, 1, 1
appalling, 1, 1, 8
quibbler, 4, 2, 13
chooses, 1, 1, 20
ithe, 1, 1, 1
rationalise, 1, 1, 20
pointing, 1, 1, -1
call, 10, 9, 62
therefore, 3, 3, 42
typo, 1, 1, 1
recommend, 1, 1, 1
type, 8, 8, 36
teaspoon, 1, 1, 1
abusing, 1, 1, 17
bnp, 1, 1, 16
posting, 2, 2, 21
holy, 8, 8, 127
successful, 1, 1, 2
bullshitting, 1, 1, 8
haha, 4, 4, 27
award, 1, 1, 2
aware, 4, 4, 19
warn, 1, 1, 6
rickman, 2, 1, 20
warm, 1, 1, 1
adult, 4, 3, 32
loose, 1, 1, 4
excellent, 6, 6, 29
macabregoblin, 1, 1, 1
dqw4w9wgxcq, 1, 1, 2
ward, 2, 2, 5
hold, 4, 4, 30
ufeminist_cat, 1, 1, 6
must, 17, 15, 123
1990, 1, 1, 7
te, 1, 1, 2
join, 5, 5, 18
room, 28, 11, 173
1997, 1, 1, 7
rights, 3, 3, 43
mm, 1, 1, 2
famed, 1, 1, 6
work, 37, 31, 287
cellos, 1, 1, 2
worn, 1, 1, 4
theories, 1, 1, 6
movies, 28, 24, 149
vow, 15, 3, 25
locket, 1, 1, 3
nicki, 1, 1, 1
foreshadows, 1, 1, 8
mr, 3, 3, 23
experts, 1, 1, 17
example, 14, 14, 179
phrase, 1, 1, 7
wand, 5, 5, 30
give, 18, 15, 74
maleficient, 1, 1, 1
household, 4, 2, 14
india, 1, 1, 2
belonging, 1, 1, 12
dragons, 3, 2, 11
honey, 1, 1, 1
indicates, 2, 2, 22
woman, 2, 2, 3
want, 19, 19, 64
weakfudge, 1, 1, 1
drive, 1, 1, 19
azkaban, 4, 4, 5
froglike, 1, 1, 2
worse, 5, 4, 18
ceremony, 1, 1, 4
collude, 1, 1, 7
seattle, 1, 1, 2
end, 32, 26, 227
studenst, 1, 1, 2
turn, 6, 5, 40
uk9centipede, 1, 1, 7
egyptian, 1, 1, 6
nuts, 1, 1, 19
damage, 4, 4, 29
amazing, 21, 21, 66
morbid, 2, 2, 3
opposite, 1, 1, 6
significance, 1, 1, 4
answer, 14, 13, 41
puns, 1, 1, 1
fudge, 19, 6, 37
gamble, 2, 2, 26
massive, 2, 2, 7
faq, 2, 1, 44
minority, 1, 1, 15
mess, 1, 1, 4
turing, 1, 1, 1
insecure, 1, 1, 3
loyalty, 7, 4, 48
ball, 1, 1, 1
detention, 3, 3, 31
millimeter, 1, 1, 5
wrong, 12, 11, 36
lay, 1, 1, 15
involvement, 1, 1, 8
president, 4, 2, 22
law, 8, 5, 27
excited, 1, 1, 1
types, 1, 1, 4
ambivalent, 1, 1, 15
compliments, 2, 2, 0
vance, 3, 2, 27
overreaction, 1, 1, 2
attempt, 4, 4, 24
third, 7, 6, 87
occasions, 1, 1, 4
wins, 1, 1, 7
greet, 1, 1, 1
childhood, 7, 5, 99
parseltonguewizard, 1, 1, 8
greek, 4, 3, 11
maintain, 1, 1, 14
green, 3, 2, 8
ultimate, 1, 1, 11
keeps, 5, 4, 88
diary, 4, 4, 28
utbornottb3, 2, 2, 47
nonsensical, 1, 1, 12
order, 22, 17, 89
wind, 1, 1, 2
goneit, 1, 1, 3
restriction, 1, 1, 3
modesty, 1, 1, 2
interpretation, 2, 2, 2
zacharias, 2, 2, 9
office, 8, 7, 37
enter, 2, 2, 11
electromagnetic, 1, 1, 3
fall, 2, 2, 5
tricked, 2, 2, 22
murray, 1, 1, 33
7206, 1, 1, 1
guidance, 1, 1, 6
london, 3, 1, 6
facinatingly, 1, 1, 2
vastly, 1, 1, 4
scalia, 10, 1, 15
coiling, 1, 1, 11
deathly, 12, 12, 158
fit, 6, 5, 52
somewhere, 2, 2, 73
bringing, 1, 1, 2
interaction, 1, 1, 20
succeeds, 2, 1, 20
mugglesquib, 1, 1, 4
potterinspired, 1, 1, 44
writing, 4, 4, 8
destroyed, 9, 8, 46
fic, 1, 1, 8
matured, 2, 2, 22
unhealthy, 1, 1, 8
vast, 1, 1, 1
400, 2, 2, 69
inadmissible, 1, 1, 5
weeks, 3, 3, 48
single, 1, 1, 17
admirable, 1, 1, 1
easier, 4, 4, 24
overcome, 1, 1, 1
versus, 1, 1, 4
grassley, 3, 1, 15
bans, 1, 1, 17
prevented, 2, 1, 8
weakness, 2, 1, 20
20111105112058, 1, 1, 3
safe, 1, 1, 2
commemorate, 1, 1, 1
ukoalakoalakoalaaa, 1, 1, 7
bang, 1, 1, 2
0844, 1, 1, 1
owned, 1, 1, 2
groundskeeper, 1, 1, 4
one, 130, 95, 736
silver, 1, 1, 7
pottermore, 5, 5, 24
introspective, 1, 1, 2
remaining, 1, 1, 2
eventualities, 1, 1, 103
flipped, 1, 1, 12
hufflehugs, 1, 1, 2
ifttt, 2, 2, 47
wandwork, 1, 1, 4
notified, 1, 1, 1
shadowy, 1, 1, 15
mothers, 2, 1, 1
arrested, 1, 1, 4
chuck, 1, 1, 15
choir, 2, 1, 2
component, 1, 1, 4
victory, 3, 3, 23
hardback, 2, 2, 5
poisonous, 1, 1, 4
went, 6, 5, 182
higher, 1, 1, 1
closeminded, 1, 1, 8
side, 14, 10, 42
mean, 13, 10, 85
preceded, 1, 1, 7
financial, 1, 1, 1
snakes, 3, 3, 51
slughorn, 8, 6, 71
meets, 2, 2, 5
eragon, 1, 1, 4
series, 36, 26, 345
train, 4, 4, 16
doomed, 1, 1, 2
carry, 3, 3, 60
disappointing, 1, 1, 1
harpies, 1, 1, 7
brookline, 1, 1, 1
magnets, 1, 1, 2
combining, 1, 1, 6
ghosts, 5, 4, 13
collector, 2, 1, 2
ring, 1, 1, 7
fiction, 1, 1, 1
gon, 4, 4, 4
centaurs, 1, 1, 7
driving, 2, 2, 32
god, 13, 9, 41
psychic, 1, 1, 5
gof, 5, 5, 15
hooked, 1, 1, 39
dursleys, 1, 1, 15
content, 2, 2, 8
laid, 2, 2, 79
daniel, 1, 1, 2
millennium, 1, 1, 7
adapt, 1, 1, 2
cormac, 1, 1, 2
surprise, 3, 3, 28
adaptation, 1, 1, 2
millions, 1, 1, 1
forth, 1, 1, 4
instigate, 1, 1, 2
independence, 1, 1, 3
relics, 1, 1, 15
cutest, 1, 1, 2
associate, 3, 3, 24
kalap, 1, 1, 2
overweight, 1, 1, 8
slang, 1, 1, 1
given, 13, 12, 144
free, 1, 1, 2
fred, 6, 5, 23
admits, 1, 1, 2
corresponding, 1, 1, 5
faculties, 1, 1, 25
enhance, 1, 1, 2
returning, 2, 2, 4
wanted, 27, 22, 410
imgurcomxxwk2uh, 1, 1, 4
personalities, 1, 1, 2
atg, 1, 1, 1
ate, 1, 1, 1
created, 7, 6, 119
cauldrons, 1, 1, 2
starts, 2, 1, 8
ritual, 1, 1, 3
days, 1, 1, 2
hermonie, 1, 1, 1
ministries, 1, 1, 7
shipped, 1, 1, 3
choices, 1, 1, 4
hopeless, 1, 1, 2
aspire, 1, 1, 8
uses, 8, 7, 56
broken, 3, 3, 8
potions, 8, 7, 101
loud, 3, 3, 11
user, 2, 1, 9
eileen, 1, 1, 2
already, 13, 13, 41
nigel, 1, 1, 6
ownership, 1, 1, 1
grade, 1, 1, 6
spying, 2, 1, 20
unassuming, 1, 1, 4
assumptions, 1, 1, 2
accidentally, 1, 1, 8
philosophical, 1, 1, 7
ucoledarling, 1, 1, 3
deplete, 1, 1, 8
witchwe, 1, 1, 1
another, 21, 18, 110
hear, 1, 1, 2
immensely, 1, 1, 2
electronic, 5, 5, 12
wing, 1, 1, 1
mercury, 1, 1, 6
aira, 1, 1, 11
goblins, 1, 1, 7
annotated, 3, 3, 13
activities, 1, 1, 2
top, 8, 7, 67
quotable, 2, 2, 27
girls, 1, 1, 1
twisted, 2, 1, 6
blamed, 1, 1, 2
needed, 4, 4, 14
confirming, 1, 1, 11
ton, 4, 4, 78
tom, 5, 4, 20
rosmerta, 2, 1, 2
john, 4, 2, 9
dogs, 1, 1, 5
quibblo, 1, 1, 1
listen, 3, 3, 3
murder, 9, 7, 57
collapse, 3, 1, 7
discussion, 2, 2, 5
happily, 1, 1, 2
serve, 1, 1, 4
took, 10, 9, 77
rejected, 1, 1, 15
wisdom, 3, 2, 8
tokens, 1, 1, 15
willynilly, 1, 1, 1
somewhat, 1, 1, 1
wan, 3, 3, 7
positively, 1, 1, 14
breaker, 1, 1, 3
begins, 1, 1, 2
mercy, 3, 3, 44
trek, 1, 1, 1
peril, 4, 4, 19
target, 4, 4, 12
showed, 2, 2, 71
tavern, 1, 1, 2
pogo, 1, 1, 2
coward, 5, 5, 44
older, 2, 2, 5
tree, 4, 3, 43
second, 16, 15, 124
ebay, 3, 3, 9
project, 2, 2, 3
matter, 8, 7, 31
street, 3, 3, 58
silly, 2, 2, 4
williams, 2, 1, 2
scrimgeur, 4, 2, 10
unconditionally, 1, 1, 12
carriages, 1, 1, 1
2695, 1, 1, 3
feeling, 10, 8, 105
solely, 1, 1, 3
minus, 1, 1, 6
bridge, 6, 1, 7
humble, 1, 1, 1
sees, 5, 3, 14
shallow, 1, 1, 0
ran, 4, 4, 72
portraits, 14, 3, 40
infiltration, 1, 1, 3
mind, 13, 13, 506
mine, 8, 7, 33
glass, 1, 1, 1
fandom, 2, 2, 8
return, 5, 2, 2
raw, 1, 1, 2
rat, 3, 2, 10
hug, 1, 1, 7
brawny, 1, 1, 11
posters, 2, 2, 6
seen, 21, 20, 406
seem, 20, 15, 69
obviously, 8, 8, 45
tells, 6, 6, 127
relatively, 1, 1, 25
forced, 3, 3, 47
designwise, 1, 1, 2
relapse, 1, 1, 20
person, 37, 27, 150
uhermiones_teaspoon, 1, 1, 7
booksmovies, 1, 1, 4
eagerly, 1, 1, 11
predominantly, 1, 1, 20
upholding, 1, 1, 6
fitting, 2, 2, 7
subjects, 1, 1, 3
chess, 2, 2, 10
utilizing, 1, 1, 12
helga, 1, 1, 4
arguably, 1, 1, 3
nimax, 2, 1, 1
panties, 1, 1, 2
rides, 3, 3, 9
reversed, 1, 1, 3
romilda, 1, 1, 11
blue, 3, 3, 19
nobody, 4, 4, 9
committing, 1, 1, 23
lion, 1, 1, 4
though, 29, 27, 180
spams, 1, 1, 7
object, 9, 7, 26
quit, 1, 1, 8
disjointed, 1, 1, 1
regular, 2, 2, 6
mouth, 2, 2, 15
695696, 1, 1, 70
letter, 1, 1, 8
basilisk, 7, 5, 87
pensive, 2, 2, 12
wasnt, 2, 2, 28
insightful, 2, 2, 19
hut, 2, 2, 6
conjures, 1, 1, 8
observation, 2, 1, -16
released, 3, 3, 23
professor, 5, 4, 37
devastating, 1, 1, 3
dog, 3, 3, 18
doe, 5, 4, 20
dunghill, 1, 1, 20
208, 1, 1, 1
definitely, 17, 17, 118
aunt, 2, 1, 66
principle, 1, 1, 1
sun, 3, 2, 33
boils, 1, 1, 3
himchopped, 1, 1, 8
germany, 1, 1, 16
responded, 1, 1, 1
came, 9, 8, 156
decidedly, 1, 1, 19
saying, 8, 8, 205
cooking, 1, 1, 4
ucavelioness, 1, 1, 6
meetings, 2, 1, 7
random, 4, 4, 75
aspires, 1, 1, 1
subreddit, 1, 1, 4
rowena, 1, 1, 2
attempts, 3, 3, 12
showing, 3, 3, 12
radio, 1, 1, 5
brat, 1, 1, 3
participate, 1, 1, 7
sneaking, 1, 1, 6
earth, 7, 6, 45
enjoyed, 5, 5, 79
pick, 4, 4, 29
crush, 1, 1, 3
touches, 1, 1, 1
divinity, 1, 1, 6
spite, 2, 2, 27
implementation, 1, 1, 2
holder, 1, 1, 2
explain, 12, 10, 67
muggles, 22, 19, 156
ocd, 1, 1, 2
hrs, 1, 1, 3
appreciated, 2, 2, 10
theme, 6, 4, 8
touched, 1, 1, 70
rich, 4, 3, 7
photo, 1, 1, 5
muggleborns, 9, 7, 160
announce, 1, 1, 1
nightmarishly, 1, 1, 6
sells, 1, 1, 4
chamberlain, 1, 1, 7
personality, 2, 2, 2
borrowed, 1, 1, 2
dh, 5, 4, 51
wide, 2, 2, 23
intersecting, 2, 1, 12
observant, 1, 1, -16
hocruxes, 1, 1, 6
watch, 4, 4, 52
preferred, 1, 1, 78
da, 1, 1, 2
criticized, 1, 1, 17
amazon, 2, 2, 4
hypothesizing, 1, 1, 2
despite, 7, 5, 28
wizardwitch, 2, 2, 8
imperius, 2, 2, 3
tribute, 1, 1, 6
hired, 2, 2, 13
unfortunately, 3, 3, 18
hall, 3, 2, 6
earn, 6, 3, 33
increasing, 1, 1, 8
martyr, 1, 1, 9
textbooks, 1, 1, 1
modern, 1, 1, 3
public, 1, 1, 7
twice, 1, 1, 1
bad, 20, 19, 129
quaffle, 1, 1, 7
412, 1, 1, 1
release, 1, 1, 1
uvote_gravel, 1, 1, 7
shuld, 1, 1, 1
steal, 2, 2, 4
tricksters, 1, 1, 6
secretary, 1, 1, 1
attest, 1, 1, 1
inferior, 1, 1, -1
decides, 1, 1, 2
reread, 5, 5, 45
fair, 7, 7, 830
edited, 1, 1, 6
prophesy, 2, 2, 6
followers, 1, 1, 2
beg, 1, 1, 4
depends, 1, 1, 1
decided, 6, 6, 64
mature, 2, 2, 22
holding, 1, 1, 2
fail, 1, 1, 20
crouch, 2, 2, 9
armageddon, 1, 1, 15
tortured, 1, 1, 2
alternative, 1, 1, 6
best, 24, 19, 225
subject, 16, 10, 102
eres, 1, 1, 3
00, 1, 1, 2
said, 32, 19, 261
capacity, 1, 1, 2
onto, 1, 1, 1
mitch, 1, 1, 15
narrated, 1, 1, 1
lots, 1, 1, 25
analyze, 1, 1, 3
away, 16, 13, 218
iirc, 2, 2, 11
gentleman, 2, 1, 52
artificial, 4, 4, 57
continent, 1, 1, 1
grandmother, 1, 1, 2
avery, 1, 1, 1
mug, 1, 1, 1
protected, 2, 2, 12
irl, 1, 1, 16
teaching, 3, 3, 14
props, 2, 2, 4
mum, 1, 1, 4
sorts, 6, 6, 126
irc, 1, 1, 7
approach, 1, 1, 3
slugs, 1, 1, 8
inexplicably, 1, 1, 1
men, 1, 1, 11
omg, 2, 2, 3
siruis, 1, 1, 20
trelawney, 2, 2, 8
nature, 6, 5, 60
wo, 9, 9, 45
smelled, 1, 1, 1
auror, 1, 1, 3
handful, 1, 1, 6
however, 19, 17, 209
weary, 1, 1, 70
vernon, 3, 2, 32
healing, 3, 2, 10
disservice, 1, 1, 1
news, 1, 1, 15
picking, 1, 1, 11
newt, 5, 1, 8
kitchen, 1, 1, 8
suggested, 1, 1, 2
received, 2, 2, 1
essentially, 1, 1, 2
triggers, 1, 1, 8
country, 7, 4, 11
ill, 1, 1, 39
cup, 6, 5, 21
mariachi, 1, 1, 4
diggory, 1, 1, 6
participating, 1, 1, 6
players, 1, 1, 6
negative, 2, 1, 20
iimgurcomzdhp8ryjpg, 1, 1, 14
games, 6, 4, 14
planned, 2, 2, 10
gobbledygook, 1, 1, 3
marrying, 1, 1, 11
studio, 1, 1, 2
morsmordre, 1, 1, 2
argue, 3, 2, 17
asked, 7, 7, 19
exhibit, 1, 1, 2
presumably, 2, 2, 13
urainholly42, 1, 1, 2
tough, 3, 3, 10
prefer, 2, 2, 7
parselmouthbias, 1, 1, 8
tons, 2, 2, 27
initiative, 1, 1, 20
underrepresented, 1, 1, 1
250, 1, 1, 1
trust, 4, 4, 29
hitler, 2, 1, -10
speak, 6, 5, 19
bathroom, 1, 1, 3
trickery, 1, 1, 6
asks, 7, 7, 36
tattoos, 1, 1, 10
weasly, 1, 1, 26
creatures, 2, 2, 9
three, 9, 8, 87
quickly, 2, 2, 78
bothers, 2, 2, 6
beer, 1, 1, 1
much, 61, 44, 308
interest, 4, 3, 35
basic, 5, 4, 16
affinity, 1, 1, 4
cowardice, 2, 1, 8
lovely, 4, 4, 9
hitlers, 2, 1, -10
teenager, 1, 1, 6
nonpure, 1, 1, 11
dry, 1, 1, 4
life, 24, 22, 569
fleeting, 1, 1, 70
innocent, 3, 3, 28
mushroom, 2, 1, 6
attacked, 3, 3, 28
republicans, 1, 1, 15
malfoys, 1, 1, 1
inconsolable, 1, 1, 2
places, 4, 4, 15
hippogriff, 1, 1, 1
child, 7, 7, 14
catch, 5, 5, 12
worked, 3, 3, 9
voices, 1, 1, 2
spin, 1, 1, 19
play, 2, 2, 8
tide, 1, 1, 3
east, 1, 1, 2
adaptations, 1, 1, 0
cheapened, 1, 1, 1
20redrawn, 1, 1, 1
hat, 35, 11, 77
air, 3, 3, 43
lesser, 4, 4, 33
ugly, 1, 1, 2
near, 6, 6, 28
formatting, 4, 4, 79
suppose, 3, 3, 5
surprised, 4, 3, 23
applies, 1, 1, 6
cracked, 1, 1, 4
voice, 2, 2, 50
concludes, 1, 1, 8
elaborate, 2, 2, 2
vows, 2, 2, 22
mistake, 5, 5, 99
seven, 5, 5, 59
ujecsgirl, 1, 1, 2
existence, 1, 1, 6
qamp, 1, 1, 2
played, 5, 5, 15
inventions, 1, 1, 2
spectacle, 1, 1, 33
defeated, 3, 3, 24
player, 1, 1, 7
cant, 3, 3, 4
im, 3, 3, 22
creepy, 2, 2, 3
sucked, 1, 1, 15
violin, 3, 1, 2
throwing, 1, 1, 1
oxymoron, 1, 1, 47
ie, 3, 3, 12
id, 1, 1, 1
grown, 2, 2, 10
explicitly, 1, 1, 1
confirmed, 2, 2, 18
fortune, 1, 1, 17
ignored, 1, 1, 8
anybody, 1, 1, 2
perform, 2, 2, 9
suggest, 5, 5, 48
make, 61, 46, 285
format, 1, 1, 12
bella, 9, 1, 20
clearly, 3, 3, 19
forehead, 1, 1, -1
craigslist, 1, 1, 3
healed, 1, 1, 3
complex, 1, 1, 7
potentially, 2, 2, 6
split, 4, 4, 44
unfortunate, 1, 1, 3
chatroom, 1, 1, 7
several, 4, 3, 36
fearswe, 1, 1, 1
grows, 1, 1, 2
deeds, 1, 1, 2
fairly, 4, 4, 78
moose, 1, 1, 7
metamorphmagus, 3, 1, 3
welsh, 2, 1, 7
published, 4, 4, 41
hang, 1, 1, 36
unblockable, 1, 1, 7
evil, 10, 7, 75
hand, 8, 8, 26
kik, 1, 1, 4
retread, 1, 1, 2
characters, 15, 13, 40
unicorn, 1, 1, 4
jealous, 1, 1, 11
selfless, 3, 3, 34
insisted, 2, 2, 0
opportunity, 3, 3, 16
lunen, 1, 1, 15
thoughts, 5, 5, 65
kid, 1, 1, 15
butter, 1, 1, 1
ladythigh, 1, 1, 3
kept, 6, 5, 44
ci3obbgxol, 1, 1, 2
suspicions, 1, 1, 14
charlie, 1, 1, 20
possessed, 1, 1, 8
failing, 1, 1, -16
highcourt, 1, 1, 15
cultural, 1, 1, 1
ocean, 2, 2, 6
academic, 1, 1, 3
contact, 7, 7, 80
perversion, 1, 1, 3
greatest, 5, 4, 27
qualities, 2, 2, 10
mother, 11, 10, 162
hearts, 1, 1, 2
vilifies, 1, 1, 3
left, 11, 10, 158
stringent, 1, 1, 3
foreigners, 1, 1, 16
sentence, 3, 3, 73
yea, 2, 2, 21
gods, 3, 1, 6
prints, 3, 3, 4
effects, 3, 3, 13
overcoming, 1, 1, 5
quotes, 1, 1, 19
grades, 1, 1, 2
spoiled, 1, 1, 3
identify, 1, 1, 2
thanks, 9, 9, 6
human, 3, 3, 18
yep, 2, 2, 11
yes, 18, 16, 109
somerville, 1, 1, 1
yet, 13, 12, 45
previous, 6, 4, 60
hah, 1, 1, 3
snout, 1, 1, 1
wayyyyyy, 1, 1, 8
hills, 1, 1, 2
candidate, 1, 1, 7
coldly, 1, 1, 6
photographer, 1, 1, 2
thick, 1, 1, 9
umidnightdragon, 1, 1, 6
character, 17, 14, 173
theater, 4, 2, 8
succumb, 1, 1, 3
alchemy, 3, 3, 14
concerns, 1, 1, 1
collections, 1, 1, 3
board, 6, 5, 15
easy, 5, 5, 19
prison, 3, 3, 107
consideration, 2, 2, 2
plasma, 1, 1, 3
gave, 12, 12, 84
casting, 1, 1, 7
reuse, 2, 1, 2
professional, 2, 2, 5
wizardswitches, 1, 1, 23
mcgonagalldumbledore, 1, 1, 17
possible, 15, 13, 102
awhile, 1, 1, 3
possibly, 4, 4, 49
boxes, 1, 1, 66
indicative, 1, 1, 2
background, 1, 1, 5
wanting, 7, 7, 34
judge, 4, 4, 73
inclination, 1, 1, 3
highly, 2, 2, 21
advanced, 1, 1, 2
apart, 5, 5, 109
desire, 2, 2, 13
bro, 1, 1, 1
trivia, 1, 1, 1
appearing, 1, 1, 20
gift, 4, 3, 12
rewatching, 1, 1, 2
hunt, 2, 2, 17
unnecessary, 1, 1, 20
unsuspecting, 1, 1, 3
stained, 1, 1, 1
upicklesmcgeezac, 1, 1, 13
offices, 3, 3, 11
mosquito, 1, 1, 3
night, 5, 5, 29
bunch, 3, 3, 61
moral, 4, 4, 4
security, 1, 1, 7
prepping, 1, 1, 3
antique, 1, 1, 15
right, 36, 32, 306
old, 9, 9, 108
deal, 4, 4, 20
people, 77, 52, 379
puny, 1, 1, -16
somehow, 4, 4, 30
dead, 13, 9, 36
alice, 1, 1, 2
born, 7, 7, 59
clubs, 1, 1, 4
winds, 1, 1, 423
paragraphs, 2, 2, 4
dear, 2, 2, 11
rereading, 4, 3, 84
guess, 9, 8, 66
reparo, 3, 2, 9
enemies, 3, 3, 5
theatrical, 1, 1, 3
socks, 1, 1, 3
friend, 11, 10, 55
angers, 1, 1, 2
bottom, 5, 5, 30
closing, 1, 1, 5
relistening, 1, 1, 8
normal, 3, 3, 8
fox, 2, 2, 25
harrys, 1, 1, 4
comments, 5, 2, 7
creative, 1, 1, 1
decadestechnology, 1, 1, 1
everything, 13, 12, 110
moviething, 1, 1, 6
asking, 4, 4, 44
honoured, 1, 1, 20
shakespeare, 1, 1, 4
denied, 1, 1, 20
serpents, 2, 2, 14
confusion, 1, 1, 2
adorable, 2, 2, 5
christmas, 3, 3, 8
lawsuits, 1, 1, 3
holiday, 1, 1, 3
pls, 1, 1, 1
bold, 1, 1, 19
most_relevantamp, 1, 1, 1
deleted, 2, 2, -4
sketchy, 1, 1, 6
dental, 1, 1, 22
view, 2, 1, 2
skeeter, 3, 2, 22
hung, 2, 2, 20
idolized, 1, 1, 17
losing, 2, 2, 68
flaws, 1, 1, 1
post, 24, 20, 217
super, 3, 3, 8
pli, 1, 1, 7
proceed, 1, 1, 8
chapter, 11, 9, 54
plgop24464amp, 1, 1, 2
intentions, 1, 1, 7
conceal, 1, 1, 20
dollars, 2, 1, 1
months, 4, 4, 107
words, 4, 4, 52
ubesexe, 1, 1, 6
cliche, 1, 1, 19
despair, 2, 2, 3
ensure, 1, 1, 15
connected, 2, 2, 14
efforts, 1, 1, 2
ft, 1, 1, 9
curry, 1, 1, 20
automatically, 1, 1, 3
badgers, 6, 1, 6
duke, 2, 2, 1
raised, 1, 1, 1
faint, 1, 1, 11
presence, 1, 1, 11
drown, 1, 1, 3
sparing, 1, 1, 2
bound, 1, 1, 2
usso, 1, 1, 1
son, 4, 3, 25
lies, 6, 4, 40
adventure, 1, 1, 2
narration, 1, 1, 1
worker, 3, 3, 14
renovating, 1, 1, 3
soon, 4, 4, 19
rounds, 3, 1, 7
classiest, 1, 1, 9
methods, 3, 3, 10
existed, 2, 2, 6
rely, 1, 1, 9
america, 3, 3, 23
dobby, 3, 3, 12
guts, 1, 1, 17
support, 3, 3, 23
initial, 1, 1, 1
jealousy, 2, 1, 20
transform, 3, 3, 12
fight, 4, 3, 16
humorous, 1, 1, 2
fought, 2, 2, 8
way, 46, 40, 669
handkill, 1, 1, 8
music, 5, 2, 3
war, 5, 3, 16
across, 2, 2, 7
happy, 12, 11, 82
questionable, 2, 2, 5
head, 13, 12, 46
creation, 2, 2, 3
battery, 1, 1, 8
form, 10, 8, 78
offer, 2, 2, 5
becoming, 1, 1, 3
gorgeous, 3, 3, 6
swishy, 1, 1, 2
gripes, 1, 1, 20
quafflepunchers, 1, 1, 7
uncle, 1, 1, 52
catalyst, 1, 1, 423
umirgaine_life, 2, 2, 10
beech, 1, 1, 4
sustained, 1, 1, 20
true, 6, 6, 38
atrocities, 1, 1, 7
sent, 2, 2, 16
humiliate, 1, 1, 4
unsuccessful, 1, 1, 1
duel, 5, 5, 75
hermaneutic, 1, 1, 6
builds, 1, 1, 2
understood, 2, 2, 7
sleeze, 1, 1, 8
inside, 6, 5, 26
attached, 1, 1, 2
passiveaggressive, 1, 1, 2
devices, 1, 1, 2
tell, 25, 17, 160
attuned, 1, 1, 3
practicing, 1, 1, 2
torturing, 2, 2, 10
nerdy, 1, 1, 39
emotional, 3, 3, 12
lettering, 1, 1, 2
pixar, 1, 1, 1
temper, 1, 1, 1
brightly, 1, 1, 6
trio, 2, 2, 5
proud, 1, 1, 2
proved, 1, 1, 2
classic, 1, 1, 1
minaj, 1, 1, 1
stronger, 5, 5, 105
tournament, 3, 3, 25
covers, 3, 3, 16
evidence, 4, 4, 87
somebody, 2, 2, 11
presented, 2, 1, -1
guessed, 1, 1, 4
exist, 2, 2, 10
promised, 1, 1, 6
clinking, 1, 1, 11
request, 1, 1, 2
ship, 1, 1, 2
annoying, 1, 1, 19
portrayed, 1, 1, 3
check, 5, 5, 6
shit, 10, 10, 140
supporters, 2, 2, 24
tix, 1, 1, 1
dying, 5, 5, 25
floor, 1, 1, 15
tit, 1, 1, 1
na, 7, 7, 11
whereas, 1, 1, 1
2sid, 1, 1, 2
vanquished, 1, 1, 15
reality, 2, 2, 14
website, 2, 2, 8
flood, 1, 1, 2
tin, 1, 1, 8
interested, 4, 4, 6
role, 7, 7, 35
whew, 1, 1, 3
ambitious, 6, 4, 71
brings, 2, 2, 2
test, 1, 1, 1
vanished, 1, 1, 11
realize, 2, 2, 9
picture, 5, 4, 14
sink, 1, 1, 3
brothers, 1, 1, 1
phoenix, 7, 7, 31
pseudolatin, 1, 1, 3
dies, 5, 4, 25
welcome, 7, 7, 46
stealing, 1, 1, 2
intimate, 1, 1, 2
brief, 1, 1, 2
uowlpostagain, 1, 1, 3
journey, 5, 4, 17
intent, 2, 2, 21
nods, 1, 1, 1
scores, 1, 1, 7
commiting, 1, 1, 19
shatters, 1, 1, 4
hurt, 3, 2, 20
died, 12, 11, 45
legs, 1, 1, 2
quirky, 1, 1, 12
happening, 4, 4, 13
bullet, 1, 1, 7
phone, 4, 4, 31
assume, 6, 6, 16
normally, 2, 2, 13
moved, 3, 3, 33
ransacked, 1, 1, 66
monster, 1, 1, 9
together, 11, 9, 42
jacket, 1, 1, 2
loyal, 3, 3, 32
useful, 3, 3, 6
time, 60, 46, 325
push, 2, 2, 35
shrieking, 1, 1, 6
precedent, 1, 1, 3
stick, 1, 1, 4
premeditated, 1, 1, 23
egos, 1, 1, -16
managed, 2, 2, 10
broke, 2, 2, 4
ron, 16, 9, 128
whoever, 3, 3, 10
ingredences, 1, 1, 4
vestiges, 1, 1, 15
jameslily, 1, 1, 14
leads, 2, 2, 4
theaters, 1, 1, 2
mile, 1, 1, 6
skin, 5, 2, 2
understandable, 1, 1, 4
rationalised, 1, 1, 20
ror, 4, 3, 10
parseltounge, 1, 1, 9
jpeged, 1, 1, 15
idealism, 1, 1, 4
21st, 1, 1, 6
depend, 1, 1, 2
foe, 1, 1, 2
hogsmeade, 2, 2, 22
swoon, 1, 1, 4
father, 12, 9, 56
disgusting, 2, 2, 5
contemplating, 1, 1, 1
passage, 1, 1, 8
environment, 1, 1, 2
0, 1, 1, 6
finally, 2, 2, 19
praised, 1, 1, 2
jvl, 1, 1, 5
circumstances, 3, 3, 34
oversight, 1, 1, 1
retro, 2, 1, 2
brown, 1, 1, 16
protective, 1, 1, 25
advantage, 1, 1, 19
funsies, 1, 1, 4
bulletin, 2, 2, 2
earthier, 1, 1, 4
keeping, 6, 6, 20
seemingly, 2, 2, 19
rquidditch_world_cup, 1, 1, 7
embark, 2, 1, 2
bunnies, 1, 1, 2
macnair, 1, 1, 1
artwork, 2, 2, 2
word, 3, 3, 25
trouble, 4, 4, 31
exact, 5, 5, 29
feeble, 1, 1, 1
minute, 3, 3, 26
cool, 23, 23, 849
discovered, 2, 2, 21
epic, 1, 1, 2
impressive, 1, 1, 1
purely, 1, 1, 3
die, 10, 9, 67
cheapest, 1, 1, 3
posts, 10, 6, 72
brother, 8, 7, 25
keepers, 2, 2, 21
forgets, 1, 1, 4
leave, 8, 8, 59
p, 6, 6, 43
diy, 1, 1, 1
team, 6, 4, 40
quick, 4, 4, 29
movie, 10, 10, 826
speculation, 3, 3, 78
spent, 1, 1, 3
woven, 1, 1, 11
round, 4, 3, 13
yall, 3, 3, 16
inconsistent, 1, 1, 0
prevent, 1, 1, 15
grindelwald, 3, 3, 23
brave, 17, 11, 105
says, 23, 13, 91
regret, 2, 2, 30
ezra, 1, 1, 1
core, 1, 1, 9
attic, 2, 1, 66
sigh, 2, 2, 5
psychopompious, 1, 1, 9
prediction, 1, 1, 3
literature, 2, 1, 8
sign, 4, 3, 36
rita, 3, 3, 24
slowed, 1, 1, 11
cost, 2, 2, 7
designs, 1, 1, 1
eating, 1, 1, 4
encase, 1, 1, 19
wozard, 1, 1, 1
unlikely, 1, 1, 20
educate, 1, 1, 20
wondering, 4, 4, 16
filler, 4, 3, 14
greatuncle, 1, 1, 52
ww2, 1, 1, 9
favour, 5, 4, 38
pleased, 1, 1, 1
current, 7, 7, 16
irritating, 1, 1, 19
lt, 3, 1, 1
suspect, 2, 2, 4
goes, 10, 9, 55
uoomps62, 1, 1, 7
illustrations, 2, 2, 3
shared, 3, 3, 65
jpeg, 1, 1, -3
muggleborn, 7, 7, 23
dem, 1, 1, 2
rdiy, 1, 1, 44
realizing, 1, 1, 8
burn, 1, 1, 20
worldit, 1, 1, 1
ms, 1, 1, 18
camel, 1, 1, 6
grandparents, 4, 3, 4
funeral, 1, 1, 1
v, 3, 3, 27
understanding, 4, 2, 9
water, 1, 1, 12
meteorites, 1, 1, 7
merlin, 14, 11, 37
witch, 2, 2, 21
groups, 1, 1, 1
address, 2, 2, 5
alone, 6, 6, 191
along, 11, 11, 102
refused, 2, 2, 7
appears, 1, 1, 25
change, 13, 12, 65
wait, 6, 6, 107
box, 6, 4, 7
rings, 1, 1, 2
neville, 5, 5, 19
crumbles, 1, 1, 20
incoming, 2, 2, 2
noticeable, 1, 1, 1
ot, 1, 1, 1
brilliant, 8, 7, 22
shift, 1, 1, 1
bot, 1, 1, 44
hungry, 2, 1, 2
ineffective, 1, 1, 23
data, 1, 1, 1
suggestion, 1, 1, 2
usually, 4, 4, 11
weird, 4, 3, 18
deatheater, 1, 1, 35
studies, 5, 3, 11
hbp, 4, 4, 63
pause, 1, 1, 2
churchill, 1, 1, 7
love, 54, 50, 290
bloods, 1, 1, 11
extra, 6, 5, 91
checkwrite, 1, 1, 2
jar, 1, 1, 2
merely, 3, 3, 30
iimgurcom6upicevjpg, 1, 1, 2
gamecube, 2, 2, 5
logical, 2, 2, 37
bloody, 1, 1, 1
keeper, 3, 3, 22
iron, 1, 1, 12
dp_olp_0, 1, 1, 1
betraying, 1, 1, 8
randomnly, 1, 1, 4
fake, 1, 1, 8
forefront, 1, 1, 4
withdrawing, 1, 1, 2
crisis, 1, 1, 4
roman, 1, 1, 4
everybody, 3, 3, 8
serpent, 2, 1, 11
working, 8, 8, 53
sake, 1, 1, 2
positive, 1, 1, 20
angry, 2, 2, 24
mst, 1, 1, 7
visit, 2, 2, 128
fickle, 1, 1, 12
sunday, 1, 1, 6
parties, 1, 1, 1
live, 16, 15, 158
wood, 1, 1, 4
prey, 1, 1, 1
iphone, 1, 1, 1
https, 30, 20, 433
memory, 6, 4, 26
films, 8, 5, 54
believing, 2, 2, 19
greatgrandparents, 1, 1, 1
theoretical, 1, 1, 8
today, 7, 7, 75
loving, 3, 3, 11
interjected, 2, 2, 43
gryffindor, 49, 25, 154
sharing, 3, 3, 4
issueperhaps, 1, 1, 2
caricatures, 1, 1, 8
club, 1, 1, 3
faeries, 1, 1, 1
acceptable, 1, 1, 2
apparent, 1, 1, 3
3x24464, 1, 1, 2
chocolate, 4, 3, 5
ra, 2, 2, 3
appendix, 1, 1, 4
everywhere, 1, 1, 17
observations, 1, 1, 1
iamhereiguess, 1, 1, 4
amelia, 4, 3, 9
cases, 1, 1, 20
effort, 1, 1, 2
capturing, 2, 2, 21
fly, 1, 1, 2
valued, 4, 1, 17
sphere, 1, 1, 1
thousands, 3, 3, 16
originally, 3, 2, 8
pretend, 1, 1, 19
discussions, 1, 1, 2
soul, 22, 10, 72
cat, 4, 4, 38
wands, 1, 1, 7
meow, 1, 1, 3
values, 10, 3, 33
gurdyroot, 1, 1, 1
douchy, 1, 1, 4
making, 10, 8, 40
arrive, 2, 1, 20
bites, 1, 1, 3
rufus, 1, 1, 7
disowned, 4, 2, 84
admired, 1, 1, 4
crazy, 6, 5, 31
valentines, 1, 1, 1
reproachful, 1, 1, 6
figure, 5, 5, 37
mirrors, 1, 1, 4
frogs, 1, 1, 5
december, 1, 1, 4
awesome, 15, 15, 68
winston, 1, 1, 7
fuck, 4, 4, 14
agent, 2, 2, 23
soup, 1, 1, 4
topic, 1, 1, 39
7pm, 1, 1, 7
rowling, 3, 3, 11
admires, 1, 1, 1
allowed, 4, 4, 33
offense, 1, 1, 1
counting, 1, 1, 20
stole, 2, 2, 6
occur, 1, 1, 15
listens, 1, 1, 2
bigot, 3, 2, 23
winter, 1, 1, 7
afterlife, 3, 2, 7
divided, 1, 1, 11
monuments, 1, 1, 15
pine, 1, 1, 2
brain, 3, 2, 6
1, 18, 16, 130
rubio, 2, 1, 15
vital, 3, 3, 23
fourth, 3, 3, 81
obliviated, 1, 1, 1
coiled, 1, 1, 11
speaks, 1, 1, 6
idk, 1, 1, 4
map, 3, 3, 8
deviated, 1, 1, 3
irrational, 1, 1, 35
staircase, 1, 1, 20
huge, 13, 12, 536
may, 15, 13, 79
999, 1, 1, 3
lucky, 2, 2, 4
fueled, 1, 1, 1
birthday, 1, 1, 1
snape, 161, 38, 338
mad, 6, 5, 21
courses, 1, 1, 2
date, 1, 1, 2
heroes, 3, 3, 11
guys, 18, 14, 190
man, 18, 16, 112
classroom, 2, 2, 74
prob, 1, 1, 7
wwwyoutubecomwatch, 2, 2, 2
aimless, 1, 1, 1
natural, 6, 5, 48
remember, 14, 14, 58
liquid, 2, 2, 5
recognized, 1, 1, 1
whenever, 2, 2, 2
maybe, 41, 33, 134
obliviate, 1, 1, 1
explicit, 1, 1, 1
st, 1, 1, 2
inform, 1, 1, 1
switch, 1, 1, 2
irked, 1, 1, 1
representation, 2, 2, 19
talk, 19, 14, 117
typical, 1, 1, 16
creevey, 1, 1, 6
099, 1, 1, 3
mugglestyle, 1, 1, 22
behrs, 1, 1, 7
nerve, 2, 2, 10
pointed, 1, 1, 5
midnight, 2, 2, 39
spreadsheets, 1, 1, 7
years, 17, 16, 217
professors, 2, 2, 6
course, 20, 18, 117
episodes, 2, 2, 2
nee, 1, 1, 3
cuts, 3, 3, 27
argued, 4, 4, 37
kanye, 1, 1, 5
cold, 1, 1, 15
still, 44, 35, 254
stir, 1, 1, 3
birds, 1, 1, 4
tendency, 2, 2, 7
scale, 1, 1, 2
group, 3, 3, 23
puffs, 1, 1, 11
beliefs, 1, 1, 1
willow, 1, 1, 6
interesting, 11, 10, 63
torn, 4, 2, 89
hot, 2, 2, 3
gameboard, 1, 1, 7
forms, 1, 1, 6
century, 1, 1, 1
immortality, 3, 2, 40
remorse, 3, 2, 18
felicis, 2, 2, 5
tweets, 2, 2, 40
chances, 1, 1, 2
main, 4, 4, 46
tiara, 1, 1, 1
texas, 1, 1, 15
happened, 10, 8, 104
conveying, 1, 1, 2
non, 2, 2, 25
unplottable, 1, 1, 20
intntl, 1, 1, 1
devastated, 3, 3, 12
relativism, 1, 1, 3
killer, 2, 2, 21
hermeticism, 1, 1, 4
sooner, 2, 2, 4
nation, 1, 1, 15
scaling, 2, 2, 4
toxic, 1, 1, 2
qualified, 1, 1, 9
cauldron, 3, 3, 11
half, 7, 7, 42
sorted, 5, 5, 23
madrakes, 1, 1, 8
killed, 14, 12, 62
possess, 1, 1, 20
occult, 2, 2, 13
leds, 1, 1, 39
name, 12, 10, 96
neverending, 1, 1, 2
chuckled, 1, 1, 5
january, 2, 2, 69
times, 13, 12, 75
drop, 2, 2, 18
nastytasting, 1, 1, 4
leather, 1, 1, 2
pictureperfect, 1, 1, 32
realise, 1, 1, 13
rock, 2, 2, 4
entirely, 3, 3, 73
writer, 1, 1, 5
trampled, 1, 1, 6
sectumsempra, 2, 2, 4
prompted, 1, 1, 103
bursting, 1, 1, 1
vane, 1, 1, 11
transfigures, 1, 1, 3
eg, 2, 2, 4
torch, 3, 3, 4
treacherous, 1, 1, 6
yeah, 7, 6, 40
balanced, 1, 1, 1
gaps, 1, 1, 23
farewell, 1, 1, 2
crookshanks, 1, 1, 8
year, 26, 19, 218
assumption, 1, 1, 6
naming, 1, 1, 6
teams, 2, 1, 7
tried, 12, 9, 90
album, 1, 1, 2
living, 15, 14, 152
ultimately, 4, 4, 19
opened, 5, 5, 27
space, 1, 1, 3
iimgurcom9qnvcqrpng, 1, 1, 25
greeks, 2, 1, 6
multiplayer, 1, 1, 7
looking, 10, 9, 35
replacing, 2, 2, 5
contained, 2, 2, 27
protections, 1, 1, 6
trauma, 1, 1, 3
murderers, 1, 1, 2
hpmor, 1, 1, -1
internet, 3, 3, 9
copout, 1, 1, 1
hufflepuff, 16, 13, 69
sweet, 4, 3, 16
correct, 2, 2, 9
shows, 6, 6, 102
intended, 1, 1, 23
0343, 1, 1, 1
cissy, 1, 1, 20
earlier, 4, 4, 8
theory, 10, 9, 130
state, 4, 4, 14
seventh, 1, 1, 3
possibility, 1, 1, 8
quite, 11, 10, 78
romans, 1, 1, 6
centered, 1, 1, 2
complicated, 2, 2, 6
inviting, 1, 1, 1
severus, 4, 4, 54
obligation, 2, 2, 22
ga_view_type, 1, 1, 1
care, 7, 7, 21
advance, 3, 3, 79
training, 2, 2, 3
language, 8, 6, 35
ministry, 17, 12, 42
yup, 3, 2, 9
disillusionment, 1, 1, 1
listings, 1, 1, 1
calories, 1, 1, 43
vehemently, 1, 1, 3
honest, 5, 5, 16
motion, 2, 1, 2
thing, 33, 29, 777
place, 18, 16, 284
vision, 2, 2, 13
cos, 5, 5, 37
entrusted, 1, 1, 20
think, 170, 96, 645
frequent, 1, 1, 4
first, 41, 31, 389
emotion, 2, 2, 4
constantly, 4, 4, 12
dwelling, 1, 1, 2
err, 1, 1, 3
nargles, 1, 1, 1
likedloved, 1, 1, 2
dungeons, 2, 1, 2
variables, 1, 1, 3
coming, 2, 2, 13
potter, 50, 43, 291
btw, 1, 1, 2
xd, 2, 2, 15
shout, 1, 1, 1
submit, 3, 1, 6
directly, 2, 2, 13
spanish, 1, 1, 2
vote, 1, 1, 15
impossible, 1, 1, 3
message, 3, 2, 13
drove, 1, 1, 19
open, 9, 7, 32
george, 5, 5, 25
size, 3, 3, 8
little, 22, 18, 202
necessarily, 4, 4, 29
officials, 1, 1, 4
silent, 1, 1, 2
stuck, 1, 1, 1
wowing, 1, 1, 4
caught, 6, 5, 32
participates, 1, 1, 7
rharrypotter, 3, 3, 20
anyone, 20, 18, 122
psychotic, 1, 1, 20
teacher, 3, 2, 6
2, 21, 18, 85
escort, 1, 1, 6
articles, 1, 1, 12
headmasters, 3, 1, 25
white, 6, 5, 61
alright, 1, 1, 1
speaking, 4, 4, 53
gives, 7, 6, 37
paved, 1, 1, 7
eyes, 12, 9, 169
brainy, 1, 1, 11
mysterious, 1, 1, 12
inefficient, 1, 1, 73
mostly, 8, 6, 50
releaser, 1, 1, 7
summonedbut, 1, 1, 1
season, 3, 1, 7
huh, 1, 1, 33
dorms, 1, 1, 2
artifact, 1, 1, 15
broadcast, 1, 1, 1
flowery, 1, 1, 36
hillary, 1, 1, 0
ridiculous, 3, 3, 13
fresh, 1, 1, 5
editions, 4, 4, 11
lazy, 2, 1, 3
copy, 5, 4, 21
relearning, 1, 1, 17
boyfriend, 1, 1, 66
11, 6, 4, 36
10, 7, 6, 28
13, 2, 2, 10
12, 8, 8, 35
15, 3, 3, 21
14, 1, 1, 17
17, 1, 1, 6
16, 1, 1, 20
18, 1, 1, 7
require, 1, 1, 1
buzzfeed, 1, 1, 2
optimism, 1, 1, 2
savant, 1, 1, 2
siding, 1, 1, -1
future, 8, 7, 119
blabla, 1, 1, 2
opens, 1, 1, 2
cards, 3, 2, 3
gigantic, 1, 1, 2
wandering, 1, 1, 1
proactive, 1, 1, 8
lowest, 1, 1, 7
desperate, 3, 2, 0
nicer, 1, 1, 3
remained, 1, 1, 15
seal, 1, 1, 2
turned, 5, 5, 46
argument, 1, 1, 4
alley, 1, 1, 22
sad, 9, 6, 51
woah, 1, 1, 2
say, 34, 28, 153
medium, 1, 1, 2
buried, 1, 1, 70
distorted, 1, 1, 2
anger, 2, 1, 4
breakfast, 1, 1, 1
recover, 1, 1, 2
saw, 19, 16, 288
humiliation, 1, 1, 19
sat, 2, 2, 43
publicity, 1, 1, 7
speakers, 1, 1, 4
offering, 2, 2, 5
figg, 1, 1, 18
owls, 3, 3, 15
fucking, 5, 5, 12
ideas, 4, 2, 11
instructed, 1, 1, 25
note, 5, 5, 22
omfg, 1, 1, 1
rehearsals, 1, 1, 1
potential, 2, 2, 6
take, 22, 19, 222
online, 3, 3, 11
destroy, 3, 2, 7
concern, 2, 1, 2
atop, 1, 1, 2
belittling, 1, 1, 1
urge, 1, 1, 4
begin, 1, 1, 2
sure, 22, 20, 215
pain, 3, 3, 23
trace, 1, 1, 6
madeye, 1, 1, 2
track, 13, 3, 8
invasions, 1, 1, 8
price, 3, 3, 10
knew, 13, 12, 69
betrayal, 2, 1, 4
paid, 3, 3, 10
rehearsal, 1, 1, 1
abut, 1, 1, 1
nutella, 1, 1, 2
importantly, 1, 1, 4
printed, 1, 1, 12
stormed, 1, 1, 20
pair, 2, 2, 6
foothold, 1, 1, 7
forever, 5, 5, 35
especially, 12, 11, 121
fills, 1, 1, 1
considered, 5, 5, 25
dream, 2, 2, 9
bluesilver, 1, 1, 1
later, 16, 14, 66
steady, 1, 1, 11
sale, 1, 1, 3
tooth, 1, 1, 15
37yearold, 1, 1, 4
hippogriffs, 1, 1, 1
lockhart, 5, 4, 49
listeneven, 1, 1, 1
ujefreem, 1, 1, 7
senior, 1, 1, 15
treats, 1, 1, 6
review, 1, 1, 1
choice, 7, 6, 57
laws, 3, 3, 20
shop, 1, 1, 2
bawling, 1, 1, 66
horribly, 3, 3, 34
shot, 3, 3, 10
heap, 2, 2, 5
show, 9, 9, 122
german, 1, 1, 2
recipe, 2, 2, 6
trod, 1, 1, 1
percy, 9, 6, 69
elevate, 1, 1, 1
bright, 3, 3, 6
counterpoints, 1, 1, 1
fletcher, 1, 1, 4
hidingan, 1, 1, 1
corner, 2, 2, 15
aggressive, 1, 1, 3
potionsbut, 1, 1, 14
imagined, 3, 3, 76
fifth, 3, 3, 11
crashing, 1, 1, 2
enchanted, 1, 1, 5
waited, 1, 1, 6
slow, 2, 2, 19
farting, 1, 1, 2
title, 5, 4, 8
escaped, 2, 2, 10
dick, 9, 4, -9
bigots, 1, 1, 16
3, 26, 21, 948
supported, 2, 2, 5
considerable, 1, 1, 2
aside, 3, 3, 32
going, 31, 26, 170
black, 12, 10, 136
essence, 2, 2, 13
watching, 3, 3, 13
dreaded, 1, 1, 4
predict, 1, 1, 2
guarded, 1, 1, 2
unsure, 2, 2, 3
correctly, 1, 1, 40
get, 80, 60, 361
iimgurcomlzwjfnspng, 1, 1, 3
cannon, 1, 1, 6
amortentia, 3, 1, 36
truly, 10, 9, 96
tl, 1, 1, 5
infallible, 1, 1, 8
nearly, 10, 10, 77
hooper, 2, 1, 2
justified, 1, 1, 8
freaking, 1, 1, 3
prime, 25, 7, 41
reveal, 2, 2, 21
regarding, 1, 1, 1
girl, 1, 1, 2
settings, 1, 1, 7
brockdale, 1, 1, 7
frustrated, 1, 1, 4
iimgurcomsvrwdxtpng, 1, 1, 2
remus, 8, 6, 31
isnt, 2, 2, -7
absurdly, 1, 1, 3
requesting, 1, 1, 1
purge, 1, 1, 73
barbaric, 1, 1, 20
stupid, 2, 2, 5
jabba, 1, 1, 2
communicated, 1, 1, 8
husband, 2, 2, 4
wiki, 5, 5, 12
reveals, 2, 1, 7
stag, 1, 1, 10
gushfest, 1, 1, 9
attenuated, 1, 1, 35
physically, 2, 2, 23
ungrateful, 1, 1, 1
committed, 1, 1, 23
comparable, 1, 1, 4
seat, 2, 2, 85
relative, 1, 1, 2
actively, 1, 1, 11
college, 2, 2, 35
1927, 1, 1, 6
collects, 2, 1, 6
ruined, 1, 1, 2
wonder, 7, 7, 27
postdeathly, 1, 1, 1
camping, 1, 1, 0
ways, 4, 4, 32
subsequent, 1, 1, 2
fascinated, 1, 1, 2
boy, 2, 2, 2
slander, 1, 1, 2
spoons, 1, 1, 1
behind, 7, 6, 93
postcomment, 1, 1, 6
ompst, 1, 1, 2
enjoys, 6, 2, 23
reading, 17, 15, 147
fascinates, 1, 1, 5
corridors, 1, 1, 2
notice, 6, 5, 41
iimgurcom4jjafdxjpg, 1, 1, 4
august, 1, 1, 6
septimus, 2, 2, 5
25, 1, 1, 2
flow, 2, 2, 6
killing, 15, 11, 88
blame, 3, 3, 19
jo, 5, 3, 28
awards, 1, 1, 4
invite, 1, 1, 7
jk, 13, 11, 109
cedric, 4, 3, 10
article, 7, 6, 21
come, 12, 11, 42
dates, 1, 1, 12
horrifying, 1, 1, 2
reddit, 1, 1, 35
many, 23, 19, 74
region, 1, 1, 2
argues, 1, 1, 6
hours, 1, 1, 4
according, 3, 3, 65
restroom, 1, 1, 2
personal, 3, 3, 16
sacked, 1, 1, 8
spare, 2, 2, 6
holders, 1, 1, 4
misdirect, 1, 1, 20
fix, 2, 2, 7
comes, 10, 7, 68
nearby, 1, 1, 6
duty, 1, 1, 15
among, 1, 1, 6
pastimes, 1, 1, 8
color, 5, 2, 1
effective, 1, 1, 20
pot, 1, 1, 4
hurts, 2, 2, 50
period, 1, 1, 2
pop, 1, 1, 1
satisfaction, 1, 1, 11
spoilers, 1, 1, 4
lease, 1, 1, 3
imo, 3, 3, 13
learning, 1, 1, 2
poi, 2, 2, 27
cancel, 1, 1, 4
ordered, 2, 2, 21
crew, 1, 1, 3
considers, 4, 3, 25
boat, 1, 1, 1
logic, 3, 3, 7
caring, 2, 2, 54
better, 12, 11, 90
arts, 3, 3, 12
oliver, 1, 1, 1
underworld, 1, 1, 6
fault, 3, 2, 9
capable, 1, 1, 20
stretch, 1, 1, 70
west, 2, 2, 12
rebuild, 1, 1, 7
informed, 3, 3, 75
rest, 3, 3, 3
mark, 6, 5, 9
breath, 1, 1, 4
pettigrew, 9, 8, 82
mckinnons, 1, 1, 2
snep, 1, 1, 13
combined, 1, 1, 6
butterbeer, 2, 2, 10
understated, 1, 1, 2
featuring, 1, 1, 2
hardly, 2, 2, 12
mary, 1, 1, 3
bullshit, 1, 1, 19
wants, 10, 10, 110
lou, 1, 1, 3
direction, 2, 2, 10
certainly, 5, 5, 10
graveyard, 2, 2, 90
leadsaturn, 1, 1, 12
offered, 2, 2, 22
formed, 1, 1, 3
photon, 1, 1, 3
interpretations, 1, 1, 35
dangerous, 2, 1, 4
observers, 1, 1, 4
mocking, 2, 2, 23
traumatized, 1, 1, 2
empathy, 1, 1, 7
minister, 27, 7, 16
storytelling, 1, 1, 5
eaters, 13, 10, 66
suspected, 1, 1, 6
careful, 1, 1, 12
spirit, 1, 1, 15
sound, 4, 4, 12
findingthemed, 1, 1, 6
crumb, 1, 1, 1
disconnected, 1, 1, 4
worried, 1, 1, 1
pretence, 1, 1, 20
voldemort, 92, 38, 320
cast, 4, 4, 30
tragedy, 1, 1, 1
morfins, 1, 1, 3
apologises, 1, 1, 4
mugglemuggleborn, 1, 1, 1
situation, 4, 4, 42
iveread, 1, 1, 1
coolest, 2, 2, 159
fool, 1, 1, 1
eventually, 9, 4, 11
pensieve, 1, 1, 24
sincere, 1, 1, 20
canon, 4, 4, 74
sleeping, 1, 1, 38
murtlap, 1, 1, 2
soit, 1, 1, 25
fairytale, 1, 1, 1
someone, 28, 19, 169
rpottermorewritings, 1, 1, 1
ironic, 1, 1, 32
affected, 1, 1, 11
petunia, 5, 3, 40
technology, 3, 3, 18
fame, 2, 2, 17
worry, 1, 1, 20
salacious, 1, 1, 1
different, 8, 8, 146
develop, 2, 2, 4
misunderstand, 1, 1, 2
author, 2, 2, 21
inquire, 1, 1, 3
afterlives, 2, 2, 7
granted, 1, 1, 8
reminded, 2, 2, 26
quaffles, 1, 1, 2
trip, 1, 1, 3
ya, 2, 2, 2
sigils, 1, 1, 12
wizards, 30, 24, 162
speech, 1, 1, 3
recklessnot, 1, 1, 8
studentfacilitated, 1, 1, 2
wizardy, 1, 1, 2
reminder, 1, 1, 8
regime, 2, 2, 27
events, 5, 3, 16
week, 12, 9, 37
noble, 1, 1, 1
finish, 1, 1, 2
drives, 1, 1, 1
cymbal, 1, 1, 2
unquestioning, 1, 1, 9
running, 2, 2, 5
delicate, 2, 2, 4
favorites, 2, 2, 6
readhappy, 1, 1, 36
halfblood, 5, 3, 40
totally, 7, 7, 178
tradition, 1, 1, 15
reference, 1, 1, 3
enchanting, 1, 1, 2
break, 2, 2, 3
bryce, 1, 1, 8
weakened, 1, 1, 8
expression, 1, 1, 2
narcissa, 11, 2, 21
vacant, 1, 1, 15
magical, 43, 23, 126
severe, 1, 1, 8
without, 14, 12, 135
solve, 1, 1, 1
relief, 1, 1, 13
components, 1, 1, 2
relied, 1, 1, 8
grounds, 1, 1, 2
20of, 1, 1, 1
justify, 1, 1, 39
riddle, 7, 6, 31
bludger, 1, 1, 7
sane, 1, 1, 8
money, 10, 10, 194
battleship, 1, 1, 1
actions, 7, 5, 44
risk, 1, 1, 20
imprint, 1, 1, 1
narraters, 1, 1, 1
kill, 19, 14, 152
actor, 1, 1, 6
aspect, 1, 1, 9
touch, 2, 2, 93
dementor, 2, 2, 13
pureblood, 7, 7, 93
captured, 1, 1, 6
weekly, 1, 1, 6
til, 3, 3, 29
death, 39, 24, 250
hint, 2, 2, 27
thinking, 18, 16, 128
rose, 1, 1, 2
hufflepuffs, 4, 3, 11
seems, 23, 18, 128
except, 3, 3, 7
desktop, 1, 1, 1
xeno, 1, 1, 1
instrument, 3, 2, 14
lets, 10, 4, 76
4, 6, 6, 19
ghostly, 2, 2, 16
plenty, 4, 3, 29
ga_search_type, 1, 1, 1
extensive, 2, 2, 11
structural, 1, 1, 3
real, 26, 22, 173
sicced, 1, 1, 8
aspects, 2, 2, 5
around, 30, 25, 1028
kills, 2, 2, 39
easily, 3, 3, 87
rules, 7, 7, 47
digital, 1, 1, 1
implications, 1, 1, 1
lestrange, 2, 2, 3
dark, 22, 14, 98
compassionate, 1, 1, 2
darn, 1, 1, 1
mom, 3, 2, 70
secrecy, 1, 1, 6
amp, 4, 4, 25
accepted, 1, 1, -1
lady, 2, 2, 39
grim, 3, 3, 19
bravery, 5, 4, 32
mod, 1, 1, 7
patronus, 16, 10, 58
riowa, 1, 1, 15
patrick, 1, 1, 2
unrequited, 1, 1, 9
sneer, 1, 1, 1
twin, 1, 1, 3
miracle, 1, 1, 4
sanity, 1, 1, 7
chamber, 15, 13, 75
benefit, 2, 2, 6
maker, 1, 1, 33
nose, 1, 1, 39
threehundred, 1, 1, -7
fully, 5, 5, 82
marvolo, 1, 1, 3
nice, 14, 14, 89
redditortongues, 1, 1, 17
clap, 1, 1, 5
whingings, 1, 1, 6
fulfil, 1, 1, 20
twelve, 1, 1, 2
satisfactory, 1, 1, 0
mcgonagall, 1, 1, 5
alan, 1, 1, 20
jews, 1, 1, 16
failure, 1, 1, 2
tragedies, 1, 1, 7
paragraph, 1, 1, 9
competition, 1, 1, 20
calling, 2, 2, 4
tarot, 1, 1, 2
deduce, 1, 1, 3
potion, 7, 4, 47
wwwkalaptrustorg, 1, 1, 2
elude, 1, 1, 1
images, 5, 3, 49
divine, 1, 1, 6
thinks, 9, 6, 46
composers, 1, 1, 2
0849803058586amp, 1, 1, 2
gamestop, 1, 1, 3
genetics, 1, 1, 35
mood, 2, 2, 8
ashes, 3, 3, 10
poorly, 2, 2, 5
memories, 6, 6, 29
psychopomps, 1, 1, 6
dudley, 4, 3, 15
stops, 1, 1, 2
moon, 4, 4, 8
throat, 1, 1, 4
moderate, 1, 1, 1
whoop, 1, 1, -16
refer, 1, 1, 3
measuring, 2, 2, 9
considering, 5, 5, 40
biased, 1, 1, 9
felt, 14, 10, 48
reasonable, 1, 1, 4
power, 16, 11, 37
asap, 1, 1, 10
seconds, 1, 1, 11
strums, 2, 1, 2
equivalent, 1, 1, 3
datvikingtho, 1, 1, 9
slaughter, 1, 1, 4
tuition, 1, 1, 2
notably, 1, 1, 1
sports, 2, 2, 2
despicable, 1, 1, 25
leadership, 1, 1, 20
diet, 1, 1, 8
references, 1, 1, 3
innocence, 2, 2, 3
resurrection, 1, 1, 9
reversing, 1, 1, 5
refers, 1, 1, 7
tonks, 3, 3, 8
throw, 3, 3, 9
_, 1, 1, 8
oo, 3, 2, -1
stone, 10, 9, 55
ok, 2, 2, 6
allknowing, 1, 1, 19
ace, 1, 1, 2
oh, 11, 11, 180
wikia, 1, 1, 14
cares, 1, 1, 20
favorite, 9, 8, 76
drag, 1, 1, 15
thrive, 1, 1, 4
practical, 1, 1, 58
analogies, 1, 1, 1
muslims, 1, 1, 16
greatly, 1, 1, 6
pockets, 1, 1, 1
act, 8, 4, 57
lupins, 1, 1, 52
imgurcommxfxn4s, 1, 1, 2
road, 1, 1, 7
op, 1, 1, 2
f0ck, 1, 1, 8
researching, 1, 1, 2
referenced, 2, 2, 48
dagger, 1, 1, 70
malfunction, 1, 1, 1
communication, 4, 2, 14
spreading, 2, 2, 8
ruthlessly, 1, 1, 6
telling, 2, 2, 3
charts, 1, 1, 12
cursed, 4, 4, 16
accounts, 1, 1, 4
loathe, 1, 1, 5
determine, 1, 1, 19
heirlooms, 1, 1, 15
speculated, 1, 1, 20
portrayal, 2, 2, 21
mudblood, 2, 2, 6
troll, 1, 1, 3
theoretically, 1, 1, 52
upstairs, 1, 1, 5
wildfire, 1, 1, 2
cared, 3, 3, 80
fast, 1, 1, 6
legacy, 1, 1, 2
area, 5, 5, 30
gleam, 1, 1, 70
hex, 1, 1, 8
hey, 2, 2, 4
lol, 10, 10, 38
start, 11, 10, 41
poured, 1, 1, 1
racist, 7, 6, 5
low, 2, 1, 8
lot, 41, 33, 169
worst, 4, 4, 8
burnings, 1, 1, 23
punished, 1, 1, 3
exceptional, 1, 1, 2
condone, 1, 1, 2
utf8amp, 1, 1, 1
colorful, 2, 1, 2
tight, 1, 1, 5
miserable, 2, 1, 1
smashes, 1, 1, 2
motives, 3, 3, 45
enough, 16, 15, 49
signs, 1, 1, 2
handpainted, 1, 1, 2
treacheryhufflepuffs, 1, 1, 8
strikes, 1, 1, 12
cabinet, 1, 1, 1
philosophers, 1, 1, 4
wiping, 1, 1, -1
manipulative, 1, 1, 26
ended, 8, 7, 24
linguistic, 1, 1, 8
ahhh, 1, 1, 2
fighter, 1, 1, 7
trying, 14, 13, 78
feather, 2, 2, 3
longer, 4, 4, 42
pull, 1, 1, 2
hire, 4, 3, 23
october, 1, 1, 6
arranged, 1, 1, 3
hallows, 13, 13, 159
mortals, 1, 1, 3
confuse, 1, 1, 1
tiny, 3, 2, 13
taught, 5, 5, 30
dirty, 2, 2, 6
site, 1, 1, 12
etymologies, 1, 1, 4
comprehend, 2, 1, 1
potters, 4, 4, 67
detailed, 4, 4, 13
gone, 6, 5, 80
required, 2, 2, 4
shack, 2, 2, 8
taste, 2, 2, 38
certain, 8, 7, 39
justdiabolical, 1, 1, 2
forgot, 3, 3, 811
deep, 5, 5, 47
general, 2, 2, 32
allegiance, 1, 1, 1
planets, 2, 2, 25
walks, 2, 2, 5
senate, 8, 1, 15
politics, 3, 3, 16
deed, 1, 1, 20
admiring, 1, 1, 10
divination, 1, 1, 29
calculated, 1, 1, 2
film, 6, 5, 41
chudley, 1, 1, 7
favoritism, 4, 2, 6
idiot, 2, 2, 10
credibility, 1, 1, 8
selfishly, 1, 1, 19
depth, 3, 3, 20
saturday, 1, 1, 2
field, 5, 3, 20
intramurals, 1, 1, 1
5, 5, 5, 17
benefited, 1, 1, 2
announcements, 1, 1, 7
really, 68, 56, 319
poor, 2, 2, 6
polar, 1, 1, 6
briefly, 1, 1, 5
spoilery, 1, 1, 4
congress, 2, 2, 20
separate, 1, 1, 6
students, 18, 9, 28
infighting, 1, 1, 20
symbol, 6, 1, 12
bribe, 1, 1, 3
contextually, 1, 1, 3
reposting, 1, 1, 1
includes, 1, 1, 2
important, 10, 8, 48
kingsley, 1, 1, 7
snitch, 1, 1, 7
included, 2, 2, 62
prudent, 1, 1, 8
pool, 1, 1, 2
realising, 1, 1, 4
building, 3, 3, 7
shipping, 2, 2, 5
max, 1, 1, 8
rage, 1, 1, 1
wondered, 7, 6, 23
calls, 3, 3, 37
wife, 3, 3, 47
casts, 4, 4, 16
mask, 1, 1, 1
photos, 1, 1, 33
saved, 2, 2, 16
passed, 2, 2, 8
mass, 1, 1, 23
restricted, 1, 1, 2
apparel, 1, 1, 2
roughly, 1, 1, 3
starting, 2, 2, 796
original, 10, 8, 42
represent, 1, 1, 1
sympathizer, 1, 1, 3
liar, 1, 1, 4
forget, 7, 7, 48
vile, 1, 1, 2
reposts, 1, 1, 15
caused, 4, 4, 12
beware, 1, 1, 6
splitting, 1, 1, 19
month, 4, 3, 13
bravest, 1, 1, 6
sunk, 1, 1, 1
surgical, 1, 1, 22
code, 2, 2, 51
talks, 7, 4, 31
follow, 5, 5, 78
faster, 1, 1, 2
revealed, 7, 5, 29
children, 9, 7, 58
causes, 1, 1, 20
auroreo, 2, 2, 2
glimpse, 2, 2, 10
apartment, 1, 1, 66
referring, 1, 1, 20
scared, 1, 1, 1
homage, 1, 1, 2
themed, 1, 1, 1
umbridge, 18, 16, 73
former, 5, 5, 22
tail, 1, 1, 11
program, 1, 1, 2
device, 2, 1, 4
shameless, 1, 1, 19
morgana, 1, 1, 4
skip, 2, 2, 3
smile, 2, 2, 4
enjoying, 1, 1, 10
dhending, 1, 1, 2
ta, 7, 5, 21
case, 10, 10, 140
resounding, 1, 1, 4
syncretic, 3, 1, 6
appointment, 1, 1, 15
returned, 2, 2, 90
straightforward, 1, 1, 3
song, 1, 1, 2
askaban, 1, 1, 0
reader, 1, 1, 7
robes, 2, 2, 863
nullified, 1, 1, 6
fat, 2, 2, 33
ruthlessness, 1, 1, 2
sons, 2, 1, 20
fan, 7, 7, 129
minded, 1, 1, 1
decide, 2, 2, 18
got, 35, 30, 193
awful, 5, 5, 28
ticket, 3, 3, 9
difference, 2, 2, 4
correlates, 1, 1, 19
condition, 1, 1, 1
illustrated, 5, 4, 9
sentimental, 1, 1, 3
althought, 1, 1, 18
esotericy, 1, 1, 12
list, 4, 3, 46
joined, 1, 1, 36
handsome, 1, 1, 3
large, 3, 3, 16
circuit, 2, 2, 6
triwizard, 1, 1, 2
harry, 218, 108, 1233
small, 13, 10, 474
study, 2, 2, 11
20th, 1, 1, 1
vancaro, 1, 1, 3
context, 1, 1, 2
cookies, 1, 1, 2
quicker, 1, 1, 6
andor, 2, 2, 18
ten, 2, 2, -6
colossal, 1, 1, 8
tea, 6, 5, 15
ted, 1, 1, 1
sync, 1, 1, 1
192, 1, 1, 36
past, 7, 7, 170
tasteand, 1, 1, 1
rate, 1, 1, 5
design, 3, 3, 30
perspective, 2, 2, 11
choicesmistskes, 1, 1, 3
pass, 6, 6, 107
functioning, 1, 1, 25
casual, 1, 1, 18
chuckle, 1, 1, 1
bully, 4, 4, 14
firewhiskey, 1, 1, 2
defence, 1, 1, 19
stood, 2, 2, 73
darkness, 1, 1, 15
clock, 5, 5, 222
deeply, 2, 2, 75
section, 1, 1, 1
whimper, 1, 1, 6
womp, 1, 1, 6
emotions, 7, 5, 44
witnesses, 2, 2, 23
hufflepuffnot, 1, 1, 8
version, 7, 5, 15
manages, 1, 1, 6
scientists, 2, 1, -1
learned, 4, 3, 51
everlasting, 1, 1, 6
method, 1, 1, 6
contrast, 1, 1, 8
daily, 1, 1, 12
gryndelvald, 1, 1, 26
outgoing, 1, 1, 1
full, 2, 1, 25
k_clickid, 1, 1, 2
maths, 1, 1, 1
owns, 1, 1, 2
modify, 1, 1, 2
supposedly, 2, 2, 34
answers, 1, 1, 2
revenge, 1, 1, 23
behaviour, 2, 1, 4
smartest, 3, 3, 26
tracks, 3, 1, 2
abuot, 1, 1, 1
trunk, 1, 1, 4
transfigure, 2, 2, 9
mediamerlin, 1, 1, 1
strong, 2, 2, 10
observing, 1, 1, 11
transformation, 1, 1, 6
dining, 1, 1, 1
mmm, 1, 1, 2
search, 1, 1, 3
mythology, 1, 1, 9
teeth, 1, 1, 1
ahead, 2, 2, 89
houses, 11, 8, 47
allows, 1, 1, 40
experience, 6, 5, 42
amount, 3, 3, 7
crybaby, 1, 1, 8
misery, 4, 4, 28
action, 2, 1, 16
mentions, 5, 4, 16
chain, 2, 2, 12
options, 2, 2, 22
sticking, 2, 2, 10
via, 4, 4, 7
followed, 1, 1, 17
verbose, 1, 1, 20
family, 19, 13, 185
suddenly, 1, 1, 4
cowardly, 1, 1, 8
mundungus, 4, 4, 20
deals, 2, 2, 10
thatcher, 1, 1, 7
put, 30, 26, 291
follower, 1, 1, 18
gryffindorslytherin, 1, 1, 4
actress, 1, 1, 1
research, 1, 1, 4
select, 1, 1, 6
marauders, 1, 1, 2
languages, 1, 1, 4
eye, 15, 10, 80
takes, 8, 8, 29
walkietalkies, 1, 1, 4
answered, 2, 1, 4
intense, 1, 1, 3
hermes, 11, 3, 16
contains, 2, 2, 14
teachinglike, 1, 1, 25
two, 15, 13, 101
damaged, 2, 2, 21
alas, 1, 1, 2
resident, 1, 1, 1
6, 3, 3, 11
taken, 3, 1, 8
diadem, 1, 1, 1
injury, 1, 1, 20
brow, 1, 1, 11
minor, 1, 1, 4
teen, 1, 1, 4
hisses, 1, 1, 3
door, 3, 2, 23
knows, 17, 14, 64
readers, 2, 2, 2
owners, 1, 1, 2
squib, 1, 1, 52
excuse, 6, 5, 41
hubris, 1, 1, 2
nomad, 2, 2, 3
basically, 11, 9, 54
regrettably, 1, 1, 35
particular, 5, 5, 19
known, 7, 7, 63
nomaj, 3, 2, 3
fanfiction, 2, 2, 2
lemony, 1, 1, 4
glad, 3, 3, 83
cunning, 8, 6, 50
town, 2, 2, 20
helped, 4, 4, 31
none, 2, 2, 4
include, 3, 3, 110
hour, 1, 1, 7
middle, 3, 3, 57
recall, 1, 1, 22
remembralls, 1, 1, 1
insatiable, 1, 1, 4
offended, 1, 1, 20
remain, 6, 5, 61
sudden, 1, 1, 36
hermione, 17, 11, 150
learn, 11, 10, 61
embrace, 1, 1, 3
male, 2, 2, 8
dee, 1, 1, -16
history, 7, 7, 77
beautiful, 11, 9, 15
direct, 1, 1, 3
compare, 1, 1, 2
pushes, 1, 1, 9
stated, 3, 2, 16
share, 4, 4, 107
shard, 2, 2, 6
accept, 3, 3, 10
objectsnothing, 1, 1, 1
states, 3, 2, 10
pushed, 1, 1, 8
numbers, 2, 2, 5
purchased, 2, 2, 7
sense, 15, 13, 184
sharp, 2, 1, 2
cultivate, 1, 1, 20
disliked, 2, 2, 10
tapestry, 1, 1, 2
firmly, 1, 1, 15
narrowly, 1, 1, 8
information, 29, 20, 166
needs, 11, 9, 34
court, 5, 3, 38
goal, 3, 3, 108
awkward, 1, 1, 0
rather, 6, 6, 30
iimgurcomvyulvcsjpg, 1, 1, 2
breaking, 3, 2, 21
spreadsheet, 1, 1, 7
stayed, 4, 4, 112
hugs, 1, 1, 2
shoes, 2, 2, 4
underage, 3, 3, 17
explains, 2, 2, 76
creature, 2, 2, 9
fights, 1, 1, 4
okay, 3, 3, 84
plans, 3, 2, 16
capture, 2, 2, 10
thickened, 1, 1, 11
advice, 3, 3, 15
par, 1, 1, 35
questioning, 1, 1, 70
soundtrack, 2, 1, 2
tries, 7, 7, 57
justin, 2, 1, 8
blood, 12, 10, 173
fellytone, 1, 1, 2
waves, 1, 1, 2
invasion, 1, 1, 5
ethics, 1, 1, 7
ukemistreekat, 1, 1, 7
legilimens, 1, 1, 8
lyf, 1, 1, 5
refuse, 1, 1, 1
criticize, 1, 1, 3
hardcover, 1, 1, 2
following, 2, 2, 4
coat, 1, 1, 1
shady, 1, 1, 2
register, 1, 1, 1
anytime, 1, 1, 6
dragon, 6, 6, 43
broomsticks, 1, 1, 2
tentacles, 1, 1, 2
pay, 4, 4, 7
retaliate, 1, 1, 1
facebook, 2, 2, 4
hates, 1, 1, 3
egg, 1, 1, 7
playing, 2, 2, 9
20the, 1, 1, 1
quelled, 1, 1, 15
help, 14, 12, 68
bracketed, 1, 1, 4
september, 1, 1, 1
developed, 3, 3, 15
mission, 1, 1, 20
trade, 1, 1, 6
eton, 1, 1, 8
held, 2, 2, 8
attitude, 6, 4, 30
polyjuice, 1, 1, 4
committee, 2, 1, 15
replies, 1, 1, 2
hell, 9, 9, 63
arrogant, 3, 3, 11
astrology, 2, 2, 35
messed, 1, 1, 10
style, 6, 6, 19
20, 2, 1, 1
possessions, 1, 1, 8
23, 1, 1, 3
misspelled, 1, 1, 24
border, 3, 3, 15
28, 1, 1, 2
actually, 26, 22, 272
late, 5, 3, 21
absence, 1, 1, 5
parts, 3, 3, 5
ruining, 1, 1, 4
bypass, 1, 1, 19
radical, 1, 1, 3
cross, 3, 3, 11
scribes, 2, 1, 6
governments, 1, 1, 8
might, 19, 18, 113
arguments, 1, 1, 19
horcrux, 11, 8, 71
hurting, 2, 2, 86
good, 54, 46, 224
motivated, 1, 1, 8
sucking, 1, 1, 20
food, 4, 3, 11
rails, 1, 1, 9
floating, 2, 2, 4
reflected, 1, 1, 23
flies, 1, 1, 4
nagini, 3, 3, 29
tshirts, 1, 1, 2
moaning, 1, 1, 1
witchwizard, 1, 1, 2
dealing, 1, 1, 6
traveled, 1, 1, 25
rharrypottercomments, 1, 1, 6
bigger, 3, 3, 9
instructions, 1, 1, 1
mystery, 2, 2, 23
growing, 2, 2, 3
glaring, 1, 1, 1
elder, 1, 1, 7
always, 43, 38, 277
nauseous, 1, 1, 2
userid, 1, 1, 1
featured, 1, 1, 1
spy, 6, 2, 26
tear, 1, 1, 2
token, 1, 1, 4
murmured, 1, 1, 11
stopped, 2, 2, 3
puddlemere, 1, 1, 7
found, 20, 20, 167
obligated, 1, 1, 7
notes, 1, 1, 4
referred, 1, 1, 20
status, 2, 2, 17
harm, 5, 5, 42
everyone, 17, 13, 125
mental, 1, 1, 1
weight, 1, 1, 7
dichotomy, 1, 1, 4
generation, 1, 1, 2
house, 56, 37, 273
energy, 1, 1, 2
hard, 16, 15, 117
newbiesnonquidditch, 1, 1, 6
idea, 12, 10, 58
portus, 1, 1, 2
engaging, 1, 1, 8
wires, 1, 1, 2
expect, 5, 5, 11
beyond, 4, 4, 46
event, 1, 1, 20
harp, 1, 1, 2
bellatrix, 17, 6, 79
missed, 1, 1, 10
blacks, 5, 3, 74
item, 2, 2, 5
childish, 1, 1, 39
since, 24, 22, 177
mattered, 1, 1, 1
trusts, 2, 2, 23
collective, 1, 1, 1
7, 5, 5, 14
pagelong, 1, 1, 4
print, 5, 5, 53
hearing, 1, 1, 1
issue, 6, 5, 40
ass, 1, 1, 1
bitten, 1, 1, 1
pun, 1, 1, 5
earns, 1, 1, 2
bass, 1, 1, 2
pathetic, 4, 4, 3
passes, 1, 1, 1
auditions, 1, 1, 1
saucers, 1, 1, 2
dementors, 6, 4, 26
forgive, 4, 2, 10
purebloods, 4, 3, 7
pleasant, 2, 2, 8
extraordinary, 1, 1, 2
reason, 16, 13, 86
base, 1, 1, 1
cookie, 2, 2, 20
term, 2, 2, 13
members, 4, 4, 10
imagine, 19, 18, 95
ask, 10, 8, 31
teach, 7, 4, 32
beginning, 4, 2, 10
guy, 11, 10, 22
improved, 1, 1, 17
bushes, 1, 1, 2
director, 1, 1, 1
pairs, 1, 1, 33
benefits, 2, 2, 5
service, 1, 1, 1
thread, 5, 5, 52
english, 2, 2, 4
selfpreservation, 2, 2, 28
prophet, 1, 1, 12
terrible, 7, 6, 38
american, 3, 3, 14
expecting, 1, 1, 39
threat, 3, 3, 42
heartbeat, 1, 1, 14
castle, 4, 2, 21
habit, 1, 1, 2
5th, 1, 1, 3
arose, 2, 2, 22
coloring, 4, 4, 78
major, 2, 2, 16
imgurcomazlkyh, 1, 1, 33
dont, 7, 6, 19
feel, 19, 17, 120
relate, 2, 2, 4
bullies, 2, 2, 22
knocking, 1, 1, 23
number, 9, 8, 75
valentine, 4, 4, 16
instances, 3, 3, 6
talked, 4, 3, 29
done, 17, 16, 74
hangs, 1, 1, 3
blank, 1, 1, 2
wager, 1, 1, 4
visions, 1, 1, 2
kedavera, 1, 1, 3
fortynine, 1, 1, -7
story, 18, 15, 138
imgurcompfbezsa, 1, 1, 1
heads, 1, 1, 1
temperature, 1, 1, 6
script, 1, 1, 1
introduction, 2, 2, 15
minalima, 1, 1, 12
interact, 1, 1, 1
least, 23, 22, 162
paint, 1, 1, 9
whoops, 1, 1, 1
wonderful, 4, 4, 93
statement, 2, 2, 18
bravo, 2, 1, 2
master, 2, 2, 10
hundred, 1, 1, -1
store, 3, 3, 7
listed, 5, 5, 39
rawr, 1, 1, 2
assassination, 1, 1, 1
selling, 4, 4, 7
option, 2, 2, 8
relationship, 1, 1, 3
hotel, 1, 1, 20
park, 1, 1, 2
mulciber, 1, 1, 1
enlightened, 1, 1, 1
dentist, 3, 2, 107
part, 19, 18, 647
consult, 2, 2, 21
necklace, 2, 1, 2
inventing, 1, 1, 2
tfw, 1, 1, 1
believe, 17, 17, 127
stairs, 2, 2, 14
underground, 1, 1, 5
obama, 1, 1, 15
king, 2, 2, 5
kind, 14, 12, 55
grew, 17, 11, 149
critically, 1, 1, 0
gotten, 7, 7, 121
cruddy, 1, 1, 2
grey, 1, 1, 20
youth, 1, 1, 26
realises, 1, 1, 4
contrary, 1, 1, 1
supposed, 10, 10, 94
attention, 2, 2, 6
salazar, 14, 6, 22
cute, 1, 1, 3
toward, 1, 1, 20
daytoday, 1, 1, 2
remembers, 1, 1, 4
risky, 1, 1, 6
kidding, 2, 2, 19
withered, 2, 2, 17
syltherin, 1, 1, 9
nominee, 1, 1, 15
greatgreatuncle, 1, 1, 52
well, 43, 38, 348
suspicious, 1, 1, 20
ages, 1, 1, 2
waft, 1, 1, 36
youtubenl6cdfn2i3i, 1, 1, 5
randomly, 1, 1, 4
notwithstanding, 1, 1, 15
fighting, 5, 5, 35
cleaned, 1, 1, 11
miller, 1, 1, 1
concentration, 2, 2, 4
confirms, 3, 3, 28
sell, 8, 7, 125
mountain, 1, 1, 7
wilson, 1, 1, 2
nights, 1, 1, 2
athleticism, 1, 1, 11
depending, 1, 1, 1
superior, 2, 2, 2
self, 7, 6, 62
cave, 1, 1, 2
majority, 1, 1, 15
chairman, 2, 1, 15
analogy, 1, 1, 7
finding, 1, 1, 6
retroactive, 2, 2, 42
pretending, 1, 1, 20
eff, 1, 1, 1
seized, 1, 1, 6
wizarding, 13, 12, 81
towards, 13, 9, 126
electric, 4, 2, 15
snapes, 1, 1, 2
quote, 8, 7, 56
headmaster, 6, 2, 39
animagus, 5, 4, 53
reach, 1, 1, 12
chart, 3, 3, 33
timmy, 1, 1, 20
75, 1, 1, 6
curse, 9, 8, 44
charm, 6, 6, 23
plan, 12, 5, 36
significant, 2, 2, 2
releasers, 3, 1, 7
nothing, 17, 16, 98
accepting, 1, 1, 1
redditors, 2, 2, 8
understands, 3, 2, 8
muscle, 1, 1, 8
pok, 1, 1, 4
concocting, 1, 1, 2
mobile, 2, 2, 48
clear, 4, 4, 37
sometimes, 6, 6, 14
cover, 1, 1, 66
traditional, 2, 1, 3
snicket, 1, 1, 4
hints, 3, 3, 15
seething, 1, 1, 8
organise, 1, 1, 7
artistic, 1, 1, 35
clean, 1, 1, 8
hindrance, 1, 1, 1
charged, 1, 1, 6
daresay, 1, 1, 2
attacking, 1, 1, 3
lying, 3, 2, 23
ootp, 11, 11, 76
ghibli, 1, 1, 2
particularly, 2, 2, 8
summer, 2, 2, 4
authors, 1, 1, 4
disappointed, 2, 2, 3
purity, 2, 2, 72
giggled, 1, 1, 47
slytherin, 62, 33, 222
carefully, 1, 1, 20
fine, 4, 4, 8
find, 30, 24, 171
enormously, 1, 1, 4
reminiscent, 1, 1, 12
giant, 2, 2, 46
etsy, 2, 2, 2
harrytine, 1, 1, 3
founders, 7, 6, 57
justice, 5, 1, 15
nervous, 1, 1, 3
writes, 1, 1, 1
less, 10, 10, 52
waiting, 1, 1, 2
failed, 1, 1, 20
betray, 3, 3, 41
pretty, 24, 20, 227
override, 1, 1, 1
8, 3, 3, 80
parseltongues, 2, 1, 35
merged, 1, 1, 6
boulder, 1, 1, 2
prowess, 1, 1, 70
spoiler, 1, 1, 1
compiled, 1, 1, 1
smell, 3, 3, 44
assumed, 2, 2, 5
trees, 1, 1, 2
famous, 2, 2, 21
feels, 7, 6, 19
b, 5, 3, 10
valuable, 1, 1, 6
theft, 1, 1, 6
competing, 1, 1, 7
oughtn, 1, 1, 1
personally, 5, 5, 27
elf, 1, 1, 2
deductive, 1, 1, 8
enemy, 2, 2, 21
catches, 2, 2, 21
fallible, 1, 1, 2
frankly, 1, 1, 2
slimy, 3, 2, 7
thoth, 2, 1, 6
remove, 6, 2, 10
coughs, 1, 1, 7
coincidence, 1, 1, 6
common, 2, 2, 9
witches, 4, 4, 28
double, 3, 3, 31
switzerland, 1, 1, 2
flitwick, 1, 1, 1
vincent, 1, 1, 1
creator, 1, 1, 2
bloated, 1, 1, 6
wrote, 2, 2, 54
insane, 1, 1, 1
body, 4, 3, 21
set, 6, 6, 11
staunch, 1, 1, 3
cynical, 1, 1, 19
achieved, 1, 1, 20
bias, 1, 1, 9
intelligence, 2, 2, 12
startup, 1, 1, 1
scenes, 1, 1, 2
plausible, 1, 1, 2
see, 37, 31, 194
defense, 3, 3, 41
bare, 1, 1, 2
protecting, 3, 3, 31
close, 4, 4, 47
unpuff, 1, 1, 4
wielder, 1, 1, 2
blab, 1, 1, 2
arm, 2, 1, 70
feared, 1, 1, 23
guessing, 1, 1, 2
practice, 1, 1, 1
learns, 2, 2, 6
threats, 1, 1, 8
handed, 2, 2, 28
nailed, 1, 1, 2
wow, 9, 9, 19
leg, 2, 2, 5
please, 15, 14, 94
demons, 1, 1, 40
fans, 3, 3, 17
various, 1, 1, 8
nitpick, 1, 1, 9
parsletounge, 1, 1, 1
probably, 27, 24, 345
burned, 4, 4, 13
champagne, 1, 1, 3
nope, 3, 2, 5
repairo, 2, 1, 2
pictured, 1, 1, 5
piss, 1, 1, 17
knowing, 3, 2, 7
adopted, 1, 1, 3
nervousanxious, 1, 1, 3
recently, 2, 2, 9
creating, 3, 3, 40
unconscious, 1, 1, 23
missing, 3, 3, 4
targeted, 1, 1, 8
sold, 3, 3, 70
brewing, 1, 1, 4
confiscated, 1, 1, 17
deliberately, 1, 1, 1
vanishing, 2, 2, 3
succeed, 1, 1, 9
opposition, 3, 2, 8
invisible, 2, 1, 3
basin, 1, 1, 2
giggle, 1, 1, 2
dada, 5, 4, 27
inquisitorial, 1, 1, 2
c, 6, 4, 12
tangible, 1, 1, 15
harps, 1, 1, 2
secrets, 12, 10, 50
crime, 1, 1, 1
lrsneqani3k, 1, 1, 0
barely, 4, 4, 16
relabel, 1, 1, 1
gaunt, 1, 1, 3
foreign, 2, 1, 7
riddled, 2, 2, 75
connection, 2, 2, 3
became, 7, 6, 55
boyd, 1, 1, 1
enchantments, 1, 1, 6
vault, 1, 1, 20
fellows, 1, 1, 9
whole, 23, 20, 266
finds, 2, 2, 5
preowned, 1, 1, 3
liked, 5, 5, 14
binns, 2, 1, 8
electrician, 1, 1, 4
devoting, 1, 1, 7
fasttrack, 1, 1, 3
point, 16, 13, 94
simple, 2, 2, 6
kedavra, 2, 2, 24
winded, 1, 1, 3
corresponds, 1, 1, 4
whatever, 5, 5, 51
hollow, 1, 1, 6
poa, 1, 1, 1
quiberon, 1, 1, 7
simply, 9, 9, 30
likes, 5, 3, 28
peeled, 1, 1, 2
village, 1, 1, 20
albumtrackscomposer, 1, 1, 2
throughout, 6, 5, 54
expensive, 1, 1, 1
ps, 4, 2, 28
xpost, 1, 1, 44
described, 3, 3, 14
raise, 1, 1, 3
pt, 3, 3, 42
holyhead, 1, 1, 7
momentthere, 1, 1, 19
create, 4, 4, 12
acceptance, 3, 3, 16
political, 2, 2, 2
add, 4, 3, 12
finchfletchley, 2, 1, 8
strategy, 1, 1, 6
rivals, 1, 1, 6
secret, 7, 3, 79
describes, 1, 1, 5
damn, 8, 8, 43
pg, 1, 1, 11
boston, 2, 2, 5
patrolled, 1, 1, 6
empty, 3, 3, 12
pm, 2, 2, 10
c3, 1, 1, 4
misunderstood, 1, 1, 23
tangents, 1, 1, 4
lived, 2, 2, 7
partly, 1, 1, 1
champion, 1, 1, 8
sending, 3, 3, 8
fire, 7, 6, 111
beforehand, 1, 1, 1
honorary, 1, 1, 20
sampler, 2, 2, 2
gas, 1, 1, 3
precision, 2, 2, 4
else, 16, 12, 107
understand, 11, 8, 139
specifically, 4, 4, 28
tornados, 1, 1, 7
opposites, 2, 2, 12
receive, 2, 2, 6
towns, 1, 1, 20
bs3, 1, 1, 3
formless, 1, 1, 11
jackass, 1, 1, 2
pierce, 1, 1, 15
stolen, 4, 4, 23
look, 33, 29, 176
talking, 1, 1, 4
solid, 3, 3, 7
iimgurcom1pejyesjpg, 1, 1, 5
straight, 3, 3, 8
waswere, 1, 1, 2
tolerate, 1, 1, 1
admire, 1, 1, 3
forgetting, 1, 1, 20
ought, 2, 2, 53
behavior, 4, 3, 20
involved, 3, 3, 45
fun, 10, 10, 66
animated, 2, 1, 1
robin, 1, 1, 7
loop, 1, 1, 8
theres, 2, 2, -7
eeriness, 1, 1, 2
secluded, 1, 1, 1
larger, 1, 1, 6
credence, 3, 2, 7
sinister, 2, 2, 6
moth, 1, 1, 5
rip, 3, 3, 22
eve, 1, 1, 1
vitreol, 1, 1, 12
salemers, 1, 1, 3
ready, 2, 2, 17
rid, 1, 1, 4
leaving, 2, 2, 9
chase, 1, 1, 15
result, 3, 3, 33
funny, 1, 1, 2
housemate, 1, 1, 3
anymore, 4, 4, 35
evading, 1, 1, 2
barnes, 1, 1, 1
belong, 3, 2, 32
interferes, 1, 1, 2
read, 30, 24, 241
corridor, 1, 1, 38
dunno, 1, 1, 2
composition, 1, 1, 2
conflict, 2, 2, 22
used, 17, 15, 160
lie, 2, 1, 20
bonus, 2, 2, 9
assignment, 1, 1, 1
mudbloods, 1, 1, 10
yesterday, 1, 1, 66
holidays, 1, 1, 2
upside, 2, 2, 13
moment, 14, 12, 101
moving, 3, 3, 18
purpose, 4, 4, 34
kabbalah, 1, 1, 1
uroastedpeanut7, 1, 1, 7
ucurious_rampage, 1, 1, 5
recent, 5, 3, 27
early, 6, 6, 22
gss, 2, 1, 7
task, 2, 1, 20
supersede, 2, 2, 22
werewolf, 2, 2, 21
fatherfigure, 1, 1, 4
missorted, 1, 1, 19
cruz, 3, 1, 15
ridikkulus, 1, 1, 13
picks, 1, 1, 20
gatsby, 1, 1, 2
concrete, 1, 1, 70
synopsis, 2, 2, 27
edge, 1, 1, 24
commander, 1, 1, 1
five, 3, 3, 83
meanwhile, 1, 1, 1
spend, 2, 2, 7
comprise, 1, 1, 1
throwaway, 1, 1, 46
alluring, 1, 1, 2
things, 39, 31, 199
responsible, 2, 2, 28
listening, 2, 2, 13
selves, 2, 2, 21
ludicrous, 1, 1, 9
4th, 1, 1, 1
risks, 2, 2, 27
distracting, 1, 1, 8
shape, 2, 2, 4
questions, 14, 13, 101
world, 34, 25, 214
regardless, 3, 2, 17
jkr, 5, 5, 51
quacking, 1, 1, 7
prince, 3, 2, 37
spinners, 3, 2, 23
addresses, 1, 1, 2
e, 1, 1, 1
friendship, 1, 1, 4
cut, 6, 6, 93
goblet, 2, 2, 88
also, 64, 54, 450
hated, 12, 9, 73
workers, 1, 1, 2
danger, 3, 3, 13
cuz, 1, 1, 2
vague, 1, 1, 12
source, 2, 2, 23
overthinking, 1, 1, 46
voldy, 3, 3, 39
parents, 9, 9, 206
location, 4, 4, 11
crying, 1, 1, 6
snap, 1, 1, 2
input, 1, 1, 19
app, 1, 1, 3
finder, 1, 1, 6
useless, 4, 4, 13
complaint, 1, 1, 7
durmstrang, 1, 1, 2
march, 1, 1, 7
lacking, 1, 1, 19
gamp, 4, 3, 12
institution, 1, 1, 3
big, 12, 12, 63
couple, 8, 8, 91
forbidden, 1, 1, 1
judgement, 1, 1, 4
matters, 1, 1, 3
game, 6, 4, 23
quest, 1, 1, 3
appendices, 1, 1, 2
necessary, 7, 7, 57
bit, 21, 19, 131
unrepenting, 1, 1, 4
projects, 1, 1, 6
formal, 1, 1, 7
sorting, 18, 11, 63
elves, 1, 1, 3
admitted, 1, 1, 11
instore, 1, 1, 3
edit252, 1, 1, 1
collect, 1, 1, 6
arthur, 9, 8, 185
continue, 4, 4, 37
popular, 4, 4, 25
a9mon, 1, 1, 4
foolish, 1, 1, 4
alexandre, 1, 1, 2
crescendo, 2, 1, 2
google, 1, 1, 7
often, 7, 7, 48
collectors, 1, 1, 2
absolutely, 15, 15, 115
inching, 1, 1, 15
back, 29, 25, 71
traits, 13, 9, 67
strongest, 1, 1, 2
added, 7, 7, 163
mighty, 1, 1, 4
examples, 2, 2, 74
sight, 1, 1, 7
mirror, 13, 5, 21
wonderland, 1, 1, 2
curious, 5, 5, 109
classes, 1, 1, 2
yknow, 1, 1, 3
snapelily, 1, 1, 14
scarf, 1, 1, 2
bowtruckle, 1, 1, 5
jewelry, 1, 1, 1
defamation, 1, 1, 3
flux, 1, 1, 3
decision, 1, 1, 4
shall, 2, 2, 26
per, 5, 5, 12
seller, 2, 1, 1
behave, 3, 3, 23
1520, 1, 1, 1
verbally, 2, 1, 20
rhp, 1, 1, 6
dating, 2, 2, 8
closely, 1, 1, 11
eater, 5, 3, 51
wishlist, 3, 1, 1
either, 9, 8, 95
transfiguration, 1, 1, 1
run, 6, 6, 35
bc, 1, 1, 0
performed, 1, 1, 6
bookshelves, 1, 1, 8
stem, 2, 1, 20
equals, 2, 1, 1
nowhere, 1, 1, 20
ga_search_query, 1, 1, 1
cannons, 1, 1, 7
excursions, 1, 1, 2
sub, 3, 3, 30
hidden, 11, 8, 64
andromeda, 1, 1, 1
runes, 7, 6, 44
anything, 12, 11, 67
netflix, 1, 1, 1
violins, 3, 1, 2
deserves, 1, 1, 1
pains, 1, 1, 7
forgave, 1, 1, 3
0500, 1, 1, 1
welli, 1, 1, 3
hatred, 2, 2, 26
classics, 3, 2, 11
block, 2, 1, 15
culminates, 1, 1, 8
seeing, 9, 9, 30
weasleys, 3, 3, 17
imitation, 1, 1, 1
dude, 2, 2, 26
within, 5, 5, 31
nonsense, 1, 1, 35
invading, 1, 1, 1
uacciointernets, 1, 1, 7
6600, 1, 1, 1
appropriate, 2, 2, 73
racism, 2, 2, 6
lesson, 1, 1, 2
cho, 3, 3, 26
smells, 1, 1, 36
katie, 2, 2, 3
calming, 1, 1, 2
impressed, 4, 4, 88
rows, 1, 1, 18
span, 1, 1, 15
innate, 1, 1, 3
frequents, 1, 1, 4
retrieving, 2, 1, 3
spending, 1, 1, 3
question, 15, 14, 60
long, 9, 9, 46
filthy, 1, 1, 3
decrees, 1, 1, 1
window, 1, 1, 1
preordered, 2, 1, 7
suit, 1, 1, 26
forward, 3, 3, 19
walls, 1, 1, 2
bored, 1, 1, 15
belonged, 2, 2, 9
spat, 1, 1, 2
opponent, 2, 2, 21
mundane, 1, 1, 8
elsewhere, 1, 1, 35
inches, 2, 2, 3
douchebag, 2, 2, 6
collapsed, 1, 1, 7
murphy, 1, 1, 15
ilvermony, 1, 1, 1
link, 5, 5, 47
library, 1, 1, 1
hopes, 1, 1, 15
line, 6, 5, 27
junior, 1, 1, 7
raising, 1, 1, 4
posted, 12, 9, 36
info, 2, 2, 4
surelywhy, 2, 2, 10
alohomora, 1, 1, 3
originals, 1, 1, 3
fulfilling, 1, 1, 17
sounds, 10, 6, 56
goodwill, 1, 1, 2
us, 20, 17, 79
stalking, 1, 1, 6
lords, 1, 1, 20
dickish, 1, 1, 12
un, 1, 1, 3
ahha, 1, 1, 2
uk, 1, 1, 7
boards, 1, 1, 2
continuously, 1, 1, 4
fey, 1, 1, 4
similar, 6, 6, 66
called, 8, 8, 121
bell, 1, 1, 2
popularity, 2, 2, 17
constant, 2, 2, 12
milimeter, 1, 1, 2
hedwig, 1, 1, 2
coincides, 2, 2, 22
engineering, 1, 1, 4
warning, 1, 1, 6
predictions, 1, 1, 2
feeding, 2, 2, 12
intact, 2, 2, 20
goals, 2, 1, 17
sidebar, 1, 1, 2
loser, 1, 1, -1
fixing, 1, 1, 11
nah, 1, 1, 16
peace, 1, 1, 4
fears, 2, 2, 9
backs, 1, 1, 8
matching, 1, 1, 2
nick, 3, 2, 4
points, 25, 15, 69
jailed, 1, 1, 3
trait, 5, 5, 43
scraps, 1, 1, 2
tech, 2, 1, 1
prejudices, 1, 1, 23
mock, 2, 2, 23
sorcerer, 4, 4, 6
explaining, 1, 1, 3
draw, 2, 2, 3
elements, 2, 2, 4
micechat, 1, 1, 1
users, 2, 2, 50
accidental, 1, 1, 4
slytherinlol, 1, 1, 8
favourite, 5, 4, 32
lucid, 1, 1, 8
problems, 4, 4, 11
prepared, 1, 1, 2
replace, 2, 2, 5
meaning, 3, 3, 21
allowing, 1, 1, 1
utterly, 2, 2, 22
lent, 1, 1, 2
quidditch, 12, 7, 47
hair, 1, 1, 4
sides, 1, 1, 4
structure, 1, 1, 2
ago, 8, 8, 120
miles, 1, 1, 12
implies, 3, 3, 19
wellneeded, 1, 1, 3
algorithm, 2, 1, 1
dvd, 1, 1, 2
age, 3, 3, 26
confirm, 1, 1, 15
holes, 1, 1, 1
walked, 1, 1, 70
amused, 3, 2, 23
2002, 1, 1, 33
2000, 1, 1, 7
ibooks, 2, 2, 2
attaining, 1, 1, 15
2007, 1, 1, 2
banishing, 1, 1, 16
narrative, 1, 1, 7
far, 11, 10, 49
international, 1, 1, 5
humiliates, 1, 1, 1
requires, 3, 3, 12
gt, 46, 25, 310
partial, 1, 1, 2
wire, 3, 2, 9
planetary, 1, 1, 12
googled, 1, 1, 6
laziness, 1, 1, 5
eradicated, 1, 1, 15
results, 2, 1, 6
overly, 2, 2, 24
enjoyable, 2, 2, 5
bangin, 1, 1, 2
go, 24, 23, 143
query, 1, 1, 1
adapting, 1, 1, 0
prophecy, 2, 2, 5
issues, 3, 3, 12
seemed, 3, 3, 8
simon, 1, 1, 33
unforseen, 1, 1, 1
borns, 1, 1, 23
ministryalthough, 1, 1, 8
concerned, 2, 2, 11
wizard, 21, 18, 161
stave, 1, 1, 3
young, 4, 4, 33
send, 9, 9, 37
arrogance, 2, 2, 75
literary, 1, 1, 70
lower, 1, 1, 9
woohoo, 1, 1, 3
helps, 5, 3, 22
wellca, 1, 1, 2
brooms, 2, 2, 19
sens, 1, 1, 15
dislike, 3, 2, 21
lilly, 3, 1, 4
indicating, 1, 1, 22
confirmation, 3, 1, 15
persuade, 1, 1, 1
lessons, 1, 1, 1
misinterpretation, 1, 1, 1
outside, 5, 5, 16
assuming, 6, 6, 82
engineered, 1, 1, 20
wave, 2, 2, 20
putting, 6, 6, 52
romantic, 1, 1, 4
bounding, 1, 1, 4
distraught, 1, 1, 2
galleryamp, 1, 1, 1
ending, 1, 1, 5
continued, 1, 1, 66
fastfood, 1, 1, 14
magic, 50, 28, 275
incoherent, 1, 1, 0
knight, 1, 1, 25
button, 2, 2, 15
shock, 2, 1, 4
fabulous, 1, 1, 1
colors, 1, 1, 1
try, 13, 13, 53
session, 1, 1, 2
villians, 1, 1, 3
car, 1, 1, 2
imgur, 1, 1, 15
sisters, 1, 1, 1
jerk, 2, 2, 7
oddball, 1, 1, 4
gripping, 2, 2, 8
punishing, 2, 2, 36
uncomfortably, 1, 1, 19
malice, 1, 1, 23
privy, 1, 1, 3
jump, 1, 1, 2
mermish, 1, 1, 3
imply, 2, 1, 19
video, 2, 2, 6
picked, 1, 1, 36
subtle, 3, 2, 3
download, 1, 1, 1
manipulating, 1, 1, 4
believes, 3, 3, 1
odd, 3, 2, 14
click, 1, 1, 1
reviews, 2, 2, 4
plays, 3, 3, 38
business, 1, 1, 2
paintings, 1, 1, 25
jokes, 1, 1, 1
giving, 4, 4, 64
screenshots, 1, 1, 15
bluntly, 1, 1, 15
11yearold, 1, 1, 1
cell, 2, 2, 13
consistently, 1, 1, 1
rotten, 2, 2, -8
indian, 1, 1, 3
replacements, 1, 1, 11
pleading, 1, 1, 6
itching, 1, 1, 1
nicholas, 1, 1, 2
ginny, 14, 11, 132
regard, 1, 1, 4
originalpostsearcher, 1, 1, 44
scenery, 1, 1, 2
toast, 1, 1, 1
justification, 1, 1, 23
led, 3, 2, 28
chose, 6, 4, 73
desires, 1, 1, 2
exchange, 1, 1, 6
backstory, 1, 1, 2
ticketmaster, 1, 1, 1
believed, 3, 3, 23
explore, 1, 1, 35
objects, 6, 2, 7
let, 19, 17, 365
conceited, 1, 1, 8
others, 11, 11, 121
clicked, 1, 1, 2
invented, 2, 2, 19
fifteen, 1, 1, 2
galleon, 1, 1, 2
extreme, 2, 2, 21
millicent, 1, 1, 14
great, 35, 29, 284
talent, 2, 2, 4
villain, 1, 1, 16
massmurdered, 1, 1, 6
bitterness, 1, 1, 29
technical, 1, 1, 7
chant, 1, 1, 2
30, 2, 2, 14
unwittingly, 1, 1, 20
34, 2, 2, 6
engine, 1, 1, 1
suggests, 4, 4, 65
achieve, 2, 2, 19
slightest, 2, 2, 12
asphodel, 1, 1, 4
bookstores, 2, 2, 3
opinion, 8, 8, 41
chang, 3, 3, 26
makes, 19, 15, 209
honor, 1, 1, 15
thats, 3, 3, -6
control, 4, 4, 40
named, 7, 5, 76
acne, 1, 1, 3
apple, 1, 1, -10
terrorizing, 1, 1, 11
heart, 6, 6, 113
iimgurcomwuwuiz7jpg, 1, 1, 8
win, 3, 2, 11
disobey, 1, 1, 20
manage, 2, 2, 5
handling, 1, 1, 2
messengers, 1, 1, 25
improbable, 1, 1, 11
hagrid, 9, 5, 29
selfpitying, 1, 1, 1
leftover, 1, 1, 8
apply, 3, 3, 20
singing, 1, 1, 2
marketable, 1, 1, 1
manipulate, 6, 3, 50
trump, 1, 1, 16
use, 24, 19, 113
fee, 1, 1, 2
stream, 2, 1, 11
affiliations, 1, 1, 4
remains, 2, 2, 17
ministers, 3, 3, 9
frog, 1, 1, 2
next, 9, 8, 141
equipment, 1, 1, 2
doubt, 7, 7, 44
exceptionally, 2, 1, -1
save, 1, 1, 2
butler, 1, 1, 15
hiding, 3, 3, 25
oily, 1, 1, 2
convoluted, 1, 1, 6
sort, 13, 12, 63
clever, 2, 2, 7
upcoming, 1, 1, 1
comparison, 1, 1, 4
started, 10, 9, 167
becomes, 4, 4, 33
heir, 1, 1, 3
sister, 3, 3, 18
improve, 2, 1, 2
confused, 4, 4, 10
measurer, 1, 1, 14
deserve, 2, 2, 18
jazzlike, 1, 1, 2
carrying, 1, 1, 15
diffuse, 1, 1, 39
dentistry, 2, 1, 22
entwined, 1, 1, 5
rare, 1, 1, 4
teller, 1, 1, 17
women, 1, 1, 11
customer, 1, 1, 1
sample, 1, 1, 1
account, 3, 3, 108
balls, 1, 1, 1
animals, 7, 5, 21
heard, 7, 7, 94
challenge, 6, 1, 6
package, 4, 1, 2
panicroom, 1, 1, 9
measures, 1, 1, 20
trismegastis, 3, 1, 6
performing, 1, 1, 8
prompts, 1, 1, 1
unreal, 1, 1, 1
obvious, 9, 8, 34
backwards, 1, 1, 5
meet, 3, 2, 27
specifies, 1, 1, 23
20hebrews, 1, 1, 1
didnt, 1, 1, 1
394, 1, 1, 43
dropped, 1, 1, 1
tat, 1, 1, 2
wearing, 1, 1, 1
weaker, 2, 2, 6
tap, 3, 3, 14
teaamp, 1, 1, 1
process, 5, 4, 23
oc, 1, 1, 1
dramatic, 1, 1, 1
pieces, 2, 2, 37
high, 3, 3, 10
uelstren, 1, 1, 2
policing, 1, 1, 2
pulling, 1, 1, 2
something, 44, 37, 292
bones, 6, 5, 26
triangle, 2, 1, 12
standard, 2, 2, 19
bowl, 1, 1, 2
escapei, 1, 1, 8
shitload, 1, 1, 6
boxing, 1, 1, 8
sir, 3, 2, 11
united, 3, 3, 29
daring, 2, 2, 27
teachertostudent, 1, 1, 2
sit, 2, 2, 16
vibe, 2, 2, 4
six, 2, 2, 78
himher, 1, 1, 1
evidently, 1, 1, 1
located, 2, 2, 21
muggle, 45, 25, 174
grimmauld, 6, 5, 37
animal, 8, 8, 24
sid, 1, 1, 2
instead, 11, 10, 73
unitevoldemort, 1, 1, 1
panic, 1, 1, 14
stand, 4, 4, 29
express, 2, 2, 3
cupboard, 2, 2, 26
hiddenwhen, 1, 1, 1
attend, 1, 1, 52
hesitate, 1, 1, 12
kickstarter, 1, 1, 3
stop, 11, 8, 84
franchise, 1, 1, 5
unforgivable, 1, 1, 12
winners, 1, 1, 3
collection, 8, 8, 87
bothered, 2, 2, 5
halfbloods, 1, 1, 1
independent, 1, 1, 4
abuse, 1, 1, 20
leisure, 1, 1, 1
bluff, 1, 1, 20
fits, 2, 2, 8
spelling, 2, 2, 15
autograph, 1, 1, 2
efficiently, 1, 1, 6
redditers, 1, 1, 1
realized, 5, 5, 154
baiters, 1, 1, 8
physical, 4, 4, 13
light, 3, 3, 33
lame, 1, 1, -7
lines, 2, 2, 2
element, 4, 4, 34
rodentiatongues, 1, 1, 35
bakery, 1, 1, 30
courage, 2, 2, 11
honestly, 5, 4, 15
realizes, 1, 1, 2
agenda, 1, 1, 15
furious, 2, 2, 31
lined, 1, 1, 15
counted, 1, 1, 35
capabilities, 1, 1, 8
neglect, 1, 1, 20
unbreakable, 10, 3, 25
move, 9, 9, 191
symbols, 12, 5, 43
whilst, 1, 1, 20
refunded, 1, 1, 1
including, 3, 3, 10
looks, 16, 14, 92
mentioned, 7, 7, 39
myrtle, 1, 1, 1
badger, 12, 2, 7
perfect, 8, 7, 75
write, 2, 2, 10
la, 1, 1, 4
chosen, 1, 1, 6
dr, 1, 1, 5
glee, 1, 1, 7
nostalgia, 1, 1, 2
winning, 1, 1, 7
godwinning, 1, 1, 16
previously, 2, 2, 8
outed, 1, 1, 7
permanent, 3, 3, 11
choose, 8, 4, 11
instruments, 1, 1, 2
inconsistencies, 1, 1, 22
derivative, 1, 1, 6
2016, 3, 3, 26
health, 1, 1, 1
image, 2, 2, 21
ravenclaw, 9, 6, 57
forest, 2, 1, 1
dad, 3, 2, 16
sytherin, 1, 1, 9
ukiwias, 1, 1, 7
tears, 1, 1, 4
pure, 2, 2, 7
descendants, 3, 2, 55
treasure, 1, 1, 1
spell, 18, 15, 60
runs, 3, 3, 17
mention, 11, 11, 69
girlfriend, 3, 2, 7
plaamp, 1, 1, 2
snake, 5, 3, 20
kiss, 2, 2, 8
hands, 3, 3, 4
front, 9, 9, 97
liquids, 1, 1, 3
leniency, 1, 1, 2
day, 17, 16, 120
presidential, 1, 1, 15
successor, 1, 1, 7
diagon, 1, 1, 22
february, 2, 1, 6
notable, 1, 1, 1
edit, 12, 11, 88
intelligent, 2, 2, 9
university, 3, 2, 3
sacrificed, 2, 2, 9
guard, 1, 1, 7
shield, 4, 2, 9
copied, 1, 1, 3
slipping, 1, 1, 2
allaround, 1, 1, 3
mode, 1, 1, 23
truth, 8, 4, 26
interview, 1, 1, 19
undulating, 1, 1, 11
beneath, 1, 1, 70
ebooks, 3, 3, 5
glasses, 3, 3, 36
ideals, 1, 1, 1
spoken, 1, 1, 19
chunk, 1, 1, 4
apologize, 1, 1, 2
related, 7, 7, 53
inverted, 1, 1, 12
aggravated, 1, 1, 2
operator, 1, 1, 22
books, 64, 47, 488
thirteen, 1, 1, 2
kumquats, 1, 1, 1
wade, 1, 1, 2
ras, 1, 1, 2
margins, 1, 1, 4
perfume, 1, 1, 5
villainsympathising, 1, 1, 16
special, 4, 4, 8
borderline, 2, 2, 9
entertainment, 1, 1, 10
announces, 1, 1, 7
vehement, 1, 1, 70
aspiring, 1, 1, 1
monumental, 1, 1, 2
exasperatedly, 1, 1, 1
impartial, 1, 1, 4
activist, 1, 1, -10
messenger, 2, 2, 7
hilarious, 1, 1, 3
tolkien, 1, 1, 2
honorable, 2, 2, 5
electronics, 5, 3, 15
cause, 5, 5, 39
sacrifice, 1, 1, 20
red, 1, 1, 1
catharsis, 1, 1, 1
shut, 2, 2, 113
umbrella, 1, 1, 3
frank, 2, 2, 23
reacts, 1, 1, 2
tempo, 1, 1, 2
fourteen, 1, 1, 2
clarify, 2, 2, 13
completely, 5, 5, 54
hogwarts, 29, 22, 211
surely, 5, 5, 20
saving, 1, 1, 3
thrust, 1, 1, 15
moody, 5, 4, 14
accessory, 1, 1, 2
squadfilch, 1, 1, 2
afterward, 1, 1, 1
additional, 1, 1, 6
colours, 1, 1, 3
dismantled, 1, 1, 15
integrating, 1, 1, 4
segregated, 1, 1, 5
could, 116, 79, 788
florida, 1, 1, 15
keep, 17, 12, 156
counterpart, 1, 1, 8
keen, 1, 1, 6
produce, 2, 2, 8
pudding, 1, 1, 2
mortal, 4, 4, 19
retain, 3, 3, 56
footnotes, 4, 4, 49
ears, 1, 1, 1
aviriatoungues, 1, 1, 35
designed, 1, 1, 12
parseltoungue, 1, 1, 3
lowvoldemort, 1, 1, 8
plainly, 1, 1, 15
blown, 2, 2, 423
student, 4, 4, 9
pitied, 1, 1, 1
sr_gallery_30, 1, 1, 1
powerful, 8, 6, 38
scene, 10, 8, 102
reaches, 1, 1, 7
guyhowever, 1, 1, 8
embarrassed, 1, 1, 32
standards, 1, 1, 4
hurdle, 1, 1, 20
owner, 3, 2, 9
art, 2, 2, 1
noticed, 3, 3, -9
quality, 2, 2, 5
suck, 2, 2, 1
parseltongue, 11, 6, 37
miserably, 1, 1, 1
fella, 1, 1, 4
ancient, 5, 5, 38
level, 6, 2, 10
jerkass, 1, 1, 15
privacy, 2, 2, 13
ordering, 1, 1, 3
nomination, 2, 1, 15
arcos, 3, 1, 2
system, 5, 2, 7
relations, 2, 2, 9
unfair, 2, 2, 16
attack, 3, 2, 8
cats, 3, 3, 14
ulick, 1, 1, 2
doesnt, 3, 2, 24
lions, 1, 1, 2
perfectly, 2, 2, 5
final, 4, 3, 29
beard, 3, 3, 3
interests, 1, 1, 2
sealed, 1, 1, 19
reimagination, 1, 1, 1
explanation, 3, 2, 7
exactly, 10, 9, 34
usnogkingstebbins, 1, 1, 1
hitching, 1, 1, 5
depressing, 1, 1, 8
manipulation, 2, 2, 6
crepe, 5, 4, 97
commence, 1, 1, 6
blind, 1, 1, 4
loved, 12, 7, 21
bid, 1, 1, 3
summoning, 1, 1, 1
employer, 1, 1, 8
coast, 1, 1, 2
conscious, 1, 1, 1
reminisces, 1, 1, 7
unprovable, 1, 1, 23
lucius, 5, 3, 30
claim, 5, 2, 10
glance, 1, 1, 12
loves, 3, 3, 17
6th, 2, 2, 8
visited, 1, 1, 5
hermetic, 1, 1, 4
bet, 5, 5, 66
descriptions, 2, 2, 29
collecting, 3, 3, 7
emotionallycowardly, 1, 1, 2
false, 1, 1, 9
fawkes, 1, 1, 1
1499, 1, 1, 1
trusting, 1, 1, 20
bigoted, 1, 1, 16
spelled, 2, 2, 34
comfortable, 3, 3, 28
tonight, 2, 2, 9
gentle, 1, 1, 11
defending, 3, 3, 36
portrait, 7, 3, 40
need, 28, 28, 99
apparently, 6, 5, 20
linked, 1, 1, 6
viewed, 1, 1, 4
complete, 1, 1, 2
counter, 1, 1, 3
afraid, 7, 4, 24
venturing, 1, 1, 2
psyche, 1, 1, 1
congrats, 1, 1, 2
florid, 1, 1, 4
petrify, 1, 1, 1
tldr, 1, 1, 3
able, 30, 22, 125
mix, 3, 3, 15
relatives, 2, 2, 2
issuing, 1, 1, 6
meeting, 2, 2, 2
truck, 1, 1, 1
hourglass, 1, 1, 1
lily, 36, 13, 154
sirius, 46, 25, 253
medals, 1, 1, 3
56, 1, 1, 1
desplat, 1, 1, 2
gryff, 1, 1, 2
repairs, 1, 1, 2
aww, 1, 1, 3
020, 1, 1, 1
filch, 1, 1, 18
eight, 1, 1, 2
plus, 1, 1, 14
prisoner, 2, 2, 3
_lt, 1, 1, 3
placement, 1, 1, 1
consequences, 1, 1, 20
deatheaters, 1, 1, 4
apparate, 1, 1, 2
questioned, 1, 1, 3
face, 4, 4, 82
looked, 12, 9, 171
proceedings, 1, 1, 20
teachers, 2, 2, 5
cloaked, 1, 1, 20
rebound, 1, 1, 1
pictures, 4, 3, 10
brew, 2, 2, 7
built, 2, 2, 1
painting, 9, 5, 27
fact, 14, 13, 43
50, 1, 1, 9
impression, 2, 2, 26
fixture, 1, 1, 1
currently, 1, 1, 2
convinced, 1, 1, 1
mistook, 1, 1, 2
violation, 5, 4, 35
text, 4, 4, 39
charles, 1, 1, 1
iimgurcomg7y7rrzjpg, 1, 1, 1
anyway, 7, 6, 40
chapters, 3, 3, 5
bring, 8, 7, 28
planning, 1, 1, 1
traitor, 3, 3, 24
democrats, 1, 1, 15
scrimguer, 1, 1, 7
unreliable, 1, 1, 1
scenariobut, 1, 1, 1
soldiers, 1, 1, 2
fear, 11, 9, 82
feat, 1, 1, 8
debate, 3, 3, 23
decade, 1, 1, 5
staff, 2, 2, 6
ear, 3, 3, 41
based, 6, 4, 27
knowledge, 16, 14, 132
earned, 2, 2, 6
jaw, 2, 2, 8
winner, 1, 1, 7
hade, 1, 1, 1
ingredients, 1, 1, 4
unable, 2, 2, 6
animagi, 1, 1, 5
inherited, 2, 1, 3
employee, 1, 1, 1
employed, 1, 1, 2
accio, 1, 1, 1
partially, 1, 1, 20
local, 5, 4, 10
pirate, 1, 1, 1
hope, 22, 20, 178
finger, 1, 1, 6
meant, 4, 4, 42
mugglemagical, 1, 1, 8
handle, 4, 4, 18
vaults, 1, 1, 1
means, 10, 10, 44
fellow, 1, 1, 2
familiar, 2, 2, 24
goosebumps, 5, 5, 44
hopefully, 1, 1, 2
overall, 2, 2, 10
rush, 1, 1, 2
bear, 1, 1, 3
communicating, 1, 1, 8
community, 2, 2, 21
ones, 11, 9, 37
redeem, 1, 1, 4
legitimate, 1, 1, 1
champions, 1, 1, 7
madjealous, 1, 1, 11
ymmv, 1, 1, 8
dodgy, 1, 1, 4
boggart, 7, 5, 16
endless, 2, 2, 4
portion, 2, 2, 21
conclusion, 1, 1, 8
numerous, 1, 1, 3
married, 3, 2, 2
fixes, 2, 2, 6
summon, 5, 3, 47
reid, 1, 1, 15
influenced, 3, 3, 9
stuff, 13, 12, 61
contain, 2, 2, 9
laughs, 1, 1, 1
fixed, 4, 3, 6
costume, 1, 1, 2
spotted, 1, 1, 1
madam, 3, 2, 3
requirement, 11, 3, 21
j, 2, 2, 10
accuses, 1, 1, 1
exists, 1, 1, 6
expel, 1, 1, 4
puddle, 1, 1, 15
humans, 1, 1, 1
asides, 1, 1, 35
uscifiparty, 1, 1, 6
edition, 4, 3, 15
scholastic, 1, 1, 2
merits, 1, 1, 0
teas, 3, 2, 2
slandered, 1, 1, 9
terms, 4, 4, 6
expects, 2, 2, 21
deity, 1, 1, 6
packed, 1, 1, 66
closer, 2, 1, 15
dungeon, 1, 1, 36
godhood, 2, 1, 6
attachment, 2, 1, 3
insulting, 1, 1, 20
reform, 1, 1, 17
pattern, 1, 1, 24
unless, 7, 7, 65
commented, 1, 1, 1
tend, 4, 3, 26
genius, 2, 2, 6
written, 5, 5, 87
difficulties, 1, 1, 1
closed, 3, 3, 8
horrible, 8, 6, 21
limit, 1, 1, 3
neither, 4, 3, 32
sizeshape, 1, 1, 2
sabotage, 1, 1, 8
bought, 4, 3, 75
ends, 7, 3, 12
wormtail, 9, 4, 102
loselose, 1, 1, 20
ability, 5, 5, 22
opening, 4, 2, 13
joy, 2, 2, 20
beverages, 1, 1, 1
antics, 1, 1, 12
felinetongues, 2, 2, 53
showerthoughts, 1, 1, 3
job, 12, 10, 49
mago, 1, 1, 3
softback, 1, 1, 3
precious, 2, 2, 28
boss, 2, 2, 22
fics, 1, 1, 1
problem, 7, 6, 59
legit, 1, 1, 3
hits, 2, 2, 3
figured, 1, 1, 11
instant, 2, 2, 72
limits, 1, 1, 1
career, 1, 1, 14
joke, 2, 2, 48
taking, 8, 7, 134
dumbledore, 142, 50, 354
escape, 3, 3, 32
equal, 2, 2, 21
minds, 1, 1, -1
agree, 8, 8, 71
paranoid, 1, 1, 9
etc, 12, 10, 61
admit, 2, 1, 20
figures, 1, 1, 6
passing, 1, 1, 1
guarantee, 1, 1, 1
otherwise, 8, 6, 38
comment, 3, 3, 45
strongly, 1, 1, 1
uelbowsss, 1, 1, 7
relevant, 2, 2, 0
co, 1, 1, 3
conclude, 1, 1, 8
wall, 9, 5, 16
cb, 1, 1, 3
ca, 46, 37, 224
defiance, 1, 1, 2
environments, 1, 1, -1
walk, 4, 3, 9
reborn, 1, 1, 6
competent, 1, 1, 2
adding, 2, 2, 4
laugh, 1, 1, 2
cousin, 1, 1, 8
kings, 1, 1, 1
basing, 1, 1, 3
silmarillion, 1, 1, 2
tootp, 1, 1, 2
clickbait, 1, 1, 0
yay, 1, 1, 1
quip, 1, 1, 5
acts, 1, 1, 1
decent, 3, 3, 10
heroism, 3, 2, 12
responds, 1, 1, 2
shame, 1, 1, 26
center, 1, 1, 1
offers, 2, 2, 5
slowly, 3, 2, 6
1the, 1, 1, 1
looting, 1, 1, 4
waste, 1, 1, 15
summary, 1, 1, 19
inconceivable, 1, 1, 1
username, 1, 1, 9
ga_order, 1, 1, 1
felix, 2, 2, 5
controlled, 1, 1, 2
puberty, 1, 1, 17
route, 1, 1, 20
sufficient, 1, 1, 2
releasing, 2, 2, 8
protect, 8, 5, 76
imaginable, 1, 1, 1
assert, 1, 1, 3
finished, 12, 12, 273
kicks, 1, 1, 2
last, 19, 19, 130
brunch, 1, 1, 3
golf, 1, 1, 5
present, 2, 2, 9
novel, 1, 1, 7
abandoned, 1, 1, 8
unlike, 2, 2, 25
loathed, 1, 1, 25
restaurant, 1, 1, 3
harder, 3, 3, 24
britain, 3, 3, 39
value, 5, 4, 57
stunning, 3, 3, 31
hahaha, 2, 2, 6
wild, 1, 1, 35
balance, 2, 1, 1
instantly, 1, 1, 11
frustrating, 1, 1, 7
coddled, 1, 1, -16
periods, 1, 1, 4
represents, 1, 1, 12
almost, 13, 12, 83
registered, 2, 1, 1
thus, 3, 3, 7
surprisingly, 2, 2, 9
pettigrewthe, 1, 1, 8
rips, 3, 3, 32
importing, 1, 1, 7
draining, 1, 1, 2
lonely, 1, 1, 4
nevilles, 1, 1, 2
iimgurcomntlxuyhjpg, 1, 1, 4
watched, 6, 6, 30
rdueling, 1, 1, 1
sits, 2, 2, 1
pedestal, 1, 1, 2
greater, 3, 2, 9
gryffindors, 2, 2, 8
tattoo, 6, 5, 22
watchful, 1, 1, 2
terrorist, 1, 1, 7
perhaps, 6, 6, 31
began, 1, 1, -1
concealing, 1, 1, 7
weasley, 12, 12, 203
member, 6, 6, 25
chants, 1, 1, 2
strange, 1, 1, 103
conversations, 1, 1, 1
units, 1, 1, 2
party, 2, 2, 4
terrorism, 1, 1, 7
gets, 6, 6, 51
difficult, 4, 3, 11
material, 2, 2, 10
http, 40, 37, 233
slightly, 3, 3, 6
emotionally, 1, 1, 10
novels, 2, 2, 7
drink, 2, 2, 9
upon, 5, 5, 35
effect, 5, 5, 14
kish, 1, 1, 8
bullying, 3, 3, 26
compared, 2, 2, 30
bookstore, 1, 1, 1
dust, 3, 3, 12
build, 1, 1, 11
judgment, 1, 1, 2
scholars, 1, 1, 6
expand, 2, 2, 5
destruction, 2, 1, 3
arse, 1, 1, 2
acknowledge, 1, 1, 1
raping, 1, 1, 2
sweets, 1, 1, 2
colour, 1, 1, 16
variety, 1, 1, 5
arrival, 1, 1, 7
antonin, 1, 1, 15
thought, 39, 37, 334
redeemable, 1, 1, 2
sets, 1, 1, 2
position, 5, 5, 31
audio, 1, 1, 2
drawing, 1, 1, 4
glowed, 1, 1, 6
contenders, 1, 1, 4
symbolized, 1, 1, 4
restore, 2, 2, 9
stores, 2, 1, 2
legendary, 2, 2, 7
heavily, 3, 3, 13
moments, 2, 2, 29
downvotes, 1, 1, -16
ambition, 9, 4, 27
harryfavoritism, 1, 1, 1
mistaken, 1, 1, 9
nazis, 1, 1, 16
cries, 2, 2, 16
mistakes, 3, 3, 30
rooms, 1, 1, 6
hog, 1, 1, 2
tone, 1, 1, 2
skill, 3, 3, 8
happiness, 1, 1, 11
spells, 9, 7, 43
flashlight, 1, 1, 1
bulstrode, 1, 1, 14
podcast, 1, 1, 1
lupin, 10, 9, 58
smith, 3, 2, 9
mcconnell, 4, 1, 15
discuss, 5, 4, 16
spinner, 3, 3, 25
reasons, 10, 8, 65
occlumency, 4, 3, 18
book, 57, 42, 362
maintaining, 1, 1, 3
dumbledorable, 1, 1, 25
upvotes, 1, 1, 5
jars, 1, 1, 2
smart, 8, 4, 29
unprecedented, 1, 1, 15
match, 3, 3, 9
tests, 1, 1, 3
earlyneville, 1, 1, 3
fate, 2, 2, 3
government, 1, 1, 8
checking, 1, 1, 3
famously, 1, 1, 15
finch, 1, 1, 8
judiciary, 1, 1, 15
kayne, 1, 1, 40
introverted, 1, 1, 19
emmeline, 3, 2, 27
parselmouth, 2, 1, 3
doyle, 1, 1, 2
know, 104, 78, 591
presume, 4, 4, 30
desk, 2, 1, 70
immediately, 2, 2, 16
password, 1, 1, 38
descendant, 1, 1, 3
loss, 1, 1, 3
racists, 1, 1, 3
forcing, 1, 1, 6
emma, 1, 1, 2
like, 161, 109, 896
lost, 8, 8, 31
11pm, 1, 1, 6
pity, 2, 2, 2
malfoy, 11, 9, 51
taxpayers, 1, 1, 3
lose, 6, 4, 80
particles, 2, 1, 2
become, 8, 8, 66
funniest, 1, 1, 1
works, 5, 5, 169
crabbe, 3, 3, 13
page, 11, 10, 28
replacement, 2, 1, 15
framed, 3, 3, 8
shed, 1, 1, 2
whiney, 1, 1, 1
badgood, 1, 1, 20
twitter, 2, 2, 16
colloportus, 1, 1, 3
alive, 5, 5, 114
boggarts, 1, 1, 1
tumblr, 3, 3, 68
choosing, 2, 2, 16
proper, 3, 3, 41
home, 10, 5, 143
fiasco, 1, 1, 8
peter, 17, 8, 86
cinnabar, 1, 1, 12
recognition, 1, 1, 1
happens, 4, 3, 34
est, 1, 1, 6
competitor, 1, 1, 2
obsessed, 1, 1, 6
lead, 2, 2, 24
blubbering, 1, 1, 6
literally, 4, 4, 167
avoid, 3, 3, 22
philosopher, 2, 2, 32
aberforth, 5, 3, 16
leap, 1, 1, 3
passion, 1, 1, 9
weighs, 1, 1, 1
goyle, 3, 3, 15
snuggle, 2, 2, 7
leader, 6, 4, 26
demonstrated, 1, 1, 1
islander, 1, 1, 3
noise, 1, 1, 11
reaching, 1, 1, 2
slur, 1, 1, 2
iimgurcomsv5bvytjpg, 1, 1, 2
journal, 1, 1, 2
hoping, 2, 2, 9
paper, 1, 1, 2
murdered, 4, 4, 25
asheswe, 1, 1, 1
although, 8, 8, 45
naps, 1, 1, 25
imaginary, 2, 1, 1
lovegood, 1, 1, 1
paste, 1, 1, 15
slug, 1, 1, 2
narrate, 1, 1, 1
panel, 1, 1, 15
gained, 1, 1, 15
brothersister, 1, 1, 7
actual, 6, 6, 35
puts, 3, 3, 13
extension, 1, 1, 3
getting, 15, 15, 53
universe, 4, 4, 7
thuds, 1, 1, 2
introduces, 2, 2, 8
urged, 1, 1, 15
surge, 1, 1, 1
monthly, 1, 1, 1
carries, 1, 1, 3
swear, 5, 4, 35
sweat, 1, 1, -1
327324ar, 1, 1, 1
fiendfyre, 10, 3, 13
recognizes, 1, 1, 1
tongue, 1, 1, 5
introduced, 1, 1, 12
overarcing, 1, 1, 4
mythological, 1, 1, 9
unlikable, 1, 1, 4
owl, 1, 1, 4
equally, 2, 2, 22
contending, 1, 1, 15
letters, 3, 3, 37
suited, 3, 3, 20
owe, 1, 1, 15
basilisks, 1, 1, 9
preexisting, 1, 1, 8
tag, 1, 1, 1
repair, 6, 4, 13
due, 3, 3, 11
mushrooms, 3, 1, 6
luna, 3, 3, 7
bookish, 1, 1, 6
promise, 3, 3, 11
stebbins, 2, 2, 12
female, 1, 1, 1
tutshill, 1, 1, 7
hexed, 1, 1, 4
embraced, 1, 1, 3
pointless, 1, 1, 1
mere, 2, 2, 9
eh, 1, 1, 0
parentage, 1, 1, 8
van, 1, 1, 15
gerbil, 2, 2, 10
outskirts, 1, 1, 2
artifacts, 2, 2, 6
alchemical, 4, 1, 12
palely, 1, 1, 1
dolores, 4, 4, 48
awarded, 1, 1, 7
20webjpg, 1, 1, 1
trealawney, 2, 2, 9
inner, 1, 1, 3
introvert, 1, 1, 2
biggest, 6, 6, 62
alot, 1, 1, 3
naturally, 4, 3, 19
tricky, 1, 1, 8
buy, 9, 9, 125
invent, 1, 1, 2
wowthis, 1, 1, 2
ean, 1, 1, 2
enchantment, 1, 1, 1
hp, 12, 12, 111
hq, 4, 2, 21
grudge, 1, 1, 12
cokeworth, 1, 1, 20
delivery, 1, 1, 8
reminds, 4, 4, 9
neutral, 1, 1, 3
hi, 1, 1, 4
gain, 1, 1, 20
courts, 1, 1, 15
fawcett, 1, 1, 1
technician, 1, 1, 4
ha, 2, 2, 71
eat, 2, 2, 17
count, 1, 1, 7
selfish, 1, 1, 1
made, 47, 39, 291
wise, 6, 5, 13
glory, 1, 1, 2
society, 1, 1, 11
whether, 10, 8, 64
wish, 11, 11, 23
official, 2, 2, 23
1182, 1, 1, 1
flip, 1, 1, 4
excitement, 1, 1, 61
placed, 5, 3, 27
stories, 3, 3, 9
demonstrate, 1, 1, 8
nominations, 1, 1, 15
piece, 8, 6, 36
minutes, 1, 1, 5
display, 1, 1, 20
burberry, 1, 1, 1
supreme, 4, 3, 57
deaths, 1, 1, 4
reservations, 1, 1, 5
contribute, 1, 1, 2
godric, 4, 3, 7
pig, 2, 2, 5
twist, 2, 2, 3
beats, 1, 1, 4
arithmancy, 2, 2, 26
resented, 3, 3, 25
ink, 4, 4, 21
sneak, 1, 1, 3
education, 1, 1, 1
draco, 16, 7, 28
happen, 8, 8, 35
effected, 1, 1, 5
mutual, 1, 1, 6
slytherins, 3, 2, 30
dursley, 2, 2, 11
incredible, 2, 2, 27
allow, 1, 1, 2
umbrigde, 1, 1, 3
claiming, 1, 1, 20
detail, 5, 5, 447
sourceid, 1, 1, 2
compares, 1, 1, 3
details, 3, 3, 75
astrological, 1, 1, 24
slythering, 1, 1, 8
welcomes, 1, 1, 20
outlet, 1, 1, 2
incredibly, 2, 2, 13
outdoors, 1, 1, 4
reckless, 1, 1, 8
jamessnape, 1, 1, 10
exclamation, 3, 3, 77
transferring, 1, 1, 1
star, 1, 1, 1
monday, 5, 3, 15
draught, 1, 1, 2
polymorph, 1, 1, 39
class, 5, 4, 25
june, 1, 1, 7
shown, 1, 1, 7
inherently, 2, 2, 7
stay, 16, 9, 55
risked, 1, 1, 8
margaret, 1, 1, 7
chance, 6, 6, 39
wellthought, 1, 1, 2
kinda, 11, 5, 41
twoway, 1, 1, 4
supple, 1, 1, 1
selfpreserving, 1, 1, 19
badass, 1, 1, 2
astronomy, 3, 3, 29
friends, 16, 13, 166
vein, 1, 1, 1
ghost, 6, 5, 33
breaks, 2, 2, 3
using, 9, 9, 128
readseen, 1, 1, 1
rule, 1, 1, 12
amazimg, 1, 1, 2
profit, 1, 1, 19
470, 1, 1, 11
extras, 1, 1, 3
ratios, 1, 1, 2
situations, 1, 1, 4
1000, 1, 1, 13
lives, 7, 6, 33
foreshadowing, 5, 3, 83
indirectly, 1, 1, 8
wwwimgurcomayneqt, 1, 1, 2
