Word, Frequency, Comment Frequency, Net Score
raining, 1, 1, 10
cobie, 1, 1, 1
desirable, 2, 2, 394
yellow, 10, 5, 33
bob, 1, 1, 1
sleep, 2, 2, 30
asian, 1, 1, 35
hanging, 1, 1, 2
ridiculous, 1, 1, 14
oldest, 2, 2, 36
hate, 6, 5, 16
forget, 2, 2, 39
relationships, 6, 5, 36
dehydrated, 1, 1, 28
swag, 1, 1, 27
buddy, 1, 1, 3
inb4, 1, 1, 27
tweet, 1, 1, 1
presents, 1, 1, 5
bays, 1, 1, 109
sorry, 6, 6, 42
worth, 2, 2, 94
cruising, 1, 1, 13
boxed, 1, 1, 4
every, 13, 13, 66
rec, 1, 1, 14
special, 1, 1, 7
four, 1, 1, 1
school, 4, 4, 399
upload, 4, 3, 17
unrelated, 1, 1, 16
bordering, 1, 1, 28
ups, 1, 1, 90
whirlwind, 1, 1, 4
enjoy, 6, 5, 18
foreskins, 1, 1, 1
paperback, 1, 1, 2
force, 2, 2, 8
tired, 1, 1, 9
consistent, 2, 2, 5
weddings, 2, 2, 18
bacon, 2, 2, 3
direct, 1, 1, 2
horn, 4, 4, 46
likely, 2, 2, 393
parter, 1, 1, 2
loathing, 1, 1, 4
phoned, 1, 1, 3
even, 37, 31, 616
lesser, 1, 1, -2
hide, 1, 1, 1
wreck, 1, 1, 3
orchestra, 2, 2, 29
liberty, 3, 3, 34
new, 12, 12, 324
rfantheories, 1, 1, 10
increasing, 1, 1, 2
ever, 19, 16, 150
disney, 1, 1, 16
told, 6, 5, 177
specialist, 1, 1, 392
viewings, 1, 1, 3
lifeline, 1, 1, 4
never, 41, 39, 917
disposable, 1, 1, 26
backtoback, 1, 1, 1
hundreds, 2, 1, -2
met, 35, 29, 181
pursuit, 2, 1, 2
cult, 2, 1, 4
100, 3, 3, 38
kids, 22, 19, 256
daughter, 10, 7, 100
study, 1, 1, 2
changed, 4, 4, 25
reports, 1, 1, 2
itunes, 1, 1, 3
credit, 1, 1, 8
hannibal, 1, 1, 4
goddamnit, 1, 1, 1
cindy, 3, 3, 8
aka, 1, 1, 3
criticism, 1, 1, 1
loooove, 1, 1, 2
fantastic, 1, 1, 4
explained, 1, 1, 1
9e, 1, 1, 8
feelings, 5, 5, 43
bro, 4, 4, 49
cheats, 1, 1, 33
moral, 1, 1, -1
punching, 1, 1, 0
counts, 1, 1, 1
total, 1, 1, 12
hoping, 1, 1, 11
sarah, 1, 1, 0
plot, 4, 3, 40
swings, 1, 1, 2
would, 77, 55, 706
prophets, 1, 1, 2
hospital, 1, 1, 1
played, 1, 1, 5
ploy, 1, 1, 2
elementarymiddle, 1, 1, 2
barnacle, 1, 1, 7
symphony, 1, 1, 4
call, 4, 4, 29
therefore, 1, 1, 35
strike, 1, 1, 2
survive, 1, 1, 5
type, 2, 2, 7
1000, 1, 1, 1
sociopath, 1, 1, 4
holy, 8, 7, -62
clearly, 3, 3, 22
brings, 2, 2, 5
haha, 1, 1, 4
wars, 2, 2, 88
hurt, 1, 1, 1
glass, 6, 5, 163
tying, 1, 1, 2
killam, 1, 1, 1
hole, 2, 2, 28
hold, 5, 5, 373
circumstances, 1, 1, 2
kumar, 1, 1, 27
join, 1, 1, 2
divorced, 1, 1, 2
work, 6, 6, 51
rulings, 1, 1, 2
worn, 1, 1, 2
regrets, 1, 1, 2
mt, 1, 1, 3
8x20, 2, 2, 71
locket, 2, 2, 3
yup, 2, 2, 4
example, 1, 1, 2
slapsgiving, 2, 2, 6
vodka, 1, 1, 169
give, 15, 14, 119
laughs, 1, 1, 2
indicates, 1, 1, 2
want, 25, 21, 283
times, 15, 14, 105
absolute, 1, 1, 22
end, 34, 29, 215
turn, 2, 2, 11
complaining, 2, 2, 50
song, 10, 10, 104
nuts, 1, 1, 5
revisit, 1, 1, 1
machine, 2, 1, 2
amazing, 8, 8, 64
writers, 6, 6, 52
significance, 2, 2, 82
answer, 2, 2, 3
truthful, 1, 1, 4
massive, 1, 1, -1
insecure, 1, 1, 244
thankyou, 1, 1, 2
wrong, 6, 6, 55
jumping, 2, 2, 3
destined, 1, 1, 2
president, 1, 1, 20
law, 2, 2, 404
arch, 1, 1, 27
lesbian, 1, 1, 392
types, 2, 1, 2
purchase, 1, 1, 2
grieving, 1, 1, 5
retroactively, 1, 1, 2
third, 5, 4, 51
rerunning, 1, 1, 1
appreciate, 1, 1, 3
childhood, 1, 1, 4
green, 8, 3, 6
waited, 1, 1, 4
keeps, 2, 2, 3
worst, 6, 5, 36
acknowledges, 2, 2, 28
realizing, 5, 2, 41
executed, 1, 1, 10
unfolds, 1, 1, 6
dreamed, 1, 1, 1
fall, 3, 3, 74
jpeg, 1, 1, 3
executes, 1, 1, 2
bilson, 1, 1, 1
banged, 1, 1, 3
fit, 3, 3, 22
personal, 1, 1, 33
succeeds, 1, 1, 3
expectations, 3, 2, 3
imo, 3, 3, 8
writing, 2, 2, 55
better, 21, 19, 152
differently, 1, 1, 3
schmosby, 1, 1, 8
hidden, 1, 1, 70
easier, 3, 3, 14
powerful, 1, 1, 3
safe, 1, 1, 3
misdirection, 1, 1, 2
band, 2, 2, 10
roommate, 2, 2, 82
giraffe, 2, 2, 3
altogether, 1, 1, 3
one, 80, 66, 804
lifelong, 1, 1, 22
bread, 1, 1, 1
represents, 4, 2, 394
filling, 1, 1, 22
edit2, 1, 1, 27
s40, 1, 1, 1
backgroundi, 1, 1, 2
went, 11, 11, 134
side, 2, 2, 425
carlos, 1, 1, 4
mean, 5, 5, 42
6x19, 1, 1, 227
meets, 3, 2, 4
series, 17, 15, 201
diane, 1, 1, 6
forgot, 1, 1, 1
logo, 1, 1, 2
mastroianni, 1, 1, 46
message, 1, 1, 3
gon, 13, 7, 161
driving, 2, 2, 31
god, 2, 2, 18
tried, 4, 4, 51
hooked, 1, 1, 2
sand, 4, 3, 13
george, 1, 1, 1
content, 1, 1, -3
laid, 1, 1, 46
remorse, 1, 1, 4
reader, 2, 2, 3
got, 28, 28, 481
forth, 1, 1, 1
ri, 1, 1, 4
written, 1, 1, 15
little, 14, 12, 100
standard, 1, 1, 15
evil, 1, 1, -1
wanted, 14, 10, 105
westside, 3, 3, 22
datedactually, 1, 1, 1
soundcloud, 1, 1, 3
unfulfilled, 1, 1, 2
created, 1, 1, 50
starts, 1, 1, 2
messages, 1, 1, 4
days, 17, 13, 152
takeout, 1, 1, 9
heck, 1, 1, 3
soda, 1, 1, 1
arrived, 1, 1, 4
knockoffs, 1, 1, 3
loud, 2, 1, 9
cleaning, 1, 1, 6
rang, 1, 1, 3
already, 13, 13, 92
hoop, 2, 2, 8
rank, 2, 2, 2
hook, 4, 4, 33
featured, 1, 1, 4
another, 11, 11, 82
sober, 1, 1, 4
comic, 1, 1, 227
ditch, 1, 1, -1
illustrate, 1, 1, 36
toy, 1, 1, 2
top, 4, 4, 6
tov, 1, 1, 1
twisted, 1, 1, 3
heights, 1, 1, 12
needed, 7, 4, 10
uender89, 1, 1, 1
purposefully, 1, 1, 27
john, 1, 1, 3
bitter, 2, 1, 33
dogs, 11, 5, 97
listen, 3, 3, 83
consented, 1, 1, 4
murder, 2, 2, 4
grabs, 1, 1, 4
2am, 1, 1, 141
took, 7, 7, 65
wasted, 1, 1, 1
broath, 1, 1, 2
begins, 3, 3, 25
spoiler, 4, 3, 4
showed, 4, 4, 23
1x18, 1, 1, 141
scenes, 5, 4, 46
khioxdpn_9o, 1, 1, 1
project, 1, 1, 3
matter, 4, 4, 42
classes, 1, 1, 2
tackled, 1, 1, 1
feeling, 3, 3, 37
minus, 1, 1, 9
mini, 1, 1, 2
sees, 2, 2, 14
seep, 1, 1, 1
ran, 3, 2, 4
modern, 1, 1, 2
mind, 7, 7, -61
mine, 4, 4, 11
anybody, 2, 2, 28
talking, 13, 13, 56
rap, 1, 1, -1
seen, 8, 7, 29
seem, 1, 1, 15
tells, 2, 2, 3
sauce, 1, 1, 2
strength, 1, 1, 2
relapse, 1, 1, 4
person, 18, 14, 190
responsible, 1, 1, 392
gripe, 1, 1, 28
snow, 5, 5, 19
chest, 2, 2, 1
blue, 12, 6, 48
though, 13, 13, 177
tickticktick, 1, 1, 1
victoria, 15, 10, 54
mario, 1, 1, 16
mouth, 5, 5, 48
plenty, 1, 1, 4
circled, 1, 1, 4
resonated, 1, 1, 2
bestmost, 1, 1, 1
peers, 1, 1, 2
episode, 93, 69, 742
observation, 3, 3, 10
incomplete, 1, 1, 4
alarm, 3, 3, 4
devastating, 1, 1, 35
dog, 3, 2, 36
musical, 1, 1, 12
definitely, 10, 9, 63
aunt, 2, 2, 5
pineapple, 8, 8, 31
entertaining, 1, 1, 3
boyfriends, 1, 1, 39
scotch, 3, 2, 5
annoyed, 1, 1, 5
came, 5, 5, 84
incorporate, 1, 1, 3
bomb, 1, 1, 8
mitten, 1, 1, 6
revolves, 1, 1, 2
random, 1, 1, 35
ending, 42, 36, 286
attempts, 1, 1, 2
solutions, 1, 1, 109
enjoyed, 7, 7, 40
situations, 1, 1, 13
explain, 1, 1, 1
minnesota, 1, 1, 2
appreciated, 1, 1, 2
theme, 6, 5, 9
rich, 1, 1, 44
pursuing, 3, 3, 36
wearing, 10, 1, 2
dl, 2, 1, 15
8x5, 1, 1, 20
wide, 1, 1, 12
de, 1, 1, 3
watch, 30, 26, 103
cracks, 2, 2, 7
despite, 4, 3, 15
report, 1, 1, 3
15, 1, 1, 6
runs, 1, 1, 0
bar, 7, 7, 45
proposes, 1, 1, 3
officially, 1, 1, 5
dipping, 1, 1, 2
twice, 3, 3, 2
bad, 15, 13, 63
architecture, 1, 1, 3
release, 1, 1, 3
identify, 1, 1, 1
fertility, 2, 2, 636
ruins, 2, 2, 8
maclaren, 3, 3, 37
decides, 1, 1, 6
disaster, 2, 2, 6
fair, 8, 7, 36
liquor, 1, 1, 1
pile, 1, 1, 1
resist, 1, 1, 4
blauman, 6, 6, 124
projections, 1, 1, 2
fail, 2, 2, 2
best, 26, 24, 351
situation, 2, 2, 40
said, 19, 18, 315
lots, 1, 1, 2
away, 7, 7, 113
09, 1, 1, 7
artificial, 1, 1, -1
yet, 9, 9, 534
narrates, 2, 2, 7
mug, 2, 2, 12
score, 5, 4, 17
irl, 1, 1, 1
hopefully, 2, 2, 6
drawn, 3, 1, 2
approach, 1, 1, 3
lazy, 3, 3, 69
men, 1, 1, 2
terms, 2, 2, 114
wears, 1, 1, 2
nature, 1, 1, 2
wo, 2, 2, 3
weak, 1, 1, 18
however, 4, 4, 21
stress, 2, 2, 32
broncos, 1, 1, 6
travellers, 1, 1, 2
flashes, 1, 1, 1
news, 13, 13, 177
picking, 2, 2, 171
roller, 2, 2, 28
improve, 1, 1, 9
pity, 1, 1, -1
cop, 1, 1, 36
vision, 1, 1, 1
distinguished, 1, 1, 2
brag, 1, 1, 2
planned, 1, 1, 1
logic, 1, 1, 28
distinction, 1, 1, 2
contribution, 1, 1, 4
argue, 1, 1, 7
asked, 3, 2, 12
con, 1, 1, 4
collecting, 1, 1, 4
character, 13, 12, 314
betting, 2, 2, 4
2nd, 2, 2, 51
karen, 1, 1, 2
illness, 1, 1, 2
quinn, 1, 1, 1
tony, 4, 4, 40
s1e3, 1, 1, 9
outdone, 1, 1, 8
asks, 1, 1, 11
source, 2, 2, 17
chrome, 1, 1, 2
binge, 4, 4, 8
three, 14, 13, 56
quickly, 1, 1, 3
bothers, 2, 2, -1
much, 35, 32, 376
interest, 1, 1, 3
expected, 1, 1, 16
warmth, 1, 1, 30
stinson, 2, 2, 31
life, 43, 29, 636
families, 1, 1, 244
beloved, 1, 1, 35
shattering, 1, 1, 143
facetoface, 1, 1, 46
coherent, 1, 1, 1
personally, 1, 1, 1
catch, 4, 4, 11
worked, 5, 5, 148
east, 1, 1, 1
inviolable, 1, 1, 3
air, 1, 1, 1
gnb, 1, 1, 2
near, 1, 1, 6
applies, 1, 1, 2
reedit, 1, 1, 4
cracked, 1, 1, 16
voice, 2, 2, 29
anchor, 3, 3, 48
mistake, 2, 2, 5
remembering, 1, 1, 2
selfstyled, 1, 1, 68
mexico, 3, 3, 14
harddrive, 1, 1, 4
sting, 1, 1, 1
conditioned, 1, 1, 1
ii, 1, 1, 2
skipping, 1, 1, 1
im, 2, 2, 6
anticipating, 2, 2, 8
grown, 2, 2, 4
confirmed, 1, 1, 0
andhad, 1, 1, 2
1x01, 1, 1, 1
things, 19, 13, 52
make, 16, 14, 46
format, 3, 3, 5
jerry, 1, 1, 3
emptying, 1, 1, 22
complex, 1, 1, 16
belly, 1, 1, 5
disparaged, 1, 1, 2
success, 2, 2, 15
elliott, 4, 2, 3
several, 1, 1, 4
grows, 1, 1, 392
wheel, 1, 1, 2
fairly, 1, 1, 26
peaks, 2, 2, 8
6x13, 2, 2, 142
rain, 5, 5, 16
hand, 3, 3, 123
action, 1, 1, 2
characters, 13, 10, 89
opportunity, 1, 1, 2
thoughts, 4, 4, 9
kid, 3, 3, 41
kept, 1, 1, 4
failing, 1, 1, 1
kyle, 1, 1, 6
tho, 1, 1, 2
client, 1, 1, 0
mother, 54, 40, 283
claims, 1, 1, 4
left, 4, 4, 37
slutty, 3, 3, 448
traditions, 1, 1, 2
proposed, 1, 1, 2
sentence, 1, 1, 7
gods, 1, 1, 4
kinks, 1, 1, 6
ideas, 1, 1, 3
quotes, 1, 1, 8
bugged, 1, 1, 4
thanks, 15, 14, 73
human, 1, 1, 4
facts, 1, 1, 0
yep, 1, 1, 0
yes, 8, 8, 47
maclarens, 1, 1, 5
immeadiately, 1, 1, 0
previous, 1, 1, 8
hah, 1, 1, 1
adding, 1, 1, 2
dropped, 3, 3, 47
thankfully, 1, 1, 5
josh, 4, 4, 47
gotham, 1, 1, 6
easy, 4, 4, 130
hat, 1, 1, 22
gave, 6, 5, 87
actresses, 1, 1, 0
preseason, 1, 1, 2
s9e19, 1, 1, 1
vanessa, 1, 1, 8
possible, 3, 3, 12
callbacks, 1, 1, 4
background, 5, 4, 123
imgurcom102q5xg, 1, 1, 1
dreamt, 1, 1, 1
legendaddy, 2, 2, 4
ascending, 1, 1, 1
apart, 1, 1, 5
desire, 2, 2, 12
brought, 4, 4, 33
gifv, 1, 1, 1
rewatching, 6, 6, 53
specifics, 1, 1, 7
specific, 1, 1, 3
steps, 1, 1, 2
youtubecirhi1ak8sg, 1, 1, 4
night, 10, 10, 183
right, 22, 20, 136
old, 6, 6, 19
deal, 3, 2, 57
people, 25, 22, 290
successfully, 1, 1, 2
somehow, 2, 2, 154
dead, 6, 5, 47
unnecessary, 1, 1, 1
born, 1, 1, 46
challengesupport, 1, 1, 2
dear, 1, 1, -1
mazel, 1, 1, 1
thrashers, 1, 1, 9
cooper, 1, 1, 6
bottom, 4, 4, 7
purple, 6, 1, 2
phenomenal, 1, 1, 2
normal, 1, 1, -1
comments, 1, 1, 18
everything, 18, 12, 272
asking, 2, 2, 9
umm, 1, 1, 3
whitaker, 1, 1, 1
christmas, 3, 3, 22
officer, 1, 1, 4
shakes, 1, 1, 7
deleted, 3, 3, 36
janita, 1, 1, -1
youtuberohus8j7x94, 1, 1, 2
disappeared, 1, 1, 1
translated, 1, 1, 2
starring, 1, 1, 38
losing, 2, 2, -83
post, 10, 10, -45
super, 6, 6, 50
plug, 1, 1, 0
cowboy, 1, 1, 2
valentines, 1, 1, 2
dinner, 2, 2, 8
ensure, 1, 1, 68
afternoon, 1, 1, 2
commit, 1, 1, 8
marshal, 10, 8, 75
raised, 1, 1, 1
rhyming, 1, 1, 2
thegimboid, 1, 1, 4
pays, 2, 2, 2
marshall, 61, 49, 1078
two, 16, 15, 196
lies, 2, 2, 4
narration, 1, 1, 1
stumble, 1, 1, 0
wan, 3, 3, 142
wah, 8, 3, 28
amazingly, 2, 2, 13
initial, 1, 1, 0
knowing, 2, 2, 14
transform, 1, 1, 1
fight, 1, 1, 5
stuck, 2, 2, 29
fought, 1, 1, 7
way, 37, 31, 485
spring, 1, 1, 1
fairness, 1, 1, 11
music, 8, 6, 28
shhh, 1, 1, 5
happy, 12, 11, 31
head, 3, 3, 73
names, 3, 3, 9
offer, 1, 1, 4
batman, 1, 1, 7
back, 22, 20, 297
hear, 2, 2, 6
lows, 2, 2, 5
indiana, 1, 1, 14
true, 7, 5, 14
222, 1, 1, 2
reset, 1, 1, 5
congratulations, 2, 2, 6
builds, 1, 1, 244
friday, 1, 1, 2
versions, 1, 1, 8
inside, 1, 1, 7
tell, 7, 7, 83
economic, 1, 1, 1
adore, 3, 3, 400
ballad, 1, 1, 1
emotional, 6, 5, 68
promises, 1, 1, 4
deadpool, 2, 2, 12
classic, 1, 1, 8
proven, 1, 1, 8
evidence, 1, 1, 4
tarnished, 1, 1, 33
awhile, 1, 1, 4
annoying, 1, 1, 0
check, 4, 4, 6
shit, 5, 4, -79
physical, 1, 1, 0
dying, 2, 2, 70
ends, 6, 4, 39
na, 16, 10, 303
actor, 2, 2, 0
til, 1, 1, 70
successful, 1, 1, 1
interested, 2, 2, 29
role, 2, 2, 9
holding, 1, 1, 1
tie, 3, 3, 17
roll, 2, 2, 27
realize, 5, 5, 262
picture, 5, 4, 13
reconsider, 2, 2, 167
preceding, 1, 1, 1
felt, 10, 9, 39
yahoo, 1, 1, 3
parenthood, 1, 1, 4
reruns, 1, 1, 1
invested, 2, 2, 53
humor, 2, 1, 2
shatters, 1, 1, 13
weekend, 4, 4, 25
died, 6, 5, 43
balloon, 1, 1, 1
billion, 1, 1, 5
portman, 1, 1, 0
cheated, 2, 2, 34
potato, 1, 1, 7
assume, 4, 4, 121
together, 10, 9, 33
1ted, 1, 1, 2
archs, 1, 1, 27
time, 47, 44, 199
serious, 2, 2, 11
cristin, 1, 1, 3
premeditated, 1, 1, 4
concept, 2, 1, 6
managed, 3, 3, 47
whoever, 1, 1, 1
dance, 1, 1, 3
skip, 1, 1, 2
skit, 1, 1, 3
invent, 1, 1, 2
leads, 1, 1, 2
cougars, 1, 1, 1
skin, 1, 1, 22
viceversa, 1, 1, 1
layers, 1, 1, 2
supposedly, 1, 1, 11
somthing, 1, 1, 1
flash, 1, 1, 7
father, 4, 4, 400
countdown, 1, 1, 5
0, 3, 2, 21
finally, 13, 10, 95
unrhymable, 3, 3, 13
lils, 1, 1, 1
discovering, 1, 1, 0
macho, 1, 1, 392
shoot, 1, 1, 3
string, 1, 1, 8
advantage, 1, 1, 4
tastefully, 1, 1, 3
seemingly, 1, 1, 16
60searly, 1, 1, 2
rationality, 1, 1, 26
word, 6, 5, 66
airing, 1, 1, 2
cool, 3, 3, 394
beating, 1, 1, 3
presented, 1, 1, 2
die, 3, 3, 3
fragile, 1, 1, -1
brother, 1, 1, 169
leave, 2, 2, 140
item, 2, 1, 2
subway, 1, 1, 2
harmon, 1, 1, 2
team, 1, 1, 1
quick, 1, 1, 33
guy, 16, 10, 192
fratello, 1, 1, 46
unexpected, 3, 3, 8
says, 16, 15, 154
regret, 2, 2, 6
insignificant, 1, 1, 0
sandcastle, 1, 1, 3
discover, 5, 5, 166
sign, 3, 3, 29
eating, 1, 1, 2
rapist, 1, 1, 4
appear, 2, 2, 4
movies, 2, 2, 41
filler, 1, 1, 1
favour, 1, 1, 0
hookees, 1, 1, 2
template, 1, 1, 1
falling, 1, 1, 1
heavily, 1, 1, 90
funeral, 2, 2, 11
realizations, 1, 1, 4
french, 4, 4, 46
understanding, 1, 1, 2
water, 1, 1, 22
downloaded, 1, 1, 1
alone, 5, 4, 84
along, 11, 11, 189
change, 5, 5, 10
wait, 4, 4, 22
box, 1, 1, 2
boy, 1, 1, 2
canadian, 1, 1, 2
punchy, 1, 1, 2
lingered, 1, 1, 4
swarely, 3, 2, 10
usually, 1, 1, 2
s7ep, 1, 1, 1
weird, 1, 1, 39
genuinely, 1, 1, 4
dumb, 2, 2, 4
love, 61, 43, 677
extra, 1, 1, 70
bs, 1, 1, -1
prefer, 2, 2, 26
bloody, 2, 2, 5
keeper, 1, 1, 1
fake, 2, 2, 4
illumination, 1, 1, 4
fudge, 1, 1, 14
popstar, 1, 1, 36
everybody, 1, 1, 12
handled, 1, 1, 1
working, 1, 1, 3
positive, 1, 1, 3
angry, 1, 1, 0
dude, 5, 5, -77
tears, 2, 2, 8
tightly, 1, 1, 13
parties, 2, 2, 6
live, 9, 9, 42
wondering, 1, 1, 15
memory, 2, 2, 53
remorseful, 1, 1, 4
australian, 1, 1, 1
today, 4, 4, 47
loving, 1, 1, 2
introducing, 1, 1, 2
commissioner, 1, 1, 4
sharing, 1, 1, 15
freestyle, 1, 1, 3
acceptable, 1, 1, 0
repentance, 1, 1, 7
doppelganger, 1, 1, 2
teaser, 1, 1, 1
prophecy, 1, 1, 3
beaver, 1, 1, 1
logos, 1, 1, 9
andiamo, 1, 1, 46
douche, 1, 1, -1
anything, 5, 5, 47
originally, 4, 3, 36
infuriatingly, 1, 1, 14
soul, 1, 1, 46
cat, 1, 1, 0
reviews, 1, 1, 1
following, 2, 2, 3
cab, 1, 1, 2
chapter, 1, 1, 5
heart, 4, 4, 40
crazy, 12, 10, 100
months, 3, 3, 37
figure, 1, 1, 36
december, 1, 1, 5
awesome, 11, 10, 110
fuck, 6, 6, -130
trouble, 1, 1, 1
heard, 3, 3, 16
performed, 2, 2, 15
allowed, 2, 2, 48
counting, 1, 1, 5
stole, 4, 4, 42
s9, 4, 4, 9
s8, 1, 1, 1
s7ep10, 1, 1, 1
discussion, 3, 3, 16
means, 3, 3, 29
s7, 1, 1, 7
poisoned, 1, 1, 1
1, 26, 24, 275
till, 1, 1, 4
sunday, 2, 2, 16
vancouver, 7, 3, 15
nyc, 1, 1, 3
guarantee, 1, 1, 5
rewatched, 2, 2, 72
pint, 2, 2, 2
unbelievable, 1, 1, 69
may, 9, 7, 87
max, 2, 2, 7
spot, 1, 1, 1
s2e9, 1, 1, 2
explored, 1, 1, 3
beercules, 1, 1, 1
date, 7, 6, 106
suck, 2, 2, 55
guys, 4, 4, 116
grow, 1, 1, 392
man, 11, 7, 174
youtubecdbysoeasio, 1, 1, 3
natural, 1, 1, 2
remember, 12, 12, 46
correlate, 1, 1, 2
conscious, 1, 1, 1
whenever, 2, 2, 40
maybe, 14, 11, 102
goal, 1, 1, 20
notatallonpurpose, 1, 1, 1
st, 1, 1, 12
tale, 1, 1, 26
switch, 1, 1, 8
sitcoms, 2, 2, 10
representation, 1, 1, 8
pulled, 2, 2, 9
talk, 6, 5, 19
cute, 1, 1, 5
comfort, 1, 1, 1
pointed, 1, 1, 13
midnight, 1, 1, 76
flips, 1, 1, 3
addiction, 2, 2, 4
years, 23, 20, 139
course, 2, 2, -4
episodes, 21, 17, 73
kimmel, 1, 1, 3
nbsp, 29, 2, 5
cuts, 2, 2, 402
cold, 1, 1, 46
still, 21, 20, 177
blocked, 2, 2, 3
group, 7, 6, 84
thank, 6, 6, 39
curly, 2, 2, 120
interesting, 3, 3, 22
jim, 1, 1, 4
hot, 4, 4, 92
platform, 1, 1, 2
listing, 1, 1, 2
main, 3, 3, 5
decades, 1, 1, 3
happened, 7, 7, 199
non, 2, 2, 74
anywaycobie, 1, 1, 0
introduce, 1, 1, 2
process, 1, 1, 4
half, 6, 5, 9
courtship, 1, 1, 4
hall, 1, 1, 1
matched, 4, 2, 0
name, 4, 4, 10
james, 1, 1, 2
trainwreck, 1, 1, 30
marketout, 1, 1, 8
realistic, 2, 2, 0
realise, 2, 2, 55
dabs, 1, 1, 28
quartet, 1, 1, 8
el, 1, 1, 4
en, 4, 4, 89
retrieve, 1, 1, 2
crushing, 1, 1, 4
yeah, 8, 8, 22
catching, 3, 2, 7
year, 5, 5, 137
girl, 14, 12, 246
ep, 1, 1, 20
relive, 1, 1, 1
canada, 9, 5, 14
ultimately, 3, 3, 17
rounding, 1, 1, 5
looking, 6, 5, 113
seriously, 7, 6, 19
miles, 1, 1, 4
internet, 2, 2, 18
receiving, 1, 1, 11
correct, 3, 3, 19
unpause, 2, 2, 4
shows, 12, 11, 44
earlier, 4, 4, 35
theory, 3, 3, 101
hairdresser, 1, 1, 169
quite, 1, 1, 35
disrespect, 1, 1, 6
besides, 2, 2, 30
care, 5, 4, 88
advance, 2, 2, 36
language, 1, 1, 2
yesh, 1, 1, 2
dunno, 1, 1, 2
clarion, 1, 1, 3
honest, 4, 4, 28
thing, 13, 13, 231
grabaprize, 2, 1, 2
place, 5, 5, 85
gordon, 1, 1, 4
heahheh, 1, 1, 27
yess, 1, 1, 1
think, 56, 48, 670
frequent, 1, 1, 1
first, 34, 31, 240
constantly, 4, 4, 96
symbolic, 2, 1, 2
americans, 1, 1, 1
specifically, 1, 1, 2
spanish, 1, 1, 8
ring, 1, 1, 2
drove, 1, 1, 5
open, 6, 6, 20
tomorrow, 3, 1, 2
fiero, 2, 2, 4
city, 2, 2, 7
given, 4, 4, 37
necessarily, 5, 4, 161
silent, 1, 1, 5
gif, 1, 1, 6
caught, 2, 2, 68
slept, 2, 2, 80
stonecold, 1, 1, 4
anyone, 7, 7, 154
pssh, 1, 1, 2
2, 22, 21, 13
carousel, 2, 1, 1
realization, 1, 1, 16
white, 2, 2, 10
friend, 8, 8, 149
meme, 5, 3, 53
eyes, 6, 6, 94
hug, 2, 2, 50
mostly, 3, 3, 44
season, 66, 54, 709
huh, 1, 1, 27
meddling, 2, 2, 120
released, 1, 1, 15
dudes, 1, 1, 3
short, 5, 4, 22
copy, 1, 1, 1
boyfriend, 6, 5, 140
11, 1, 1, 76
10, 10, 8, 84
13, 4, 4, 7
12, 2, 2, 9
glenmkenna, 1, 1, 8
unfortunately, 4, 4, 56
17, 4, 4, 86
16, 3, 2, 6
18, 3, 3, 7
buzzfeed, 1, 1, 7
recruit, 2, 1, 4
future, 7, 6, 33
outcome, 1, 1, 1
janitor, 2, 2, 6
russia, 1, 1, 78
lick, 1, 1, 20
decemberists, 1, 1, 1
remained, 1, 1, 392
craig, 2, 2, 35
argument, 1, 1, 4
slap, 9, 8, 22
sad, 8, 8, 129
say, 17, 15, 186
narrator, 2, 2, 12
distorted, 1, 1, 1
anger, 5, 5, 15
roofthere, 1, 1, 8
saw, 7, 6, 17
kevin, 3, 3, 40
editing, 1, 1, 2
aside, 1, 1, 1
shocked, 3, 3, 129
zoo, 1, 1, 2
phillips, 1, 1, 2
ideal, 2, 2, 40
potential, 3, 3, 6
take, 11, 10, 278
online, 1, 1, 34
wanting, 1, 1, 26
paraphrase, 1, 1, 1
doppelgangers, 1, 1, 4
bets, 1, 1, 5
sure, 17, 16, 149
multiple, 2, 2, 16
opposite, 3, 3, 9
arguing, 4, 3, 41
knew, 10, 10, 62
paid, 2, 2, 2
falls, 2, 2, 6
rehearsal, 1, 1, 6
tracy, 27, 19, 287
america, 2, 2, 36
forever, 20, 19, 229
especially, 9, 8, 98
surprising, 1, 1, 1
later, 11, 10, 107
drive, 3, 2, 29
order, 6, 6, 16
e2gnjwj0vm0, 1, 1, 2
uncle, 3, 3, 14
salt, 1, 1, 1
midtwenties, 1, 1, 2
walking, 3, 3, 33
shot, 3, 3, 21
rambling, 1, 1, 1
show, 93, 72, 621
german, 1, 1, 22
cheap, 1, 1, 2
corner, 2, 2, 2
ground, 1, 1, 1
epitomizes, 1, 1, 2
supporters, 1, 1, 4
title, 5, 4, -72
daily, 1, 1, 3
treasure, 1, 1, 22
behind, 7, 7, 113
considering, 2, 2, 10
going, 19, 17, 431
black, 1, 1, 1
hockey, 1, 1, 1
teary, 1, 1, 46
pumpkin, 2, 2, 56
usp, 1, 1, 15
closed, 1, 1, 5
get, 38, 32, 277
nearly, 5, 5, 12
distinctly, 1, 1, 3
freaking, 2, 2, 4
closure, 1, 1, 4
reveal, 1, 1, 6
regarding, 1, 1, 18
20something, 1, 1, 3
absurdly, 1, 1, 4
checks, 1, 1, 27
naked, 1, 1, 11
jokes, 7, 3, 10
stupid, 2, 2, 31
dopplegaenger, 2, 1, 68
9x21, 1, 1, 116
husband, 1, 1, 1
learn, 2, 1, 2
soot, 1, 1, 1
problemsolve, 1, 1, 2
milioti, 1, 1, 3
college, 1, 1, 2
ruined, 5, 5, 191
planet, 1, 1, 7
fails, 1, 1, 7
satisfying, 3, 3, 4
ways, 6, 6, 248
3, 19, 19, 88
streaming, 1, 1, 5
teens, 1, 1, 1
reading, 2, 2, 12
across, 4, 4, 14
rfanedits, 1, 1, 7
notice, 2, 2, 3
mature, 2, 2, 4
parent, 2, 2, 22
marvin, 1, 1, 18
killing, 1, 1, 78
blame, 1, 1, 38
spare, 1, 1, 28
prematurely, 2, 2, 9
trolling, 1, 1, 27
come, 12, 10, 214
dates, 3, 3, 15
perceptions, 1, 1, 2
funions, 1, 1, 46
reddit, 2, 2, 12
many, 14, 13, 99
parts, 2, 2, 3
flipped, 1, 1, 1
somewhere, 2, 2, 2
dated, 2, 2, 21
comes, 2, 2, 5
duty, 1, 1, 4
afterwards, 1, 1, 16
color, 5, 1, 2
hurts, 1, 1, 1
pop, 1, 1, 2
twin, 2, 2, 8
stretched, 1, 1, 4
supervisor, 1, 1, 2
boat, 2, 2, 14
caring, 1, 1, 26
unusual, 1, 1, 2
teddy, 3, 3, 22
stretch, 2, 2, 3
theorizing, 1, 1, 1
turkey, 1, 1, 5
nit, 1, 1, 28
featuring, 1, 1, 3
bullshit, 1, 1, 13
wants, 7, 7, 667
pseudointellectual, 1, 1, -1
blessing, 1, 1, 2
photos, 1, 1, 1
suspected, 1, 1, 46
clamor, 1, 1, 7
pilot, 9, 8, 45
case, 1, 1, 1
klaus, 2, 2, 25
disconnected, 1, 1, 2
consultant, 1, 1, 44
cast, 1, 1, 1
ongoing, 1, 1, 1
squeezed, 1, 1, 1
rhymed, 1, 1, -1
punches, 1, 1, 70
eventually, 4, 3, 25
engaged, 2, 2, -2
sleeping, 2, 2, 271
couples, 1, 1, 6
middle, 6, 6, 155
someone, 21, 17, 180
embrace, 1, 1, 392
somebody, 2, 2, 36
worry, 2, 2, 393
harrisons, 1, 1, 1
different, 7, 7, 103
develop, 1, 1, 3
doctor, 2, 2, 41
pay, 5, 5, 66
bowl, 2, 2, 23
rhockeyjerseys, 1, 1, 1
dealer, 1, 1, 2
speech, 1, 1, 4
stripper, 3, 3, 403
events, 2, 2, 18
week, 5, 5, 9
finish, 2, 2, 5
screenshot, 2, 2, 2
driver, 1, 1, 2
drives, 1, 1, 2
running, 1, 1, -3
favorites, 5, 4, 14
intended, 1, 1, 1
changing, 1, 1, 2
totally, 6, 6, 39
embarrassingly, 1, 1, 1
break, 4, 4, 106
drain, 1, 1, 2
traps, 1, 1, 2
bagpipes, 1, 1, 9
floor, 1, 1, 3
bang, 1, 1, 9
pacing, 2, 2, 4
without, 10, 8, 70
relief, 1, 1, 227
grumpy, 1, 1, 4
bumping, 1, 1, 6
founds, 1, 1, 6
frankie, 1, 1, 1
money, 1, 1, 1
exaggerating, 1, 1, 2
actress, 2, 2, 1
kill, 1, 1, 1
handed, 1, 1, 7
rewatch, 6, 6, 43
subsequently, 1, 1, 1
death, 5, 5, 24
hint, 1, 1, 6
thinking, 3, 3, 147
rose, 4, 4, 89
seems, 6, 5, 16
except, 5, 5, 14
pov, 1, 1, 116
lets, 2, 2, 37
setting, 1, 1, 3
bloc, 1, 1, 2
4, 18, 18, 243
momentum, 1, 1, 3
real, 11, 11, 89
around, 13, 13, 557
kills, 2, 2, 80
onscreen, 1, 1, 0
rules, 2, 2, -8
sums, 1, 1, 34
vasco, 1, 1, 3
regis, 1, 1, 2
early, 3, 3, 14
traffic, 1, 1, 1
preference, 1, 1, 2
listening, 1, 1, 3
symbolism, 1, 1, 2
world, 3, 3, 73
accepted, 1, 1, 0
disappointed, 2, 2, 3
dare, 1, 1, 8
slappointment, 1, 1, 3
sitcom, 1, 1, 16
kennedy, 1, 1, 28
patrick, 1, 1, 2
audience, 2, 2, 4
either, 3, 3, 5
himymzoey, 1, 1, 3
fully, 2, 2, 80
served, 1, 1, 1
tower, 1, 1, 2
instantly, 1, 1, 27
sparkles, 1, 1, 6
fives, 1, 1, 11
specified, 1, 1, 2
images, 1, 1, 8
thinks, 1, 1, -1
youtubetamesxtbn_8, 1, 1, 3
mood, 2, 2, 6
memories, 2, 2, 17
highest, 1, 1, 28
showuntil, 1, 1, 0
ellie, 1, 1, 2
exit, 1, 1, 2
recorder, 1, 1, 6
compulsion, 1, 1, 0
destroys, 1, 1, 26
biased, 1, 1, 4
business, 1, 1, 2
seconds, 5, 5, 95
arrivederci, 2, 2, 4
despicable, 1, 1, 4
terrified, 1, 1, 2
throwback, 1, 1, 6
throw, 3, 3, 12
vimeocom123368588, 2, 2, 3
s2e12, 1, 1, 27
central, 3, 3, 49
oh, 5, 5, 116
instantaneously, 1, 1, 22
barneynorah, 1, 1, 6
violence, 1, 1, -1
favorite, 14, 14, 108
meaning, 2, 2, 4
gregors, 2, 1, 1
slapternity, 1, 1, 5
journey, 3, 3, 16
stand, 3, 3, 6
act, 1, 1, 46
backup, 1, 1, 3
road, 1, 1, 13
op, 7, 7, 35
amber, 1, 1, 3
annoyances, 1, 1, 3
burning, 1, 1, 1
flawed, 2, 2, 17
image, 2, 2, 14
blessed, 1, 1, 5
freaked, 1, 1, 1
bedtime, 1, 1, 7
gary, 5, 5, 123
technically, 1, 1, 3
fast, 2, 2, 2
assumed, 2, 2, 9
strictly, 1, 1, 2
distracted, 1, 1, 3
hey, 5, 5, 103
lol, 2, 2, 3
start, 5, 5, 40
low, 1, 1, -3
lot, 27, 25, 10
hysterical, 1, 1, 27
hookers, 1, 1, 2
complete, 2, 2, 1
enough, 3, 3, -1
signs, 1, 1, 13
brain, 1, 1, 1
basis, 1, 1, 3
unreliable, 2, 2, 12
podcast, 3, 2, 3
shannon, 1, 1, 1
longer, 2, 2, 92
08am, 1, 1, 46
romantic, 1, 1, 13
sadness, 1, 1, 1
dirty, 1, 1, 11
barneyrobin, 1, 1, 1
age, 3, 3, 10
darker, 1, 1, 2
wrestlers, 1, 1, 1
gone, 6, 6, 38
videos, 1, 1, 1
af, 1, 1, 5
taste, 2, 2, 42
describe, 2, 2, 29
moved, 3, 3, 7
straightens, 1, 1, 11
deep, 1, 1, 1
cringey, 1, 1, 2
cbs, 1, 1, 2
scanned, 1, 1, 3
file, 8, 6, 19
girlfriend, 4, 4, 11
lifetime, 1, 1, -2
spends, 2, 2, 30
film, 2, 2, 4
tedious, 1, 1, 3
stumbled, 1, 1, 4
idiot, 1, 1, 7
tight, 1, 1, 4
farhampton, 1, 1, 22
5, 22, 17, 105
gambling, 2, 2, 4
forcing, 1, 1, 2
mosbius, 1, 1, 11
separate, 1, 1, 2
shelter, 2, 1, 4
spoilers, 1, 1, 1
symbol, 1, 1, 1
finale, 41, 32, 218
distance, 2, 2, 8
seriousness, 1, 1, 5
important, 3, 3, 5
track, 6, 6, 60
chris, 1, 1, 3
dropbox, 3, 3, 17
decorated, 1, 1, 2
spouse, 2, 1, 16
missed, 1, 1, 1
building, 4, 4, 74
natalie, 2, 2, 3
calls, 2, 2, 1
wife, 5, 5, 62
walkmen, 1, 1, 1
websites, 1, 1, 2
directors, 1, 1, -9
u, 1, 1, 4
smirk, 1, 1, 16
starting, 1, 1, 6
original, 10, 9, 48
represent, 3, 2, 3
surrounded, 1, 1, 4
consider, 3, 3, 11
chinese, 4, 4, 24
metaphor, 1, 1, 4
caused, 1, 1, 115
suburban, 1, 1, 227
code, 1, 1, 2
mp3, 1, 1, 1
smoking, 2, 2, 10
talks, 4, 4, 38
decisions, 2, 2, 0
causes, 1, 1, 22
apartment, 6, 5, 35
imgurcomkg3pbgx, 1, 1, 4
homage, 1, 1, 2
tv, 5, 5, 90
funnynot, 1, 1, -1
encourage, 2, 2, 15
spirit, 1, 1, 1
nora, 6, 3, 38
tm, 3, 3, 11
shameless, 1, 1, 0
enjoying, 2, 2, 15
ta, 3, 3, 81
weeks, 5, 4, 15
sound, 4, 4, 214
woman, 3, 3, 36
sitting, 3, 2, 8
faq, 1, 1, 1
fan, 5, 5, 94
surprise, 1, 1, 1
awful, 1, 1, 3
heaven, 1, 1, 1
ranting, 1, 1, 33
ftm, 1, 1, -1
list, 10, 9, 51
occurs, 1, 1, 2
vibes, 1, 1, 2
swirling, 1, 1, 22
salute, 1, 1, 20
peon, 1, 1, 3
titled, 1, 1, 11
andor, 1, 1, 115
ten, 4, 4, 20
ted, 168, 111, 1971
past, 6, 6, 85
burger, 2, 2, 7
perspective, 1, 1, 2
lawyer, 1, 1, 392
pass, 2, 2, 8
chuckle, 1, 1, 4
sub, 6, 6, 25
clock, 2, 2, 3
crust, 1, 1, 10
brief, 1, 1, 1
emotions, 2, 2, 17
version, 8, 6, 432
runner, 1, 1, 6
learned, 3, 3, 7
contrast, 1, 1, 4
edited, 1, 1, 2
condensed, 1, 1, 1
full, 3, 3, 11
loose, 1, 1, 392
certainly, 2, 2, 91
revenge, 1, 1, 5
hours, 4, 4, 56
cancelled, 2, 2, 2
tracks, 1, 1, 3
strong, 2, 2, 81
ahead, 1, 1, 13
sbc, 3, 2, 4
whine, 2, 2, 29
experience, 3, 3, 78
stella, 11, 10, 40
rename, 1, 1, 4
pick, 3, 3, 204
heartbroken, 3, 2, 6
mentions, 2, 2, 3
trainer, 1, 1, 0
himym, 21, 19, 96
followed, 1, 1, 6
family, 5, 5, 31
vie, 4, 4, 89
ask, 5, 5, 45
establish, 1, 1, 30
takes, 2, 2, 4
tutti, 1, 1, 46
destination, 1, 1, 1
charge, 1, 1, 0
secondtolast, 1, 1, 4
6, 8, 8, 48
taken, 3, 2, 35
paraphrased, 1, 1, 1
minor, 2, 2, 1
horses, 1, 1, 9
diamond, 1, 1, 2
door, 1, 1, 2
knows, 3, 3, 49
company, 2, 2, 3
chopstick, 1, 1, 3
instrumental, 1, 1, 15
excuse, 1, 1, 39
basically, 9, 8, 89
broke, 8, 7, 69
particular, 5, 5, 13
known, 3, 3, 5
ifunny, 1, 1, 1
glad, 1, 1, 3
keeping, 2, 2, 4
include, 2, 2, 4
hour, 2, 2, 8
unrealistic, 1, 1, 16
recall, 1, 1, 1
posterwah, 1, 1, 3
mall, 1, 1, 6
sudden, 1, 1, 13
nine, 2, 2, 7
wrestler, 2, 2, 397
v, 9, 9, 30
spontaneous, 1, 1, 2
def, 1, 1, 5
beautiful, 3, 3, 30
compare, 1, 1, 4
stated, 2, 2, -1
share, 6, 6, 50
accept, 1, 1, 1
videodo, 1, 1, 1
states, 1, 1, 6
numbers, 1, 1, 9
ukelele, 1, 1, 2
sense, 16, 13, 81
mn, 1, 1, 5
dress, 3, 1, 2
huge, 1, 1, 16
needs, 1, 1, 5
court, 1, 1, 44
clint, 1, 1, 1
wellwritten, 1, 1, 4
desperation, 2, 2, 15
rather, 4, 4, 34
breaking, 1, 1, 5
cling, 1, 1, 13
explains, 1, 1, 1
goat, 2, 1, 4
hopeless, 1, 1, 13
sandwich, 1, 1, 2
okay, 14, 12, 172
plans, 1, 1, 1
advice, 1, 1, 26
daisy, 1, 1, 2
soundtrack, 1, 1, 15
tries, 2, 2, 10
coming, 3, 3, 16
hymmm, 1, 1, 2
symbolize, 1, 1, 1
mitzvah, 2, 2, 4
crowded, 1, 1, 3
coat, 2, 2, 4
rooting, 1, 1, 4
romanticsexual, 1, 1, 16
stash, 1, 1, 2
bashing, 1, 1, 5
chopsticks, 1, 1, 3
cs6, 1, 1, 50
dream, 1, 1, 1
playing, 5, 5, 279
chicks, 5, 4, 219
mexican, 2, 2, 400
help, 6, 6, 18
soon, 6, 6, 26
womanizing, 1, 1, 90
9x24, 1, 1, 141
isnt, 2, 2, 29
9x23, 1, 1, 34
s8e22, 1, 1, 2
hell, 3, 3, 10
roots, 1, 1, 2
dont, 3, 2, -74
24, 3, 3, 54
romance, 1, 1, 2
20, 1, 1, 5
21, 1, 1, 8
22, 4, 4, 8
23, 1, 1, 4
exact, 1, 1, 3
buttercup, 1, 1, 6
actually, 19, 17, 253
late, 5, 4, 35
strange, 2, 2, 27
relate, 4, 2, 18
argentina, 1, 1, 2
might, 6, 5, 73
good, 24, 22, 558
return, 1, 1, 0
food, 3, 2, 8
s9ep16, 1, 1, 2
traveled, 1, 1, 2
bigger, 3, 3, 23
mystery, 2, 2, 7
easily, 1, 1, 15
fatedestiny, 1, 1, 1
pregnant, 1, 1, 28
always, 33, 26, 354
level, 2, 2, 45
truths, 1, 1, 116
drake, 1, 1, 3
dishing, 1, 1, -1
stopped, 3, 3, 4
mosby, 2, 2, 83
turns, 2, 2, 4
found, 7, 7, 53
friendship, 1, 1, 2
notes, 2, 2, 39
referred, 1, 1, 2
flashbacks, 1, 1, 4
everyone, 13, 12, 109
mental, 1, 1, 4
weight, 1, 1, 4
house, 4, 3, 14
pawnee, 1, 1, 14
hard, 6, 6, 19
idea, 5, 4, 54
eve, 1, 1, 76
extended, 1, 1, 1
expect, 6, 5, 19
beyond, 2, 2, 96
aldrin, 2, 2, 16
really, 59, 49, 531
closest, 1, 1, 22
wondered, 2, 2, 3
p, 1, 1, 1
since, 13, 13, 214
misses, 2, 2, 8
7, 13, 10, 335
issue, 2, 2, 6
sympathized, 1, 1, 1
highway, 1, 1, 4
disagree, 1, 1, 23
gut, 1, 1, 5
hosted, 1, 1, 50
guess, 6, 6, 135
workschool, 1, 1, 1
reason, 8, 8, 195
imagine, 1, 1, 5
put, 8, 7, 4
teach, 2, 2, 3
beginning, 2, 2, 3
thrown, 1, 1, 4
definition, 1, 1, 15
thread, 3, 3, 85
airport, 1, 1, 1
needing, 1, 1, 2
terrible, 5, 5, 5
threat, 1, 1, 12
divorce, 4, 4, 8
major, 5, 5, 36
superbowl, 2, 2, 4
unhealthy, 1, 1, 20
someday, 2, 2, 23
feel, 19, 18, 179
girls, 4, 4, 11
number, 3, 2, 3
valentine, 3, 2, 14
fucked, 1, 1, 27
sailor, 1, 1, 3
rooter, 1, 1, 1
done, 11, 11, 82
pablo, 1, 1, -2
teds, 2, 2, 114
euphoria, 1, 1, 2
miss, 2, 2, 5
passes, 1, 1, 1
story, 29, 20, 138
ganso, 1, 1, 4
leading, 2, 2, 12
least, 11, 10, 33
station, 2, 2, 28
identity, 1, 1, 4
saint, 1, 1, 2
mama, 1, 1, 27
scheme, 1, 1, 4
observations, 1, 1, -6
passed, 1, 1, 2
relationship, 17, 15, 486
relieved, 1, 1, 4
showmarshall, 1, 1, 4
convinces, 1, 1, 2
park, 2, 2, 3
tivo, 1, 1, 4
luckily, 1, 1, 5
part, 20, 17, 773
crop, 1, 1, 1
emotionally, 2, 2, 20
focusing, 2, 2, 10
translation, 1, 1, 22
believe, 4, 4, 70
slapmarra, 1, 1, 3
grace, 1, 1, 2
obama, 1, 1, 20
king, 1, 1, 4
kind, 7, 7, 58
grew, 1, 1, 4
s8e1, 1, 1, 9
double, 1, 1, 65
impersonal, 1, 1, 33
recording, 1, 1, 5
breakups, 2, 1, 5
architect, 1, 1, 1
supposed, 7, 7, 178
elaborate, 1, 1, 4
treated, 1, 1, 27
declare, 1, 1, 2
mickey, 1, 1, 3
deciding, 1, 1, 2
kart, 1, 1, 16
fights, 4, 4, 421
roughly, 1, 1, 5
juice, 1, 1, 26
vulnerable, 4, 2, 11
option, 5, 5, 104
showcased, 1, 1, 2
lie, 1, 1, 4
nights, 1, 1, 1
built, 2, 2, 4
helicarrier, 1, 1, 0
also, 32, 30, 168
entirety, 2, 2, -158
build, 2, 2, 3
finding, 2, 2, 4
commentary, 1, 1, 2
interfered, 1, 1, 90
foudre, 1, 1, 3
aired, 8, 5, 10
experienced, 1, 1, 9
intervened, 1, 1, 2
quote, 1, 1, 2
tryst, 1, 1, 4
react, 2, 2, 59
experiences, 1, 1, 5
plan, 2, 2, 4
eaten, 1, 1, 7
exes, 1, 1, 27
nothing, 10, 10, 202
seasons, 12, 10, 23
extremely, 1, 1, 2
79, 1, 1, 2
mobile, 1, 1, 1
clear, 1, 1, 1
popularity, 1, 1, 1
coincides, 1, 1, 1
nonanswer, 1, 1, 36
murderrrrrrrr, 1, 1, 1
hints, 2, 1, 1
administrato, 1, 1, 2
artistic, 1, 1, 1
clean, 1, 1, 7
yewhew, 1, 1, 3
shoutout, 1, 1, 12
lying, 2, 2, 132
hyper, 1, 1, 1
particularly, 1, 1, 14
gold, 1, 1, 1
stammering, 1, 1, 7
potatobucketcom, 1, 1, 50
melody, 3, 3, 14
fine, 3, 3, 21
find, 20, 18, 151
impact, 2, 2, 4
e18, 1, 1, 27
giant, 1, 1, 1
awakens, 1, 1, 7
rando, 1, 1, 0
justice, 2, 2, 12
e10, 1, 1, 7
scooter, 1, 1, 3
writer, 1, 1, 12
e17, 1, 1, 27
bfs, 1, 1, 8
failed, 2, 2, 14
betray, 1, 1, 2
pretty, 17, 17, 118
factor, 1, 1, 1
8, 7, 6, 36
hit, 2, 2, 3
goes, 3, 3, 52
vidya, 1, 1, -50
albeit, 3, 3, 7
cholera, 1, 1, -2
feels, 4, 4, 100
spoil, 1, 1, 6
rest, 1, 1, 12
pretending, 6, 3, 198
compass, 1, 1, -1
troughout, 1, 1, 13
barneys, 1, 1, 14
distraction, 1, 1, 2
disregarding, 1, 1, 46
common, 1, 1, 2
gotten, 3, 3, 33
x, 3, 3, 9
river, 1, 1, 22
wrote, 3, 3, 11
consciously, 1, 1, 4
set, 3, 3, 99
art, 1, 1, 44
creator, 1, 1, 16
sex, 3, 3, 27
culture, 1, 1, 8
see, 29, 24, 245
arc, 1, 1, 1
in1978, 1, 1, -3
close, 4, 4, 12
arm, 1, 1, 0
preparation, 1, 1, 1
movie, 6, 5, 11
wow, 6, 6, 43
currently, 2, 2, 6
please, 7, 7, 54
slapped, 5, 3, 11
woo, 2, 2, 4
various, 1, 1, 2
whoaaaaaaaaaaaaaa, 1, 1, -84
marriage, 4, 3, 16
soulmate, 6, 1, 2
available, 2, 2, 8
recently, 2, 2, 25
creating, 2, 2, 16
missing, 3, 3, 2
initially, 1, 1, 16
pisses, 1, 1, -1
attention, 2, 2, 4
subject, 2, 2, 37
swarley, 8, 6, 36
incident, 6, 6, 23
renewed, 1, 1, 2
premise, 1, 1, 2
overthetop, 1, 1, 4
pissed, 2, 1, 5
timeslol, 1, 1, 11
c, 2, 1, 3
last, 32, 31, 64
hesitant, 1, 1, 4
secrets, 1, 1, -1
onion, 1, 1, 2
foreign, 1, 1, 2
connection, 3, 3, 44
improves, 1, 1, -50
context, 2, 2, 29
forgotten, 1, 1, 1
whole, 26, 26, 303
finds, 2, 2, 4
liked, 3, 3, 6
headed, 1, 1, 2
simple, 2, 2, 3
sweet, 3, 3, 12
others, 2, 2, 9
whatever, 2, 2, 9
s3e8, 1, 1, 2
simply, 2, 2, 129
likes, 2, 2, 64
throughout, 7, 6, 43
linus, 1, 1, 28
develops, 1, 1, 22
platinum, 1, 1, 3
ps, 4, 4, 9
pt, 1, 1, 2
allude, 1, 1, 4
create, 1, 1, 1
due, 3, 2, 2
strategy, 1, 1, 4
secret, 1, 1, 12
pa, 1, 1, 5
damn, 6, 5, 28
quirks, 2, 2, 77
feelgood, 2, 1, 2
meeting, 6, 5, 73
whoa, 1, 1, -84
empty, 1, 1, 2
pm, 1, 1, 15
lived, 5, 4, 129
gay, 5, 2, 196
cruelty, 1, 1, 28
tracie, 1, 1, 2
else, 11, 11, 104
lives, 3, 3, 35
gag, 1, 1, 6
unnecessarily, 1, 1, 1
stolen, 2, 2, 29
look, 9, 9, 474
solid, 1, 1, 1
foreshadowed, 1, 1, 46
straight, 5, 3, 209
tolerate, 2, 2, 66
zqypufdndb0, 1, 1, 1
careers, 1, 1, 2
fun, 3, 3, 3
robin, 121, 72, 1185
loop, 2, 2, 13
pack, 1, 1, 141
epsiode, 1, 1, 4
ducky, 1, 1, 3
sledgehammer, 1, 1, 4
cents, 1, 1, 16
herein, 1, 1, 0
leans, 1, 1, 4
disappointing, 2, 2, 2
vow, 1, 1, 6
skype, 1, 1, 2
ready, 5, 5, 229
rid, 1, 1, 39
funny, 10, 9, -50
barney, 114, 73, 1643
italy, 2, 2, 159
shirt, 2, 2, 1
anymore, 4, 4, 6
lengths, 1, 1, 30
read, 2, 2, 3
emphasize, 1, 1, 6
established, 2, 2, 18
eventual, 1, 1, 16
9, 19, 18, 93
loveonly, 1, 1, 1
development, 1, 1, 2
used, 11, 9, 58
bonus, 1, 1, 1
lilybarney, 1, 1, 3
yesterday, 1, 1, 2
alert, 2, 2, 4
moment, 12, 11, 432
levels, 1, 1, 1
uses, 2, 2, 29
purpose, 2, 2, 3
roman, 1, 1, 12
20sdmp4, 1, 1, 15
nickname, 1, 1, 4
conveniently, 1, 1, 4
recent, 1, 1, 3
dark, 1, 1, 13
lower, 2, 2, 13
picky, 1, 1, 28
infertility, 1, 1, 2
youtubecxk_na2ivxw, 1, 1, 18
spent, 3, 3, 29
obviously, 6, 6, 16
regretting, 1, 1, 1
edge, 1, 1, 28
inspirational, 1, 1, 3
landmark, 1, 1, 2
chemistry, 6, 3, 7
hoebegone, 1, 1, 4
coup, 1, 1, 3
chore, 1, 1, 3
mom, 13, 12, 584
nonrhyming, 1, 1, 7
resolves, 1, 1, 1
teenage, 1, 1, 36
cocky, 1, 1, 13
questions, 1, 1, 4
amp, 32, 4, 10
regardless, 2, 2, 6
alternative, 1, 1, 2
letting, 1, 1, 1
cut, 6, 3, 12
fiancee, 1, 1, 4
hated, 3, 3, 4
alternate, 5, 5, 10
fitting, 2, 2, 18
hues, 1, 1, 2
cue, 1, 1, 2
parents, 2, 2, 7
grin, 1, 1, 3
homeland, 1, 1, 6
schoolwork, 1, 1, 1
painfully, 1, 1, 4
remaining, 1, 1, 1
surprised, 1, 1, 27
associations, 1, 1, 2
australia, 1, 1, 5
insert, 1, 1, 2
big, 9, 9, 57
showing, 2, 2, 7
shitty, 2, 2, -8
game, 2, 2, 31
culturally, 1, 1, 16
bit, 4, 4, 4
wings, 1, 1, 2
reacting, 1, 1, -1
ignore, 1, 1, 5
continue, 4, 4, 48
nosy, 1, 1, 9
popular, 2, 2, 3
prequels, 1, 1, -9
amicably, 1, 1, 2
often, 4, 4, 7
fucking, 8, 5, -67
goddamn, 2, 2, 8
play, 3, 3, 46
traits, 1, 1, 2
towards, 2, 2, 31
examples, 2, 2, 7
curious, 1, 1, 1
delivered, 1, 1, 12
scale, 1, 1, 5
describing, 1, 1, 2
schmaltz, 1, 1, 5
tools, 1, 1, 3
absolutely, 4, 4, 67
per, 1, 1, 3
connecting, 1, 1, 16
ticking, 1, 1, 2
dating, 3, 3, 5
prob, 1, 1, 1
minimal, 1, 1, 30
bf, 1, 1, 8
s18, 1, 1, 5
run, 3, 3, 11
midsentence, 1, 1, 1
bc, 1, 1, 2
301, 3, 3, 16
heee, 2, 1, 65
confidence, 1, 1, -1
step, 2, 2, 14
remnants, 1, 1, 4
nowhere, 2, 2, 1
consolation, 1, 1, 0
chick, 1, 1, 12
crap, 1, 1, 0
wouldnt, 2, 2, 28
netflix, 3, 3, 8
exaggerated, 1, 1, -1
whiteboard, 1, 1, 4
deserves, 1, 1, 13
greets, 1, 1, 2
idk, 1, 1, 1
1gb, 1, 1, 15
silence, 1, 1, 4
seeing, 8, 7, 119
jimmy, 1, 1, 3
recreate, 1, 1, 4
daphne, 3, 2, 4
appropriate, 2, 2, 37
drifted, 1, 1, 5
lesson, 1, 1, 1
next, 5, 5, 22
impressed, 1, 1, 2
plots, 2, 2, 5
question, 4, 4, 20
long, 13, 13, 474
suit, 3, 3, 4
forward, 4, 4, 10
5m25s, 1, 1, 3
files, 1, 1, 15
scherbs, 1, 1, 14
https, 24, 21, 75
motivational, 1, 1, 1
boys, 1, 1, 13
properly, 1, 1, 1
link, 8, 8, 61
boyz, 1, 1, 2
line, 12, 12, 165
posted, 3, 3, 8
grinch, 1, 1, 3
sounds, 3, 3, 10
fries, 2, 2, 6
us, 12, 11, 73
um, 2, 2, 78
un, 1, 1, 3
accustomed, 1, 1, 2
uk, 1, 1, 5
highlight, 1, 1, 2
similar, 5, 5, 52
called, 3, 3, 38
bell, 2, 2, 25
sometimes, 12, 10, 224
associated, 2, 1, 2
adults, 1, 1, 5
flow, 1, 1, 2
single, 1, 1, 14
dragging, 1, 1, 1
liking, 1, 1, 2
rekindling, 1, 1, 12
marching, 1, 1, 1
loretta, 1, 1, 4
peace, 1, 1, 78
afford, 1, 1, 3
actors, 1, 1, 2
department, 1, 1, 14
nice, 8, 8, 123
dale, 1, 1, 6
explaining, 1, 1, 2
accidental, 1, 1, 115
problems, 1, 1, 5
robots, 4, 3, 400
occurred, 2, 2, 13
drag, 2, 2, 16
utterly, 1, 1, 4
202mp4, 1, 1, 15
ago, 4, 4, 17
fighter, 1, 1, 1
practically, 1, 1, 46
dvd, 1, 1, 0
outing, 1, 1, 2
youtube, 3, 3, 7
2002, 1, 1, 392
2000, 1, 1, 5
hella, 1, 1, 9
karma, 1, 1, 2
demonstrates, 1, 1, 1
far, 10, 8, 21
fresh, 2, 2, 43
hello, 1, 1, 15
initiating, 1, 1, 2
gt, 10, 8, 175
jason, 1, 1, 69
saying, 5, 5, 40
rants, 2, 2, 399
results, 1, 1, 0
zoey, 1, 1, 2
enjoyable, 2, 2, 6
gf, 1, 1, 1
windy, 1, 1, 10
ugh, 1, 1, 1
gang, 4, 4, 38
go, 20, 20, 522
issues, 3, 3, 19
seemed, 1, 1, 1
vesuvius, 1, 1, 4
3m21s, 1, 1, 2
young, 1, 1, 1
send, 1, 1, 15
suits, 4, 4, 11
languages, 1, 1, 2
masculine, 3, 2, 393
dislike, 2, 2, 15
lilly, 7, 5, 3
interchange, 1, 1, 7
bpegs, 1, 1, 4
outside, 3, 3, 10
listed, 1, 1, 2
continues, 1, 1, 3
wishes, 2, 2, 396
putting, 1, 1, 1
telling, 7, 7, 28
drinking, 3, 3, 7
subreddit, 2, 1, 5
forks, 1, 1, 9
categories, 1, 1, 2
entire, 12, 12, 91
marry, 2, 2, 1
shock, 1, 1, 2
colors, 4, 1, 2
fewer, 1, 1, 0
try, 8, 8, 26
slaps, 6, 2, 9
race, 1, 1, 1
dealt, 1, 1, -1
smaller, 1, 1, 1
carter, 3, 3, 144
blitz, 1, 1, 2
boots, 1, 1, 2
rivers, 3, 3, 7
recruitment, 1, 1, 4
imply, 1, 1, 2
video, 5, 5, 11
traveling, 2, 2, 119
picked, 2, 2, 0
download, 1, 1, 4
odd, 1, 1, -1
clich, 1, 1, 2
plays, 6, 6, 204
unavailable, 1, 1, 1
giving, 1, 1, 10
expressed, 1, 1, 68
access, 2, 2, 3
onera, 1, 1, 4
waiting, 5, 3, 46
schoolhigh, 1, 1, 2
body, 2, 2, 25
led, 1, 1, 3
chose, 2, 2, 40
kangaroo, 2, 1, 2
punch, 5, 5, 71
eminem, 1, 1, 7
desired, 1, 1, 392
let, 12, 12, 69
sink, 1, 1, 5
making, 6, 6, 16
douchey, 1, 1, -1
sing, 1, 1, 3
extreme, 2, 2, 14
great, 29, 22, 165
broken, 1, 1, 3
30, 2, 2, 2
haunts, 1, 1, 3
35, 1, 1, 8
leaving, 1, 1, 2
definitively, 1, 1, 1
shitshow, 1, 1, 1
opinion, 2, 2, 3
climb, 2, 2, 8
makes, 23, 21, 156
thats, 2, 2, 94
s09e2324, 1, 1, 3
named, 5, 5, 18
blizzard, 1, 1, 2
win, 5, 5, 12
stunt, 1, 1, 1
manage, 1, 1, 46
tyke, 1, 1, -3
aboard, 1, 1, 1
limo, 1, 1, 2
composer, 1, 1, 1
duck, 1, 1, 1
buildup, 1, 1, 16
singing, 1, 1, 2
standing, 1, 1, 1
use, 5, 5, 9
hears, 1, 1, 69
binged, 4, 3, 16
figurative, 1, 1, 3
doubt, 2, 2, 7
showrunners, 1, 1, 3
cram, 1, 1, 7
raiding, 1, 1, 2
sort, 1, 1, 36
dysfunctional, 3, 1, 5
prizea, 1, 1, 0
started, 8, 7, 19
becomes, 5, 3, 59
impress, 1, 1, 0
confused, 2, 2, 5
train, 3, 3, 12
rabbit, 1, 1, 1
ok, 4, 4, 61
tearing, 1, 1, 2
women, 3, 3, 637
account, 1, 1, 1
f, 2, 1, 3
ride, 2, 2, 57
package, 1, 1, 28
insists, 1, 1, 2
anywhere, 4, 4, 52
praise, 1, 1, 1
island, 2, 1, 4
meet, 12, 10, 206
nurture, 1, 1, 90
drops, 1, 1, 1
proof, 1, 1, 4
control, 1, 1, 2
judge, 1, 1, 44
soulmates, 1, 1, 2
purposes, 1, 1, 36
iimgurcomr1lnaylgifv, 1, 1, 1
high, 8, 7, 128
neruda, 1, 1, -2
pulling, 4, 4, 28
something, 38, 27, 328
sought, 1, 1, 0
sir, 1, 1, 1
lame, 1, 1, 227
destroying, 1, 1, 4
holds, 1, 1, 3
arrangement, 1, 1, 1
mclachlan, 1, 1, 6
forest, 1, 1, 1
animal, 1, 1, 28
instead, 12, 11, 445
instinctively, 1, 1, 4
comedy, 2, 2, 6
profile, 1, 1, 2
attend, 1, 1, 46
stop, 6, 6, 427
highs, 2, 2, 5
pigs, 1, 1, 28
fits, 2, 2, 14
comma, 1, 1, 27
realized, 4, 4, 161
purely, 1, 1, 3
light, 1, 1, 3
nph, 3, 2, 29
lines, 3, 3, -19
robot, 1, 1, 5
honestly, 1, 1, 2
womanizer, 1, 1, 4
favourites, 1, 1, 141
s1, 1, 1, 20
mustache, 2, 1, 392
slapbet, 1, 1, 2
six, 1, 1, 2
wedding, 16, 13, 70
potatoshop, 1, 1, 50
whilst, 2, 2, 6
hugged, 1, 1, 4
including, 1, 1, 5
looks, 6, 6, 34
damnit, 1, 1, 109
mentioned, 2, 2, 1
perfect, 18, 17, 288
write, 1, 1, 1
la, 5, 5, 93
winning, 2, 2, 17
lt, 1, 1, 2
willing, 2, 2, 30
marsh, 1, 1, 1
choose, 2, 2, 6
orange, 7, 2, 28
covered, 1, 1, 4
wellknown, 1, 1, 2
2013, 1, 1, 1
dad, 11, 9, 328
designs, 2, 2, 55
descendants, 1, 1, 7
material, 1, 1, 1
mention, 2, 2, 4
cutting, 1, 1, 1
bothering, 1, 1, 39
kiss, 8, 5, 86
hands, 1, 1, 22
front, 2, 2, 6
day, 10, 9, 426
february, 1, 1, 46
speaks, 1, 1, 1
edit, 13, 8, 51
unpredictable, 1, 1, 1
delightful, 1, 1, 0
tracey, 3, 3, 6
marshgammon, 1, 1, 4
glasses, 2, 2, 5
knowyourmemecom, 1, 1, 0
strip, 1, 1, 1
drumroll, 1, 1, 2
books, 1, 1, 1
transitions, 1, 1, 1
sandy, 3, 3, 7
respects, 1, 1, 244
sentiment, 1, 1, 1
bag, 1, 1, 141
rep, 1, 1, 6
impartial, 2, 2, 6
barley, 1, 1, 2
hilarious, 1, 1, 2
honorable, 1, 1, 2
cause, 2, 2, 15
red, 8, 2, 3
harold, 1, 1, 27
umbrella, 5, 5, 33
averted, 2, 2, 6
70s, 1, 1, 2
clarify, 1, 1, 1
completely, 3, 3, 2
york, 4, 4, 79
taran, 1, 1, 1
2x22, 1, 1, 20
interaction, 1, 1, 15
could, 28, 26, 896
keep, 11, 9, 40
conversation, 1, 1, 24
length, 1, 1, 1
abuse, 1, 1, 1
binging, 1, 1, 3
removing, 1, 1, 3
chills, 1, 1, 4
myoutubecomwatch, 1, 1, 1
scare, 1, 1, 0
insane, 1, 1, -84
blown, 1, 1, 1
radnor, 2, 2, 5
scene, 22, 19, 275
swihart, 1, 1, 3
embarrassed, 1, 1, 4
traaaaain, 1, 1, 1
bitch, 2, 2, 16
lilypad, 1, 1, 14
reached, 1, 1, 13
quality, 2, 2, 22
playlist, 2, 2, 7
ancient, 1, 1, 12
reference, 1, 1, 4
hee, 1, 1, 65
bears, 1, 1, 22
system, 1, 1, 13
eighth, 1, 1, 4
vagina, 1, 1, 392
perfectly, 2, 2, 22
final, 10, 10, 56
interests, 1, 1, 7
stomach, 1, 1, 22
shelf, 1, 1, 1
exactly, 4, 4, 76
wwwyoutubecomwatch, 5, 5, 10
lists, 1, 1, 3
depressing, 1, 1, 1
reflecting, 1, 1, 2
loved, 12, 8, 91
boring, 1, 1, 13
decided, 4, 3, 6
loves, 3, 3, 85
visited, 1, 1, 1
naturally, 2, 1, 2
torrent, 1, 1, 15
bet, 12, 11, 29
imho, 1, 1, 2
drunk, 3, 2, 11
false, 4, 4, 8
2014, 1, 1, 2
clip, 1, 1, 2
comfortable, 2, 2, 69
tonight, 2, 2, 172
imdb, 2, 2, 2
sincerity, 1, 1, 1
need, 9, 9, 143
apparently, 4, 4, 60
linked, 1, 1, 1
screw, 1, 1, 5
congrats, 2, 2, 15
allergies, 1, 1, 39
able, 7, 7, 46
mid, 1, 1, 4
parks, 2, 1, 14
outward, 1, 1, 1
forbidden, 1, 1, 12
truck, 2, 2, 31
asshole, 1, 1, 2
trivia, 1, 1, 2
lily, 59, 45, 1007
firefly, 1, 1, 6
unless, 2, 2, 6
storm, 1, 1, 22
vengeance, 1, 1, 1
plus, 1, 1, 5
cracking, 1, 1, 6
subjective, 1, 1, 1
consequences, 3, 1, 2
gather, 1, 1, 1
request, 1, 1, 28
face, 6, 6, 109
guinea, 1, 1, 28
normally, 1, 1, 1
fact, 4, 3, 63
ho, 1, 1, 1
impression, 1, 1, 5
chances, 1, 1, 5
text, 1, 1, 4
anyway, 3, 3, 13
connect, 1, 1, 2
bring, 2, 2, 38
planning, 1, 1, 3
debate, 1, 1, 3
partners, 2, 2, 29
trying, 5, 5, 88
based, 3, 2, 6
posting, 1, 1, 2
unable, 1, 1, 2
tape, 1, 1, 6
tune, 1, 1, 2
piano, 1, 1, 1
thousands, 1, 1, 12
hope, 5, 5, 48
meant, 2, 2, 3
move, 6, 6, 115
listened, 1, 1, 20
watching, 29, 27, 71
mainly, 1, 1, 4
overall, 1, 1, 2
lucky, 1, 1, 4
tbh, 1, 1, 5
ones, 5, 5, 23
words, 4, 4, 6
probably, 9, 9, 47
timing, 7, 3, 25
abby, 2, 1, 3
areas, 1, 1, 4
ended, 14, 10, 70
married, 6, 6, 101
stuff, 5, 4, 11
ohio, 1, 1, 2
fixed, 1, 1, 2
grad, 1, 1, 3
view, 1, 1, 1
withstand, 1, 1, 5
btw, 2, 2, 67
showdown, 1, 1, 2
computer, 1, 1, 1
violet, 1, 1, 2
atlantic, 1, 1, 1
packed, 1, 1, 141
destiny, 3, 3, 26
attempting, 1, 1, 2
s1e10, 1, 1, 2
arranger, 1, 1, 1
tend, 1, 1, 1
favor, 1, 1, 2
state, 2, 2, 48
correctly, 1, 1, 1
horrible, 5, 5, 14
recessional, 1, 1, 1
rohus8j7x94, 2, 2, 6
thumbnail, 1, 1, 1
bought, 2, 2, 1
comparable, 1, 1, 35
ability, 1, 1, 90
spotify, 1, 1, 1
joy, 1, 1, 1
job, 8, 6, 17
key, 2, 2, 10
police, 1, 1, 4
paraphrasing, 1, 1, 6
hits, 2, 2, 3
figured, 2, 2, 16
instant, 1, 1, 2
career, 2, 2, 2
joke, 2, 2, 28
taking, 2, 2, 48
equal, 3, 3, 8
agree, 7, 6, 23
fulfilled, 1, 1, 2
etc, 2, 2, 131
admit, 1, 1, 20
grain, 2, 2, 3
bronx, 1, 1, 7
swallow, 2, 2, 5
jersey, 1, 1, 9
otherwise, 1, 1, 10
relevant, 2, 2, 5
subtitle, 1, 1, 0
ca, 32, 28, 568
walk, 2, 2, 3
laugh, 9, 9, 79
table, 1, 1, 2
second, 7, 7, 96
copies, 1, 1, 1
quiz, 1, 1, 7
slowly, 1, 1, 27
proposal, 1, 1, 4
killed, 1, 1, 39
username, 1, 1, 27
belvedere, 1, 1, 1
finished, 7, 7, 13
bull, 2, 2, 8
consecutive, 1, 1, 4
atlanta, 1, 1, 9
general, 2, 2, 6
spain, 5, 3, 14
rowso, 1, 1, 6
lebanese, 1, 1, 9
couple, 4, 4, 18
abandoned, 1, 1, 27
unlike, 1, 1, 30
imagination, 1, 1, 1
appearance, 1, 1, 16
tshirt, 1, 1, 1
choices, 2, 2, 5
ulomats7, 1, 1, 35
hahaha, 2, 2, 6
wild, 1, 1, 27
coincidental, 1, 1, 1
jeanette, 2, 2, 4
vidtome, 1, 1, 2
almost, 4, 4, 112
arcadian, 1, 1, 2
respected, 1, 1, 2
vs, 4, 4, 13
audiences, 1, 1, 1
6m15s, 1, 1, 1
watched, 16, 15, 72
lambs, 1, 1, 4
capture, 1, 1, 12
denial, 1, 1, 2
productivity, 1, 1, 2
headstart, 1, 1, 4
began, 4, 2, 6
s08e01, 1, 1, 22
maddening, 1, 1, 9
cross, 1, 1, 7
member, 1, 1, 4
became, 5, 5, 28
digging, 1, 1, 1
party, 1, 1, 2
persongt, 1, 1, 2
gets, 11, 11, 542
difficult, 1, 1, 4
snother, 1, 1, 3
ball, 1, 1, 13
http, 12, 10, 64
solved, 2, 2, 11
premiere, 1, 1, 0
appearances, 1, 1, 1
drink, 8, 5, 48
upon, 1, 1, 0
effect, 2, 1, 5
fucker, 1, 1, 16
sooner, 1, 1, 1
infinite, 2, 2, 8
spree, 1, 1, 27
magician, 1, 1, 2
steals, 2, 2, 29
shotgun, 1, 1, 3
well, 24, 24, 139
fighting, 1, 1, 26
disoriented, 1, 1, 4
thought, 19, 19, 242
riff, 1, 1, 6
oops, 1, 1, 3
creators, 3, 3, 5
drawing, 1, 1, 35
realised, 2, 2, 4
coaster, 2, 2, 28
legendary, 1, 1, 3
less, 7, 7, 33
moments, 9, 8, 48
accurate, 1, 1, 3
codependant, 1, 1, 90
hueah, 1, 1, 27
clinic, 1, 1, 244
smulders, 2, 2, 1
cigarette, 3, 1, 1
hauntingly, 1, 1, 26
point, 16, 15, 241
discuss, 1, 1, 2
reasons, 3, 2, 4
add, 4, 4, 12
book, 1, 1, 4
warns, 1, 1, 4
match, 3, 3, 149
definitive, 1, 1, 4
five, 6, 5, 52
know, 52, 44, 496
iimgurcomurtpvcypng, 1, 1, 12
immediately, 5, 5, 18
tick, 6, 2, 11
loss, 1, 1, 2
crisp, 1, 1, 1
like, 85, 67, 551
lost, 1, 1, 3
saget, 1, 1, 1
garage, 1, 1, 3
lose, 2, 2, 7
become, 5, 5, 34
works, 2, 2, 30
page, 3, 3, 4
sandcastles, 3, 2, 10
footage, 1, 1, 4
alive, 3, 2, 4
hair, 2, 2, 11
growth, 1, 1, 4
proper, 1, 1, 7
home, 1, 1, 2
fiasco, 1, 1, 2
happens, 4, 4, 166
lead, 3, 3, 16
literally, 3, 3, 35
avoid, 2, 2, 7
leap, 3, 3, 7
screwed, 1, 1, 1
maltomeal, 1, 1, 3
ripped, 1, 1, 1
noise, 1, 1, 33
truth, 1, 1, 2
schedule, 1, 1, 1
slut, 1, 1, 1
pressure, 2, 2, 2
poignant, 1, 1, 1
although, 3, 3, 12
hiding, 1, 1, 22
sister, 2, 2, 31
actual, 2, 2, 41
carried, 1, 1, 141
getting, 7, 6, 5
universe, 1, 1, 13
waifu, 2, 1, 5
swear, 2, 2, 26
perky, 1, 1, 1
introduced, 4, 3, 10
travelers, 5, 5, 13
iimgurcomxlpzjygjpg, 1, 1, 2
weather, 4, 3, 16
promise, 3, 3, 12
tiny, 1, 1, 28
female, 1, 1, 1
additional, 1, 1, 5
rushed, 1, 1, 5
05x02, 1, 1, 65
epilogue, 1, 1, 1
cantina, 1, 1, 7
spiral, 1, 1, 1
noticed, 13, 11, 70
stamina, 1, 1, 7
8x13, 1, 1, 141
schemeamp, 1, 1, 4
indoctrinated, 1, 1, 4
tyre, 1, 1, -1
buy, 3, 3, 6
alcoholic, 1, 1, 28
revalue, 1, 1, 4
bus, 1, 1, 2
brand, 1, 1, 3
delivery, 3, 3, 22
hi, 1, 1, 70
gain, 1, 1, 2
delivers, 1, 1, 5
ha, 3, 1, 65
eat, 3, 3, 17
hd, 2, 1, 15
count, 1, 1, 33
made, 25, 24, 333
whether, 2, 2, 36
wish, 4, 4, 161
official, 2, 2, 6
record, 1, 1, 6
stories, 2, 2, 23
acting, 3, 3, 9
problem, 3, 3, 176
piece, 2, 2, 8
minutes, 2, 2, 6
supreme, 2, 2, 47
deaths, 1, 1, 0
inadequate, 1, 1, 14
lecter, 1, 1, 4
pic, 1, 1, 1
meaningless, 1, 1, 10
twist, 3, 3, 18
abbot, 1, 1, 3
pit, 1, 1, 4
happen, 10, 6, 124
deeper, 2, 2, 0
spell, 1, 1, 4
compared, 1, 1, 1
torch, 1, 1, 1
48, 1, 1, 4
incredible, 3, 3, 7
46, 1, 1, 22
45, 6, 3, 75
claiming, 1, 1, 2
detail, 1, 1, 1
lately, 1, 1, 9
remindme, 1, 1, 1
sick, 4, 4, 534
cutthroat, 1, 1, 3
incredibly, 1, 1, 8
conclusion, 2, 2, 20
repeat, 1, 1, 20
star, 4, 4, 134
class, 1, 1, 35
june, 1, 1, 1
shown, 1, 1, 1
gdckmrns, 1, 1, 1
risked, 2, 1, 7
kinda, 3, 3, 82
badass, 1, 1, 1
friends, 17, 12, 595
inspiration, 1, 1, 3
ghost, 1, 1, 1
using, 3, 3, 8
dave, 1, 1, 2
rule, 6, 6, 44
understand, 4, 4, 48
wantsneeds, 1, 1, 2
foreshadowing, 1, 1, 6
chalke, 1, 1, 0
