Word, Frequency, Comment Frequency, Net Score
raining, 1, 1, 22
teborg, 1, 1, 1
suicidal, 2, 2, 36
hats, 1, 1, 1
personally, 2, 2, 31
jihad, 2, 2, 5
asian, 3, 3, 264
hanging, 2, 2, 247
hate, 7, 5, -87
poorly, 1, 1, 0
stinks, 1, 1, 1
muzzle, 1, 1, 0
porno, 1, 1, 466
buddy, 2, 2, 2
rdadjoke, 1, 1, 0
spew, 1, 1, 214
tweet, 1, 1, 525
voted, 1, 1, 5
s50, 1, 1, 7
lord, 1, 1, 1
sorry, 2, 2, -1
pride, 1, 1, -8
imagesim, 1, 1, 14
worth, 1, 1, 1
fists, 1, 1, 1
subbed, 1, 1, 1
every, 6, 6, 5
mw2, 1, 1, 66
school, 9, 9, 4764
scholar, 1, 1, 14
skills, 1, 1, 1871
nigger, 3, 2, 14
oooh, 1, 1, 1
stereotypical, 1, 1, 38
messagecompose, 1, 1, 31
clothes, 2, 2, 17
99999, 1, 1, 1
force, 2, 2, 9
specially, 2, 2, -1
tired, 2, 2, 66
bacon, 1, 1, 0
second, 3, 3, 10
facedown, 1, 1, 9
follow, 1, 1, 31
n, 2, 1, 1
even, 15, 15, 628
army, 1, 1, 115
hide, 1, 1, 2
christ, 5, 5, 119
exactly, 2, 2, 2
als, 2, 1, 1
daesh, 1, 1, 0
melted, 2, 2, 99
frank, 1, 1, 1
churches, 1, 1, 18
tips, 1, 1, 115
ever, 7, 7, 111
told, 1, 1, 0
evolving, 1, 1, 15
kicked, 1, 1, -10
hero, 2, 2, -3
join, 1, 1, -2
men, 6, 6, 2260
vitiligo, 1, 1, -9
hundreds, 1, 1, 4
reported, 1, 1, 2
feeding, 1, 1, 2
china, 1, 1, 17
mer, 1, 1, 1
active, 1, 1, 12
100, 2, 2, 3
patches, 1, 1, 37
kids, 7, 6, 22
daughter, 2, 2, 0
postop, 1, 1, 663
leaves, 1, 1, 1
changed, 1, 1, 1
sjw, 2, 2, 13
walkin, 1, 1, 2
credit, 1, 1, 525
goddamnit, 1, 1, 2
wwwgooglecomsearch, 1, 1, 2
browsing, 1, 1, 1
golden, 1, 1, 13
highly, 1, 1, 19
bro, 1, 1, 1
glance, 1, 1, 38
smoothskins, 1, 1, 3
would, 38, 33, 505
prophets, 1, 1, 5
catchy, 1, 1, 1
hospital, 1, 1, 35
voters, 1, 1, 73
arms, 2, 2, 4
hasidic, 2, 2, 3
call, 6, 6, 763
calm, 2, 2, 0
typo, 2, 2, 14
recommend, 2, 2, 3
indiana, 1, 1, 1
type, 3, 3, 4
calf, 1, 1, 6
breathe, 1, 1, 1
posting, 1, 1, -1
holy, 3, 3, 14
oscar, 3, 1, 3
haha, 3, 3, 3
award, 2, 2, 686
rjokes, 2, 2, -7
rip, 1, 1, 2
allies, 1, 1, 62
hold, 4, 4, 503
tampa, 1, 1, 1
must, 6, 6, 36
shoot, 9, 9, 5051
springer, 1, 1, 3
fifths, 1, 1, 12
wore, 2, 2, 75
rights, 3, 3, -4
procent, 1, 1, 1
work, 9, 9, 10
gasoline, 1, 1, 32
locker, 1, 1, 9
era, 1, 1, 17
fking, 1, 1, 4
vodka, 1, 1, 1
give, 5, 5, 684
4m7s, 1, 1, 1
allahusnackbar, 1, 1, 11
want, 14, 14, 568
times, 3, 3, 18
cocksucker, 1, 1, 3
worse, 2, 2, 1
hog, 1, 1, 6
end, 2, 2, 11
turn, 2, 2, 396
mouse, 1, 1, 1
nuts, 1, 1, 7
feature, 1, 1, 1
eno, 1, 1, 17
amazing, 1, 1, 5
hop, 1, 1, 1
edgy, 1, 1, 6
gate, 1, 1, 1
winslow, 1, 1, 1
pizza, 1, 1, 1
description, 2, 2, 8
earlier, 1, 1, 16
wrong, 8, 8, 203
lay, 1, 1, 1
president, 1, 1, 98
law, 1, 1, 32
reamed, 1, 1, 1
myoutubecomwatch, 1, 1, 0
lost, 2, 2, 2
funniest, 1, 1, 3
ammo, 1, 1, 3
ambulance, 1, 1, 1
democratic, 1, 1, 1
wing, 1, 1, 12
freespirit, 1, 1, 17
interpretation, 2, 2, 13
office, 1, 1, -5
dreamed, 1, 1, 1
jpeg, 2, 2, 13
nsfw, 2, 2, -2
czy6uas, 1, 1, 1
scalia, 3, 3, 290
fit, 2, 2, 16
hypocrisy, 1, 1, 1
somewhere, 2, 2, 13
fix, 1, 1, 14
exploded, 1, 1, 2
better, 9, 9, 43
404, 1, 1, 10
weeks, 1, 1, 1
easier, 2, 2, 333
weakness, 1, 1, 2
prolife, 2, 2, 16
finish, 1, 1, 1
break, 2, 2, 162
band, 3, 3, -8
bang, 12, 3, 2
repulsive, 1, 1, 38
schools, 4, 4, 136
one, 38, 36, 324
bread, 1, 1, 7
kevlar, 3, 3, 3
rhetoric, 1, 1, 2
meat, 3, 3, 41
good, 16, 15, 129
went, 7, 7, 270
side, 2, 2, 13
bone, 2, 2, 13
mean, 8, 8, 32
gamingon, 1, 1, 29
mahogany, 1, 1, 73
pepes, 1, 1, 2
celebrating, 1, 1, 1
forgot, 3, 3, 20
navy, 1, 1, 1
aids, 1, 1, 0
flock, 1, 1, 1
ring, 1, 1, 2
rememver, 1, 1, 88
gon, 7, 7, 44
network, 1, 1, 14
god, 8, 8, -30
content, 2, 2, 6
got, 21, 21, 200
millions, 1, 1, 2
consummate, 1, 1, 12
lesbians, 1, 1, 3
turning, 2, 2, 10
clarence, 1, 1, 12
free, 3, 3, 244
standard, 1, 1, 1
small, 2, 2, 22
vets, 1, 1, 27
wanted, 4, 4, 153
lollipop, 1, 1, 1
amianiggercom, 1, 1, 15
dammit, 1, 1, 0
shaggy, 1, 1, 1
dayum, 1, 1, 1
iss, 1, 1, 3
raisin, 1, 1, 1
days, 2, 2, 1199
heck, 1, 1, 36
incorporated, 1, 1, 1
loud, 1, 1, 17
fuckin, 4, 4, 5
enjoy, 3, 3, -1
already, 7, 7, 77
oooooooooooohhhhh, 1, 1, 5
shopped, 2, 2, 2
another, 7, 7, 439
titled, 1, 1, 466
comic, 2, 2, -6
olds, 1, 1, 1
rated, 1, 1, 2
service, 1, 1, 1
strawmens, 1, 1, -11
top, 5, 5, -9
girls, 4, 4, 511
tom, 1, 1, 42
john, 2, 2, 9
ceiling, 1, 1, 2
hangout, 1, 1, 1
actully, 1, 1, 17
gym, 1, 1, 11
serve, 1, 1, 2
took, 5, 5, 70
western, 1, 1, 3
somewhat, 1, 1, 31
darkies, 1, 1, 5
begone, 1, 1, 1
trek, 1, 1, 73
target, 1, 1, 62
dawkins, 1, 1, -11
tree, 1, 1, -6
likely, 1, 1, 214
matter, 2, 2, 40
street, 1, 1, 15
iron, 1, 1, 12
feeling, 1, 1, 33
gook, 1, 1, 0
fashion, 1, 1, -3
rewrite, 1, 1, 1
ran, 2, 2, 1
navigate, 1, 1, 1
ruckus, 1, 1, 2
mind, 2, 2, 6
mine, 1, 1, 1
ginger, 9, 9, 652
talking, 6, 6, 39
seen, 9, 9, 149
seem, 4, 4, 100
obviously, 2, 2, 89
triangle, 1, 1, 1
strength, 1, 1, 1
sharecroppers, 1, 1, 1
person, 3, 3, 1
bleachers, 1, 1, 2
chest, 1, 1, 2
causing, 1, 1, -44
laughed, 2, 2, 24
magnum, 1, 1, 6
kimbo, 1, 1, 0
whities, 1, 1, 17
pander, 1, 1, 5
45s, 1, 1, 88
philadelphia, 1, 1, 7
though, 5, 5, 36
thrilled, 1, 1, 2
mouth, 6, 5, 222
plenty, 1, 1, 21
emobieber, 1, 1, 2
phase, 1, 1, 2
yyou, 1, 1, -6
grave, 1, 1, 287
sub, 14, 13, 215
zealand, 1, 1, 2
singer, 1, 1, 2
100mph, 1, 1, 3
lpt, 1, 1, 12
detectors, 1, 1, 7
zknswibjqjk, 1, 1, 64
tech, 1, 1, 2
throwaway, 1, 1, 2
mailing, 1, 1, -3
section, 1, 1, -47
fitted, 1, 1, -3
saying, 4, 4, 3
bomb, 9, 9, 79
slutty, 1, 1, 1
advisors, 1, 1, 73
sexist, 1, 1, 2
subreddit, 1, 1, 16
pops, 1, 1, 1
chandelier, 1, 1, 2
participate, 1, 1, 1
chewed, 1, 1, 1
judges, 1, 1, 4
resisting, 1, 1, 17
clicked, 3, 3, 8
hosted, 1, 1, 5
headline, 2, 2, 20
cousins, 1, 1, 17
explain, 1, 1, 3
minnesota, 1, 1, 1
cripple, 1, 1, 220
appreciated, 1, 1, 3
theme, 1, 1, 0
laptop, 1, 1, 1
wearing, 3, 2, -2
sunglasses, 1, 1, -2
asians, 1, 1, -22
ascendance, 1, 1, 21
lesbeehonest, 1, 1, 5
de, 1, 1, 2
watch, 3, 2, 19
appetizer, 1, 1, 3
racisim, 1, 1, 5
christopher, 6, 6, 210
new, 10, 10, 414
happiest, 1, 1, -3
runs, 1, 1, 14
bar, 1, 1, 9
countries, 2, 2, 2
nicely, 1, 1, 1
emo, 7, 6, 652
16, 2, 1, 7
patch, 1, 1, 1
bag, 1, 1, -8
bad, 6, 6, 14
piggy, 1, 1, 6
shots, 1, 1, 3
ban, 1, 1, 15
isreal, 1, 1, 2
steal, 2, 2, 90
flagged, 1, 1, 1
ghoul, 2, 2, 36
ears, 1, 1, 4
reference, 1, 1, 14
branding, 1, 1, 12
38s, 1, 1, 1
radius, 1, 1, 1
best, 7, 7, 507
said, 5, 5, 469
away, 1, 1, 1
wikipedia, 1, 1, -2
future, 1, 1, 1
finger, 1, 1, 0
shields, 1, 1, 12
discipline, 1, 1, 0
lazy, 1, 1, 7
never, 7, 7, 36
omg, 5, 5, 23
nature, 1, 1, 1
wo, 3, 3, 297
confusion, 1, 1, 1
metal, 2, 2, 8
boss, 2, 2, -2
gays, 1, 1, 3
pathprefix, 1, 1, 2
wear, 1, 1, 1
wtf, 3, 3, -15
news, 4, 4, 20
debt, 1, 1, -10
received, 1, 1, 0
protect, 1, 1, 62
accident, 2, 2, 13
violators, 1, 1, 1
muhammed, 1, 1, 2
country, 1, 1, 1
facelooks, 1, 1, -9
loweffort, 1, 1, 4
cod, 2, 2, 0
lookin, 1, 1, 9
faces, 1, 1, 3
theocracies, 1, 1, 1
asked, 1, 1, 80
30th, 1, 1, 7
czy80ft, 1, 1, 1
trust, 1, 1, 15
ohu_u4rq1tg, 1, 1, 0
hitler, 13, 13, 403
speak, 1, 1, 1
conference, 1, 1, 73
chromemobileamp, 1, 1, 2
strong, 2, 2, -13
puts, 1, 1, 1
bannable, 1, 1, 2
chrome, 1, 1, 1
three, 2, 2, 14
hominoid, 1, 1, -11
beer, 1, 1, 1
much, 8, 8, 1394
privilege, 1, 1, 19
lovely, 1, 1, 17
website, 3, 2, 216
obese, 1, 1, 3
life, 12, 11, 209
spit, 1, 1, 1
drugs, 2, 2, 17
pandering, 1, 1, 1
reno, 1, 1, 1
safespace, 1, 1, 142
child, 2, 2, 5
cunt, 2, 2, 9
save, 2, 2, -10
youtubegnyulqgqx54, 1, 1, 2
air, 1, 1, 2
near, 1, 1, -4
imgurcomazzirb, 1, 1, 3
suppose, 1, 1, 16
applies, 1, 1, 2
youtube6aeh4vb37l0, 1, 1, 5
procedure, 1, 1, 1
bwcause, 1, 1, 1
amirite, 1, 1, 4
beetles, 1, 1, 1
throat, 2, 2, 13
cant, 3, 3, 4
im, 7, 6, 126
ia, 1, 1, 1
5050, 1, 1, 3
id, 1, 1, 2
itunes, 1, 1, 7
confirmed, 1, 1, 2
ohhh, 1, 1, 3
stickied, 1, 1, 1
things, 2, 2, 75
make, 18, 17, 477
jerry, 1, 1, 3
pudin, 1, 1, 6
deltaechoalphadelta, 1, 1, 1
showing, 1, 1, 2
nij, 1, 1, 1
welsh, 1, 1, 2
overe, 1, 1, 1
hang, 1, 1, 3
nig, 1, 1, 42
evil, 1, 1, -1
hand, 2, 2, 16
tyson, 1, 1, -11
opportunity, 1, 1, 0
kid, 12, 12, 85
kept, 1, 1, 12
aziz, 1, 1, 2
tho, 2, 2, 29
contact, 1, 1, 31
greatest, 1, 1, 25
mother, 3, 3, 42
faggotlord, 1, 1, -18
wops, 1, 1, 3
left, 7, 6, 21
opinions, 1, 1, 12
yea, 1, 1, 18
photo, 2, 2, 14
warmest, 1, 1, 214
aside, 3, 3, 1
thanks, 13, 13, 169
victim, 1, 1, 1
yep, 1, 1, 2
yes, 1, 1, 3
waspy, 1, 1, 73
yet, 5, 5, -44
repost, 9, 8, 76
hah, 1, 1, 2
designers, 1, 1, 1
niggers, 1, 1, 3
n132jqqwhho, 1, 1, 4
collard, 1, 1, 7
transformed, 1, 1, 2
easy, 1, 1, 1
prison, 1, 1, 3
har, 1, 1, 1
gave, 2, 2, 4
smdh, 1, 1, 1
rnb, 1, 1, 1
dolezal, 1, 1, 173
amarillo, 1, 1, 1
birth, 1, 1, -19
destroy, 2, 1, 0
hamas, 1, 1, 115
saltyyy, 1, 1, 17
brought, 2, 1, 4
virgins, 2, 2, 18
57, 1, 1, 8
50, 2, 2, 3
quadriplegic, 1, 1, 2
remind, 1, 1, 82
nxv5q_gl1r0, 1, 1, 49
night, 2, 2, 76
security, 1, 1, 7
right, 12, 12, 52
old, 10, 9, -11
shiiiiite, 1, 1, 1
people, 29, 23, 706
deaf, 1, 1, 1
enrolling, 1, 1, 6
dead, 3, 3, 13
born, 1, 1, 220
donald, 1, 1, 3
53, 1, 1, -10
n00bz, 1, 1, 1
dear, 3, 3, 208
perfected, 1, 1, 7
enemies, 1, 1, 1
separately, 2, 2, 3
humor, 1, 1, 2
bottom, 1, 1, 2
opposite, 2, 2, 50
ice, 2, 2, 38
everything, 6, 6, 40
asking, 2, 2, 2
beating, 2, 2, 64
core, 1, 1, 1
brigaded, 1, 1, 87
bold, 1, 1, 2
lefts, 1, 1, 7
deleted, 10, 10, 1
corn, 1, 1, 7
burn, 1, 1, 11
circlejerk, 1, 1, 10
firemen, 1, 1, 1
burr, 1, 1, 66
losing, 1, 1, 1
post, 25, 25, 414
super, 2, 2, 89
tyres, 1, 1, 1
diner, 1, 1, 1
attacks, 1, 1, -11
dollars, 1, 1, -10
valentines, 1, 1, 9
dinner, 1, 1, 3
misleading, 1, 1, 88
bath, 1, 1, 0
swiiiing, 1, 1, 2
raised, 1, 1, 16
donates, 1, 1, 1871
whats, 2, 2, 34
subs, 1, 1, 287
pays, 1, 1, 2
float, 1, 1, 5
son, 5, 5, 5
commuters, 1, 1, 5
raises, 1, 1, 13
balanced, 1, 1, 1
wan, 1, 1, 1
crowd, 1, 1, -3
flying, 1, 1, 1
tat, 1, 1, 22
fight, 2, 2, 1
virgin, 1, 1, 3
way, 15, 15, 139
spring, 1, 1, 1
happy, 4, 4, 45
head, 9, 9, 274
form, 1, 1, 1
somehow, 1, 1, 35
offed, 1, 1, 2
heat, 1, 1, 1
uncle, 1, 1, 2
melania, 1, 1, 1
allahu, 2, 2, 5
removed, 10, 10, -11
true, 4, 4, -2
especially, 1, 1, 1
isis, 8, 8, 29
lovewins, 1, 1, 1
inside, 1, 1, 2
checkahoe, 1, 1, 1
tell, 3, 3, 89
unusually, 1, 1, 45
daddy, 1, 1, 3
teen, 1, 1, 12
proud, 2, 2, 15
liberal, 1, 1, 17
israel, 1, 1, 1
evidence, 1, 1, 2
proves, 1, 1, -11
exist, 1, 1, 15
annoying, 1, 1, 1
check, 7, 7, 230
shit, 20, 19, 742
palestinian, 2, 2, 6
microcephalic, 1, 1, 1
dying, 2, 2, -1
na, 10, 9, 46
tossing, 1, 1, 2
yknow, 1, 1, 1
til, 2, 2, 4
interested, 1, 1, 1
zany, 1, 1, 17
holding, 2, 2, 85
krabar, 1, 1, 2
test, 2, 2, 5
hangin, 1, 1, 1
smell, 2, 2, 7
realize, 1, 1, 65
picture, 11, 9, 87
intend, 1, 1, 0
pronounced, 1, 1, 6
dies, 1, 1, 35
felt, 2, 2, 38
convincing, 1, 1, 48
ghoulvoice, 1, 1, 3
fell, 1, 1, 3
died, 1, 1, 0
jones, 1, 1, 1
ratheism, 1, 1, -11
younger, 1, 1, 1
radishes, 1, 1, 1
longer, 4, 4, 42
apology, 1, 1, 2
potato, 2, 2, 2
assume, 1, 1, 3
daily, 1, 1, 5
jacket, 1, 1, 4
classmate, 1, 1, 6
time, 8, 8, -9
serious, 1, 1, 8
songs, 1, 1, 14
neighbors, 1, 1, 1
ron, 2, 2, 3
comments, 3, 3, 399
milo, 1, 1, 9
chair, 2, 2, 16
iimgurcom4pbgvtujpg, 1, 1, 5
supposedly, 1, 1, -44
suicide, 2, 2, 62
jeeezus, 1, 1, 15
technique, 1, 1, 7
father, 1, 1, 38
disgusting, 1, 1, 9
0, 2, 2, 8
finally, 2, 2, 2
fog, 1, 1, 1
halmark, 1, 1, 386
w3h7lz5pxgc, 1, 1, 7
degrasse, 1, 1, -11
choice, 3, 3, 39
cool, 5, 5, 574
youtube7gdmmn6ydu, 1, 1, 88
salvador, 1, 1, 1
immediately, 2, 2, 28
level, 1, 1, 1
turns, 1, 1, 20
philippines, 1, 1, 1
peeps, 1, 1, -1
accidentally, 1, 1, -3
standards, 1, 1, 1
settle, 1, 1, 9
aviators, 1, 1, 15
depository, 1, 1, 2
guy, 17, 16, 819
yall, 1, 1, 28
says, 3, 3, 2
porn, 1, 1, 16
bravo, 2, 2, 2
discover, 1, 1, 7
pissing, 1, 1, -5
aaaaaaand, 1, 1, 1
pedo, 1, 1, -4
underupvoted, 1, 1, 1
targets, 1, 1, 113
curse, 1, 1, 2
constitution, 1, 1, 12
barbie, 1, 1, 1
nsfwvideo, 1, 1, 1
jeopardy, 1, 1, 3
melt, 2, 2, -48
paragraph, 1, 1, 1
goes, 3, 3, -5
shared, 1, 1, 32
falling, 1, 1, 1
appeal, 1, 1, 1
1010, 2, 2, 41
hermione, 1, 1, 2
supporting, 1, 1, 6
snackbar, 1, 1, 3
muslim, 2, 2, 3
iimgurcomb6ykxm5gifv, 1, 1, 17
nemesis, 1, 1, 12
address, 2, 2, 9
alone, 1, 1, -94
grabbed, 1, 1, 18
change, 3, 3, 333
wait, 5, 5, 9
molestation, 1, 1, 4
buck, 1, 1, 1
incoming, 1, 1, -1
flames, 1, 1, 36
brilliant, 1, 1, 0
title, 3, 3, 95
bot, 3, 2, 32
step, 1, 1, 1
rails, 1, 1, 1
usually, 3, 3, -4
priceless, 1, 1, 1
weird, 1, 1, -6
pillow, 1, 1, 9
nxb6sljsbl4amp, 1, 1, 1
regardless, 1, 1, 0
sharpton, 1, 1, 49
bloody, 1, 1, 7
paralyzed, 2, 2, 4
fake, 3, 3, -3
fool, 2, 1, -6
fbi, 1, 1, 1
rarely, 1, 1, 17
market, 1, 1, -1
everybody, 1, 1, 1
working, 3, 3, 6
sake, 1, 1, 1
dude, 6, 6, 15
live, 2, 2, 36
wondering, 1, 1, 2
today, 6, 6, 68
photoshopped, 1, 1, -9
cremate, 1, 1, 11
club, 1, 1, -11
fuhrer, 1, 1, 2
ooh, 1, 1, 17
chocolate, 1, 1, 14
drown, 1, 1, 10
everywhere, 1, 1, 1105
savior, 1, 1, 1
fly, 1, 1, 1
douche, 2, 2, -4
edible, 1, 1, 3
car, 1, 1, 1
abortion, 4, 4, -6
soul, 1, 1, 88
cat, 2, 2, 1
soup, 2, 2, 4
douchy, 1, 1, 38
making, 5, 5, 18
carolina, 1, 1, 14
crazy, 2, 2, -33
corrupted, 1, 1, 3
awesome, 2, 2, 269
fuck, 35, 35, 1155
heard, 4, 4, 10
dropped, 1, 1, 1
allowed, 1, 1, 12
stole, 2, 2, 10
swedish, 1, 1, 1
requirements, 2, 1, 330
watching, 4, 4, 27
magazine, 1, 1, 1
1, 5, 3, 23
iimgurcom5yvxxjpg, 1, 1, 2
aging, 1, 1, 7
may, 1, 1, 12
mattawa, 1, 1, 1
spot, 3, 3, 7
needs, 3, 3, 7
islamic, 1, 1, 1
mac, 2, 2, 77
4th, 1, 1, -1
anhero, 1, 1, 1
date, 1, 1, 2
suck, 3, 2, 3
guys, 10, 10, 680
grow, 2, 2, 32
man, 12, 12, 271
wwwyoutubecomwatch, 9, 9, 146
neck, 2, 2, 3
correlate, 1, 1, -3
whenever, 1, 1, -2
drumsticks, 2, 1, 3
wheelchair, 1, 1, 2
q, 1, 1, 2
dankness, 4, 4, 34
jail, 1, 1, 7
tall, 1, 1, 0
padilla, 1, 1, 1
talk, 4, 3, 17
cute, 1, 1, 1
words, 1, 1, 4
haircut, 1, 1, 0
years, 6, 6, 19
course, 1, 1, 15
episodes, 1, 1, 7
counterclockwise, 1, 1, 2
kanye, 2, 2, 4
cold, 2, 2, 12
still, 18, 17, 456
skeleton, 1, 1, 4
dreading, 1, 1, 1
police, 2, 2, 13
thank, 4, 4, 488
selves, 1, 1, 1
interesting, 2, 2, 77
hot, 3, 3, -4
aviv, 1, 1, 1
window, 2, 2, 20
nsa, 1, 1, 1
mail, 3, 3, 1
texas, 1, 1, -6
happened, 2, 2, -35
non, 1, 1, 1
halt, 1, 1, 7
views, 1, 1, 7
nation, 2, 1, 1
touching, 1, 1, 2
bullshit, 4, 4, 242
name, 4, 4, 5
momma, 1, 1, 8
realistic, 1, 1, 1
stockholm, 1, 1, 1
rock, 2, 2, 15
em, 2, 2, 3
fired, 1, 1, 3
ed, 1, 1, -11
yeah, 6, 6, 24
year, 5, 5, 24
okay, 4, 4, 17
happen, 1, 1, 14
morning, 1, 1, 2
plans, 1, 1, 1
album, 2, 2, 15
living, 3, 3, 216
jackson, 2, 2, 7
3rd, 1, 1, 1
furthermore, 1, 1, 1
pedophile, 1, 1, 1
looking, 5, 5, 44
seriously, 3, 3, 254
kent, 1, 1, 2
internet, 1, 1, 5
fargo, 1, 1, 1
correct, 1, 1, 14
shows, 1, 1, 15
maneuver, 1, 1, 88
monster, 1, 1, 1
sideways, 1, 1, 1
million, 1, 1, -10
quite, 3, 3, 4
miscreants, 1, 1, 80
vinyl, 1, 1, 7
besides, 1, 1, 2
rlz, 1, 1, 2
hory, 1, 1, 1
care, 5, 4, -24
language, 1, 1, 543
flare, 1, 1, 1
sneaky, 1, 1, 3
fb, 1, 1, 2
british, 1, 1, 12
honest, 1, 1, 1
thing, 14, 13, 39
place, 5, 4, 41
think, 18, 18, 104
waited, 1, 1, 6
first, 8, 8, 87
americans, 1, 1, -6
fast, 1, 1, 1
vote, 1, 1, 31
impossible, 1, 1, 3
sounds, 1, 1, 2
drove, 1, 1, 13
open, 2, 2, 10
tomorrow, 3, 3, 175
size, 1, 1, 1
sheep, 2, 2, 11
little, 6, 5, 14
dickvagfistetc, 1, 1, 16
checked, 1, 1, 60
convent, 1, 1, -2
stuck, 1, 1, 2
anyone, 10, 10, 346
2, 5, 4, 3
convention, 1, 1, 16
white, 7, 7, 192
friend, 2, 2, -9
gives, 3, 3, 6
meme, 4, 4, -60
season, 1, 1, 2
hillary, 4, 4, 202
butt, 3, 2, 100
fooled, 1, 1, -6
flowers, 1, 1, 3
11, 1, 1, 11
10, 6, 4, 0
13, 1, 1, 3
12, 4, 3, -46
15, 2, 2, 23
lmao, 2, 2, 3
foxworthy, 1, 1, 1
depressed, 1, 1, -3
rehab, 1, 1, -2
r, 3, 3, 143
greenses, 1, 1, 7
fruity, 1, 1, 6
ann, 1, 1, 14
prostitution, 1, 1, -2
sad, 2, 2, -2
picketing, 1, 1, 10
say, 11, 11, 552
iimgurcomjz1qmxlljpg, 1, 1, 7
buried, 1, 1, 9
rolled, 1, 1, 1
superman, 3, 3, 145
ideas, 1, 1, 7
zoo, 1, 1, 0
note, 1, 1, 8
take, 10, 10, 1460
rfunny, 2, 2, 343
sorority, 1, 1, 0
bitching, 1, 1, 287
urge, 1, 1, 17
ironically, 1, 1, 1
sure, 12, 12, 206
multiple, 1, 1, 4
normal, 1, 1, 35
track, 2, 2, 2
knew, 2, 2, 51
spewing, 1, 1, 214
israeli, 1, 1, 115
donation, 1, 1, 2
stats, 1, 1, 1
america, 1, 1, 2
iiiiiii, 1, 1, 2
forever, 1, 1, 3
iaintiamp, 1, 1, 2
average, 1, 1, 1
later, 4, 4, 39
drive, 1, 1, 12
axe, 1, 1, 1
hear, 3, 3, 8
wine, 1, 1, 5
lifeit, 1, 1, -1
shot, 2, 2, 7
show, 3, 2, 1
cheap, 2, 2, 2
upright, 1, 1, 12
bright, 1, 1, 1
ama, 1, 1, 5
joinisisorgindexphp, 1, 1, 1
bern, 1, 1, 1
ratio, 1, 1, -7
adolf, 1, 1, 214
favor, 1, 1, -2
dick, 6, 6, 26
mexicans, 1, 1, 8
going, 25, 25, 200
black, 16, 15, 259
consent, 1, 1, 1
outrage, 1, 1, 2
posted, 2, 2, -8
plump, 1, 1, 3
godlike, 1, 1, 1
iimgurcomjuw7qkgjpg, 1, 1, 10
get, 30, 29, 444
tilting, 1, 1, 12
baghdad, 1, 1, 1
nearly, 2, 2, 3
suggest, 1, 1, 1
firstborn, 1, 1, -18
artist, 2, 2, 2
noscope, 1, 1, 1
imbecile, 1, 1, 4
checks, 1, 1, 16
jokes, 7, 7, 42
stupid, 6, 6, 41
concert, 1, 1, 1
box, 1, 1, 2
kermit, 1, 1, 6
fellas, 1, 1, 4
kek, 3, 3, 6
fails, 1, 1, 1
ways, 1, 1, 64
jumped, 1, 1, 2
sites, 1, 1, 1
label, 2, 2, -6
teeny, 1, 1, -18
3, 5, 4, 14
reading, 2, 2, 393
across, 1, 1, 4
whipped, 2, 2, 10
tux, 1, 1, 5
jobs, 2, 2, 10
parent, 1, 1, 8
screen, 1, 1, 37
killing, 2, 2, 70
guitar, 4, 4, 13
comeback, 1, 1, 1
cities, 1, 1, 1
come, 8, 8, 17
pixels, 1, 1, 1
sweatshirt, 1, 1, 2
reddit, 7, 6, 53
many, 1, 1, 1
according, 1, 1, 4
flipped, 1, 1, 2
expression, 1, 1, 12
comes, 2, 2, 16
cancer, 1, 1, 20
pot, 1, 1, 2
period, 1, 1, -1
insist, 1, 1, 0
homosexuality, 1, 1, 3
anti, 1, 1, -4
bizarre, 1, 1, 1
onedirection, 1, 1, 2
skeletons, 1, 1, 5
boat, 1, 1, 2
sensible, 1, 1, 12
cares, 1, 1, 1
west, 2, 2, -9
porsche, 2, 2, 14
breath, 1, 1, 2
peaceful, 1, 1, 1
helicopter, 1, 1, 1
hardly, 1, 1, -22
disappointed, 1, 1, 15
direction, 4, 4, 1
hardcore, 3, 3, 117
former, 1, 1, 1
case, 2, 2, 83
ftfy, 2, 2, 32
voldemort, 1, 1, 1
trick, 4, 3, 10
youtubezas0qxrs5dq, 1, 1, 1
1100, 1, 1, 5
abducted, 1, 1, 168
cock, 2, 2, -1
ive, 1, 1, 14
vest, 2, 2, 3
eventually, 1, 1, 12
mixtape, 1, 1, 2
bwahaha, 1, 1, -6
middle, 1, 1, 1
pressing, 1, 1, 1
aaaand, 2, 2, 4
donating, 1, 1, 1871
fame, 1, 1, 15
iimgurcomnd49cprpng, 1, 1, 60
bags, 1, 1, 4
different, 5, 5, 18
verified, 1, 1, 60
doctor, 1, 1, 28
pay, 3, 3, 216
bowl, 1, 1, 2
selfaware, 1, 1, 28
followers, 1, 1, 1
coworkers, 1, 1, 17
propose, 1, 1, 1
week, 1, 1, 1
safe, 1, 1, 1
mockery, 1, 1, 1
utf8, 1, 1, 2
driver, 1, 1, 2
youtube3iogswh38sa, 1, 1, 2
rocknroll, 1, 1, 2
edgey, 1, 1, 1
totally, 1, 1, 2
misdirection, 1, 1, 87
random, 2, 2, 7
without, 5, 5, 32
parody, 1, 1, 2
summer, 1, 1, 20
morons, 1, 1, 5
money, 5, 5, 18
armour, 1, 1, 2
exaggerating, 1, 1, 64
rest, 5, 5, 5
civilized, 1, 1, 1
kill, 4, 4, -1
file, 1, 1, 3
touch, 3, 3, 36
blow, 3, 3, 25
death, 2, 2, 2
feminist, 3, 3, 803
seems, 3, 3, 86
except, 5, 5, 1909
leto, 1, 1, 1
levelcap, 1, 1, 1
4, 1, 1, 1
cb, 1, 1, 2
dicks, 1, 1, 1871
feminism, 3, 3, 9
real, 9, 9, 377
psi, 1, 1, 1
around, 4, 4, 17
kills, 1, 1, 1
rules, 1, 1, 31
virginia, 1, 1, 2
dark, 1, 1, 1
pop, 1, 1, 2
zayn, 4, 4, 51
symbolism, 1, 1, 2
using, 3, 3, -13
lady, 1, 1, 7
calculate, 1, 1, 4
dare, 1, 1, 1
mod, 1, 1, 5
whatevergt, 1, 1, 1
fortune, 1, 1, 15
oddly, 1, 1, 14
sanity, 1, 1, 1
either, 2, 2, 529
haram, 2, 2, 111
served, 1, 1, 7
ie, 2, 2, 3
intestinal, 1, 1, 5
jews, 4, 4, 2
joking, 1, 1, 0
doll, 3, 3, 4
paris, 1, 1, 5
respect, 1, 1, 31
playin, 1, 1, 100
72, 2, 2, 12
provided, 1, 1, 5
slice, 1, 1, 0
genetics, 1, 1, 15
confirm, 1, 1, 386
nazi, 2, 1, 3
fluids, 1, 1, 1
jihadfor1d, 1, 1, 144
conservative, 1, 1, 1
nutty, 1, 1, 38
hipster, 2, 2, 35
911, 6, 6, 480
freee, 1, 1, 1
welcome, 1, 1, 29
business, 1, 1, 1
seconds, 3, 2, 66
slaughter, 1, 1, 6
weirdest, 1, 1, 2
credits, 1, 1, 20
throw, 3, 3, 32
ol, 1, 1, 2
ok, 5, 5, 15
choe, 1, 1, 1
oh, 11, 11, 38
violence, 3, 3, 4
favorite, 1, 1, 9
ideology, 1, 1, 9
stand, 1, 1, 4
neighbor, 1, 1, -3
lasting, 1, 1, 12
oq, 1, 1, 2
op, 21, 21, 387
tribe, 1, 1, 1
smoothskin, 5, 5, 70
whites, 3, 3, -6
image, 2, 2, -1
legged, 1, 1, 2
garner, 1, 1, 1
mudblood, 1, 1, 2
troll, 1, 1, -3
technically, 2, 2, 13
area, 1, 1, 5
hey, 7, 7, 90
lol, 10, 9, -6
start, 1, 1, 15
cats, 1, 1, 42
racist, 3, 3, 49
low, 2, 2, 249
lot, 5, 5, 25
house, 4, 4, 74
allergic, 1, 1, 3
survives, 1, 1, 35
enough, 1, 1, 1
strikes, 1, 1, 2
brain, 1, 1, 1
survived, 1, 1, 2
trying, 4, 4, 409
happening, 1, 1, 3
bucket, 1, 1, 1
shennanigans, 1, 1, 17
torso, 1, 1, 0
agree, 1, 1, 11
aa, 1, 1, 3
gone, 4, 4, 31
butthole, 1, 1, 466
videos, 2, 1, 1
af, 2, 2, 43
taste, 1, 1, 1
ah, 1, 1, 5
stealing, 1, 1, 9
moved, 1, 1, 1
al, 2, 2, 47
aw, 1, 1, 1
girlfriend, 1, 1, 3
moves, 1, 1, 0
incorrect, 1, 1, 4
yom, 1, 1, -4
idiot, 1, 1, -3
diarrhea, 1, 1, 15
green, 1, 1, 1
rtrippinthroughtime, 1, 1, 3
2007, 1, 1, 39
poor, 2, 2, 1872
authoritarian, 1, 1, 1
symbol, 2, 1, 1
whiskers, 1, 1, 0
a1, 1, 1, 4
important, 1, 1, -11
bullets, 1, 1, 1
tendencies, 1, 1, 82
alcohol, 1, 1, 1
building, 2, 2, 1
snagged, 1, 1, 26
odds, 1, 1, 6
dyed, 1, 1, 0
hello, 1, 1, 0
u, 8, 5, 6
original, 6, 6, 60
chaaaaaaa, 1, 1, 1
sympathizer, 1, 1, -4
forget, 1, 1, 0
caused, 1, 1, 77
ale, 1, 1, 2
betore, 1, 1, 2
code, 1, 1, 2
iaintinnowaytiredamp, 1, 1, 2
rtotesmessenger, 2, 1, 31
messy, 1, 1, 1
skeletor, 1, 1, 4
everyones, 1, 1, 7
religious, 3, 3, 7
reasoning, 1, 1, -2
carpet, 1, 1, 1
apartment, 1, 1, 0
hunting, 2, 2, 21
imma, 2, 2, 4
iimgurcomgazxnjpg, 1, 1, 8
leaderboard, 1, 1, 1
cheney, 2, 2, 23
laughing, 4, 4, 12
tail, 1, 1, 0
wants, 2, 2, 43
dressing, 1, 1, 15
ta, 3, 3, 6
sound, 1, 1, 4
woman, 5, 4, 549
returned, 1, 1, 27
sitting, 1, 1, 2
far, 1, 1, 0
fat, 2, 2, 215
diary, 1, 1, 2
decide, 1, 1, 27
fam, 1, 1, -10
difference, 1, 1, 3
fag, 1, 1, 1
peot, 1, 1, 5
heaven, 5, 5, 12
columbine, 3, 3, 574
shenanigans, 2, 2, 456
skeletal, 1, 1, 21
list, 14, 14, 156
joined, 2, 2, 3
large, 3, 3, 1909
sand, 1, 1, 5
bangor, 1, 1, 1
highway, 1, 1, 5
animorphs, 1, 1, 6
harry, 2, 2, 31
biirdd, 1, 1, 1
anal, 3, 3, 506
blackout, 1, 1, 1
neighborhood, 1, 1, 4
jqueryish, 1, 1, 1
196, 1, 1, 1
past, 1, 1, 7
zero, 1, 1, 38
titles, 2, 1, 1
sbtltv_r45hcu5, 1, 1, 1
krang, 1, 1, 4
darkness, 1, 1, -2
richard, 1, 1, 6
witnessed, 1, 1, 2
nana, 1, 1, 1
sum, 1, 1, 7
fucks, 4, 4, 14
version, 4, 4, 87
sup, 1, 1, 2
public, 1, 1, 7
edited, 1, 1, -2
full, 5, 5, 53
christian, 3, 3, 707
sarasota, 1, 1, 1
unprofessional, 1, 1, -3
loose, 1, 1, 2
iimgurcomtw4uo8ajpg, 1, 1, 90
21st, 1, 1, 3
vomiting, 2, 2, 4
hours, 2, 2, -6
threads, 1, 1, 31
method, 1, 1, -19
iraq, 2, 2, 31
shoulda, 1, 1, -1
search, 1, 1, 1
bible, 3, 2, -9
psalms, 1, 1, 7
referralpoints, 1, 1, 1
reason, 2, 2, -8
brutal, 1, 1, 1
soldier, 1, 1, -7
heroin, 1, 1, 1
devoted, 1, 1, 3
africa, 1, 1, 1
screens, 1, 1, 3
ask, 2, 2, 179
aimed, 1, 1, 1
gosh, 1, 1, 17
obstructing, 1, 1, 10
eye, 1, 1, 7
takes, 4, 4, 1863
tutti, 1, 1, 6
two, 4, 4, 56
6, 2, 2, -5
taken, 1, 1, 14
injury, 2, 1, 13
horses, 1, 1, -1
flaw, 1, 1, -2
door, 4, 4, 24
ate, 1, 1, 17
stick, 1, 1, 18
doom, 1, 1, 0
glad, 4, 4, 6
none, 3, 3, 33
hour, 1, 1, 5
nonwestern, 1, 1, 1
nono, 1, 1, -3
der, 1, 1, 2
sucks, 2, 2, 3
avn, 1, 1, 466
offended, 4, 3, -2
mall, 1, 1, 4
bias, 1, 1, 23
sent, 2, 2, 526
v, 14, 12, 152
dee, 3, 2, 3
beautiful, 1, 1, 366
rustled, 1, 1, 17
wallet, 1, 1, 18
ironic, 1, 1, 1
salty, 1, 1, 142
sense, 3, 3, 6
respective, 1, 1, 0
court, 1, 1, 12
pistorius, 1, 1, 3
rather, 1, 1, 1
boooo, 1, 1, -1
paloma, 1, 1, 1
goat, 2, 2, 10
bloop, 1, 1, 31
gtfo, 2, 2, 20
fu, 1, 1, 3
rude, 1, 1, 2
tries, 1, 1, 35
blood, 3, 2, 1866
coming, 1, 1, 1
footer, 1, 1, 31
onto, 1, 1, 3
children, 5, 5, 52
hijinks, 1, 1, 17
anytime, 1, 1, 9
inzayn, 1, 1, 1
panama, 1, 1, 1
putting, 2, 2, 497
help, 1, 1, 1
pepe, 1, 1, 5
soon, 4, 4, -5
weasley, 1, 1, 1
held, 1, 1, 5
isnt, 2, 2, -26
committed, 1, 1, -3
hell, 15, 15, 1301
itt, 2, 2, 3
surveillance, 1, 1, 1
islam, 2, 2, 59
messed, 1, 1, 0
style, 3, 3, 1195
20, 3, 3, 7
21, 2, 2, 19
22, 1, 1, 9
23, 2, 2, 18
0mxe1t8xrca, 1, 1, 5
ottawa, 1, 1, 1
actually, 17, 16, 796
workbecause, 1, 1, 6
might, 4, 4, 26
photoshopping, 1, 1, -47
colleague, 1, 1, 1
someone, 12, 11, 320
sucking, 1, 1, 1
food, 1, 1, 9
sucker, 1, 1, -8
ye, 1, 1, 1
noticing, 1, 1, 9
uhh, 1, 1, 0
foot, 1, 1, 5
yr, 1, 1, 1
mystery, 1, 1, 1
toronto, 1, 1, 1
pregnant, 1, 1, 11
always, 9, 9, 121
presented, 1, 1, 466
die, 5, 5, 29
found, 2, 2, 98
zookeepers, 1, 1, 0
everyone, 8, 8, 386
neil, 1, 1, -11
weight, 1, 1, 9
generation, 1, 1, 2
posts, 3, 3, 6
hard, 4, 4, 5
idea, 4, 4, 258
gun, 8, 8, 8
kidnapping, 1, 1, -9
expect, 1, 1, 4
really, 16, 16, 50
neanderthal, 2, 2, 22
missed, 4, 4, 301
blacks, 1, 1, 3
since, 6, 6, 31
research, 2, 2, 2
shitlorde, 1, 1, 2
acting, 2, 2, 2032
brothel, 1, 1, -2
health, 1, 1, 10
7, 2, 2, 6
print, 1, 1, 37
induced, 1, 1, 1
salute, 2, 2, 69
subway, 1, 1, 9
ass, 9, 8, 1882
pun, 1, 1, 3
pathetic, 1, 1, -11
homophobes, 1, 1, 11
ecards, 1, 1, 5
quick, 2, 2, 35
qualify, 1, 1, 1
nonmelting, 1, 1, 19
cookie, 1, 1, 1
members, 2, 2, 2
imagine, 2, 2, 16
put, 6, 6, 41
bash, 1, 1, 0
definition, 1, 1, 5
golly, 1, 1, 17
thread, 5, 5, 135
prophet, 2, 2, 78
computers, 1, 1, 1
curtsey, 1, 1, 1
caption, 1, 1, 4
american, 5, 5, 0
fruit, 1, 1, 246
w, 1, 1, 1
syria, 2, 2, -3
disclaimer, 1, 1, 2
fallen, 1, 1, 1
dont, 5, 5, 64
feel, 9, 9, 137
number, 2, 2, 17
valentine, 3, 3, 9
rmildlyinfuriating, 1, 1, 1
done, 5, 5, 366
hangs, 1, 1, 1
takegive, 1, 1, 16
miss, 2, 2, 15
heads, 1, 1, 73
jew, 5, 5, 488
jet, 4, 4, 75
iimgurcomnzpkuvupng, 1, 1, 5
divorce, 1, 1, 1
least, 10, 10, 109
station, 1, 1, 12
statement, 2, 2, -2
sigh, 1, 1, 11
bukkake, 1, 1, 1
option, 3, 3, 14
behind, 2, 2, -1
youtubex35p2wtx0zg, 1, 1, 1
needle, 1, 1, 42
newell, 1, 1, 82
word, 2, 2, 7
rifle, 1, 1, 2
translation, 1, 1, 23
believe, 3, 3, 12
shrunken, 1, 1, -18
obama, 1, 1, 60
kind, 7, 7, 55
legs, 2, 1, 3
double, 1, 1, 0
lxojkksqkm, 1, 1, 1
youth, 2, 1, 1
shalom, 1, 1, 1
dank, 2, 2, 4
supposed, 6, 6, -5
dang, 2, 2, 18
riddance, 1, 1, -6
outta, 1, 1, 15
confirms, 1, 1, 23
sell, 1, 1, -8
nights, 1, 1, 1
dildo, 1, 1, 1
officers, 1, 1, 1
also, 11, 11, 2776
lip, 1, 1, 2
useless, 1, 1, 220
iimgurcomcjwb0fgjpg, 1, 1, 1
judas, 1, 1, 2
shops, 1, 1, 1
play, 1, 1, 15
added, 2, 2, 2
morgue, 1, 1, 0
reach, 1, 1, 1
virus, 2, 2, -16
sponsored, 1, 1, 2
plan, 1, 1, 0
nothing, 6, 6, 365
muscle, 1, 1, 38
kd, 1, 1, -7
windows, 1, 1, 20
sometimes, 1, 1, -7
wichita, 1, 1, 1
edkwcvd56kw, 1, 1, 1
clean, 3, 3, 3
gabe, 1, 1, 82
joining, 1, 1, 8
thomas, 1, 1, 12
particularly, 1, 1, 2
gold, 3, 3, 16
gates, 1, 1, 3
aaaaaand, 1, 1, 2
scattered, 1, 1, 4
gitmo, 1, 1, 1
stumped, 1, 1, 3
jared, 2, 2, 3
fine, 1, 1, -2
find, 5, 5, 19
giant, 1, 1, 1
rohypnol, 1, 1, 6
betray, 1, 1, 2
pretty, 10, 9, 92
8, 1, 1, 15
darwin, 1, 1, 220
hip, 2, 2, 74
tittie, 1, 1, 1
hit, 3, 3, 18
hiv, 1, 1, 42
beams, 5, 5, 162
banned, 2, 2, -5
outlast, 1, 1, 2
feels, 1, 1, -22
grew, 1, 1, 1
breast, 1, 1, 2
beards, 1, 1, 15
enemy, 3, 2, 5
cry, 1, 1, 1
violent, 1, 1, 3
remove, 2, 2, 21
common, 4, 4, 29
switzerland, 1, 1, -2
iimgurcombohi1jcjpg, 1, 1, 24
br00tal, 1, 1, 36
set, 3, 3, 46
sex, 6, 6, 7
culture, 1, 1, 7
see, 18, 18, 537
dumb, 5, 5, 63
sea, 1, 1, 5
sen, 1, 1, 16
definitely, 3, 3, 94
exxagurated, 1, 1, -18
probable, 1, 1, 18
unsettling, 1, 1, 9
pictures, 1, 1, 3
wow, 5, 5, 468
please, 10, 9, 42
probably, 5, 5, 158
iimgurcommbkwn3qpng, 1, 1, 29
piss, 1, 1, 3
europe, 1, 1, 1
czy8kmj, 1, 1, 1
pisses, 1, 1, 12
sold, 2, 2, 3
outfit, 1, 1, 0
spray, 1, 1, 9
sheeps, 1, 1, 2
pagan, 1, 1, 6
pissed, 1, 1, 330
last, 10, 10, 142
thou, 1, 1, 17
offending, 1, 1, 111
blargh, 1, 1, 1
became, 3, 3, 223
context, 3, 1, 1
retarded, 2, 2, -25
whole, 6, 6, 8
baltimore, 1, 1, 1
faggots, 4, 4, 588
liked, 1, 1, 12
simple, 2, 2, 8
sweet, 1, 1, 1
wonamp, 1, 1, 1
dudes, 1, 1, 3
hollow, 1, 1, 1
pamphlet, 2, 1, 1
tennessee, 1, 1, -6
church, 1, 1, 1
vessel, 1, 1, 5
goats, 2, 2, 10
duh, 1, 1, 1
create, 1, 1, 386
lets, 1, 1, 0
rivals, 1, 1, 22
secret, 1, 1, 1
dropping, 1, 1, 2
damn, 10, 10, 32
territory, 1, 1, 15
whoa, 1, 1, 2
empty, 1, 1, -7
pm, 1, 1, 0
ansari, 1, 1, 2
sanders, 2, 2, 11
0001, 1, 1, 1
gay, 8, 8, -7
sourceid, 1, 1, 2
nra, 1, 1, 1
gas, 1, 1, 2
39, 1, 1, 1
else, 5, 5, 278
races, 1, 1, 9
lives, 1, 1, 0
barranquilla, 1, 1, 1
demand, 1, 1, 2
patriarchy, 1, 1, 77
look, 19, 19, 168
socialist, 1, 1, -10
bill, 4, 4, 78
replaced, 2, 2, 526
error, 2, 2, 13
fun, 3, 3, 150
pantera, 1, 1, 1
hoping, 3, 3, 274
century, 1, 1, 3
zuluwarrior1, 1, 1, 5
jpg, 1, 1, 3
abducting, 1, 1, 1
rid, 1, 1, 9
34, 1, 1, 15
payers, 1, 1, 1
ohhhh, 1, 1, 1
ethnicity, 2, 1, 21
chase, 1, 1, 13
funny, 11, 11, 456
deadpool, 1, 1, 6
anymore, 4, 4, 1269
cte, 1, 1, 3
lengths, 1, 1, 8
belong, 1, 1, 6
iimgurcomdxuvualjpg, 1, 1, 1
read, 7, 7, 571
wwwisisdatecom, 1, 1, 1
9, 1, 1, 1
advise, 1, 1, 2
used, 4, 4, 58
zuul, 1, 1, 3
tower, 1, 1, 1
bonus, 2, 2, 1
yesterday, 1, 1, 2
moment, 1, 1, 1
feds, 1, 1, 2
user, 1, 1, -1
wheres, 1, 1, 1
recent, 1, 1, 42
tocopilla, 1, 1, 1
handjobs, 1, 1, 1
whores, 2, 2, 187
older, 1, 1, 1
chickens, 2, 2, 16
anybody, 1, 1, 5
dared, 2, 2, 15
concrete, 1, 1, 1
spend, 2, 1, 1
know, 19, 19, 548
breastfeeding, 1, 1, 5
outoftouch, 1, 1, 73
shape, 1, 1, 11
world, 4, 4, 7
love, 13, 13, 56
alternative, 1, 1, 12
prince, 1, 1, 15
cocks, 2, 2, 2085
letting, 1, 1, 7
cut, 1, 1, 2
majority, 1, 1, 1
hated, 2, 2, 23
nikki, 1, 1, 2
cemetery, 1, 1, 10
cuz, 2, 2, 2
barack, 1, 1, 60
source, 1, 1, 4
parents, 1, 1, 1
soooooo, 1, 1, 10
courtney, 1, 1, 2
cum, 1, 1, 0
hates, 1, 1, 1
big, 3, 3, 3
bid, 1, 1, 1
albino, 2, 2, 5
shitty, 5, 4, -44
game, 2, 2, 70
bit, 5, 4, -18
shittt, 1, 1, 1
formal, 1, 1, 1
knock, 4, 3, 5
bangbang, 1, 1, 3
follows, 1, 1, 60
ignore, 1, 1, 82
eee, 1, 1, 2
mediocrity, 1, 1, 220
often, 2, 2, 18
fucking, 31, 29, 557
goddamn, 1, 1, 73
fathers, 1, 1, 18
creation, 1, 1, 45
back, 2, 2, 399
lips, 1, 1, 15
clown, 1, 1, 15
mealmost, 1, 1, 1
saddam, 1, 1, 1
absolutely, 3, 3, 128
durkrection, 1, 1, 9
religion, 5, 5, 76
confounds, 1, 1, 9
sneakers, 1, 1, 1
ape, 1, 1, 14
shooters, 2, 2, 43
inserting, 1, 1, 9
run, 2, 2, 1
rub, 1, 1, 15
flyyy, 1, 1, 1
kingsman, 1, 1, 1
merrick, 1, 1, 2
nowhere, 1, 1, -4
chick, 2, 2, 460
lottery, 1, 1, 1
thepiratebay, 1, 1, 1
apperantly, 1, 1, 1
zip, 1, 1, 1
anything, 7, 7, 21
75, 1, 1, 1
awwww, 1, 1, 3
aye, 1, 1, 2
beans, 1, 1, 1
forgave, 1, 1, 38
together, 1, 1, 1
germany, 3, 3, 7
supermans, 1, 1, 2
seeing, 2, 2, 3
480amp, 2, 1, 1
garbage, 1, 1, 1
terrorists, 2, 2, 2
visit, 2, 1, 214
imgurcomira28ee, 1, 1, 23
iimgurcomjtnnurajpg, 1, 1, 5
appropriate, 1, 1, 1
changin, 1, 1, 2
contributor, 1, 1, -11
tifu, 1, 1, 4
sonny, 1, 1, 1
rpolitics, 1, 1, 4
armypolice, 1, 1, 330
question, 2, 2, 5
long, 10, 10, 39
morality, 2, 1, -11
considerably, 1, 1, 5
https, 38, 31, 384
aqs, 1, 1, 2
jewish, 4, 4, 17
boys, 2, 2, 89
link, 9, 9, 32
russian, 1, 1, 88
line, 2, 2, 42
zika, 2, 2, 3
info, 2, 2, 32
tumblr, 2, 2, 215
cia, 2, 2, 2
skull, 1, 1, 8
us, 9, 8, 18
ur, 2, 2, 35
clips, 2, 2, -7
paired, 1, 1, 3
ebonics, 1, 1, 4
uh, 2, 2, -8
continuously, 1, 1, 80
called, 4, 4, 41
package, 1, 1, -5
warning, 1, 1, 1
cotton, 1, 1, 2
nag, 1, 1, 4
nah, 2, 2, 1
peace, 2, 2, 78
water, 1, 1, 0
towers, 1, 1, -50
points, 1, 1, 0
tits, 3, 3, 290
swirl, 1, 1, 2
camo, 1, 1, 5
kicksdubstep, 1, 1, 1
nice, 7, 7, 35
raped, 1, 1, 77
cellar, 1, 1, 2
meaning, 2, 2, 4
polonius, 1, 1, 3
sights, 1, 1, 2
ago, 5, 5, 26
remix, 1, 1, 366
walken, 1, 1, 48
age, 1, 1, 17
holes, 2, 2, 6
walked, 1, 1, 1
cooked, 1, 1, 3
karma, 2, 2, 7
2005, 1, 1, 588
walker, 2, 2, 1
bandaid, 1, 1, 12
buffalo, 1, 1, 1
truckstop, 1, 1, 1
gt, 10, 8, 31
iraqi, 1, 1, 1
melts, 1, 1, 1
results, 1, 1, 15
submit, 1, 1, -1
gang, 1, 1, 1
go, 20, 20, 1330
bait, 1, 1, 2
tweeted, 1, 1, 1
seemed, 1, 1, 38
commas, 1, 1, 3
reposted, 1, 1, 1
young, 3, 3, 100
send, 3, 3, -1
reposter, 1, 1, 0
resources, 1, 1, 1
labels, 1, 1, -1
tulsa, 1, 1, 1
outside, 3, 3, 31
wishes, 1, 1, 214
facebook, 4, 4, 85
knight, 1, 1, 2
gettin, 1, 1, 7
michael, 2, 2, 39
try, 1, 1, 7
skipped, 1, 1, 2
verdict, 1, 1, 0
imgur, 1, 1, 2
tru, 1, 1, 10
ride, 1, 1, -1
bernie, 3, 3, 27
slow, 1, 1, 1
boots, 1, 1, 1
video, 2, 1, 1
believes, 1, 1, 1
click, 4, 4, 273
brokered, 1, 1, 16
chicago, 2, 2, 4
giving, 1, 1, 7
saw, 1, 1, 11
vampire, 1, 1, 65
waiting, 2, 2, 5
indian, 1, 1, 1
bird, 1, 1, 1
body, 5, 5, 5
voluntarily, 1, 1, 1
pushing, 1, 1, 15
punch, 1, 1, 18
following, 1, 1, 2
let, 6, 6, 296
others, 1, 1, 1
sexy, 3, 3, 10
invented, 1, 1, 14
irritating, 1, 1, 17
extreme, 1, 1, 73
great, 9, 9, 411
involved, 1, 1, 45
30, 4, 3, 93
35, 3, 3, 26
leaving, 2, 2, 33
headless, 1, 1, 2
molest, 1, 1, 1
makes, 8, 8, 109
thats, 2, 2, 14
control, 1, 1, -19
daaaaamn, 1, 1, 1190
clark, 1, 1, 2
win, 1, 1, 16
emos, 1, 1, 17
dumbest, 1, 1, 23
tel, 1, 1, 1
lima, 1, 1, 1
trump, 1, 1, 3
halfjokes, 1, 1, 28
use, 8, 8, 31
gerd, 1, 1, 1
next, 6, 6, 114
camera, 1, 1, 1
cheeky, 1, 1, 1
sort, 2, 2, 6
condom, 1, 1, 15
started, 1, 1, 7
confused, 2, 2, -5
train, 2, 2, 29
amsterdamn, 1, 1, -2
baby, 6, 6, 67
iii, 1, 1, 214
women, 10, 10, 587
account, 1, 1, 60
balls, 3, 3, 2
animals, 2, 1, 0
salad, 1, 1, 2
challenge, 1, 1, 1
pour, 1, 1, 1
anywhere, 2, 2, 15
meet, 1, 1, 1
didnt, 1, 1, 2
meep, 2, 1, 3
ru486, 1, 1, 1
proof, 2, 2, 61
point, 2, 2, 1
1317, 1, 1, 17
isisy, 1, 1, 50
links, 1, 1, 31
tax, 1, 1, 1
purposes, 1, 1, 1
pieces, 1, 1, 4
high, 4, 4, 68
slit, 1, 1, 6
tag, 2, 2, 2
something, 14, 12, 716
whorehouse, 1, 1, 1
bones, 2, 2, 15
boner, 1, 1, 1
protip, 1, 1, 1
rape, 5, 4, 109
sir, 3, 3, 4
memorize, 1, 1, 4
lame, 2, 2, 232
redditors, 1, 1, 1
animal, 1, 1, 6
instead, 11, 8, 2355
wsvkktwrrgo, 1, 1, 7
stop, 3, 3, 7
tied, 1, 1, 1
paintball, 1, 1, 2
rations, 1, 1, 1
hahahaha, 1, 1, 2
da, 1, 1, -1
cucks, 1, 1, 2
honestly, 3, 3, 76
desensitized, 1, 1, 14
classy, 1, 1, 1
move, 2, 2, -5
meh, 1, 1, 4
comma, 1, 1, 0
costume, 1, 1, 73
youtubecomwatch, 3, 1, 1
horny, 1, 1, 1
perfect, 2, 2, 1
write, 2, 2, 6
reeve, 4, 4, 160
la, 1, 1, 1
nostalgic, 1, 1, 39
lt, 3, 3, 3
imgurcomgg7hwit, 1, 1, 36
covered, 1, 1, 1
holiday, 2, 2, 392
wellknown, 1, 1, 1
2012, 1, 1, 2
dad, 4, 4, 34
crash, 1, 1, 1
20100314150933amp, 1, 1, 2
auto, 1, 1, 14
spell, 1, 1, 9
namesfigures, 1, 1, 3
dat, 2, 2, 3
eli5, 2, 2, 21
spelt, 2, 2, 2
snapchat, 1, 1, 2
hands, 1, 1, 34
front, 5, 5, 2
republican, 1, 1, 1
day, 7, 7, 109
masters, 1, 1, 2
edit, 6, 6, 85
terriblegreat, 1, 1, 1
slipping, 2, 2, 36
mode, 1, 1, 3
glasses, 2, 2, 40
related, 1, 1, 1
margins, 1, 1, 1
unoriginal, 1, 1, -11
jerusalem, 1, 1, 1
mats, 1, 1, 1
borderline, 1, 1, 7
twice, 1, 1, -6
armor, 2, 2, 2
defend, 1, 1, 12
ejaculate, 1, 1, 214
incharge, 1, 1, 5
activist, 1, 1, 4
hilarious, 5, 5, 7
unprepared, 1, 1, 1
lecture, 1, 1, 7
burka, 1, 1, 366
cause, 3, 3, 282
red, 3, 2, 1874
achievements, 1, 1, 25
wwwdvdasacom, 1, 1, 1
bleep, 1, 1, 31
humiliating, 1, 1, -44
caregivers, 1, 1, 2
pixelated, 1, 1, 3
dumpster, 1, 1, 3
princess, 1, 1, 1
retriever, 1, 1, 13
yard, 1, 1, 1
lancel, 1, 1, 5
g, 1, 1, 1
could, 11, 11, 397
debsty8adra, 1, 1, 2
keep, 5, 5, 36
pudding, 1, 1, 1
cunts, 2, 2, 8
hussein, 2, 2, 1
austin, 1, 1, 7
blown, 1, 1, 35
scene, 1, 1, 15
jesus, 7, 7, 122
twat, 1, 1, 1
bitch, 3, 3, 3
quality, 4, 3, 47
straight, 1, 1, 2
playlist, 2, 1, 1
monkey, 4, 3, 1
accent, 1, 1, 12
hilary, 2, 2, 37
adopted, 1, 1, 1
final, 1, 1, 1
misunderstood, 1, 1, 1
stars, 1, 1, 16
nobody, 4, 4, 4
stress, 1, 1, -44
depressing, 1, 1, 35
grandpa, 1, 1, 7
skyrim, 1, 1, 100
barbies, 1, 1, 2
remember, 4, 4, 18
steel, 6, 6, 181
loved, 2, 2, 4
babys, 1, 1, 1
liquid, 1, 1, 12
submitted, 1, 1, 7
sweden, 1, 1, 0
decided, 1, 1, 0
loves, 1, 1, 7
maybe, 3, 2, 223
ber, 1, 1, -1
referral, 2, 1, 1
bet, 1, 1, 17
drunk, 1, 1, 1
wittle, 1, 1, 1
shrinks, 1, 1, 15
clip, 1, 1, 1
teenagers, 1, 1, 13
tonight, 2, 2, 3
halal, 2, 2, 23
need, 9, 8, 49
apparently, 2, 2, 1221
linked, 1, 1, 31
catholic, 1, 1, 16
bastard, 1, 1, 1
russians, 1, 1, 5
dallas, 1, 1, 2
able, 2, 2, 11
asshole, 3, 3, 0
rcirclebroke2, 1, 1, 31
jimmies, 1, 1, 17
unless, 2, 2, -2
combat, 1, 1, 82
sfw, 2, 1, 2
highschool, 1, 1, 2
hypocrite, 1, 1, 6
url, 1, 1, 1
visiting, 1, 1, 1
memecenter, 1, 1, 20
face, 8, 7, 44
looked, 4, 4, 50
proceedings, 1, 1, 1
movie, 1, 1, 2
normally, 1, 1, 7
fact, 6, 6, 29
affair, 1, 1, 1
text, 1, 1, 5
wheeeo, 1, 1, 8
brother, 1, 1, 98
wanting, 1, 1, 28
chicken, 1, 1, 3
debate, 1, 1, 73
shoes, 1, 1, 3
based, 1, 1, 1
upvote, 2, 2, 2
reactive, 1, 1, 1
satan, 1, 1, 3
fuel, 5, 5, 76
marriage, 1, 1, 12
local, 1, 1, 15
hope, 5, 5, -16
regularly, 1, 1, 2
workaholics, 1, 1, 0
means, 1, 1, 37
beat, 1, 1, -4
convert, 2, 2, 3
bear, 1, 1, 5
beam, 1, 1, 19
fallout, 1, 1, 64
entity, 1, 1, 38
handgun, 1, 1, 1
ended, 1, 1, 3
h, 1, 1, 1
married, 2, 2, 39
ughh, 1, 1, -7
highhh, 1, 1, 1
calling, 1, 1, -10
reid, 1, 1, 16
wish, 1, 1, 2
fixed, 1, 1, 1
looks, 11, 11, 81
ikr, 1, 1, 3
frame, 3, 3, 89
computer, 1, 1, 2
friendos, 1, 1, 1
9654, 1, 1, 1
closer, 1, 1, 9
iimgurcomhr0314zjpg, 1, 1, 6
destiny, 1, 1, 9
fuckboy, 1, 1, -3
genius, 1, 1, 2
written, 1, 1, 1
quickest, 1, 1, 1
correctly, 1, 1, 3
horrible, 2, 2, 180
crude, 1, 1, -11
pistol, 1, 1, 9
pants, 3, 2, 2
subversive, 1, 1, -1
explosive, 2, 2, 16
superior, 1, 1, -11
haji, 1, 1, 4
however, 1, 1, 15
job, 3, 3, 333
joe, 2, 2, 8
probing, 1, 1, 31
group, 1, 1, 1
precious, 1, 1, 1
configuration, 1, 1, 21
swift, 1, 1, 1
problem, 1, 1, 20
david, 1, 1, 1
joke, 13, 12, 76
taking, 3, 3, 117
gingers, 2, 2, 95
drug, 1, 1, 9
etc, 1, 1, 330
cankles, 1, 1, 1
passing, 1, 1, 9
glorious, 1, 1, 1
comment, 4, 4, -49
relevant, 2, 2, 3
wall, 1, 1, 3
shoving, 1, 1, 7
ca, 15, 14, 686
commend, 1, 1, 45
laugh, 2, 2, 4
table, 1, 1, 73
pushpop, 1, 1, 1
yay, 1, 1, 12
shame, 2, 2, -12
ai, 1, 1, -1
literal, 1, 1, 12
slowly, 1, 1, 15
treat, 1, 1, 5
bby, 1, 1, 8
hottest, 1, 1, 14
ak, 1, 1, 1
username, 1, 1, -94
shoulders, 1, 1, 3
homosexual, 2, 2, 86
painted, 1, 1, 9
hmm, 1, 1, 2
controller, 1, 1, 1
hateful, 1, 1, 10
graphics, 1, 1, 0
kicks, 1, 1, 188
c4, 1, 1, 4
2016, 1, 1, 1
screencap, 1, 1, -2
sibling, 1, 1, 3
wilt, 1, 1, 3
tshirt, 1, 1, 1
value, 1, 1, -6
stalin, 1, 1, 1
46am, 1, 1, 15
medicinal, 1, 1, 2
frustrating, 1, 1, 1
va, 1, 1, 35
jehovah, 1, 1, 1
almost, 3, 3, 27
thus, 1, 1, 15
site, 3, 3, 171
hicks, 1, 1, 10
helped, 1, 1, 12
vr, 1, 1, 1
vs, 1, 1, 2
gothic, 1, 1, -3
swinging, 1, 1, 1
yuor, 1, 1, 1
whore, 2, 2, 20
tattoo, 1, 1, 42
grinder, 1, 1, 28
cross, 2, 1, 1871
eric, 2, 2, -4
guns, 1, 1, 7
strange, 1, 1, 2
pagei, 1, 1, 2
alqaedarection, 1, 1, 2
party, 3, 3, 22
gets, 5, 3, 38
ball, 2, 2, 14
http, 29, 29, 1032
bald, 1, 1, 2
upon, 3, 3, 15
beast, 1, 1, 2
fucked, 3, 3, 58
shitting, 1, 1, 1
retard, 5, 5, 45
approve, 1, 1, 9
well, 18, 18, 149
antonin, 1, 1, 2
thought, 15, 15, 140
riff, 1, 1, 9
english, 1, 1, 1
audio, 1, 1, 1
alqaedirection, 1, 1, 1
less, 2, 2, 78
offensive, 4, 4, 98
cuck, 1, 1, 3
zelda, 1, 1, 1
clinic, 1, 1, 10
mfw, 1, 1, 8
paul, 1, 1, 1
downvoted, 1, 1, 87
3757b031a1e9702, 1, 1, 1
web, 1, 1, -11
ads, 1, 1, 1
surreal, 1, 1, 5
jeff, 1, 1, 1
logged, 1, 1, 1
lake, 1, 1, 2
killed, 2, 2, 11
add, 2, 2, 45
attractive, 2, 2, -20
upvotes, 1, 1, 5
smart, 1, 1, 2
smashing, 1, 1, 3
dryer, 1, 1, 2
whatever, 4, 4, 226
facial, 2, 2, 39
racially, 1, 1, 7
insert, 1, 1, 1
like, 70, 66, 2274
onion, 2, 2, 543
sizes, 1, 1, 8
stashing, 1, 1, 2
candy, 1, 1, 9
sized, 1, 1, 2
4chan, 1, 1, -11
lose, 1, 1, -6
clintoniqua, 1, 1, 21
become, 3, 3, 18
repressed, 1, 1, 82
works, 3, 3, 25
page, 7, 7, 93
heel, 1, 1, 1
nigga, 2, 2, 11
twitter, 6, 6, 97
village, 1, 1, 88
holier, 1, 1, 17
hail, 1, 1, 3
immortal, 1, 1, 1
hair, 11, 11, 73
growth, 1, 1, 1
pounding, 1, 1, 2
home, 3, 3, 82
liking, 1, 1, 1
employment, 1, 1, -3
happens, 2, 2, 17
hipsters, 1, 1, 17
literally, 1, 1, 1
lean, 1, 1, 1
blowing, 1, 1, 4
monetary, 1, 1, -6
gdxyzulv0s8, 1, 1, 1
imaginary, 1, 1, -11
panel, 1, 1, 73
rare, 2, 2, 47
scroll, 1, 1, 1
extension, 1, 1, 1
getting, 6, 6, 254
column, 1, 1, 572
cleans, 1, 1, 0
shipping, 1, 1, -5
fear, 1, 1, 1
swear, 2, 2, 6
flair, 1, 1, 2
turtle, 1, 1, 3
preform, 1, 1, 88
previously, 1, 1, 12
pussy, 2, 2, 3
doesnt, 1, 1, 1
tiny, 1, 1, -18
female, 1, 1, 1
couldnt, 1, 1, 0
van, 2, 2, 22
m6jisefnqzk, 1, 1, 7
imperial, 1, 1, 1
intention, 1, 1, -3
trigger, 2, 1, 0
naturally, 1, 1, 2
buy, 2, 2, 1
hs, 2, 1, 7
coke, 1, 1, 15
reminds, 3, 3, 842
mailed, 1, 1, -3
courts, 1, 1, 1
trimester, 1, 1, 7
delivers, 1, 1, 28
ha, 1, 1, 1
eat, 2, 2, 2
count, 1, 1, 12
made, 3, 3, 14
places, 1, 1, 1
campus, 1, 1, 0
knoow, 1, 1, 2
official, 1, 1, 60
variations, 1, 1, 21
signed, 1, 1, 16
cruel, 1, 1, 6
stories, 1, 1, -3
weakselfpromotion10, 1, 1, -17
pumped, 2, 2, 189
faggot, 5, 5, 63
piece, 8, 3, 59
minutes, 2, 1, 1
kampfterable, 1, 1, 5
pic, 1, 1, 5
pig, 1, 1, 214
scumbags, 1, 1, 12
alaguenia, 1, 1, -4
et, 1, 1, 1
shooting, 1, 1, 1
girl, 4, 4, 10
chromosome, 1, 1, 10
compared, 1, 1, 1
44, 1, 1, 6
claiming, 1, 1, 10
detail, 1, 1, 1
40, 1, 1, 7
fire, 5, 5, 143
book, 1, 1, 2
sick, 1, 1, 1
mass, 1, 1, 38
dictatorships, 1, 1, 1
canada, 1, 1, 1
star, 1, 1, 73
class, 3, 3, 4846
traditionalist, 1, 1, 4
insults, 1, 1, 12
chance, 1, 1, 98
stab, 1, 1, 7
kinda, 4, 4, 90
boxtruck, 1, 1, 1
bitchy, 1, 1, 498
friends, 3, 3, 7
christians, 2, 2, 7
goin, 1, 1, 2
amp, 2, 2, 10
atheist, 1, 1, -11
blogs, 1, 1, 1
rule, 1, 1, 1
understand, 5, 5, 561
oklahoma, 1, 1, 1
