Word, Frequency, Comment Frequency, Net Score
child, 1, 1, 638
sleep, 1, 1, 421
hanging, 2, 2, 6
mansion, 1, 1, 12
woody, 1, 1, 1
oldest, 1, 1, 3
hate, 2, 2, 120
searly, 1, 1, 1
movietv, 1, 1, 1
inb4, 1, 1, 2
paris, 1, 1, 2
sorry, 4, 4, 654
worth, 4, 4, 265
fists, 1, 1, 3
wracked, 1, 1, 46
mania, 1, 1, 1
every, 14, 14, 8841
jack, 1, 1, 2
affect, 1, 1, -3
stabbed, 1, 1, 2
screaming, 1, 1, 1
doubts, 1, 1, 46
skills, 1, 1, 2
math, 2, 2, 38
heading, 1, 1, 3
parted, 1, 1, 2
force, 1, 1, 4
rnottheonion, 1, 1, 2
scribbles, 1, 1, 1
tired, 6, 4, 19
miller, 1, 1, 1
disaronno, 1, 1, 1
voting, 1, 1, 13
second, 9, 8, 1725
street, 6, 5, 53
upvode, 1, 1, 1
arms, 3, 2, 42
even, 12, 10, 648
hide, 1, 1, 29
christ, 1, 1, 45
tissue, 1, 1, 11
clocked, 1, 1, 17
bikini, 1, 1, 42
commas, 1, 1, 2
lights, 3, 3, 21
conduct, 1, 1, 2
new, 6, 6, 164
lbn4z5ojl4q, 1, 1, 1
ever, 10, 9, 1759
told, 10, 9, 407
kicked, 1, 1, 143
whose, 1, 1, 1
never, 12, 12, 542
hundreds, 1, 1, 106
reported, 1, 1, 1
humility, 1, 1, 46
stares, 1, 1, 83
kids, 6, 5, 55
daughter, 1, 1, 17
rekt, 1, 1, -2
credit, 1, 1, 13
iimgurcommbaqrpng, 1, 1, 34
smoke, 4, 2, 721
browsing, 1, 1, 4
military, 1, 1, 1
walkie, 1, 1, 1
fantastic, 2, 2, 39
campaign, 2, 1, 36
replace, 1, 1, 2
brought, 2, 2, 46
ninety, 1, 1, 2
unit, 1, 1, 1
plot, 4, 4, 6
charge, 1, 1, 3
spoke, 1, 1, 1
would, 31, 30, 9730
army, 1, 1, 29
hospital, 1, 1, 17
negative, 1, 1, 6
cents, 5, 5, 322
asses, 1, 1, 528
call, 3, 3, 4
calm, 1, 1, 3
typo, 1, 1, 1
strike, 2, 1, 2
twirled, 1, 1, 2
type, 1, 1, 2
tell, 11, 6, 2127
posting, 1, 1, 2
successful, 1, 1, 3
brings, 2, 1, 1629
haha, 1, 1, 8
hurt, 3, 2, 35
warn, 1, 1, 68
glass, 1, 1, 3
holm, 2, 2, 70
warm, 1, 1, 10
rjokes, 2, 2, 5
adult, 1, 1, 403
excellent, 4, 3, 51
90, 4, 3, 60
hole, 1, 1, 10
immature, 1, 1, 42
must, 9, 7, 474
bartender, 12, 6, 1696
room, 4, 3, 731
rights, 1, 1, 1
work, 9, 8, 901
plunged, 1, 1, 2
daft, 1, 1, 2
mechanic, 4, 2, 34
mr, 3, 2, 11
plunger, 1, 1, 25
example, 1, 1, 40
boyfriend, 1, 1, 3
give, 11, 9, 1219
florida, 1, 1, 3
honey, 1, 1, 1
want, 10, 10, 1647
keep, 4, 4, 12
loathe, 1, 1, 1
ones, 1, 1, 1
end, 3, 3, 455
groaned, 1, 1, 2
complaining, 2, 2, 2262
agony, 1, 1, 25
travel, 2, 2, 431
puzzled, 1, 1, 1
machine, 2, 1, 1
dangerfield, 1, 1, 3
saddening, 1, 1, 1
answer, 2, 2, 431
puns, 1, 1, 1
pizza, 2, 2, 2
pokes, 2, 1, 29
grayhaired, 1, 1, 421
ladder, 2, 1, 0
lab, 1, 1, 5
wrong, 5, 4, 85
fat, 3, 3, 21
president, 1, 1, 2
law, 1, 1, 638
bucks, 1, 1, 2428
third, 3, 3, 65
wins, 1, 1, 7
strokenoff, 1, 1, 1
appreciate, 1, 1, 1
harley, 1, 1, 17
daredevil, 1, 1, 1
18th, 1, 1, 103
buzzi, 1, 1, 1
aloud, 2, 2, 2
1000, 2, 2, 0
order, 8, 3, 5092
__, 1, 1, 2119
blind, 10, 9, 128
delaware, 1, 1, 3
office, 4, 3, 46
fall, 1, 1, 421
nonamericans, 1, 1, 1
fit, 1, 1, 3
somewhere, 1, 1, 4
fix, 2, 2, 437
writing, 1, 1, 2
better, 9, 9, 16
carve, 2, 1, 1
belly, 1, 1, 1
safe, 1, 1, 2
break, 1, 1, 83
one, 50, 43, 4694
rental, 1, 1, 8
bank, 1, 1, 104
grammar, 3, 3, 1634
crunchy, 1, 1, 2
rocks, 1, 1, 3
clothed, 1, 1, 3
good, 18, 18, 459
ya, 5, 3, 6
went, 13, 8, 1118
dennis, 1, 1, 1
meal, 4, 1, 638
carlos, 1, 1, 13
mean, 7, 7, 335
calmly, 2, 2, 43
selfdefecating, 1, 1, 1
fairly, 1, 1, 1
spider, 1, 1, 5
taught, 1, 1, 3
forgot, 1, 1, 9
cathedral, 1, 1, 2
blankly, 1, 1, 83
gon, 4, 4, 39
driving, 9, 3, 1076
god, 8, 8, 579
george, 1, 1, 1
content, 1, 1, 29
medicine, 1, 1, 3
surprise, 3, 3, 709
size, 3, 2, 13
flashy, 1, 1, 4
written, 1, 1, 46
negligee, 1, 1, 3
revenge, 1, 1, 1629
free, 2, 1, 638
standard, 1, 1, 1
campaigns, 1, 1, 61
dishwashing, 1, 1, 68
favs, 1, 1, 1
dammit, 3, 3, 530
starts, 6, 5, 873
messages, 1, 1, 258
days, 3, 3, 12
lousy, 1, 1, 30
moving, 1, 1, 0
onto, 1, 1, 29
already, 1, 1, 60
render, 2, 2, 212
supper, 1, 1, 46
hearing, 3, 3, 25
floors, 2, 2, 55
doling, 1, 1, 1
another, 10, 8, 6162
smugly, 1, 1, 83
thick, 1, 1, 15
hilaryious, 1, 1, 11
carson, 1, 1, 30
basketball, 1, 1, 30
top, 1, 1, 1
girls, 1, 1, 4
1500, 1, 1, 5
needed, 3, 3, 426
master, 4, 3, 5
john, 14, 3, 91
bitter, 1, 1, 270
dogs, 3, 3, 32
caitlyn, 1, 1, 27
ceiling, 1, 1, 760
murder, 2, 2, -1
amoosing, 1, 1, 1
frowned, 1, 1, -3
took, 10, 10, 4360
wisdom, 1, 1, 7
begins, 2, 2, 5528
showed, 2, 2, 4
coward, 1, 1, 5
rolex, 1, 1, 16
matter, 3, 3, 64
exclaimed, 1, 1, 16
silly, 1, 1, 1
speaking, 2, 2, 6
spoiled, 1, 1, 3
feeling, 4, 4, 22
minus, 1, 1, 37
rag, 1, 1, 18
sees, 2, 2, 5001
groaning, 1, 1, 25
ran, 1, 1, 16
modern, 1, 1, 3
mind, 2, 2, 463
talking, 2, 2, 761
seen, 4, 4, 9
seem, 1, 1, 1
picks, 1, 1, 1629
tells, 8, 4, 26
forced, 1, 1, 421
snow, 1, 1, 2
impotent, 1, 1, 1
chest, 1, 1, 2
amusing, 1, 1, 3
doors, 1, 1, 421
laughed, 4, 3, 28
davidson, 1, 1, 17
crocs, 2, 2, 1
blue, 1, 1, 1
though, 13, 12, 97
bruce, 1, 1, 27
clapton, 1, 1, 2
object, 1, 1, 10
audition, 1, 1, 2
regular, 2, 1, 88
mouth, 1, 1, 7
addict, 1, 1, 37
germans, 2, 1, 4
meme, 1, 1, 1
doc, 4, 1, 5
dog, 3, 2, 5
points, 1, 1, 2
tech, 1, 1, 2
hamming, 1, 1, 1
left, 6, 6, 67
came, 6, 5, 1186
saying, 3, 3, 21
retire, 1, 1, 1
teresa, 2, 2, 40
cutestory, 2, 2, 2
subreddit, 2, 2, 2
dopey, 1, 1, 2
earth, 3, 2, 426
enjoyed, 1, 1, 1
toast, 1, 1, 3
clicked, 2, 2, 1
pinocchio, 1, 1, 2
explain, 5, 5, 15
sugar, 1, 1, 5000
celery, 1, 1, 42
athletic, 1, 1, 1
bush, 2, 2, 108
bliss, 1, 1, 1
screening, 1, 1, 2
integrate, 1, 1, 3
sumbitch, 1, 1, 10
wearing, 4, 4, 36
honda, 2, 1, 17
watch, 2, 2, 58
watson, 2, 1, 1
cracks, 1, 1, 83
watermelon, 1, 1, 1
despite, 1, 1, 2
report, 1, 1, 1
knocks, 4, 2, 465
8020, 1, 1, 3
headlong, 1, 1, 2
hired, 1, 1, 6
lmao, 4, 3, 16
runs, 2, 2, 15
bar, 10, 6, 1639
nicely, 1, 1, 2
twice, 3, 3, 69
bad, 13, 13, 713
ooohh, 1, 1, 0
secretary, 1, 1, 1
blew, 1, 1, 18
decides, 1, 1, 18
fair, 7, 3, 190
podiatrist, 2, 1, 5
boyfriends, 1, 1, 43
nun, 1, 1, 1
checks, 1, 1, 29
goodnight, 1, 1, 3
decided, 2, 1, 2
iimgurcomgxdnxnsgif, 1, 1, 31
fail, 1, 1, 2
disturbing, 1, 1, 1675
best, 10, 10, 5053
techniques, 1, 1, 68
molehill, 1, 1, 10
00, 1, 1, 1
said, 23, 14, 1628
inappropriate, 1, 1, 0
lots, 2, 1, 40
away, 11, 11, 5499
rings, 2, 2, 24
grandmother, 1, 1, 83
sais, 4, 2, 61
drawn, 1, 1, 2
approach, 1, 1, 2
muh, 1, 1, 36
men, 3, 3, 277
vows, 1, 1, 46
wo, 1, 1, 3
smelled, 2, 2, 1630
fruits, 1, 1, 4
physicist, 1, 1, 15
boss, 5, 2, 762
cut, 1, 1, 0
wp, 1, 1, -1
cousin, 1, 1, 2
faced, 1, 1, -2
cop, 14, 2, 33
cow, 1, 1, 1
met, 2, 1, 3
askes, 1, 1, 4
pitt, 1, 1, 1
gamer, 1, 1, 2
brad, 1, 1, 1
argue, 1, 1, 1
asked, 11, 7, 614
tough, 4, 3, 9
appeared, 1, 1, 4
character, 1, 1, 20
loaded, 1, 1, 5
blonde, 2, 2, 3
100, 1, 1, 1066
hitler, 1, 1, 6
speak, 2, 2, 5001
aback, 1, 1, 42
beef, 3, 3, 22
source, 3, 3, 426
three, 6, 4, 1088
quickly, 3, 3, 15
breathlessly, 1, 1, 2
beer, 2, 2, 85
much, 10, 10, 1521
messerschmitts, 1, 1, 4
basic, 1, 1, 1
expected, 2, 2, 2
entered, 1, 1, 46
duties, 2, 1, 88
life, 4, 4, 423
electrocution, 2, 2, 644
personally, 2, 2, 1
catch, 1, 1, 5
jeselnik, 1, 1, 1
cunt, 1, 1, 1
scotsman, 1, 1, 29
save, 1, 1, 25
sounded, 1, 1, 6
air, 2, 2, 642
evening, 2, 2, 129
formatting, 1, 1, 3
hates, 1, 1, 32
voice, 3, 3, 4191
mistake, 1, 1, 34
seven, 1, 1, 2
amirite, 1, 1, 1
078, 1, 1, 1066
tease, 1, 1, 10
ii, 1, 1, 4
shame, 3, 3, 17
cant, 1, 1, -8
eighteen, 1, 1, 16
im, 1, 1, 1
things, 2, 2, 17
make, 18, 18, 2288
rlifeprotips, 1, 1, 2
complex, 1, 1, 2
split, 1, 1, 4
unfortunate, 1, 1, 2
claaaaaaaaassic, 1, 1, -3
several, 6, 5, 76
bells, 1, 1, 2
unharmed, 3, 1, 638
meets, 4, 1, 88
outside, 1, 1, 8
hand, 14, 13, 173
characters, 1, 1, 2
redneck, 2, 2, 44
opportunity, 1, 1, 1629
kept, 1, 1, 7
rconfessions, 1, 1, 1
scenario, 1, 1, 1
charlie, 1, 1, 2
failing, 1, 1, 1
client, 4, 3, 1633
mother, 7, 6, 594
musical, 1, 1, 15
alexendria, 1, 1, 5
slutty, 1, 1, 0
protocol, 1, 1, 638
sentence, 1, 1, 638
yea, 1, 1, 166
laptop, 1, 1, 1
newton, 2, 2, 226
thanks, 6, 6, 258
yes, 11, 10, 5114
yet, 6, 6, 5686
repost, 5, 4, 10
enters, 3, 2, 1630
macdonald, 1, 1, 5
potential, 2, 2, 20
board, 1, 1, 2
easy, 2, 2, 47
doorthe, 1, 1, 44
ops, 1, 1, 11
breaks, 2, 2, 949
possible, 2, 2, 639
possibly, 1, 1, 421
wanting, 1, 1, 68
judge, 1, 1, 1
highly, 1, 1, 0
dreams, 2, 1, 3
hunt, 9, 5, 555
50, 1, 1, 46
53, 1, 1, 2
noth, 1, 1, 1
specific, 3, 1, 17
remind, 1, 1, 1
steps, 1, 1, 2
officer, 4, 2, 18
night, 15, 9, 571
security, 3, 2, 2
cowardice, 1, 1, 5
right, 12, 11, 5130
old, 16, 10, 1257
deal, 1, 1, 40
people, 15, 13, 3807
deaf, 1, 1, 1
somehow, 3, 2, 669
dead, 4, 4, 43
born, 1, 1, 2
sure, 5, 5, 193
celibacy, 1, 1, 46
dear, 1, 1, 1
tripped, 1, 1, 2
gasps, 1, 1, 4
attendees, 1, 1, 68
bottom, 1, 1, 1
phenomenal, 1, 1, 3
ice, 5, 2, 28
equal, 1, 1, 177
christmas, 2, 1, 1
icu, 1, 1, 5
pls, 1, 1, 5
geez, 1, 1, 1
deleted, 4, 4, -62
burn, 1, 1, 5
disappeared, 1, 1, 1
runexpected, 1, 1, 1
dna, 1, 1, 1
post, 4, 4, 4
bury, 1, 1, 1
shaken, 1, 1, 1
yelling, 1, 1, 16
eat, 4, 3, 658
dashboard, 1, 1, 3
meow, 2, 1, 29
dollars, 1, 1, 44
dinner, 4, 4, 525
plus, 1, 1, 1
match, 1, 1, -3
raised, 1, 1, 68
pineapples, 2, 2, 6
pays, 1, 1, 1629
profession, 1, 1, 40
rearview, 1, 1, 5
son, 6, 6, 67
donated, 4, 4, 5463
stumble, 1, 1, 1
infidelity, 2, 2, 2
deception, 1, 1, 421
crowd, 1, 1, 2
support, 1, 1, 2
flying, 2, 1, 4
fight, 1, 1, 1629
virgin, 3, 3, 231
way, 11, 10, 485
music, 1, 1, 2
war, 3, 1, 4
happy, 1, 1, 3
head, 27, 13, 7252
gaseous, 1, 1, 3
teehee, 2, 2, 1630
ford, 1, 1, 17
hear, 4, 4, 63
elderly, 1, 1, 4
blindness, 1, 1, 8
removed, 2, 2, 15
true, 5, 5, 25
congratulations, 1, 1, 421
veiled, 1, 1, 9
happen, 1, 1, -1
martial, 1, 1, 4
inside, 4, 4, 110
maximum, 1, 1, 68
ruined, 1, 1, 16
lays, 1, 1, 5
reminiscing, 1, 1, 4
delete, 1, 1, 2
jewpiter, 1, 1, 7
ship, 1, 1, 421
annoying, 1, 1, 1
trip, 1, 1, 1
shit, 4, 3, 9
knows, 5, 4, 470
handel, 1, 1, 1
floor, 7, 5, 1766
na, 4, 4, 39
tip, 4, 1, 83
til, 1, 1, 11
margarets, 1, 1, 2
holding, 2, 2, 49
test, 2, 2, 4
holly, 2, 2, 70
confusing, 1, 1, 1
smell, 7, 4, 16
roll, 1, 1, 3
tame, 1, 1, 14
football, 2, 1, 30
polite, 1, 1, 42
fell, 5, 4, 14
nods, 5, 2, 5088
rolling, 1, 1, 1
humor, 7, 7, 301
died, 3, 3, 861
grief, 1, 1, 2
younger, 2, 2, 14
longer, 3, 3, 13
potato, 2, 2, 43
blushing, 1, 1, 4
sobut, 1, 1, 44
teeth, 3, 1, 34
serious, 3, 3, 310
managed, 2, 2, 643
chain, 1, 1, 2
dance, 2, 1, 8
baited, 1, 1, 29
hawaii, 1, 1, 1
manages, 1, 1, 638
skin, 1, 1, 14
chair, 3, 1, 638
joinyou, 1, 1, 44
row, 1, 1, 7
21st, 1, 1, 134
system, 1, 1, 1
mallet, 1, 1, 2
1942, 1, 1, 4
technique, 1, 1, 68
father, 2, 2, 58
disgusting, 1, 1, 6
0, 1, 1, 6
finally, 9, 8, 464
unpleasant, 1, 1, 10
ethnicity, 1, 1, 1
jerk, 2, 1, 0
choice, 1, 1, 3
congregation, 1, 1, 34
refectory, 1, 1, 5000
advised, 1, 1, 68
join, 4, 4, 5078
trouble, 2, 2, 15
exact, 1, 1, 421
pious, 1, 1, 46
minute, 1, 1, 1
cool, 2, 2, 7
perceived, 1, 1, 1066
clouds, 1, 1, 4
policeman, 1, 1, 16
turns, 2, 1, 421
permits, 1, 1, 10
brother, 21, 9, 5588
standards, 1, 1, 14
travels, 1, 1, 42
presenter, 1, 1, 68
stapled, 1, 1, -4
brothel, 1, 1, 44
excellence, 1, 1, 1
quick, 2, 2, 6
guy, 22, 16, 2805
talked, 2, 2, 529
says, 55, 22, 8259
porn, 1, 1, 1
collage, 1, 1, 1
bravo, 2, 1, 18
discover, 1, 1, 421
sign, 1, 1, 638
cost, 2, 2, 1630
upped, 1, 1, 36
eating, 5, 4, 740
drinks, 1, 1, 3
stands, 4, 2, 12
goes, 15, 9, 5729
reply, 3, 1, 421
falling, 1, 1, 421
crashing, 1, 1, 421
sweaters, 1, 1, 1
filled, 4, 2, 640
iimgurcomkfrpyvcgifv, 1, 1, 6
climbs, 1, 1, 18
honour, 1, 1, 2
hairs, 1, 1, 1
wordcount, 1, 1, 2
upgrade, 2, 1, 0
rawdoging, 1, 1, 1
alone, 1, 1, 1
thingamahjig, 1, 1, 10
along, 1, 1, 1
50cent, 1, 1, 12
teacher, 2, 2, 72
change, 5, 5, 2054
wait, 4, 4, 795
boy, 3, 2, 6
guilty, 1, 1, 638
commonly, 1, 1, 10
trial, 1, 1, 638
antifrance, 1, 1, 2
usually, 1, 1, 2
weird, 1, 1, 7
history, 1, 1, 1
love, 9, 9, 91
extra, 1, 1, 1629
1st, 1, 1, 134
tuesday, 1, 1, 3
red, 1, 1, 1
working, 2, 2, 761
prove, 1, 1, 1
aye, 1, 1, 68
wicker, 1, 1, 29
angry, 1, 1, 1
dude, 1, 1, 1
mencia, 1, 1, 13
matterof, 1, 1, 83
live, 5, 4, 19
https, 8, 8, 61
today, 2, 2, 69
pavlov, 1, 1, 22
sharing, 1, 1, 7
conductor, 4, 3, 663
club, 3, 3, 50
everywhere, 1, 1, 58
given, 1, 1, 421
backread, 1, 1, 2
reengraved, 1, 1, 16
pretend, 1, 1, 8
cat, 1, 1, 22
accidentally, 1, 1, 15
wallet, 2, 2, 1630
hardest, 1, 1, 5
following, 3, 3, 119
making, 3, 2, 524
metal, 1, 1, 0
arrive, 1, 1, 2
spy, 1, 1, 29
crazy, 1, 1, 760
trump, 2, 2, 1664
figure, 2, 2, 423
mirrors, 1, 1, 5
awesome, 1, 1, 9
fuck, 4, 4, 87
sake, 2, 2, 30
topic, 1, 1, 1
heard, 17, 17, 520
allowed, 4, 4, 5869
counting, 1, 1, 2
stole, 3, 3, 642
get, 52, 39, 7022
magazine, 1, 1, 3
freezer, 2, 1, 18
1, 4, 4, 1553
till, 1, 1, 1
sunday, 7, 2, 56
sworn, 1, 1, 11
may, 2, 2, -1
spot, 3, 3, 42
crashed, 1, 1, 638
birthday, 2, 2, 106
mankind, 1, 1, 40
wjwbxbgvyqu, 1, 1, 36
date, 3, 2, 11
guys, 3, 3, 59
grow, 1, 1, 4
man, 76, 21, 8767
wwwyoutubecomwatch, 4, 4, 52
remember, 5, 5, 122
maybe, 4, 4, 6
switch, 4, 2, 638
malaise, 1, 1, 5
african, 1, 1, 10
basket, 4, 1, 29
odysseus, 1, 1, 421
pulled, 2, 2, 655
talk, 6, 5, 43
imagining, 1, 1, 3
exclusive, 2, 1, 44
joins, 1, 1, 88
rdarkhumor, 1, 1, 2
indeed, 2, 2, 41
pointed, 1, 1, 1
toward, 2, 1, 17
soc, 1, 1, 1
years, 28, 17, 9529
course, 4, 4, 1090
donates, 1, 1, 3
kanye, 1, 1, 2
cold, 6, 5, 247
still, 10, 10, 765
police, 5, 4, 4
ronda, 1, 1, -3
interesting, 1, 1, 68
campanologist, 1, 1, 2
repooost, 1, 1, 1
window, 2, 2, 46
offers, 3, 1, 88
thump, 5, 4, 150
troubled, 1, 1, 5
inefficiency, 1, 1, 68
happened, 7, 7, 719
emailed, 1, 1, 36
moms, 1, 1, 1
underneath, 1, 1, 5
lunch, 1, 1, 1
hall, 1, 1, 40
equality, 1, 1, 166
name, 11, 10, 420
james, 1, 1, 1
drop, 2, 2, 398
eyeballs, 1, 1, 1
em, 1, 1, 20
square, 2, 2, 20
yeah, 4, 4, 540
fever, 1, 1, 5
year, 6, 6, 1739
girl, 5, 4, 13
youtubes4xnctqtyy, 1, 1, 5
living, 1, 1, 638
gamers, 1, 1, 8
space, 1, 1, 2
lawyers, 2, 2, 56
factory, 1, 1, 760
looking, 1, 1, 1
seriously, 3, 3, 22
priest, 1, 1, 1
correct, 1, 1, 10
prostitutes, 1, 1, 1
carr, 2, 2, 20
cars, 1, 1, 1
million, 4, 4, 1818
boobs, 1, 1, 1
quite, 1, 1, 2
shh, 1, 1, 1
grandma, 4, 2, 24
quits, 1, 1, 0
upon, 1, 1, -3
card, 1, 1, 36
care, 2, 2, 193
training, 2, 2, 8
waiter, 1, 1, 3
calories, 1, 1, 5
fb, 1, 1, 34
british, 2, 2, 2
honest, 3, 3, 2586
chevy, 1, 1, 17
turn, 2, 1, 5
place, 4, 4, 1701
vision, 1, 1, 3
fokkers, 3, 1, 4
view, 1, 1, 2
think, 15, 15, 8926
first, 25, 19, 929
emotion, 2, 1, 4
gunshot, 1, 1, 56
saving, 1, 1, 7
striking, 1, 1, 2
potter, 1, 1, 2
tipstyle, 1, 1, 2
americans, 1, 1, 10
long, 9, 9, 221
directly, 2, 2, 6
vote, 2, 2, 2
sounds, 7, 7, 24
drove, 2, 2, 639
open, 3, 3, 548
cheesy, 1, 1, 1
engineer, 2, 1, 1
rented, 2, 1, 8
city, 1, 1, 17
little, 7, 7, 5666
silent, 3, 2, 5022
caught, 1, 1, 29
arsehole, 1, 1, 19
anyone, 3, 3, 314
returns, 3, 2, 509
2, 13, 10, 1841
white, 2, 2, 4
friend, 2, 2, 652
gives, 2, 2, 557
seduced, 1, 1, 421
anus, 1, 1, 1
eyes, 2, 2, 47
huh, 1, 1, 1
cops, 2, 1, 1
hillary, 3, 3, 180
butt, 8, 5, 52
fooled, 1, 1, 1
copy, 2, 2, 47
titans, 1, 1, 1
follr, 1, 1, 1
10, 12, 9, 2560
12, 1, 1, 68
15, 17, 11, 6914
unfortunately, 1, 1, 638
16, 1, 1, 1
18, 3, 3, 245
future, 3, 3, 95
apples, 2, 1, 4
miles, 1, 1, 4
tractor, 1, 1, 83
gathering, 1, 1, 421
sam, 2, 1, 528
turned, 2, 2, 4
sad, 1, 1, 2
dash, 1, 1, 29
say, 21, 18, 6234
rent, 2, 1, 8
matey, 1, 1, 68
breakfast, 2, 2, 51
saw, 7, 7, 55
sat, 1, 1, 1
alias, 1, 1, 1
efficient, 1, 1, 68
aside, 1, 1, 1
shocked, 1, 1, 83
zoo, 1, 1, 3
note, 1, 1, 311
wretch, 1, 1, 2
take, 10, 10, 854
performance, 2, 1, 528
grammys, 1, 1, 528
begin, 3, 3, 53
lint, 1, 1, 1
normal, 1, 1, 6
price, 1, 1, 1
knew, 2, 2, 26
insanity, 1, 1, 2
obsolete, 1, 1, -1
rematch, 1, 1, 73
donation, 1, 1, 36
schooli, 1, 1, 10
sheets, 1, 1, 5000
pair, 1, 1, 3
inserted, 1, 1, 1
lawn, 1, 1, 83
especially, 2, 2, 4
egg, 1, 1, 3
average, 3, 3, 34
later, 6, 6, 2179
implications, 1, 1, 2
drive, 5, 5, 130
mrs, 1, 1, 10
larry, 1, 1, 1
ferrari, 1, 1, 12
uncle, 1, 1, 2
laws, 1, 1, 1
pans, 1, 1, -1
walking, 3, 3, 696
shot, 1, 1, 4
show, 3, 3, 438
bright, 1, 1, 3
bedside, 1, 1, 5
uranus, 1, 1, 3
ground, 6, 5, 1630
slow, 1, 1, 1
dick, 2, 2, 11
robs, 1, 1, 104
husband, 4, 4, 4190
crime, 1, 1, 1
woof, 2, 1, 29
nickels, 3, 3, 1641
going, 17, 13, 1197
black, 8, 8, 79
m8, 1, 1, 1
incredulous, 1, 1, 2
fanta, 1, 1, 38
wooden, 2, 1, 421
bridge, 1, 1, 3
uhostile_unicorn, 1, 1, 1
psychiatrist, 1, 1, 5
designated, 1, 1, 1
truly, 1, 1, 1
tailor, 1, 1, 8
nearly, 1, 1, 421
gen, 1, 1, -1
celebrate, 2, 1, 46
leather, 1, 1, 46
morning, 4, 4, 478
naked, 2, 2, 107
jokes, 19, 17, 77
stupid, 6, 6, 719
bombs, 1, 1, 2
dough, 1, 1, 2
strapon, 1, 1, 84
silently, 1, 1, 2
bulgaria, 2, 2, 639
reveals, 1, 1, 42
player, 1, 1, -4
burst, 1, 1, 1
seat, 1, 1, 1
asleep, 1, 1, 421
anyways, 1, 1, 1
seal, 1, 1, 18
sport, 1, 1, 1
wonder, 2, 2, 32
farmers, 1, 1, 40
ways, 1, 1, 2
jumped, 1, 1, 3
fascinated, 1, 1, 83
definite, 1, 1, 421
dormitory, 1, 1, 5000
3, 2, 2, 6
reading, 2, 2, 12
across, 3, 3, 24
whipped, 1, 1, 42
tux, 2, 1, 8
notice, 3, 3, 46
unlocks, 1, 1, 421
rpcmasterrace, 1, 1, 58
supermarket, 1, 1, 42
killing, 1, 1, 638
blame, 2, 2, 89
spitfire, 1, 1, 4
jd, 1, 1, 1
come, 4, 4, 469
pixels, 1, 1, 1
daddy, 1, 1, 10
780, 1, 1, 3881
embarrassment, 1, 1, 4
reddit, 3, 3, 8
many, 9, 8, 502
monk, 35, 12, 7244
personal, 1, 1, 5
loudly, 1, 1, 4
dated, 2, 2, 396
backpack, 1, 1, 43
comes, 9, 8, 2924
allowance, 1, 1, 12
duty, 1, 1, 2
cancer, 1, 1, 0
color, 1, 1, 14
jeans, 1, 1, 13
pop, 1, 1, 3
twin, 1, 1, 1
69, 1, 1, 1
turkey, 2, 1, 1
arts, 1, 1, 4
escalated, 1, 1, 2
breath, 1, 1, 29
reflective, 1, 1, 421
jerky, 1, 1, 2
500, 2, 1, 36
engine, 1, 1, 1
gist, 1, 1, 1
armless, 5, 1, 2
thousand, 1, 1, 44
resistance, 1, 1, 6
observe, 1, 1, 2
wake, 2, 1, 5
extant, 1, 1, 3
careful, 2, 2, 96
ruby, 1, 1, 421
pilot, 2, 1, 4
sound, 12, 2, 422
consultant, 1, 1, 68
admired, 1, 1, 8
yj, 1, 1, 3
situation, 2, 2, 7
shops, 1, 1, 29
cock, 1, 1, 602
crusades, 1, 1, 29
eventually, 1, 1, 62
purse, 1, 1, 17
coffee, 13, 9, 1916
commander, 2, 1, 29
100th, 1, 1, 1
sudden, 1, 1, 17
ironic, 1, 1, 177
worry, 1, 1, 3881
different, 5, 4, 6
doctor, 1, 1, 5
pay, 2, 2, 220
mole, 6, 1, 10
food, 6, 5, 236
speech, 1, 1, 1675
document, 1, 1, 1
berry, 1, 1, 1
week, 5, 5, 1669
finish, 2, 2, 60
driver, 6, 4, 30
xdamn, 1, 1, -2
running, 1, 1, 56
fruit, 1, 1, 4
conductors, 2, 2, 31
vowel, 1, 1, 10
totally, 3, 3, 5
sirens, 1, 1, 421
oxsbig, 1, 1, 3
breeze, 2, 2, 11
debited, 1, 1, 36
frontpage, 1, 1, 1
amazed, 1, 1, 421
morons, 2, 2, 31
steamed, 1, 1, 1
money, 7, 6, 1744
valuable, 1, 1, 68
kill, 2, 2, 12
touch, 5, 2, 88
polish, 5, 3, 142
captured, 1, 1, 4
announcement, 1, 1, 1
death, 7, 3, 642
legitimately, 1, 1, 1
feminist, 1, 1, 2
thinking, 2, 2, 5007
seems, 4, 3, 183
except, 2, 2, 4
pile, 1, 1, 1
astonishment, 1, 1, 2
dicks, 1, 1, 1
pill, 1, 1, 5
gregarro, 1, 1, 5
real, 1, 1, 2
5c, 1, 1, 1
around, 6, 5, 90
kills, 1, 1, 15
read, 11, 11, 80
mow, 1, 1, 83
dark, 5, 5, 1040
mom, 7, 3, 540
tie, 1, 1, 150
world, 3, 3, 428
execution, 4, 1, 638
lady, 3, 2, 6
grin, 1, 1, 528
manpon, 1, 1, 1
buddies, 1, 1, 42
gyms, 1, 1, 5
laughing, 12, 8, 590
thunderwear, 1, 1, 8
clap, 3, 3, 109
explaining, 1, 1, 36
respect, 2, 2, 10
racial, 1, 1, 1
divine, 1, 1, 638
ahhhhhhhhhh, 2, 1, 134
confirm, 1, 1, -1
nooo, 1, 1, 16
911, 1, 1, -1
felt, 4, 4, 674
racism, 1, 1, 9
power, 1, 1, 5
poem, 1, 1, 1
communicate, 1, 1, 2
sess, 1, 1, 1
parishioners, 1, 1, 4
stroganoff, 1, 1, 19
throw, 2, 2, 12
_, 6, 2, 2119
giggle, 1, 1, 4
stone, 2, 1, 421
ok, 4, 3, 5002
ace, 1, 1, 4
oh, 21, 19, 1651
jeep, 1, 1, 3
island, 1, 1, 4
favorite, 2, 2, 2
side, 6, 5, 231
gums, 2, 1, 34
stand, 3, 3, 412
gregory, 2, 1, 5
lasting, 1, 1, 2
road, 2, 2, 417
op, 10, 10, 13
ladies, 3, 3, 3898
burning, 1, 1, 1
jokesone, 1, 1, 1
brunette, 2, 2, 3
responds, 1, 1, 5000
homeless, 2, 2, 398
strip, 1, 1, 421
elementary, 1, 1, 1
wade, 1, 1, 7
early, 1, 1, 1
dawned, 1, 1, 23
fill, 1, 1, 1
area, 1, 1, 1
hey, 1, 1, 44
lol, 9, 9, 10
start, 6, 5, 543
racist, 1, 1, 1
heyyyyy, 1, 1, 1
lot, 4, 4, 21
slowly, 1, 1, 421
heh, 1, 1, 1
hard, 6, 6, 251
groan, 1, 1, 1
enough, 11, 7, 119
idea, 1, 1, 2
wiping, 1, 1, 18
trying, 4, 4, 438
happening, 1, 1, 1
pull, 2, 2, 63
sadness, 1, 1, 2
grass, 1, 1, 421
trips, 1, 1, 1
wants, 2, 2, 15
ac, 1, 1, 1
tasti, 1, 1, 2
johnny, 6, 2, 84
taste, 1, 1, 7
ah, 1, 1, 2
watches, 4, 1, 40
fellow, 1, 1, 1
mormons, 1, 1, 2
fumbling, 1, 1, 1
aids, 1, 1, 22
girlfriend, 3, 3, 302
watched, 1, 1, 528
moves, 1, 1, 29
bishop, 13, 1, 2
8hpuv5pp4vq, 1, 1, 14
cream, 4, 1, 18
beyond, 1, 1, 421
englishman, 1, 1, 29
administered, 1, 1, 1
drivers, 1, 1, 3
roses, 1, 1, 1
valid, 2, 2, 107
5, 3, 3, 446
poor, 2, 2, 8
requested, 3, 1, 638
offensive, 1, 1, 16
refunded, 1, 1, 36
time, 26, 23, 8133
waving, 1, 1, 42
important, 1, 1, 1
included, 1, 1, 43
pool, 1, 1, 42
calls, 1, 1, 10
wife, 27, 7, 269
curve, 1, 1, 1
burrow, 2, 1, 10
u, 1, 1, 2119
alright, 2, 2, 1630
original, 3, 3, 135
69th, 1, 1, 1
forget, 1, 1, 421
vile, 1, 1, 2
caused, 2, 1, 638
dollar, 1, 1, 1629
thoughtful, 1, 1, 528
gt, 9, 4, 67
talks, 4, 2, 51
follow, 1, 1, 760
children, 2, 2, 6
glimpse, 1, 1, 5
ty, 1, 1, 1
tv, 3, 2, 84
removal, 1, 1, 0
tail, 1, 1, 4
smile, 1, 1, 240
presentation, 2, 1, 68
norm, 1, 1, 5
ta, 4, 4, 37
case, 1, 1, 7
woman, 17, 14, 1440
sitting, 4, 4, 5151
mph, 2, 1, 17
ouch, 1, 1, 2
fan, 5, 3, 71
minded, 1, 1, 3
got, 20, 17, 5190
ticket, 9, 2, 60
difference, 3, 3, 129
heaven, 2, 2, 44
lisp, 1, 1, 15
joined, 2, 2, 49
grandfather, 3, 1, 83
large, 1, 1, 29
sand, 1, 1, 421
harry, 2, 2, 1
small, 4, 4, 1628
anal, 2, 2, 13
cookies, 3, 2, 89
ten, 2, 2, 38
streets, 1, 1, 2
past, 1, 1, 5
titles, 1, 1, -3
design, 1, 1, 421
displays, 2, 1, 4
lawyer, 5, 1, 16
pass, 3, 1, 5000
toilet, 1, 1, 25
dissertation, 1, 1, 1
sub, 4, 4, 10
clock, 2, 2, 1
crust, 1, 1, 28
fucks, 1, 1, 2
version, 2, 2, 4
pulpit, 1, 1, 34
udderly, 1, 1, 5
learned, 2, 2, 641
everlasting, 1, 1, 5
movement, 1, 1, 10
full, 3, 3, 48
escaping, 1, 1, 2
certainly, 1, 1, 1
answers, 4, 3, 2051
motherfucker, 1, 1, 1
hours, 2, 2, 52
strong, 1, 1, 4
observing, 1, 1, 2
tragedy, 1, 1, 2
search, 1, 1, 4
bible, 3, 1, 46
colored, 1, 1, 1
ahead, 1, 1, 17
amount, 1, 1, 1514
pick, 3, 3, 11
narrow, 1, 1, 10
whimsical, 1, 1, 7
family, 4, 3, 568
suddenly, 2, 2, 6
put, 4, 3, 395
aimed, 1, 1, 4
pulls, 1, 1, 83
emoji, 1, 1, 1
eye, 3, 2, 2
takes, 4, 4, 1632
answered, 1, 1, 44
texting, 1, 1, 2
two, 15, 9, 1501
pearl, 1, 1, 421
6, 3, 3, 44
taken, 2, 2, 463
teen, 1, 1, 1
bushes, 1, 1, 1
bulgarian, 1, 1, 638
diamond, 1, 1, 421
door, 21, 5, 502
incontinental, 1, 1, 5
grabbing, 1, 1, 1
raype, 1, 1, -8
company, 1, 1, 4
stolen, 1, 1, 1
hundt, 1, 1, 1
telephone, 1, 1, 1
broke, 3, 3, 426
7000, 1, 1, 4
factories, 1, 1, 58
producing, 1, 1, 2
glad, 1, 1, 11
keeping, 2, 2, 3
wafts, 1, 1, 10
phillip, 1, 1, 16
offended, 1, 1, 3
mall, 3, 1, 1
v, 6, 6, 62
abandon, 1, 1, 638
male, 1, 1, 1066
sherlock, 1, 1, 1
beautiful, 5, 3, 428
shark, 1, 1, 27
atrocious, 1, 1, 3
pushes, 1, 1, 421
share, 1, 1, 7
accept, 1, 1, 421
numbers, 1, 1, 6
sense, 4, 4, 8
huge, 2, 2, 114
needs, 2, 2, 2
court, 3, 2, 639
rather, 1, 1, 42
departments, 1, 1, 5
bibles, 1, 1, 46
sacred, 1, 1, 421
speeding, 1, 1, 43
explains, 2, 2, 78
cannelloni, 1, 1, 2
hhhhhhhhhhhhhhhhhh, 1, 1, 1
okay, 2, 2, -1
tried, 3, 3, 19
notre, 2, 1, 2
advice, 1, 1, 68
par, 1, 1, 2
tries, 1, 1, 421
blood, 2, 2, 31
coming, 11, 10, 195
paddys, 1, 1, 29
response, 1, 1, 8
refuse, 1, 1, 15
short, 1, 1, -4
loud, 1, 1, 5
author, 1, 1, 43
rowdy, 1, 1, 1
stash, 1, 1, 1
dream, 1, 1, 638
replied, 6, 5, 129
euphemism, 1, 1, 5
materialistic, 1, 1, 16
help, 4, 4, 1632
stays, 1, 1, 3
urine, 1, 1, 12
disabled, 1, 1, 3
held, 1, 1, 1
isnt, 1, 1, 29
paper, 5, 3, 13
replies, 12, 8, 5920
hell, 1, 1, 2
itt, 1, 1, 2
hundredth, 1, 1, 8
26, 2, 2, 1630
20, 3, 3, 556
21, 1, 1, 8
possessions, 1, 1, 16
pray, 1, 1, 2
actually, 8, 8, 5334
late, 2, 2, -1
strange, 1, 1, 421
isaac, 2, 2, 226
obeef, 1, 1, 16
might, 1, 1, 1
someone, 12, 11, 600
yo, 1, 1, 3
ceo, 3, 1, 1
cannoli, 1, 1, 3
speechless, 1, 1, 638
peeing, 1, 1, 5
walls, 1, 1, 40
hahahahahaha, 1, 1, 6
starbucks, 1, 1, 0
sighed, 1, 1, 2
complain, 2, 2, 5088
mystery, 1, 1, 421
everytime, 1, 1, 40
always, 9, 9, 164
excellency, 1, 1, 2
stopped, 2, 2, 2
die, 1, 1, 5
found, 9, 8, 1144
fairy, 1, 1, 1
ports, 1, 1, -1
everyone, 5, 5, 1763
pirates, 1, 1, 2
needless, 1, 1, 638
monks, 15, 5, 5513
gun, 1, 1, 5
thing, 5, 5, 642
event, 1, 1, 30
really, 13, 13, 5551
leave, 3, 3, 437
flower, 1, 1, 1
missed, 1, 1, 46
wondered, 1, 1, 46
p, 1, 1, 2
since, 4, 4, 5772
safety, 1, 1, 5
7, 2, 2, 5
print, 1, 1, 46
issue, 1, 1, 1
outrun, 1, 1, 0
highway, 3, 1, 17
ass, 4, 4, 6
pun, 10, 10, 60
pathetic, 1, 1, -8
calzone, 1, 1, 5
bossom, 1, 1, 1
story, 3, 3, 6
reason, 3, 3, 36
cookie, 1, 1, 83
imagine, 2, 2, 14
ask, 4, 3, 440
teach, 1, 1, 20
beginning, 1, 1, 25
thrown, 1, 1, 638
pairs, 1, 1, 0
deer, 1, 1, 3
computers, 1, 1, -1
terrible, 3, 3, 8
expecting, 4, 4, 33
w, 2, 2, 2
bernie, 8, 8, 2920
fallen, 1, 1, 2
throws, 5, 3, 1630
feed, 2, 2, 430
major, 1, 1, 5
superbowl, 1, 1, 1
feel, 6, 6, 181
number, 7, 3, 427
fancy, 2, 2, 24
traveled, 1, 1, 421
feet, 1, 1, 1
done, 6, 6, 5097
hangs, 2, 2, 910
florist, 1, 1, 8
guess, 3, 3, 373
temperature, 1, 1, 357
twenty, 2, 2, 28
interviews, 2, 1, 2
least, 2, 2, 2719
jeb, 1, 1, 107
187, 1, 1, 43
passed, 1, 1, 5000
mama, 1, 1, 10
rates, 1, 1, 1
hundred, 1, 1, 2
banana, 4, 2, 649
store, 3, 3, 22
saint, 5, 2, 45
relationship, 3, 3, 4
behind, 4, 3, 431
hotel, 2, 1, 3
copter, 1, 1, 2
mmmm, 1, 1, 2
dentist, 1, 1, 34
scantily, 1, 1, 17
believe, 2, 2, 327
stairs, 1, 1, 2
obama, 3, 3, 4
grocery, 1, 1, 18
b, 1, 1, 6
savagery, 1, 1, 1
dank, 1, 1, 10
supposed, 3, 3, 107
riddance, 1, 1, 1
listen, 1, 1, 1
executioner, 3, 1, 638
kungfu, 1, 1, 4
alongside, 1, 1, 58
ages, 2, 2, 4188
alike, 1, 1, 3
orders, 4, 3, 1647
lie, 1, 1, 40
self, 1, 1, 421
cave, 1, 1, 2
also, 6, 6, 3930
without, 3, 2, 642
play, 4, 3, 5
electric, 3, 1, 638
monastery, 7, 2, 467
reach, 1, 1, 5
buthe, 1, 1, 2
wahoo, 1, 1, 2119
experiences, 1, 1, 4
eaten, 4, 2, 11
yousir, 1, 1, 44
nothing, 5, 4, 5649
wastes, 1, 1, 1675
model, 1, 1, 3
funnier, 1, 1, 37
giggling, 2, 2, 5
clear, 2, 2, 424
sometimes, 2, 1, 5
cover, 1, 1, 46
hyena, 1, 1, 55
part, 4, 4, 5
lying, 2, 1, 40
dodging, 1, 1, 29
particularly, 1, 1, 1
stunned, 1, 1, 2
pennies, 1, 1, 43
session, 1, 1, 1
hyped, 1, 1, 1
melody, 1, 1, 2
fine, 2, 2, 648
find, 11, 8, 562
justice, 1, 1, 1
convinced, 1, 1, 2
ruin, 1, 1, 1
less, 2, 2, 178
unhappy, 1, 1, 40
failed, 1, 1, 638
viagra, 1, 1, 1
pretty, 6, 6, 13
8, 6, 6, 111
circle, 2, 1, 0
hit, 4, 3, 4
multimillionaire, 1, 1, 12
kind, 1, 1, 1
feels, 1, 1, 10
preparing, 1, 1, 8
frankly, 1, 1, 1
1010, 1, 1, 11
remove, 2, 1, 125
hype, 1, 1, 1
wrote, 1, 1, 1
set, 3, 2, 36
sex, 9, 6, 135
see, 34, 32, 1231
individual, 2, 2, 2
dumb, 1, 1, -8
close, 1, 1, 4
arm, 2, 2, 21
declined, 1, 1, 73
nap, 1, 1, 3
knees, 1, 1, 421
probable, 1, 1, 0
movie, 1, 1, 4
wow, 6, 3, 88
50th, 1, 1, 1
please, 11, 10, 644
slapped, 1, 1, 1
35ths, 1, 1, 5
distraught, 2, 2, 423
donate, 2, 2, 10
piss, 1, 1, 1
knowing, 2, 1, 2
outloud, 1, 1, 1
missing, 2, 2, 17
commercial, 2, 2, 6
incident, 2, 2, 635
succeed, 1, 1, 62
c, 1, 1, 0
cubes, 1, 1, 10
last, 12, 8, 1083
license, 1, 1, 3
peggy, 1, 1, 1
fiance, 1, 1, 5
barely, 1, 1, 5
sensitive, 1, 1, 1
connection, 1, 1, 10
became, 1, 1, 46
poverty, 1, 1, 46
whole, 1, 1, 1
finds, 3, 3, 6676
sentenced, 2, 1, 638
point, 4, 3, 12
reasons, 2, 2, 107
sweet, 1, 1, 10
community, 1, 1, -3
spotting, 1, 1, 29
upvoted, 4, 4, 11
church, 4, 3, 28
expensive, 1, 1, -1
xpost, 1, 1, 2
raise, 1, 1, 1
monthly, 1, 1, 13
due, 1, 1, 2
pc, 4, 4, -5
pa, 1, 1, 1
damn, 3, 3, 4
damm, 1, 1, -1
meeting, 1, 1, 5
po, 1, 1, 2
empty, 2, 2, 42
pm, 1, 1, 1
lived, 1, 1, 5
gay, 2, 2, 11
fire, 1, 1, 5
wheeler, 1, 1, 16
gas, 1, 1, 20
remark, 1, 1, 6
else, 5, 5, 2213
anthony, 1, 1, 1
races, 1, 1, 18
understand, 1, 1, 1
demand, 1, 1, 0
instructor, 1, 1, 0
fokker, 2, 1, 4
equivocation, 1, 1, 2
look, 7, 7, 646
grains, 1, 1, 421
solid, 2, 2, 421
iimgurcomw1f3rzkgifv, 1, 1, 236
bill, 3, 3, 1670
impersonating, 1, 1, 1
pressed, 1, 1, 1
sobs, 1, 1, 46
fun, 2, 2, 75
richter, 1, 1, 10
robin, 1, 1, 1
engineers, 1, 1, 40
vaults, 1, 1, 46
hoping, 1, 1, 2
moth, 7, 2, 6
leans, 2, 1, 22
reads, 1, 1, 3
vow, 1, 1, 2
calender, 1, 1, 18
facade, 1, 1, 5
fatbut, 1, 1, 1
urethra, 1, 1, 0
funny, 15, 14, 69
deadpool, 3, 3, 4
earn, 1, 1, 1066
anymore, 2, 2, 316
decoy, 1, 1, 1
belong, 2, 2, 3
copying, 1, 1, 46
ruth, 1, 1, 1
cumming, 2, 2, 2
day, 16, 11, 1465
higher, 1, 1, 1
used, 8, 8, 63
belfry, 3, 1, 2
dime, 2, 2, 13
keys, 3, 2, 422
cigar, 1, 1, 83
yesterday, 2, 2, 3
moment, 1, 1, 2
flown, 1, 1, 638
uses, 1, 1, 40
purpose, 1, 1, 3
haunting, 1, 1, 421
breathalyzer, 1, 1, 1
gestures, 1, 1, 2
likes, 1, 1, 2
task, 1, 1, 421
mathing, 1, 1, 4
cheek, 1, 1, 3
anybody, 3, 2, 9
wedged, 1, 1, 10
obviously, 2, 1, 17
person, 5, 5, 780
cherith, 2, 2, 2
listening, 1, 1, 25
amp, 1, 1, 1
questions, 1, 1, 17
mob, 1, 1, 34
wage, 3, 3, 73
retirement, 1, 1, 46
bellhop, 1, 1, 3
pleasuring, 1, 1, 1
cup, 2, 2, 1630
funpolice, 1, 1, 1
workers, 1, 1, 760
aloha, 2, 2, 358
eager, 1, 1, 16
cue, 1, 1, 1
cherries, 2, 1, 4
parents, 3, 2, 31
dixon, 1, 1, 1
crying, 1, 1, 4
violations, 1, 1, 1
easter, 1, 1, 22
excited, 2, 2, 31
surprised, 2, 2, 13
ujokeexplainbot, 2, 2, 21
customers, 1, 1, 2
shitposting, 1, 1, 2
march, 1, 1, 10
big, 5, 5, 112
showing, 2, 2, 18
quest, 1, 1, 421
clutched, 1, 1, 2
333, 3, 1, 166
bit, 6, 6, 5028
18000, 1, 1, 43
bis, 1, 1, -1
helpful, 1, 1, 68
follows, 1, 1, 10
ignorance, 1, 1, 1
collect, 1, 1, 4
popular, 1, 1, 8
caws, 1, 1, 0
foolish, 1, 1, 16
perked, 1, 1, 1
google, 1, 1, 1
often, 1, 1, 46
fucking, 6, 6, 5078
spring, 2, 1, 10
fake, 1, 1, 58
back, 17, 11, 1162
bach, 1, 1, 2
sighs, 1, 1, 5000
lips, 1, 1, 3
mirror, 1, 1, 5
curious, 2, 2, 42
savage, 3, 3, 5
scale, 1, 1, 10
interaction, 1, 1, 0
decision, 2, 2, 43
shall, 1, 1, 421
per, 2, 2, 4
pen, 1, 1, 19
dating, 1, 1, 1
porridge, 1, 1, 5000
run, 3, 3, 9
word, 3, 3, 51
jumps, 1, 1, 18
costumer, 1, 1, 3
bi, 1, 1, 2
step, 1, 1, 403
hahahahaha, 1, 1, 6
nowhere, 1, 1, 16
chick, 1, 1, 1
alleyway, 2, 1, 29
crap, 1, 1, 1
anything, 2, 2, 5421
ariel, 1, 1, 2
pains, 1, 1, 5
together, 1, 1, 92
sponsored, 1, 1, 58
silence, 3, 3, 532
seeing, 3, 3, 2737
jimmy, 2, 2, 20
clinton, 3, 3, 43
grammy, 1, 1, 3
visit, 1, 1, 2
70, 1, 1, 311
sqwert, 1, 1, 1
dame, 2, 1, 2
momma, 1, 1, 3
mitosis, 1, 1, 48
gaffaw, 1, 1, 1
lesson, 1, 1, 638
smells, 1, 1, 10
statistics, 1, 1, 1
question, 5, 4, 30
fast, 4, 4, 653
forward, 1, 1, 2
opens, 2, 1, 421
inches, 2, 2, 177
graciously, 1, 1, 421
collapsed, 1, 1, 2
babality, 1, 1, 2
pastor, 3, 2, 38
boys, 1, 1, 4
properly, 1, 1, -8
link, 2, 2, 44
alive, 1, 1, 15
fishy, 1, 1, 1
line, 9, 6, 18
penguin, 6, 2, 19
us, 2, 2, 426
corsage, 2, 1, 8
planet, 2, 2, 23
uh, 2, 2, 9
planes, 1, 1, 4
similar, 3, 3, 532
called, 4, 4, 71
ordered, 1, 1, 1
flow, 1, 1, 10
entrance, 1, 1, 10
single, 2, 1, 638
cure, 1, 1, 8
curb, 1, 1, 1
dragging, 1, 1, 2
stripper, 3, 3, 45
halloweentown, 1, 1, 1
peach, 1, 1, 1
nah, 1, 1, 1
rewriting, 1, 1, 46
clicking, 2, 2, 3
politicians, 1, 1, 40
dooes, 1, 1, 2
electrical, 1, 1, 6
arithmetic, 1, 1, 1
nice, 13, 13, 20
raped, 1, 1, 29
draw, 1, 1, 30
users, 1, 1, 3
breasts, 1, 1, 8
meaning, 1, 1, 1
allowing, 1, 1, 2
utterly, 1, 1, 421
heroine, 2, 2, 45
ago, 1, 1, 1
whoring, 1, 1, 15
lane, 2, 2, 20
land, 1, 1, 1
e, 1, 1, 3
disbelief, 1, 1, 1
age, 2, 2, 4
walked, 1, 1, 1
2000, 1, 1, 12
carrying, 2, 1, 4
karma, 4, 4, 2178
far, 3, 3, 4
buffalo, 2, 1, 1
hello, 1, 1, 42
pervert, 1, 1, 12
cornbreesha, 1, 1, 0
hint, 1, 1, 1
results, 1, 1, 1
gg, 2, 2, 0
penis, 5, 2, 110
softer, 1, 1, 2
aw, 1, 1, 9
go, 16, 11, 784
flashback, 1, 1, 1
conversation, 1, 1, 1
rsex, 1, 1, 2
gold, 2, 2, 423
reposted, 2, 2, 14
wizard, 1, 1, -1
young, 3, 2, 11
fatal, 1, 1, 8
sent, 1, 1, 2
customer, 2, 2, 2
imgurcomed43vit, 1, 1, 191
pleads, 1, 1, 421
continues, 1, 1, 4
wishes, 1, 1, 25
telling, 1, 1, 103
drinking, 1, 1, 5
ending, 1, 1, 6
continued, 1, 1, 2
entire, 1, 1, 11
redistribute, 1, 1, 61
quasimodo, 2, 1, 2
dimed, 1, 1, 1
gender, 1, 1, 177
button, 2, 2, 2
michael, 1, 1, 1
try, 6, 6, 206
race, 3, 2, 1
car, 11, 7, 485
trp, 1, 1, 1
dimes, 6, 5, 1653
smaller, 1, 1, 2
cannibals, 1, 1, 4
ripped, 1, 1, 1
jump, 3, 3, 47
video, 1, 1, 43
reunion, 1, 1, 39
carillon, 1, 1, 2
believes, 1, 1, 1
odd, 1, 1, 3
poke, 2, 2, 39
giving, 2, 2, 878
hereditary, 1, 1, 2
electricity, 1, 1, 10
bird, 2, 1, 1
nazis, 1, 1, 2
body, 2, 2, 88
leg, 1, 1, 602
gathered, 1, 1, 2
underwood, 1, 1, 528
punch, 4, 4, 11
youngest, 1, 1, 5
growing, 1, 1, 0
bachelor, 2, 2, 44
let, 8, 6, 212
others, 1, 1, 2
sexy, 1, 1, 3
fifteen, 1, 1, 5000
kidnapped, 1, 1, 2
great, 5, 5, 428
involved, 1, 1, 1629
leaving, 3, 3, 5003
resulting, 1, 1, 638
ps4, 1, 1, -1
makes, 6, 6, 2848
honor, 2, 1, 46
thats, 1, 1, 4
holmes, 2, 1, 1
tapes, 1, 1, 1
heart, 2, 2, 27
ears, 1, 1, 1
apprehensive, 1, 1, 421
baskets, 2, 1, 29
nantucket, 1, 1, 1
wit, 1, 1, 8
limo, 2, 1, 8
apply, 1, 1, 2
route, 1, 1, 1
standing, 2, 2, 17
strapped, 3, 1, 638
use, 7, 6, 81
afrikaans, 1, 1, 2
hears, 1, 1, 421
lube, 1, 1, 2
next, 9, 8, 624
means, 1, 1, 6
whelps, 1, 1, 2
mchunt, 1, 1, 1
cheeks, 1, 1, 1
clever, 4, 4, 3
started, 2, 2, 41
train, 9, 3, 673
pft, 1, 1, 2
baby, 8, 5, 51
unfaithful, 1, 1, 42
women, 7, 7, 340
annoy, 1, 1, 103
oi, 1, 1, 1
tunnel, 1, 1, 10
anywhere, 2, 2, 397
thin, 1, 1, 5000
meet, 1, 1, 4
closing, 1, 1, 1
patrol, 1, 1, 29
bent, 1, 1, 3
thirsty, 1, 1, 8
mowing, 2, 1, 83
process, 1, 1, 2
tax, 1, 1, 0
high, 1, 1, 6
pulling, 1, 1, 602
something, 9, 7, 324
slip, 1, 1, 44
followsbut, 1, 1, 10
skirt, 1, 1, 24
rape, 4, 2, 2
sir, 6, 5, 1667
sip, 1, 1, 83
sit, 1, 1, 103
brian, 1, 1, 1
winners, 1, 1, 3
reposting, 1, 1, 8
instead, 3, 3, 116
fam, 1, 1, -8
buildings, 2, 2, 212
singular, 1, 1, 17
farm, 1, 1, 2
stop, 1, 1, 5
baton, 1, 1, 15
leukemia, 1, 1, 5
fart, 1, 1, 22
fits, 1, 1, 4
spelling, 2, 2, 10
hawk, 1, 1, 5
realized, 2, 2, 8
bombers, 1, 1, 4
light, 4, 4, 783
lame, 1, 1, 1
lines, 1, 1, 3
trembling, 1, 1, 421
chief, 3, 1, 4
honestly, 2, 2, 6
fastest, 1, 1, 5
fattest, 1, 1, 403
mute, 1, 1, 1
move, 2, 2, 43
looks, 8, 6, 689
damnit, 2, 2, 2
heregt, 1, 1, 1
dr, 1, 1, 1
lt, 1, 1, 1
willing, 1, 1, 421
asking, 1, 1, 1
redhead, 2, 2, 3
covered, 1, 1, 42
2016, 1, 1, 18
dad, 5, 4, 533
tears, 1, 1, 11
crash, 2, 1, 638
dam, 1, 1, 10
spell, 1, 1, 4
voiceblind, 1, 1, 1
flew, 4, 2, 640
dat, 1, 1, 1
snoopy, 1, 1, 2
hands, 3, 3, 485
front, 6, 6, 242
realize, 2, 2, 8
applicants, 1, 1, 2
wrangler, 1, 1, 3
mods, 1, 1, 2
orange, 1, 1, 11
edit, 2, 2, 1630
feast, 2, 1, 46
trap, 1, 1, 30
awwwgoddamn, 1, 1, 1
crossing, 1, 1, 3
78mil, 1, 1, 2428
glasses, 1, 1, 2
bentley, 1, 1, 16
books, 1, 1, 22
80, 2, 2, 3
sexual, 2, 2, 4
secretly, 2, 2, 24
bag, 2, 2, 14
mate, 1, 1, 638
scimitar, 1, 1, 29
hilarious, 1, 1, 1
intervention, 1, 1, 638
cause, 1, 1, 5
announced, 1, 1, 2
shut, 2, 2, 35
approached, 1, 1, 2
promptly, 1, 1, 36
approaches, 1, 1, 5000
vacations, 1, 1, 12
thrust, 1, 1, -1
ua0gia1jbcm, 1, 1, 1
backwards, 1, 1, 4
prepare, 1, 1, 1
g, 1, 1, 3
could, 27, 22, 6236
kiss, 1, 1, 3
stereotype, 3, 1, 1
times, 4, 4, 251
keen, 1, 1, 14
length, 1, 1, 27
strapping, 1, 1, 638
waitress, 1, 1, 2
guyz, 1, 1, 1
finest, 1, 1, 1
nazzi, 1, 1, -1
owned, 1, 1, 8
jesus, 2, 2, 85
hahahaha, 2, 2, -2
improvements, 1, 1, 68
bitch, 1, 1, 2
mah, 1, 1, 10
reached, 1, 1, 2
prank, 1, 1, 25
sadly, 1, 1, 2
monkey, 1, 1, 1
bears, 1, 1, 1
hilary, 4, 4, 6483
relations, 1, 1, 3
attack, 1, 1, 25
perfectly, 3, 3, 745
final, 2, 1, 638
misunderstood, 1, 1, 2
stomach, 1, 1, 18
explanation, 1, 1, 7
nobody, 3, 3, 109
biggest, 2, 2, 1130
chemicals, 2, 1, 125
grandpa, 3, 2, 105
loved, 3, 2, 643
colleagues, 1, 1, 16
ben, 1, 1, 30
bother, 1, 1, 2119
beg, 1, 1, 3
bed, 7, 7, 5241
loves, 1, 1, 2
bind, 1, 1, 46
staking, 1, 1, 1
bet, 6, 6, 22
false, 1, 1, 34
clip, 1, 1, 1
violets, 1, 1, 1
ringer, 4, 1, 2
spelled, 2, 2, 68
tonight, 2, 2, 4
gentle, 1, 1, 3
need, 10, 9, 792
apparently, 1, 1, 10
screw, 1, 1, 260
dishes, 2, 1, 68
able, 1, 1, 421
asshole, 7, 4, 247
seductive, 2, 1, 421
blades, 1, 1, 421
unless, 1, 1, -1
aww, 2, 2, 3
moths, 1, 1, 1
eight, 1, 1, 34
breh, 1, 1, 1
thanksgiving, 1, 1, 1
face, 6, 6, 130
looked, 8, 8, 1510
near, 1, 1, 421
1995, 1, 1, 3
businessman, 1, 1, 12
fact, 3, 2, 84
text, 1, 1, 258
agreed, 1, 1, 2
bring, 3, 2, 9
bedroom, 2, 2, 15
soldiers, 1, 1, 29
chicken, 1, 1, -4
shoes, 1, 1, 3
bloodborne, 1, 1, 1
ha, 3, 2, 19
based, 1, 1, 36
earned, 1, 1, 1066
sparks, 3, 1, 638
upvote, 8, 8, 145
marriage, 2, 2, 43
local, 2, 2, 47
hope, 5, 5, 82
meant, 1, 1, 638
handle, 1, 1, 3
990, 1, 1, 32
listened, 1, 1, 2
watching, 3, 3, 638
beat, 2, 2, 30
familiar, 1, 1, 528
lucky, 1, 1, 0
listener, 1, 1, 1
molasses, 1, 1, 10
alejandrisha, 1, 1, 0
words, 9, 6, 283
probably, 7, 7, 23
scrolling, 1, 1, 4
saracen, 3, 1, 29
h, 1, 1, 0
married, 5, 3, 17
taxes, 1, 1, 7
calling, 1, 1, 46
cleavage, 1, 1, 17
obscenities, 1, 1, 1
motorcycle, 1, 1, 17
madam, 3, 1, 44
picture, 1, 1, 3
packer, 1, 1, 1
humans, 4, 3, 1080
cajun, 1, 1, 0
legacy, 1, 1, 1
asks, 10, 9, 7120
state, 1, 1, 421
identification, 1, 1, 1
horrible, 1, 1, 1
stories, 1, 1, 1
bought, 2, 2, 18
opening, 1, 1, 10
however, 1, 1, 7
efficiency, 1, 1, 68
job, 6, 4, 686
key, 3, 1, 421
reappears, 1, 1, 44
legit, 1, 1, 1
hits, 1, 1, 17
figured, 1, 1, 3
career, 1, 1, -3
joke, 46, 45, 1336
taking, 1, 1, 83
samaritan, 1, 1, 1
aircraft, 1, 1, 4
etc, 1, 1, 2
admit, 2, 2, 259
hauls, 1, 1, 1
puff, 1, 1, 83
swallow, 1, 1, 5
rodney, 2, 1, 3
schroedinger, 1, 1, 22
otherwise, 1, 1, 25
comment, 3, 3, 2126
gone, 1, 1, 760
ca, 7, 5, 1185
walk, 3, 3, 74
laugh, 5, 5, 36
table, 1, 1, 42
quit, 3, 3, 90
constantinople, 1, 1, 29
copies, 1, 1, 46
cent, 1, 1, 7
ai, 1, 1, 1
hellish, 1, 1, 5
mike, 9, 6, 563
nickel, 2, 2, 2
finishes, 1, 1, 83
moved, 2, 2, 42
skewed, 1, 1, 2
meaningless, 1, 1, 8
hmm, 1, 1, 528
finished, 2, 2, 596
bulb, 1, 1, 760
titter, 1, 1, 2
huehue, 1, 1, 2
unlike, 1, 1, 421
harder, 1, 1, 2
hahaha, 2, 2, 1
almost, 1, 1, 4
walks, 5, 4, 5047
thus, 1, 1, 528
weighed, 1, 1, 2
demanded, 1, 1, 1
partner, 1, 1, 42
whore, 1, 1, 17
geth, 1, 1, 1
bazaars, 1, 1, 29
perhaps, 2, 1, 5
began, 5, 5, 54
cross, 1, 1, -4
parts, 1, 1, 42
party, 3, 3, 46
gets, 6, 6, 306
difficult, 1, 1, 1
http, 8, 8, 549
drink, 2, 2, 41
disagree, 1, 1, 4
octagon, 1, 1, -1
beast, 1, 1, 1
oranges, 2, 1, 15
student, 1, 1, 30
vault, 3, 1, 46
fucked, 2, 2, 2
frequently, 1, 1, 1
expand, 1, 1, 25
pleasantly, 2, 2, 13
raping, 1, 1, 3
acknowledgement, 2, 1, 5000
well, 23, 14, 8467
thought, 18, 18, 943
sets, 1, 1, 421
drawing, 1, 1, 2
realised, 1, 1, 1
lightbulb, 1, 1, 260
carrie, 2, 2, 528
bananas, 5, 1, 638
cried, 2, 1, 46
heavily, 2, 2, 3
granddad, 1, 1, 83
emerald, 1, 1, 421
cries, 2, 2, 12
batteries, 2, 2, 23
mistakes, 1, 1, 46
protecting, 1, 1, 4
happiness, 1, 1, 5
web, 1, 1, 5
console, 3, 3, 4
bell, 8, 3, 25
morbidly, 1, 1, 16
killed, 5, 4, 673
simple, 6, 6, 19
add, 1, 1, 68
book, 1, 1, 3
attractive, 2, 2, 43
wet, 2, 2, 53
upvotes, 2, 2, 2
smart, 1, 1, 3
bachyou, 1, 1, 1
kick, 1, 1, 4
knob, 1, 1, 421
illinivich, 2, 1, 5
myth, 3, 3, 348
stooped, 1, 1, 2
whispers, 1, 1, 22
260, 2, 2, 1630
five, 7, 4, 1720
know, 24, 19, 4585
unseen, 1, 1, 2
immediately, 2, 2, 5
password, 1, 1, 2
insert, 1, 1, 1
lincoln, 1, 1, 7
like, 51, 44, 6148
lost, 1, 1, 1
perpetual, 1, 1, 421
clown, 1, 1, 1
loses, 1, 1, 1
become, 7, 4, 500
works, 1, 1, 6
kawasaki, 1, 1, 17
page, 1, 1, 4
replacement, 1, 1, 2
deviation, 1, 1, 1
belonged, 1, 1, 40
upgrades, 1, 1, 3
searching, 3, 3, 426
authority, 1, 1, 5
shes, 1, 1, 1
home, 7, 6, 1356
peter, 5, 2, 45
scurries, 1, 1, 10
250, 1, 1, 1
lead, 2, 2, 422
literally, 3, 3, 113
avoid, 1, 1, 6
germandutch, 1, 1, 4
assuming, 1, 1, 2
screwed, 3, 2, 45
mode, 1, 1, 2
ithaha, 1, 1, -2
thinly, 1, 1, 9
noise, 3, 2, 18
medieval, 1, 1, 3
pressure, 1, 1, 1
pasta, 1, 1, 1
loans, 1, 1, 2
hiding, 1, 1, 2
sister, 1, 1, 17
puts, 1, 1, 4
stereotypically, 1, 1, 1066
getting, 3, 3, 19
swear, 1, 1, 2
cleganebowl, 1, 1, 1
punchline, 5, 5, 14
cocked, 1, 1, 5
zones, 1, 1, 1
washington, 1, 1, 3
screamed, 1, 1, 16
female, 1, 1, 1066
luck, 1, 1, 1
pointless, 1, 1, 8
1986, 1, 1, 3
rushed, 3, 1, 2
cinderella, 1, 1, 2
noticed, 1, 1, 68
notices, 1, 1, 42
recruited, 1, 1, 1
uncontrollable, 1, 1, 46
delivery, 3, 3, 3
reminds, 3, 3, 469
hi, 1, 1, 1
valerian, 1, 1, 1
goals, 1, 1, 1
rectum, 1, 1, 12
highest, 1, 1, 2119
shaolin, 1, 1, 55
made, 17, 14, 1276
places, 1, 1, 11
wish, 4, 4, 5432
cells, 1, 1, 10
omalley, 1, 1, 166
record, 1, 1, 528
tosses, 1, 1, 421
demonstrate, 1, 1, 2
problem, 2, 1, 5
piece, 2, 2, 13
minutes, 11, 7, 701
diligently, 1, 1, 46
irish, 3, 3, 21
cmon, 1, 1, 1
replying, 1, 1, 528
reservations, 1, 1, 5
kisses, 1, 1, 3
topless, 2, 2, 5
twist, 5, 5, 8
abbot, 7, 1, 88
eric, 1, 1, 2
48, 2, 2, 1663
dressed, 1, 1, 17
45, 2, 2, 2120
42, 1, 1, 3
40, 3, 3, 31
remindme, 3, 3, 9
talkie, 1, 1, 1
reckless, 2, 1, 638
dresser, 1, 1, 11
repeat, 2, 2, -2
plate, 2, 2, 63
elitists, 1, 1, -8
stay, 4, 3, 425
chance, 2, 2, 423
kinda, 1, 1, -1
gap, 3, 3, 73
friends, 4, 2, 8
shredder, 1, 1, 1
stirred, 1, 1, 1
using, 7, 6, 215
mozart, 1, 1, 1
rforwardsfromgrandma, 1, 1, 1
rule, 1, 1, 3
upsidedown, 1, 1, 760
rtwoxchromosomes, 1, 1, 1
ivinalititavitch, 1, 1, 5
katherine, 1, 1, 1
