Word, Frequency, Comment Frequency, Net Score
stock, 3, 3, 8
limited, 1, 1, 1
saves, 1, 1, 12
sowell, 2, 2, 151
colleges, 1, 1, 1
everybody, 1, 1, 1
four, 3, 3, 82
jihad, 1, 1, -2
railing, 1, 1, 27
hate, 9, 7, 7
poorly, 2, 2, 2
whose, 2, 2, 1
votes, 9, 8, 306
voter, 2, 2, 16
violate, 1, 1, 2
themes, 1, 1, 1
eligible, 1, 1, 1
electricity, 1, 1, 81
crises, 1, 1, 1
segments, 2, 2, 1
disability, 1, 1, 1
voted, 7, 5, 9
teaching, 1, 1, -1
sorry, 4, 4, 509
ergo, 1, 1, -4
worth, 7, 7, 78
placed, 1, 1, 1
comparatively, 1, 1, 10
legislators, 2, 1, 0
nonemergency, 1, 1, 7
dispense, 1, 1, 1
internet, 1, 1, -3
penny, 1, 1, 1
gnp, 1, 1, 1
distort, 1, 1, 1
chicanery, 1, 1, 1
every, 13, 12, 262
affect, 1, 1, 0
vast, 1, 1, 1
identity, 2, 1, 1
school, 4, 4, 97
hasnamp, 1, 1, 0
prize, 1, 1, 1
skills, 1, 1, 2
ref, 6, 2, 9
companies, 5, 4, 13
solution, 11, 7, 4
resourses, 1, 1, 3
correct, 2, 2, 2
indefinitely, 1, 1, -11
2000, 1, 1, 0
delegate, 4, 4, 269
informative, 1, 1, 19
harriet, 1, 1, 1
monopolized, 1, 1, 0
straight, 1, 1, 6
cmp, 1, 1, 0
enjoy, 1, 1, 3
paperback, 1, 1, 40
force, 7, 5, 3
tired, 2, 2, 3
consistent, 1, 1, 6
guidelines, 1, 1, 1
direct, 2, 2, 5
unscrewing, 1, 1, 1
270, 1, 1, -1
likely, 5, 4, 6
fabulous, 1, 1, 0
compliance, 1, 1, 1
estimated, 1, 1, 10
newsbud, 2, 1, 3
shining, 2, 2, 4
even, 44, 37, 422
preferences, 1, 1, 2
prisons, 23, 10, 72
ruthless, 1, 1, -5
decisions, 6, 5, 13
beaten, 2, 1, -1
liberty, 5, 3, 8
bro, 1, 1, -1
bonuses, 2, 2, 5
new, 24, 17, 109
net, 3, 2, 4
carpet, 1, 1, 1
ever, 9, 9, 31
told, 3, 3, 5
bbbbbut, 1, 1, -2
simultaneously, 2, 2, 10
behavior, 1, 1, 3
offenses, 1, 1, -1
never, 15, 15, 99
richest, 2, 2, 88
hundreds, 5, 4, 2
reported, 2, 2, 2
60000, 1, 1, 1
china, 4, 4, 5
kicker, 1, 1, 31
active, 1, 1, 19
path, 2, 2, 3
100, 12, 11, 60
101, 1, 1, 37
dry, 1, 1, 2
conspiricahhh, 1, 1, 2
kids, 5, 4, 8
auction, 1, 1, 1
leaves, 1, 1, 26
economics, 10, 9, 74
reports, 3, 3, 4
controversy, 1, 1, 1
credit, 2, 2, 61
abolition, 1, 1, 2
browsing, 1, 1, 5
advantages, 1, 1, 10
aka, 2, 2, 69
fell, 2, 2, 3
criticism, 1, 1, 3
envious, 1, 1, -3
secure, 1, 1, 4
campaign, 9, 6, 70
farben, 1, 1, 4
precincts, 1, 1, 1
highly, 3, 3, -19
brought, 2, 2, 2
regulatory, 1, 1, 27
roles, 1, 1, 1
total, 2, 2, 4
forums, 1, 1, 3
landscape, 1, 1, 3
opponents, 1, 1, 6
plot, 1, 1, 2
cheating, 1, 1, 0
dna, 1, 1, 4
would, 80, 56, 599
army, 2, 1, 0
hospital, 4, 2, 9
hungry, 1, 1, 4
chooses, 2, 2, 4
asses, 2, 2, 7
noting, 1, 1, 9
call, 7, 7, 80
therefore, 2, 2, 6
recommend, 3, 3, 7
type, 2, 2, 3
1000, 1, 1, 6
suffocated, 1, 1, -1
supporters, 16, 13, 113
holy, 1, 1, 52
successful, 10, 5, 27
brings, 3, 3, 3
naive, 1, 1, 1
snarky, 1, 1, 3
reign, 1, 1, 0
hurt, 1, 1, -3
99, 1, 1, 1
fridges, 1, 1, 3
arms, 1, 1, 0
excellent, 1, 1, 1
allies, 1, 1, 0
hole, 3, 3, 9
hold, 1, 1, 1
95, 1, 1, 1
blocking, 1, 1, 66
96, 1, 1, 1
shoot, 2, 2, 4
mwh, 1, 1, 1
join, 1, 1, 2
anchor, 1, 1, 2
thanks, 1, 1, -1
rights, 6, 6, 35
blitz, 1, 1, 1
work, 22, 19, 200
gasoline, 1, 1, 6
cuddly, 1, 1, 3
locker, 1, 1, 40
exploitative, 1, 1, 1
era, 2, 2, 1
transparency, 1, 1, 0
henry, 1, 1, 37
example, 13, 10, 37
unshackled, 1, 1, -1
boyfriend, 1, 1, 1
estate, 1, 1, 0
give, 7, 6, 104
nozzle, 3, 2, 2
currency, 1, 1, 1
want, 34, 29, 70
uchrism3, 1, 1, 49
keep, 7, 7, 58
23lpnational, 1, 1, 2
absolute, 1, 1, 6
ceremony, 2, 1, 6
end, 11, 10, 46
recovery, 1, 1, 3
thing, 23, 20, 93
provide, 4, 4, 2
handguns, 1, 1, 40
nuts, 1, 1, 0
feature, 1, 1, 2
machine, 1, 1, 2
amazing, 2, 2, 1
ig, 1, 1, 4
answer, 5, 5, 69
gate, 1, 1, 1
ordinary, 3, 2, 43
minority, 1, 1, 2
mess, 1, 1, 3
confirmed, 1, 1, 1
diagram, 1, 1, 0
barriers, 1, 1, 0
wrong, 9, 8, 95
fat, 1, 1, 1
destined, 1, 1, 0
president, 10, 9, 108
law, 32, 19, 69
meaningful, 2, 2, 1
types, 3, 3, 45
lifesaving, 1, 1, 10
armed, 2, 2, 3
attempt, 1, 1, 4
third, 3, 3, 7
germs, 1, 1, 1
wins, 4, 4, 266
attracts, 1, 1, 26
acknowledged, 1, 1, 2
fictional, 1, 1, 0
capitalism, 10, 7, 26
sickening, 1, 1, 2
complexity, 1, 1, 19
green, 1, 1, 1
ammo, 4, 2, 30
capitalist, 3, 3, 82
keeps, 2, 2, 5
worst, 1, 1, 1
democratic, 5, 4, 14
wing, 3, 3, 9
senators, 2, 2, 4
feedback, 12, 6, 8
office, 6, 6, 12
consent, 5, 4, 58
emt, 1, 1, 31
murray, 1, 1, 2
womenonly, 1, 1, 1
london, 1, 1, 0
thesis, 1, 1, 7
fify, 1, 1, 1
scalia, 8, 4, 19
bubbles, 2, 1, 64
digest, 1, 1, 6
usamazon, 1, 1, 1
unknown, 1, 1, 1
austerity, 1, 1, 0
fit, 4, 4, 48
hypocrisy, 2, 2, 11
personal, 7, 6, 85
fix, 3, 3, 29
recreational, 2, 1, 40
expectations, 1, 1, 1
imo, 1, 1, 11
writing, 2, 2, 3
better, 32, 26, 160
hm, 1, 1, 19
production, 7, 6, 21
compelling, 1, 1, 3
enlisted, 1, 1, 0
workable, 1, 1, 1
weeks, 1, 1, 2
easier, 2, 2, 1
firearms, 1, 1, 19
iowa, 2, 1, 2
bans, 1, 1, 2
fixation, 1, 1, 2
unemployed, 1, 1, 81
safe, 2, 2, 42
birth, 1, 1, 3
zoning, 1, 1, 64
break, 1, 1, 1
effects, 1, 1, 1
schools, 3, 2, 5
downright, 2, 2, 13
rentseekerslandlords, 1, 1, 11
like_, 1, 1, 5
bank, 2, 2, 2
headboard, 1, 1, -10
rhetoric, 2, 1, 1
alex, 2, 2, 2
cronyism, 3, 3, 49
repeatedly, 1, 1, 1
feelthebum, 1, 1, 81
arrested, 1, 1, 4
l, 1, 1, 17
unnoticed, 1, 1, 5
arrow, 1, 1, 1
went, 4, 4, 6
side, 7, 5, 12
bone, 1, 1, 1
mean, 10, 9, 38
consolidate, 1, 1, 4
signing, 2, 1, -1
whim, 1, 1, 262
financial, 1, 1, 1
fairly, 1, 1, 5
gunna, 1, 1, 22
series, 2, 2, 3
innocent, 1, 1, 3
principles, 2, 2, 10
passwords, 1, 1, 2
trading, 3, 2, 5
impossible, 2, 2, 68
shitpost, 2, 2, -1
lawyers, 2, 2, 0
principled, 1, 1, -1
optimistically, 1, 1, -2
sounds, 8, 8, 25
decree, 1, 1, 0
gon, 1, 1, 1
rp, 3, 3, 582
network, 1, 1, 3
driving, 1, 1, 1
rentinterestgraft, 1, 1, 1
god, 4, 4, 41
encourage, 2, 2, 9
rlib, 1, 1, 1
pool, 1, 1, 1
undeserved, 1, 1, 87
tirades, 1, 1, 7
medicine, 5, 1, 7
got, 23, 20, 143
gov, 1, 1, 2
forth, 1, 1, 1
gop, 6, 4, 46
20tradition_3pdf, 1, 1, 37
turning, 1, 1, 4
endorsement, 1, 1, 1
love, 6, 6, -18
sellout, 1, 1, 2
veto, 1, 1, 3
overweight, 1, 1, 19
sheer, 1, 1, 0
free, 41, 28, 120
standard, 4, 3, 65
allocation, 2, 1, 1
atf, 1, 1, 1
enormous, 1, 1, 1
shermer, 1, 1, 1
unfulfilled, 1, 1, 19
starts, 1, 1, 1
refugee, 1, 1, 3
privacy, 1, 1, 4
secularism, 1, 1, 2
days, 2, 2, 4
priorities, 2, 1, 2
messagecompose, 2, 1, 2
creates, 1, 1, 21
bkgf5pabzyg, 1, 1, 6
levels, 4, 2, 48
1970s, 2, 2, 1
corrections, 3, 1, 1
uses, 2, 2, -2
degeneracy, 1, 1, -1
onto, 1, 1, 3
purpose, 1, 1, 0
rand, 16, 13, 36
already, 9, 9, 98
characters, 1, 1, 0
economists, 2, 2, 4
researcher, 1, 1, 3
meet, 1, 1, 1
synonymous, 1, 1, 1
primary, 3, 3, 12
hilary, 1, 1, 1
restrict, 1, 1, 2
hook, 2, 2, 42
another, 18, 16, 45
knight, 1, 1, 4
sober, 1, 1, 3
thick, 1, 1, 40
remotely, 1, 1, 3
11amp, 1, 1, 1
42, 1, 1, -1
bitten, 1, 1, -1
priority, 1, 1, 21
ten, 1, 1, -1
neuromuscular, 1, 1, 1
similarly, 1, 1, 40
undoubtedly, 1, 1, 1
letting, 1, 1, 1
top, 14, 13, 162
girls, 1, 1, 1
1500, 1, 1, 30
fiction, 1, 1, 3
needed, 2, 2, 2
bioshock, 1, 1, 1
ton, 1, 1, 19
percentage, 1, 1, 3
john, 5, 5, 32
bitter, 1, 1, 0
lunatics, 1, 1, 1
discussion, 1, 1, 3
troubled, 1, 1, 0
murder, 1, 1, 3
charter, 1, 1, 1
1991, 1, 1, 0
corporatists, 1, 1, 19
ntit, 1, 1, -2
relative, 2, 2, 11
leaking, 1, 1, 2
took, 4, 4, 5
rejected, 2, 2, 2
wisdom, 1, 1, 2
western, 1, 1, 0
somewhat, 1, 1, 30
wasted, 2, 2, 22
ronpaul2012, 1, 1, 35
white, 2, 2, 1
positively, 1, 1, 3
distance, 1, 1, 6
showed, 2, 2, 5
nominate, 3, 3, 44
legalize, 4, 2, -1
eradicating, 1, 1, 0
second, 4, 4, 19
seated, 1, 1, 3
edmonds, 1, 1, 3
matter, 8, 6, 82
filmmaker, 1, 1, 0
street, 2, 2, 4
oregon, 2, 1, -5
friend, 2, 2, 6
historical, 3, 3, 4
budget, 1, 1, 9
solely, 1, 1, 1
cohost, 1, 1, 3
pervasive, 1, 1, 1
generatesave, 1, 1, 12
entail, 1, 1, 1
recognizes, 1, 1, 1
runner, 1, 1, 3
exchange, 3, 3, 3
modern, 1, 1, 5
mind, 9, 8, 42
spectrum, 1, 1, 4
20the, 1, 1, 37
talking, 3, 3, 12
interventions, 1, 1, 1
seen, 5, 5, 13
seem, 5, 5, 44
picks, 1, 1, 2
tells, 1, 1, 2
seminar, 1, 1, 1
dozen, 1, 1, 40
bigpharma, 1, 1, 0
forced, 4, 4, 18
genuine, 2, 2, 4
responsible, 2, 2, 9
degenerates, 1, 1, 5
snow, 5, 4, 21
thorough, 2, 2, 39
sound, 1, 1, -10
causing, 1, 1, 2
forces, 2, 2, 18
allfemale, 1, 1, 1
dragged, 1, 1, 1
unsecured, 2, 2, -8
blue, 1, 1, 6
nobody, 3, 3, 35
upscaling, 1, 1, 1
though, 11, 11, 45
walmarts, 1, 1, 2
object, 2, 1, 6
quit, 2, 2, 5
anatomy, 1, 1, 1
patriarchy, 1, 1, 1
regular, 6, 6, 51
glimpses, 1, 1, 35
letter, 2, 2, 4
claims, 2, 2, 2
germans, 1, 1, 4
illogical, 1, 1, 2
singer, 1, 1, 1
camps, 1, 1, 4
consumers, 3, 3, 9
neighborhoods, 1, 1, 0
released, 1, 1, -1
professor, 4, 3, 87
clustercuss, 1, 1, 8
dog, 1, 1, 1
reputation, 1, 1, 33
haha, 1, 1, 2
entertaining, 1, 1, 3
voting, 5, 4, 28
germany, 2, 2, 5
notion, 2, 2, 1
came, 6, 6, 16
marvel, 1, 1, 5
saying, 8, 8, 56
ah, 1, 1, 1
random, 1, 1, 21
subreddit, 7, 7, 77
stocktaking, 1, 1, 2
attempts, 1, 1, 2
radio, 1, 1, 3
solutions, 2, 2, 26
participate, 1, 1, 2
keywords, 8, 8, 10
earth, 2, 2, 8
nevada, 1, 1, 8
enjoyed, 1, 1, 2
judges, 1, 1, 6
redeployed, 1, 1, 1
spite, 1, 1, 64
headline, 1, 1, 26
situations, 1, 1, 12
explain, 2, 2, 14
debts, 1, 1, 0
unskilled, 1, 1, -3
wasting, 2, 2, 0
smellthebs, 1, 1, 81
bush, 5, 3, 0
touched, 1, 1, -3
rich, 17, 12, 176
pursuing, 1, 1, 1
integrate, 1, 1, 4
population, 7, 5, 17
importantly, 2, 2, 3
resulting, 2, 2, -1
di, 1, 1, 23
mercedezbenz, 1, 1, 4
de, 1, 1, 1
watch, 4, 4, 38
coast, 1, 1, 1
pocket, 1, 1, 35
amazon, 2, 2, 96
cartels, 1, 1, 1
despite, 3, 3, 256
nasty, 1, 1, 64
dr, 8, 8, 8
relish, 1, 1, 2
comply, 1, 1, 2
unfortunately, 1, 1, 12
deny, 2, 2, 0
child, 3, 3, 5
spilling, 4, 4, 20
countries, 4, 3, 5
accordance, 1, 1, 1
idiotic, 1, 1, 6
guns, 18, 10, 10
twice, 4, 4, 246
bad, 10, 10, 57
ban, 5, 3, 38
metadata, 2, 1, 2
steal, 2, 2, 4
ears, 1, 1, 64
headed, 1, 1, 3
fault, 1, 1, 8
blew, 1, 1, -1
mandatory, 1, 1, 2
disaster, 1, 1, 1
fair, 6, 6, 64
lemonade, 2, 1, 13
richer, 1, 1, 60
observed, 1, 1, 2
checks, 2, 2, 5
depends, 1, 1, 8
decided, 2, 2, 6
result, 5, 5, 7
cattle, 1, 1, -1
corrupt, 8, 7, 13
disturbing, 1, 1, 37
vented, 1, 1, 1
best, 20, 17, 39
subject, 4, 3, 8
said, 14, 11, 98
06, 1, 1, 5
mitch, 1, 1, 56
05, 1, 1, 12
lots, 2, 2, -1
08, 2, 2, 288
irs, 2, 1, 2
meaty, 1, 1, 1
sites, 1, 1, 6
stamps, 1, 1, 0
r, 3, 3, 35
globalist, 1, 1, 1
deputies, 2, 1, -1
approach, 3, 3, 11
wage, 1, 1, 64
reddit, 3, 3, 55
men, 1, 1, 6
terms, 4, 3, 12
extend, 1, 1, 3
nature, 1, 1, 1
wo, 10, 9, 35
handful, 1, 1, 2
helfcare, 1, 1, -2
however, 7, 7, 40
respond, 1, 1, 1
mcafee, 3, 2, 28
harvard, 1, 1, 5
drew, 1, 1, 2
wtf, 1, 1, 1
news, 14, 12, 317
debt, 7, 7, 133
creds, 1, 1, 6
improve, 2, 2, 9
received, 3, 2, 2
protect, 4, 4, 9
accident, 3, 3, 12
leaps, 1, 1, 2
country, 17, 13, 19
ill, 1, 1, -1
uncertainty, 1, 1, 1
adventures, 1, 1, 1
russia, 1, 1, 2
transcriptamp, 1, 1, 2
negative, 1, 1, 1
achieve, 1, 1, -5
brag, 1, 1, 5
halibruton, 1, 1, 1
logic, 2, 2, 2
pita, 1, 1, 1
ernst, 1, 1, 19
argue, 3, 2, 2
asked, 4, 4, 13
nanny, 1, 1, 2
assassination, 1, 1, 9
tone, 2, 2, 22
character, 4, 4, 34
irresponsible, 1, 1, 3
bastiat, 3, 3, 42
massive, 1, 1, 1
reformed, 2, 1, 1
quinn, 1, 1, -22
affiliated, 1, 1, 2
loaded, 4, 2, 54
trust, 4, 4, 39
presumable, 1, 1, 1
speak, 2, 2, 0
signals, 1, 1, 12
iraq, 3, 3, 1
targeting, 2, 1, 1
basis, 1, 1, 87
union, 1, 1, 0
brigading, 1, 1, 4
three, 2, 2, 2
quickly, 3, 3, 25
confident, 1, 1, 1
much, 33, 30, 113
interest, 2, 2, -2
basic, 5, 5, 26
expected, 1, 1, 1
inefficiencies, 1, 1, 2
entered, 1, 1, 35
dozens, 1, 1, 0
duties, 1, 1, 9
jabbering, 1, 1, 1
life, 8, 8, 114
hashtags, 1, 1, 49
families, 1, 1, 19
justices, 1, 1, 0
drugs, 12, 8, 31
republicans, 9, 9, 36
worker, 1, 1, 4
uncommon, 1, 1, 2
marijuana, 6, 4, 6
pandering, 1, 1, 3
personally, 2, 2, 5
catch, 1, 1, 3
worked, 2, 2, -11
sad, 1, 1, 7
chill, 1, 1, 19
unpopular, 2, 2, 3
exception, 1, 1, 0
save, 2, 2, 95
tank, 3, 2, 4
conviction, 1, 1, 2
presidency, 2, 2, 6
legislating, 1, 1, 1
economies, 1, 1, 1
aim, 1, 1, 0
rationally, 3, 3, 8
near, 1, 1, 6
moratorium, 2, 2, 3
suppose, 2, 2, 3
surprised, 3, 3, 5
appeals, 1, 1, 28
aid, 2, 2, 2
voice, 3, 3, 83
chemicals, 1, 1, -1
employees, 4, 4, 24
mistake, 4, 4, 290
seven, 2, 2, 30
changed, 3, 3, 22
showthey, 1, 1, 1
amirite, 1, 1, -2
speech, 1, 1, 6
nutter, 1, 1, 2
agenda, 1, 1, 3
throat, 1, 1, 64
cant, 1, 1, 2
im, 3, 2, 18
cans, 18, 11, 58
victims, 2, 2, 27
ignoring, 1, 1, 4
ie, 4, 4, 5
pill, 3, 2, 12
trusted, 2, 2, 68
grown, 1, 1, 1
containing, 1, 1, 3
emergency, 6, 3, 19
soldier, 1, 1, 0
things, 14, 12, 31
make, 53, 44, 231
wound, 1, 1, -11
jerry, 1, 1, 9
45000, 1, 1, 40
complex, 3, 3, -5
potentially, 1, 1, 2
inventory, 2, 2, 6
babies, 1, 1, 1
incorrectly, 1, 1, 1
80s, 2, 2, 2
silly, 2, 2, 6
shoveling, 1, 1, 2
several, 6, 5, 63
bid, 3, 2, 2
european, 1, 1, 2
highervalued, 1, 1, 0
independent, 11, 7, 20
leftist, 1, 1, 19
smoke, 2, 2, 2
pick, 3, 3, 39
hang, 1, 1, 0
evil, 6, 5, 112
hand, 5, 5, 17
twittercomsearch, 2, 1, 2
suburb, 1, 1, 0
ownership, 3, 2, 5
military, 1, 1, 0
jealous, 1, 1, -3
stiffy, 1, 1, 1
opportunity, 2, 2, 25
blamed, 1, 1, 81
tune, 1, 1, 81
kid, 4, 4, 46
vermont, 2, 2, 89
kept, 1, 1, 40
maximizing, 1, 1, 1
programs, 4, 4, 19
failing, 1, 1, 4
1972, 1, 1, 0
1970, 1, 1, 1
fanatically, 1, 1, 19
practices, 1, 1, -1
greatest, 5, 3, 4
mother, 3, 2, 4
dadt, 1, 1, 2
paradigm, 1, 1, 1
corporate, 2, 2, 15
33, 1, 1, -10
left, 15, 12, 138
opinions, 1, 1, 6
reeks, 1, 1, 9
traditions, 1, 1, 56
wasteful, 1, 1, -2
gascan, 1, 1, 1
ideas, 7, 6, 47
judge, 2, 2, -1
mechanism, 1, 1, 1
human, 1, 1, 46
facts, 2, 2, 2
yes, 9, 7, 12
yet, 5, 5, 18
note, 1, 1, -1
burns, 1, 1, -1
collars, 1, 1, 3
candidate, 14, 10, 37
27th, 1, 1, 1
kelo, 2, 1, 0
disparity, 1, 1, 8
belongs, 1, 1, 51
relearn, 1, 1, 31
easy, 3, 3, 19
prison, 15, 9, 6
rkotakuinaction, 1, 1, 1
gave, 2, 2, 1
amok, 1, 1, -1
editorials, 1, 1, 3
municipal, 1, 1, 2
ops, 1, 1, 2
libertarianism, 6, 5, 56
survival, 2, 1, 1
possible, 6, 5, 66
possibly, 2, 2, 263
cultural, 3, 2, 11
discreet, 1, 1, 0
gridlock, 2, 1, 3
background, 5, 4, 11
30, 2, 2, 5
govt, 4, 4, 18
replace, 2, 2, 4
powerhandtoolsamp, 1, 1, 1
reloader, 1, 1, -10
massively, 1, 1, 10
apart, 2, 2, 6
constitution, 4, 4, 56
county, 4, 1, 1
brutality, 1, 1, -1
gift, 1, 1, 14
reasoncom, 1, 1, 6
57, 1, 1, 2
d0yp1jutcx8, 1, 1, 2
50, 4, 4, 102
remind, 1, 1, 1
misled, 1, 1, 26
offices, 1, 1, 1
officer, 4, 3, 0
night, 2, 2, 12
rarely, 1, 1, 1
invaluable, 1, 1, 1
security, 5, 3, 4
attorney, 1, 1, 1
right, 25, 21, 247
old, 11, 10, 19
gawker, 1, 1, 46
deal, 5, 5, 12
people, 115, 75, 780
creed, 1, 1, 0
mowers, 1, 1, 1
somehow, 4, 4, 43
dead, 5, 5, 264
lockstep, 1, 1, 9
coerce, 1, 1, -1
born, 2, 2, -3
donald, 4, 4, 39
productions, 1, 1, 3
election, 8, 8, 276
contests, 1, 1, 49
toxic, 1, 1, 1
bandages, 1, 1, -11
bottom, 1, 1, 4
coercion, 1, 1, 2
fox, 9, 6, 46
comments, 2, 2, 0
tristate, 1, 1, 19
everything, 7, 7, 53
individuals, 3, 3, 5
allocate, 1, 1, 2
cnn, 3, 3, 27
mooch, 1, 1, 0
price, 4, 4, 18
cord, 1, 1, 81
core, 3, 2, 39
disposed, 2, 1, 0
derivatives, 1, 1, 1
payment, 2, 2, -1
burn, 1, 1, 1
circlejerk, 2, 2, 5
illustration, 1, 1, 0
constructive, 6, 6, 8
rrepublicanmeme, 1, 1, 13
allenwest, 1, 1, 1
criminals, 6, 3, 5
substitution, 1, 1, 3
losing, 1, 1, 7
post, 8, 8, 62
super, 6, 4, 8
projected, 1, 1, 3
dnc, 9, 5, 334
eat, 2, 2, 0
lackey, 1, 1, 0
attacks, 4, 4, -5
dollars, 1, 1, 12
citizens, 3, 3, 1
accepts, 1, 1, 2
sr_1_1, 2, 2, 2
costs, 9, 8, 47
trustworthy, 1, 1, 0
cliche, 1, 1, 7
ensure, 1, 1, 56
yorktwo, 1, 1, 1
shared, 2, 2, 30
meddle, 1, 1, 4
raised, 1, 1, 3
watering, 2, 1, 6
whats, 1, 1, 2
formerly, 1, 1, 3
facility, 2, 1, 1
neocon, 1, 1, 0
pays, 2, 1, 2
prisoners, 8, 5, 21
definitely, 5, 5, 77
obscene, 1, 1, 1
son, 7, 4, 85
entrepreneur, 1, 1, 64
movements, 1, 1, 1
marshals, 1, 1, 30
wrap, 1, 1, -11
defendants, 1, 1, 1
rounds, 2, 2, 30
methods, 1, 1, 0
east, 2, 2, -10
foothold, 1, 1, 1
deception, 1, 1, 5
waits, 2, 1, 6
periodic, 1, 1, 1
support, 20, 19, 207
constantly, 2, 2, 21
fight, 3, 3, 89
senate, 7, 4, 66
utopian, 1, 1, -1
way, 36, 33, 83
resulted, 1, 1, 0
quirky, 1, 1, 23
factions, 1, 1, 19
war, 10, 9, 25
asset, 1, 1, 64
head, 1, 1, 3
lowe, 1, 1, 1
offering, 1, 1, 150
offer, 3, 3, 8
attempted, 2, 2, 4
becoming, 3, 3, 43
preobamacare, 1, 1, 1
discourage, 1, 1, 17
hindenburg, 1, 1, 19
failure, 2, 2, 4
hear, 4, 3, 12
heap, 1, 1, 35
syndicate, 2, 1, 0
225, 2, 2, -43
true, 9, 8, 24
analyst, 2, 2, 6
week, 1, 1, 5
absent, 1, 1, 0
throw, 2, 2, -1
veiled, 1, 1, 6
muster, 1, 1, 3
prevents, 1, 1, 1
inside, 1, 1, -10
attached, 1, 1, 10
maximum, 1, 1, 1
tell, 6, 6, 123
torturing, 1, 1, 0
zara, 1, 1, 87
unusually, 1, 1, 1
propaganda, 2, 2, 66
feet, 1, 1, 3
soc_3156, 1, 1, 0
promises, 2, 2, 29
later, 4, 4, 3
liberal, 10, 9, 83
moore, 1, 1, 0
5k, 1, 1, 13
fury, 1, 1, 0
qid, 2, 2, 2
covers, 1, 1, 7
evidence, 3, 3, 11
exist, 5, 5, 25
mrs, 1, 1, 3
check, 5, 5, 19
shit, 16, 15, 183
sociopath, 1, 1, 19
blatantly, 1, 1, 236
nj, 1, 1, 1
marxist, 1, 1, 4
solicitation, 2, 1, 2
dying, 1, 1, -2
agreeing, 1, 1, 2
na, 2, 2, 0
whereas, 4, 4, 10
thirdworld, 1, 1, 5
ny, 3, 3, 7
conditions, 3, 3, 5
role, 2, 2, 5
holding, 2, 2, 95
np, 1, 1, 19
fuc, 1, 1, -1
welloiled, 1, 1, 2
shrink, 1, 1, 1
realize, 3, 3, 7
artificially, 1, 1, 12
picture, 2, 2, 5
reconsider, 1, 1, 7
pronounced, 1, 1, -1
models, 1, 1, 1
millennial, 6, 5, 74
welcome, 7, 7, 10
stealing, 3, 3, -1
diet, 1, 1, 19
authoritarianism, 1, 1, -1
rconservative, 2, 2, 8
professional, 1, 1, 31
died, 3, 3, 7
began, 2, 2, -1
billion, 3, 3, 22
tackses, 1, 1, -2
younger, 1, 1, 1
longer, 3, 3, -3
potato, 4, 2, 5
assume, 2, 2, 8
santorum, 1, 1, 2
together, 3, 3, 7
planks, 1, 1, 1
shrugged, 4, 3, 9
vietnam, 1, 1, 0
time, 23, 22, 241
push, 1, 1, 1
serious, 2, 2, 9
backward, 1, 1, 5
profits, 1, 1, 2
concept, 1, 1, 0
japan, 1, 1, 1
ron, 30, 24, 434
whoever, 1, 1, 262
goolsbee, 2, 1, 3
global, 5, 4, -14
alternatives, 1, 1, 1
focus, 1, 1, 5
invent, 1, 1, 7
leads, 2, 2, 2
austan, 1, 1, 3
daytime, 1, 1, 1
milo, 1, 1, 1
chair, 1, 1, -1
dismantling, 1, 1, 1
93, 1, 1, 3
row, 2, 2, -1
certainly, 3, 3, 43
depend, 1, 1, 8
610000, 1, 1, 2
producing, 1, 1, 2
promote, 1, 1, 10
show, 10, 10, 85
father, 3, 3, 85
editors, 1, 1, 3
suspending, 1, 1, 52
environment, 1, 1, 1
0, 1, 1, 6
finally, 5, 5, 13
promoting, 1, 1, 2
supplies, 1, 1, 40
rainbows, 1, 1, 3
must, 5, 5, -50
charles, 3, 2, -1
broadly, 1, 1, 0
cheap, 2, 2, 2
ginsburg, 1, 1, 0
keeping, 4, 4, 2
choice, 3, 3, 8
tanks, 1, 1, 6
locked, 1, 1, -10
trouble, 2, 2, 263
exact, 2, 2, 5
minute, 1, 1, 1
governments, 5, 5, 72
car, 10, 6, 13
impressive, 1, 1, 5
level, 4, 3, 3
die, 3, 3, 5
permits, 1, 1, 13
guo, 1, 1, -10
democrat, 4, 4, 9
invade, 1, 1, 2
leave, 4, 4, 320
solved, 1, 1, 21
kits, 1, 1, 1
team, 2, 1, -2
quick, 2, 2, 72
guy, 6, 6, 27
round, 1, 1, 40
yall, 1, 1, 17
upper, 1, 1, 3
revolution, 4, 4, 30
says, 8, 8, 37
pms, 6, 6, 8
dealing, 2, 2, 29
sign, 1, 1, 81
hobbyist, 1, 1, 40
cost, 3, 3, 45
pillaging, 1, 1, 3
corner, 1, 1, 3
helpless, 1, 1, 0
fear, 2, 2, 41
stealer, 1, 1, 2
decriminalize, 1, 1, 2
stands, 4, 4, 11
spiro, 1, 1, 3
assistance, 2, 2, -1
favour, 2, 2, 12
idiotsexcept, 1, 1, 1
debate, 9, 8, 86
current, 2, 2, 37
suspect, 1, 1, 1
goes, 1, 1, -4
hypocritical, 1, 1, 66
reply, 2, 2, 2
appeal, 1, 1, 2
1010, 1, 1, 2
filled, 1, 1, 0
supporting, 2, 2, 0
ms, 1, 1, -22
clerk, 2, 1, 4
v, 10, 9, 64
victimized, 1, 1, 28
understanding, 1, 1, 6
water, 8, 6, 270
aaaaaaarrrggggghate, 1, 1, 2
eerie, 1, 1, 1
groups, 3, 3, 3
alone, 2, 2, 1
along, 3, 3, 16
hoops, 1, 1, 2
teacher, 1, 1, 6
change, 8, 8, 260
wait, 4, 4, -8
box, 1, 1, 0
boy, 2, 2, 13
theorize, 1, 1, 5
canadian, 1, 1, 7
lazy, 1, 1, -3
petersen, 2, 2, 14
bot, 12, 6, 8
fraudsters, 1, 1, 1
women, 3, 3, 0
ineffective, 1, 1, -2
suggestion, 2, 1, 2
upvote, 1, 1, 1
usually, 2, 2, 3
weird, 2, 2, 8
pillow, 1, 1, 1
genuinely, 3, 3, 6
useful, 1, 1, 87
purchases, 1, 1, 1
logical, 2, 2, 7
conversations, 1, 1, 1
sincerely, 1, 1, 2
logically, 2, 2, 5
fake, 1, 1, 66
fbi, 2, 2, -4
crime, 2, 2, 5
market, 36, 22, 131
transplant, 1, 1, 1
ayn, 2, 2, 2
wealth, 5, 4, 0
working, 6, 6, 10
entities, 1, 1, 13
positive, 1, 1, 10
angry, 1, 1, 3
tied, 1, 1, 3
dude, 1, 1, -10
8lb, 1, 1, 40
sports, 1, 1, -2
scenarios, 1, 1, 1
live, 5, 5, -4
opposed, 1, 1, 5
wondering, 4, 4, 0
memory, 3, 2, 5
black, 2, 2, -32
today, 8, 6, 46
loving, 1, 1, 4
entrance, 1, 1, 6
donamp, 2, 1, 1
riot, 1, 1, 1
irony, 1, 1, 2
afford, 5, 5, 15
suggestions, 1, 1, 6
acceptable, 2, 2, 2
naively, 1, 1, -2
demonized, 1, 1, 26
employee, 3, 3, 32
ignorant, 4, 4, 25
cases, 5, 5, 13
given, 2, 2, 2
effort, 2, 2, 29
easiest, 1, 1, 1
biden, 1, 1, 0
thousands, 2, 2, 0
originally, 1, 1, -1
abortion, 1, 1, 2
licensee, 2, 2, 42
cat, 1, 1, 6
values, 2, 1, 1
slowness, 1, 1, 11
growing, 2, 2, 2
making, 6, 6, 35
german, 2, 2, 23
newspapers, 1, 1, -1
unconditional, 1, 1, 37
heart, 2, 2, 9
crazy, 3, 3, 22
months, 2, 2, 1
trump, 11, 10, 112
figure, 2, 2, 73
downfall, 1, 1, 17
december, 1, 1, 0
awesome, 1, 1, 2
fuck, 14, 11, 166
millionaires, 1, 1, 5
heard, 4, 3, 8
dropped, 2, 2, 0
council, 1, 1, 3
gallon, 3, 3, 21
reed, 1, 1, 1
stole, 1, 1, 2
lacks, 3, 3, 14
agendas, 1, 1, 2
fortunately, 1, 1, 27
secured, 3, 3, -42
watching, 4, 4, 32
range, 1, 1, 1
aestetics, 1, 1, 31
1, 13, 11, 69
pure, 1, 1, 51
rallies, 1, 1, 0
nyc, 2, 2, -8
firmly, 1, 1, 0
eight, 1, 1, 1
economy, 6, 3, 6
map, 1, 1, 0
levy, 1, 1, -1
explores, 1, 1, 1
breyer, 2, 2, 1
information, 5, 3, 4
may, 13, 9, 34
broad, 1, 1, 4
spot, 1, 1, 3
applications, 1, 1, 40
levi, 1, 1, -1
produce, 4, 2, -19
designed, 1, 1, -10
date, 1, 1, 2
suck, 1, 1, 2
nomination, 9, 7, 359
lids, 2, 2, 7
man, 7, 7, 94
wwwyoutubecomwatch, 9, 8, 29
benefactors, 1, 1, 1
natural, 1, 1, 1
remember, 4, 3, 78
johnson, 10, 9, 44
nationalistic, 1, 1, 19
whenever, 2, 2, 15
maybe, 8, 6, 244
goal, 3, 3, 21
quot, 9, 4, 4
q, 2, 1, 2
inform, 1, 1, 1
gap, 2, 1, 1
sc, 1, 1, 0
representation, 1, 1, -2
wolves, 1, 1, 3
pulled, 1, 1, 2
talk, 9, 9, 25
typical, 1, 1, 21
refund, 1, 1, 4
breaking, 1, 1, 1
shoes, 1, 1, 3
repair, 1, 1, -1
food, 2, 2, 3
indeed, 3, 3, 9
residence, 1, 1, 1
seizing, 1, 1, 0
addiction, 4, 1, 3
years, 25, 22, 175
professors, 1, 1, 1
course, 13, 12, 60
episodes, 1, 1, 1
statistical, 1, 1, 10
cold, 2, 2, 11
still, 18, 18, 29
worship, 2, 2, 10
colorado, 1, 1, 1
tore, 1, 1, 1
police, 17, 7, 15
thank, 2, 2, 31
videopodcast, 1, 1, 3
lackluster, 1, 1, 3
interesting, 7, 7, 146
hot, 3, 2, 5
forms, 1, 1, -1
platform, 3, 2, 5
window, 1, 1, 1
cheyenne, 1, 1, 2
policy, 5, 4, 3
impositions, 1, 1, 1
msnbc, 1, 1, 21
main, 3, 3, 4
decades, 2, 2, 113
aliens, 1, 1, 5
limbo, 1, 1, 4
happened, 7, 7, 45
36596, 1, 1, 1
non, 3, 3, 41
finance, 3, 1, -2
3, 11, 11, 13
nod, 1, 1, 1
obtaining, 1, 1, -1
killer, 1, 1, -1
nation, 1, 1, 2
lunch, 1, 1, 6
announced, 3, 3, 2
qualified, 3, 3, 10
flint, 2, 2, 2
litmus, 1, 1, 0
wealthy, 3, 2, 1
killed, 2, 2, 21
wont, 1, 1, 0
term, 5, 4, -4
equality, 2, 1, 1
name, 4, 4, 11
neutrality, 3, 2, 4
james, 2, 2, -3
times, 8, 8, 94
momma, 2, 1, 81
establishing, 1, 1, 1
maher, 2, 2, 18
denmark, 1, 1, 2
pharmacies, 1, 1, 12
entirely, 2, 2, -2
leftwingdemocrats, 1, 1, 66
em, 1, 1, -2
filibuster, 1, 1, 1
domain, 3, 2, 0
911, 2, 2, -1
significantly, 1, 1, 4
eg, 1, 1, -1
yeah, 3, 3, 13
manifesto, 1, 1, 5
entering, 2, 2, 7
year, 7, 6, 19
assumption, 1, 1, 1
happen, 9, 9, 23
summary, 6, 6, 8
description, 1, 1, 16
canada, 3, 3, 30
living, 5, 3, 96
ultimately, 3, 3, 5
napolitano, 1, 1, -1
container, 2, 2, 6
rioters, 1, 1, -5
profit, 5, 3, 24
conceit, 1, 1, 1
furthermore, 1, 1, 26
pocs, 1, 1, 27
abide, 1, 1, -10
looking, 4, 4, 11
seriously, 1, 1, -1
protections, 1, 1, 8
rational, 5, 4, 10
36601, 1, 1, 2
suggesting, 1, 1, 0
valdes, 1, 1, -1
viable, 1, 1, 2
shows, 3, 3, 5
theory, 11, 10, 47
impressed, 2, 2, 4
cars, 1, 1, 3
million, 5, 5, 25
incentives, 1, 1, 4
possibility, 2, 2, 2
quite, 6, 6, 70
lucrative, 1, 1, 26
besides, 1, 1, 1
nightingale, 1, 1, 0
span, 1, 1, 0
obligation, 1, 1, 2
limps, 1, 1, 6
card, 1, 1, 81
care, 28, 17, 240
rikers, 1, 1, 1
advance, 3, 3, 4
training, 1, 1, 1
fa, 1, 1, 11
locations, 1, 1, 1
surgeries, 1, 1, 12
impose, 1, 1, 1
honest, 2, 2, 5
ryan, 1, 1, 0
unpaid, 1, 1, 5
extinguisher, 1, 1, -1
place, 5, 5, 14
vision, 2, 2, 5
slaying, 1, 1, 19
think, 37, 33, 215
1001, 1, 1, 2
first, 17, 15, 99
blind, 1, 1, 37
benefited, 1, 1, 2
stevens, 2, 1, 0
clause, 1, 1, 0
one, 60, 51, 166
shout, 1, 1, 1
americans, 2, 2, 6
long, 12, 11, 38
directly, 2, 2, 98
suing, 1, 1, 1
vote, 23, 17, 523
corporations, 2, 2, 9
message, 4, 3, 38
raped, 2, 2, -1
open, 6, 5, 18
george, 2, 2, 0
size, 2, 2, 43
sheep, 1, 1, 37
city, 10, 5, 24
little, 6, 6, 51
mouthpieces, 1, 1, 3
jugs, 1, 1, 2
caught, 1, 1, 64
trillion, 3, 1, 3
plastic, 1, 1, 6
anyone, 18, 18, 129
indicate, 1, 1, -1
2, 13, 11, 75
convention, 2, 2, 4
legally, 4, 4, 36
cite, 1, 1, -3
speaking, 5, 5, 95
gives, 3, 3, 10
meme, 4, 3, 1
bloviating, 1, 1, 0
mostly, 5, 4, 15
memo, 2, 2, 5
misallocate, 1, 1, 1
meddling, 1, 1, 4
cops, 1, 1, -10
hillary, 16, 16, 389
ridiculous, 1, 1, 1
butt, 1, 1, -3
flowers, 1, 1, 6
representing, 1, 1, 1
quantity, 2, 2, 3
milton, 6, 6, 52
11, 2, 2, 2
famine, 1, 1, 2
13, 1, 1, 1
12, 3, 3, 289
15, 5, 5, 56
14, 3, 3, 51
17, 1, 1, 40
16, 7, 7, 9
19, 1, 1, 2
favors, 1, 1, 3
require, 2, 2, 47
hateem, 1, 1, 5
1455637365amp, 1, 1, 1
recruit, 1, 1, 21
officials, 1, 1, 19
knives, 1, 1, 4
cards, 1, 1, 14
criticizes, 1, 1, -1
damned, 1, 1, 27
grew, 1, 1, 1
gathering, 1, 1, 3
legalizing, 3, 1, 1
tasted, 1, 1, 0
pro, 1, 1, 1
seal, 1, 1, 1
turned, 1, 1, 81
argument, 18, 15, 43
prostitution, 1, 1, 3
departure, 1, 1, 0
notoriety, 1, 1, 0
say, 22, 17, 131
conspiracy, 2, 2, 3
nominating, 2, 1, 2
unaltered, 1, 1, 2
underenforcement, 2, 1, 1
regards, 1, 1, 7
recover, 1, 1, 1
nazi, 6, 5, 38
elsewhere, 1, 1, 3
prosperity, 3, 2, 3
form, 2, 2, 8
bashing, 1, 1, 5
efficient, 3, 3, 36
fucking, 6, 6, 32
manufacturers, 1, 1, 12
aside, 1, 1, 4
shocked, 2, 2, 1
terrific, 1, 1, 6
ideal, 4, 3, 3
potential, 2, 2, 27
take, 16, 16, 82
online, 1, 1, 2
interior, 1, 1, -10
negligible, 1, 1, 14
primaries, 1, 1, 262
channel, 2, 2, 2
ultimate, 1, 1, 3
200, 1, 1, 0
ironically, 1, 1, -1
sure, 11, 10, -10
multiple, 1, 1, -10
theatre, 2, 1, 35
opposite, 6, 6, 103
track, 2, 2, 6
friedman, 8, 7, 53
knew, 2, 2, -6
betrayal, 1, 1, 19
suspects, 2, 2, -1
paid, 12, 7, 52
blowers, 1, 1, 1
longtime, 1, 1, 14
rips, 1, 1, 15
incentivized, 1, 1, 1
printed, 1, 1, 1
clusterfuck, 1, 1, 9
america, 7, 7, 7
forever, 2, 2, 2
illiteracy, 1, 1, -22
especially, 5, 5, 78
surprising, 1, 1, 40
freelancer, 1, 1, 0
considered, 2, 2, 8
average, 8, 5, 89
reform, 4, 2, 5
steady, 5, 2, 81
drive, 3, 2, 82
order, 7, 7, 23
ways, 5, 5, 130
slaves, 6, 5, 17
uncle, 1, 1, 16
laws, 24, 9, 91
detective, 1, 1, 0
shou, 2, 2, 42
regulated, 5, 5, 68
privatising, 1, 1, 2
cheat, 1, 1, 1
feminist, 1, 1, 1
applauding, 1, 1, -5
iimgurcom40idny0png, 1, 1, 3
merit, 2, 2, 10
representatives, 1, 1, 3
discovered, 1, 1, 52
legalization, 2, 2, 2
scarce, 2, 1, 40
data, 2, 2, 3
ground, 1, 1, 2
selfdelusion, 1, 1, 66
ratio, 1, 1, 1
adolf, 1, 1, 19
title, 3, 3, 79
daily, 2, 1, 87
state, 31, 24, 202
either, 8, 8, 6
going, 27, 24, 645
believing, 3, 3, 265
deployed, 1, 1, 1
partake, 1, 1, 12
usury, 1, 1, 1
dispute, 1, 1, 35
info, 1, 1, 1
5060, 1, 1, 49
get, 45, 35, 287
contracts, 3, 2, 4
samuel, 1, 1, 0
oconnor, 1, 1, 0
truly, 4, 4, 43
baghdad, 1, 1, -1
sidestepping, 1, 1, 0
nearly, 2, 2, 6
gee, 1, 1, 3
36908, 1, 1, 1
hedge, 1, 1, 3
neither, 3, 3, 69
celebrate, 1, 1, 8
prime, 2, 2, 2
heinlein, 1, 1, 3
smoking, 1, 1, -1
snowblower, 1, 1, 3
worried, 1, 1, 12
joker, 1, 1, 2
stupid, 5, 5, 307
losers, 2, 2, 29
worries, 1, 1, 6
tent, 1, 1, 19
husband, 1, 1, 1
ignored, 4, 3, 227
pummeled, 1, 1, 10
imposing, 1, 1, 3
violated, 1, 1, 1
replies, 6, 6, 8
waitresseswaiters, 1, 1, -1
seat, 3, 2, 7
huckabee, 1, 1, 2
elected, 4, 2, 5
college, 8, 7, 88
eliminating, 3, 2, 23
hell, 3, 3, 6
jobs, 1, 1, 0
wonder, 6, 6, 81
appear, 1, 1, 1
fails, 1, 1, -3
pm, 1, 1, 1
farmers, 1, 1, 2
federal, 9, 5, 43
review, 2, 2, 42
outsourcing, 1, 1, 2
mayor, 2, 2, 9
weapons, 1, 1, -10
enough, 10, 9, 193
staffer, 3, 1, 6
chattering, 1, 1, 6
23tlot, 1, 1, 2
reading, 5, 5, 12
across, 2, 2, 12
caucus, 2, 1, 12
borough, 1, 1, 2
notice, 1, 1, 1
slate, 1, 1, 1
parent, 1, 1, 1
optimal, 1, 1, -11
doma, 1, 1, 2
laced, 1, 1, 6
allegations, 2, 2, -1
killing, 1, 1, 2
blame, 11, 5, 7
9000, 1, 1, 2
coma, 1, 1, -1
article, 13, 12, 156
cities, 1, 1, 1
come, 13, 12, 282
immature, 1, 1, 1
lawn, 1, 1, 1
22, 1, 1, 5
mob, 1, 1, 46
successes, 1, 1, 5
many, 23, 22, 163
according, 4, 3, 52
contract, 1, 1, 7
called, 4, 3, 90
somewhere, 1, 1, 49
columnist, 1, 1, 3
leftists, 1, 1, 1
senator, 5, 4, 58
holders, 1, 1, 35
comes, 11, 11, 61
duty, 1, 1, 5
among, 5, 5, 9
20classical, 1, 1, 37
pols, 1, 1, 19
bricks, 1, 1, 40
effective, 2, 2, 1
pot, 4, 3, 1
multiplier, 1, 1, 10
period, 1, 1, 0
insist, 1, 1, 9
protects, 1, 1, 1
boaz, 1, 1, 2
exploit, 1, 1, 1
63, 1, 1, 2
bader, 1, 1, 0
spans, 1, 1, 6
perpetuating, 1, 1, 1
crew, 1, 1, 3
destroyed, 1, 1, 2
04mnf1ydnxi, 1, 1, 13
cares, 3, 3, 52
impromptu, 1, 1, 52
porsche, 1, 1, 4
informed, 1, 1, 12
concede, 1, 1, 2
defined, 1, 1, 0
bulkbuy, 1, 1, 40
punished, 1, 1, 2
jon, 2, 2, 1
billionaires, 2, 1, 2
critiquing, 1, 1, 46
confessions, 3, 2, -1
marx, 4, 2, 14
500, 1, 1, 13
wants, 6, 6, 70
direction, 3, 3, -4
shopping, 1, 1, 2
conflate, 1, 1, 2
tlr, 1, 1, -22
offered, 1, 1, 3
readings, 1, 1, 4
ngjhzjcvqqi, 1, 1, 1
intervenes, 1, 1, 1
former, 2, 2, 0
countless, 1, 1, 2
case, 11, 9, 46
varoufakis, 1, 1, 4
libya, 1, 1, 0
polls, 1, 1, 2
engineering, 1, 1, 1
career, 2, 2, 1
ratchet, 1, 1, 1
policies, 7, 3, -8
demagogic, 1, 1, 1
situation, 3, 3, 2
landslide, 2, 2, 4
sandersers, 1, 1, -3
ive, 1, 1, 6
eventually, 3, 3, 1
taser, 2, 2, -2
commander, 2, 2, 1
blah, 3, 1, 6
someone, 19, 16, 163
drug, 2, 2, 13
return, 1, 1, 2
property, 8, 6, 9
worry, 1, 1, 2
sucking, 1, 1, -1
different, 11, 9, 66
verified, 2, 2, 53
degenerate, 1, 1, -1
author, 3, 3, 6
pay, 24, 20, 180
seeking, 1, 1, -1
figuring, 1, 1, 52
pac, 1, 1, 2
followers, 1, 1, 236
pspse1amp, 2, 1, 2
otto, 1, 1, 19
buys, 1, 1, 2
deference, 2, 1, 0
struggling, 1, 1, -2
physical, 2, 1, 2
ludwig, 1, 1, 37
thee, 1, 1, 1
sexes, 1, 1, 1
status, 3, 3, 4
nh, 2, 2, 6
powerhouses, 1, 1, 1
extended, 6, 6, 8
closest, 2, 2, 13
disadvantages, 1, 1, 10
81amp, 1, 1, 1
assist, 1, 1, 0
drives, 1, 1, 0
producers, 5, 3, 6
running, 7, 6, 67
driven, 1, 1, 1
totally, 3, 3, -7
cartoon, 1, 1, 2
mentally, 1, 1, -1
largely, 4, 4, 2
charges, 1, 1, 6
ccw, 1, 1, 19
floor, 1, 1, 56
constitutional, 2, 2, 14
roughly, 1, 1, 2
substantive, 1, 1, 3
shovelers, 2, 2, 18
accountable, 2, 2, 90
without, 14, 13, 56
relief, 1, 1, 0
elderlydisabled, 1, 1, 2
36711, 1, 1, 3
grounds, 1, 1, 66
scholarship, 1, 1, 1
gates, 1, 1, 8
outdoor, 1, 1, 6
210, 1, 1, 2
money, 26, 24, 449
unconstitutional, 1, 1, -10
actions, 4, 4, 93
clot, 1, 1, -1
violent, 2, 2, 16
kill, 3, 3, 10
leeway, 1, 1, 0
aspect, 1, 1, 2
collegeaged, 1, 1, 1
polish, 1, 1, 4
reality, 8, 6, 45
speed, 1, 1, 13
guides, 1, 1, 4
ps4, 1, 1, 0
weekly, 1, 1, 1
blow, 2, 1, -11
death, 9, 5, 73
excuses, 1, 1, 4
thinking, 2, 2, 2
rose, 1, 1, 1
seems, 15, 13, 71
except, 2, 2, 48
civil, 3, 3, 16
improvement, 1, 1, 1
color, 2, 2, 7
lets, 6, 4, 15
setting, 1, 1, 0
pile, 1, 1, 2
4, 12, 11, 15
versa, 1, 1, 2
baloney, 1, 1, 2
thoughts, 1, 1, 10
overbought, 2, 1, 40
dicks, 1, 1, -66
ca, 23, 23, 358
styles, 1, 1, 1
around, 6, 6, 30
easily, 1, 1, 40
read, 17, 17, 52
sums, 1, 1, 150
unnecessary, 2, 2, 1
pos, 1, 1, 2
early, 5, 5, 18
test, 1, 1, 2
snark, 1, 1, 3
pop, 1, 1, -10
blankety, 1, 1, 0
world, 15, 14, 200
accepted, 2, 2, 4
disappointed, 1, 1, 2
vague, 1, 1, 4
ruled, 1, 1, 6
omgs, 1, 1, 2
fortune, 1, 1, 87
pounds, 4, 3, -53
collective, 1, 1, 2
minarchist, 1, 1, 1
miracle, 1, 1, 64
discarded, 1, 1, 2
millennials, 8, 4, 20
benefit, 2, 2, 5
fully, 3, 3, -2
served, 2, 1, 0
reduced, 6, 6, 8
accidentally, 1, 1, 23
obstruct, 1, 1, 56
deduct, 1, 1, 4
competition, 6, 5, 13
slavery, 4, 4, 7
respect, 4, 2, 1
root, 1, 1, 2
bigger, 1, 1, 3
thinks, 2, 2, 30
reasons, 1, 1, 0
deputy, 1, 1, -1
provided, 3, 3, 13
outs, 1, 1, 66
beginnings, 1, 1, 8
lotto, 1, 1, 3
googled, 1, 1, 2
overly, 1, 1, 2
legal, 6, 6, 14
mercenaries, 1, 1, 1
flow, 2, 2, 2
critical, 1, 1, 66
exit, 1, 1, 6
onebedroom, 1, 1, -10
oragnize, 1, 1, 4
moderate, 3, 3, 11
tubs, 2, 1, 40
knife, 1, 1, 1
refer, 1, 1, 10
felt, 2, 2, 3
reasonable, 2, 2, 27
business, 13, 10, 96
pouring, 2, 2, 10
disinformation, 1, 1, 2
equivalent, 1, 1, 3
volkswagen, 1, 1, 4
1933, 1, 1, 4
broken, 5, 3, 1
leadership, 3, 3, 4
project_tweet, 1, 1, 3
starship, 1, 1, 3
tweetposteramp, 2, 1, 2
exciting, 1, 1, 2
repeating, 1, 1, 0
mercantalist, 1, 1, 1
reasonspaul, 1, 1, 29
ol, 2, 2, -57
central, 8, 6, 11
nonrich, 1, 1, -4
oh, 2, 2, 13
swarms, 1, 1, 2
industry, 2, 2, 1
violence, 2, 2, 3
sustain, 1, 1, 0
meaning, 1, 1, 40
greater, 1, 1, 1
practical, 1, 1, 10
36911, 1, 1, 1
medicare, 2, 1, 2
greatly, 1, 1, 12
act, 5, 5, 5
mixed, 1, 1, 1
luck, 1, 1, 3
road, 4, 4, 14
op, 5, 5, 53
lands, 1, 1, 2
forprofit, 2, 2, 7
follows, 1, 1, 1
blessed, 1, 1, -5
accounts, 3, 1, 2
determine, 2, 2, 3
parties, 3, 3, 8
portrayal, 1, 1, 2
dank, 1, 1, 0
lastly, 2, 2, 8
theoretically, 1, 1, 2
intervention, 1, 1, 15
sextrafficking, 1, 1, 3
area, 2, 1, 1
assumed, 1, 1, -3
hey, 4, 4, 23
lol, 5, 5, 43
disfavored, 1, 1, 1
start, 9, 9, 102
drank, 1, 1, -1
racist, 1, 1, 19
low, 2, 2, 13
lot, 23, 20, 237
seasoned, 1, 1, 3
gunpower, 1, 1, 40
fish, 1, 1, 13
misesorg, 1, 1, 6
brooklyn, 1, 1, -1
jones, 4, 3, 5
moderator, 1, 1, 21
relic, 1, 1, 1
complete, 2, 2, 75
inflates, 1, 1, 12
institutions, 1, 1, 4
pleased, 1, 1, 2
amongst, 1, 1, 2
brain, 3, 3, -2
survived, 1, 1, 1
trying, 17, 12, 98
irreversible, 1, 1, 23
buying, 1, 1, 3
happening, 2, 2, 81
fraud, 1, 1, -2
plenty, 2, 2, 1
circulation, 1, 1, 1
pitting, 1, 1, 1
rags, 1, 1, 2
determent, 1, 1, 0
dirty, 1, 1, -11
politically, 2, 2, 20
agree, 20, 17, 28
strongly, 1, 1, 2
604, 1, 1, 2
k8d204yiwzs, 1, 1, 3
demagogue, 1, 1, 0
ad, 2, 2, 54
videos, 1, 1, 19
ai, 1, 1, 2
certain, 5, 4, 12
describe, 2, 2, 7
deep, 3, 3, -7
general, 4, 4, 268
cbs, 1, 1, 21
intro, 1, 1, 37
politics, 16, 13, 97
hospitals, 2, 1, 8
spends, 1, 1, -2
fill, 2, 2, 5
ideally, 1, 1, 9
idiot, 4, 4, -11
credibility, 1, 1, -1
farther, 1, 1, 1
problemno, 1, 1, 1
insurance, 16, 6, 34
field, 3, 2, 2
valid, 2, 2, 2
5, 14, 13, 60
trash, 2, 2, -2
immunity, 1, 1, 1
10, 7, 6, 37
poor, 3, 3, 16
games, 1, 1, 56
congress, 1, 1, 3
separate, 3, 3, 4
2005, 3, 3, 56
carpenter, 1, 1, 0
includes, 1, 1, 0
dies, 2, 1, -1
important, 7, 7, -6
coverage, 1, 1, 10
planners, 6, 5, 9
tackle, 2, 2, 6
stossel, 5, 5, 42
scrutiny, 1, 1, 0
unlicensed, 1, 1, 3
23autotldr, 6, 6, 8
chuck, 1, 1, 6
building, 2, 1, 6
assets, 1, 1, 81
calls, 3, 2, 2
taxact, 1, 1, 2
wwwnospillcom, 1, 1, 1
invest, 1, 1, 64
odds, 3, 3, 5
apathy, 1, 1, 17
photos, 1, 1, -1
posts, 1, 1, 1
fraudulent, 1, 1, -2
mass, 2, 2, 4
nelson, 1, 1, 81
freelancers, 1, 1, 0
alright, 1, 1, 4
overseas, 2, 1, 12
evenly, 1, 1, 1
starting, 1, 1, 1
original, 7, 6, 8
legislatures, 2, 1, 0
consider, 4, 4, 64
chinese, 1, 1, 1
mug, 1, 1, 4
caused, 2, 2, 3
lack, 5, 4, 92
dollar, 2, 2, 24
month, 3, 3, 236
founded, 1, 1, 1
thoughtful, 1, 1, 1
code, 2, 2, 4
tours, 1, 1, 0
welfare, 6, 4, 100
follow, 6, 4, 50
toes, 1, 1, -1
religious, 3, 2, 4
children, 1, 1, 5
improperly, 1, 1, -10
apartment, 3, 2, 30
corps, 2, 1, 2
tv, 2, 2, 25
pledged, 1, 1, 33
wyoming, 2, 1, 2
gary, 7, 6, 35
tl, 13, 7, 10
program, 2, 2, 3
device, 1, 1, 12
dressing, 1, 1, 1
hitleresque, 1, 1, 1
safety, 4, 4, -16
ta, 3, 3, 7
paying, 4, 3, 67
appointment, 1, 1, 19
worse, 6, 6, 22
sitting, 1, 1, 5
far, 13, 13, 110
horror, 1, 1, 0
faq, 7, 7, 10
detention, 1, 1, -1
antihillary, 1, 1, 4
doortodoor, 2, 1, 2
frederic, 1, 1, 37
fan, 2, 2, 18
minded, 1, 1, 3
decide, 5, 2, 2
fall, 3, 1, 1
ticket, 1, 1, 2
difference, 5, 4, -12
method, 1, 1, 1
alien, 1, 1, 1
accompanying, 1, 1, 3
benevolent, 2, 2, 124
evaluation, 1, 1, 3
list, 3, 3, 87
joined, 2, 2, 2
grandfather, 1, 1, 1
large, 7, 5, 48
sane, 1, 1, 1
small, 6, 6, 106
biological, 1, 1, 2
spout, 2, 2, 14
andor, 3, 3, -4
fence, 1, 1, 10
tea, 1, 1, 4
ted, 5, 5, 42
nozick, 1, 1, 11
split, 1, 1, 3
past, 5, 5, 10
rate, 2, 1, 1
design, 2, 1, 1
irate, 1, 1, -5
lawyer, 1, 1, 1
pass, 4, 4, 14
nbc, 1, 1, 21
nba, 1, 1, -20
inefficiency, 2, 1, 2
casual, 1, 1, 6
returned, 1, 1, 0
lone, 1, 1, 1
abc, 1, 1, 21
sub, 13, 13, 107
216k, 1, 1, 0
witnessed, 1, 1, 35
investing, 1, 1, 64
deeply, 2, 2, 2
poisonous, 1, 1, 1
resume, 1, 1, 5
eminent, 3, 2, 0
coroner, 1, 1, 1
schumer, 7, 2, 8
version, 6, 6, 8
glasssteagall, 1, 1, 1
learned, 1, 1, 35
jurist, 1, 1, 6
public, 10, 9, 107
movement, 3, 2, 4
full, 5, 5, 36
christian, 1, 1, 2
hayek, 3, 3, 13
hours, 4, 3, 0
combating, 1, 1, 64
disastrous, 2, 2, 1
tickets, 1, 1, 3
civilians, 1, 1, 2
november, 2, 2, 10
commercially, 1, 1, 40
gclid, 2, 1, 2
publisher, 1, 1, 3
search, 1, 1, 2
teeth, 1, 1, 0
ahead, 1, 1, 2
losses, 1, 1, 9
allows, 2, 2, 8
experience, 2, 2, 5
prior, 1, 1, 10
amount, 11, 11, 51
taxpayer, 1, 1, 2
social, 9, 6, 77
action, 2, 2, 2
murdering, 1, 1, 3
narrow, 1, 1, 1
options, 7, 7, 8
sticking, 1, 1, 0
via, 1, 1, 3
followed, 1, 1, 13
members, 1, 1, 4
family, 7, 5, 9
suddenly, 1, 1, 2
obamacare, 2, 2, 9
cosmetic, 1, 1, 12
marriages, 1, 1, 3
1947, 1, 1, 0
tuned, 1, 1, 2
pulls, 3, 2, 7
establish, 2, 2, 4
select, 1, 1, 2
readily, 1, 1, 6
nauseam, 1, 1, 8
eye, 1, 1, 2
takes, 3, 3, -18
rlibetarian, 1, 1, -10
wiped, 1, 1, 19
two, 11, 11, 84
error, 1, 1, 2
shotguns, 1, 1, -10
conspiring, 1, 1, -1
6, 3, 3, 4
taken, 5, 5, 19
kick, 1, 1, 0
markets, 4, 4, 75
bernardinosandy, 1, 1, 2
diamond, 1, 1, 1
door, 5, 2, 70
knows, 3, 3, 2
initiated, 1, 1, 2
2016, 1, 1, 1
company, 7, 6, 32
stable, 1, 1, 0
leonard, 1, 1, 1
site, 3, 3, 2
permit, 1, 1, 2
excuse, 1, 1, 12
basically, 4, 4, 77
particular, 1, 1, 10
known, 1, 1, 60
waxer, 1, 1, 31
maryland, 1, 1, 4
glad, 2, 2, 6
respected, 1, 1, 2
none, 4, 4, 12
fatal, 1, 1, 1
debates, 1, 1, 3
hour, 1, 1, 2
middle, 1, 1, -11
sa, 1, 1, 4
science, 5, 5, 88
sucks, 1, 1, 1
guards, 1, 1, -1
remain, 1, 1, 3
vs, 4, 4, 17
dem, 1, 1, 1
evolved, 2, 2, 24
learn, 3, 3, 21
abandon, 1, 1, 1
dea, 1, 1, 1
history, 13, 10, 44
beautiful, 2, 1, 3
fundamentalist, 1, 1, 0
compare, 3, 3, 3
processing, 1, 1, 2
pusher, 1, 1, 81
stacking, 1, 1, -10
prods, 1, 1, -1
share, 3, 3, 5
accept, 2, 2, 22
states, 9, 7, 83
unbiased, 1, 1, 6
minimum, 2, 2, 10
salty, 1, 1, 6
numbers, 5, 5, 21
purchased, 1, 1, 40
sense, 1, 1, 60
libertarian, 39, 28, 280
sharp, 1, 1, 6
swung, 1, 1, 2
condemn, 1, 1, 9
1050, 1, 1, 2
huge, 8, 8, 208
needs, 7, 7, 24
court, 6, 4, 15
serves, 2, 2, 5
rather, 8, 7, -9
acts, 1, 1, -2
conducted, 1, 1, 52
automatic, 2, 2, 8
burge, 4, 2, 1
occasionally, 1, 1, 1
earnings, 1, 1, 1
surpasses, 1, 1, 12
baejter, 1, 1, 1
strong, 2, 2, 2
explains, 3, 3, 7
acknowledging, 1, 1, 1
shouldnt, 1, 1, -10
okay, 2, 2, 9
tried, 1, 1, 13
uprising, 2, 2, 3
advice, 3, 3, 8
treatments, 1, 1, 10
questioning, 1, 1, 1
reflect, 2, 2, 3
progressives, 1, 1, 66
fb, 1, 1, 3
terrorist, 2, 2, -2
blood, 3, 3, 82
coming, 8, 8, 12
invasion, 1, 1, 2
liberalism, 1, 1, 37
rfacepalm, 1, 1, 4
response, 1, 1, 1
proclaimed, 1, 1, 0
refuse, 1, 1, 19
short, 3, 3, -3
register, 1, 1, 2
bugs, 1, 1, 5
rossperot, 1, 1, 1
sodomy, 1, 1, 2
responsibility, 6, 5, 85
media, 4, 3, 271
banks, 2, 2, -1
putting, 2, 2, 22
playing, 1, 1, 0
skouras, 1, 1, 3
imploding, 1, 1, 33
help, 8, 8, 25
administration, 2, 2, 0
nonrevocable, 1, 1, 1
idealogical, 1, 1, 0
trade, 4, 1, 1
disabled, 1, 1, 1
isnt, 1, 1, 1
paper, 3, 3, 83
committed, 3, 3, 1
helm, 1, 1, 2
existence, 3, 2, -21
suffer, 1, 1, 6
24, 1, 1, 1
25, 4, 4, 34
style, 7, 7, 36
nationwide, 1, 1, 2
20, 5, 5, 4
21, 1, 1, 0
pests, 1, 1, 2
fairmarket, 1, 1, 0
continued, 1, 1, 0
border, 1, 1, 1
sale, 1, 1, 2
28, 1, 1, 40
actually, 22, 21, 112
symptoms, 1, 1, 1
detected, 1, 1, 2
systems, 3, 3, 10
bummer, 1, 1, 9
founders, 1, 1, 87
reciprocating, 1, 1, -4
cool, 1, 1, 6
might, 18, 15, 124
hurting, 1, 1, 1
good, 31, 29, 238
somebody, 2, 2, 1
dickens, 1, 1, 0
entire, 9, 8, 90
ceo, 11, 7, 142
propose, 2, 2, -1
socially, 1, 1, 2
arsenal, 1, 1, 52
units, 3, 1, 1
225lb, 1, 1, 40
wan, 1, 1, -1
starbucks, 1, 1, 5
foot, 2, 2, 73
executions, 1, 1, 0
viewers, 1, 1, 1
buyouts, 1, 1, 1
desperately, 1, 1, 3
flipflop, 1, 1, 2
fanatics, 1, 1, 3
payer, 2, 2, 4
pregnant, 1, 1, 1
hails, 1, 1, 3
always, 18, 15, 181
presented, 1, 1, 0
tear, 2, 1, 4
inequality, 1, 1, -4
stopped, 1, 1, 0
predators, 2, 2, 2
turns, 1, 1, 0
found, 7, 6, 1
shocking, 1, 1, 6
caliber, 1, 1, 40
referred, 1, 1, 19
breakdown, 1, 1, 10
harm, 1, 1, 3
everyone, 17, 17, 47
england, 2, 1, 1
mental, 1, 1, -3
mcbryde, 1, 1, 1
generation, 1, 1, 8
house, 3, 2, 1
utf8amp, 2, 2, 2
hard, 18, 15, 98
reduce, 2, 2, 2
idea, 3, 3, 4
watered, 1, 1, 64
bickering, 1, 1, 1
exorbitant, 2, 2, -8
expect, 2, 2, 77
johnstossel, 1, 1, 2
inspections, 1, 1, 2
balance, 1, 1, 51
butthurt, 1, 1, 17
anarchy, 1, 1, 11
really, 40, 34, 179
ammorelated, 1, 1, -10
homereloading, 1, 1, 40
funding, 3, 2, 3
alcohol, 2, 1, 3
p, 1, 1, 1
socialized, 1, 1, 1
robert, 2, 2, 14
since, 15, 13, 84
outpacing, 1, 1, 1
research, 4, 4, 44
health, 19, 11, 47
hill, 1, 1, 1
7, 3, 3, 12
theman, 1, 1, 7
san, 1, 1, 2
issue, 14, 14, 125
rlibertarian, 7, 6, 17
serfdom, 4, 4, 14
downs, 1, 1, 1
belief, 2, 2, 5
pathetic, 1, 1, 23
routine, 1, 1, 2
enforcing, 2, 2, 7
confidence, 1, 1, 2
horse, 1, 1, 35
incarceration, 1, 1, 1
reason, 12, 12, 7
base, 4, 4, 268
included, 1, 1, -1
brightest, 1, 1, 12
disposition, 1, 1, 0
imagine, 2, 2, 5
put, 15, 14, 217
teach, 1, 1, 64
beginning, 3, 3, 17
speculation, 1, 1, 1
definition, 3, 3, 0
owners, 1, 1, 1
benefits, 2, 2, -3
service, 5, 5, 24
thread, 3, 2, 37
reinforces, 1, 1, 66
success, 2, 2, 5
american, 6, 6, 71
w, 1, 1, 0
scheduled, 1, 1, -10
syria, 1, 1, 3
apocalypse, 1, 1, 2
fallen, 1, 1, 1
partnerships, 1, 1, 1
flood, 1, 1, 8
major, 1, 1, 10
mr, 1, 1, 3
dont, 2, 2, 65
feel, 8, 7, 65
radical, 2, 2, 3
number, 4, 3, 44
solowiej, 1, 1, 1
infinite, 1, 1, 2
done, 6, 6, 20
fees, 3, 3, 53
slower, 1, 1, 1
wages, 2, 2, 1
marginilized, 1, 1, 2
miss, 1, 1, -22
guess, 5, 5, 66
heads, 1, 1, 33
5th, 1, 1, 0
shooting, 2, 2, 42
least, 11, 11, 76
regulation, 5, 5, 7
station, 2, 2, 2
warming, 4, 3, -17
passed, 2, 1, -2
arguing, 1, 1, 2
rates, 1, 1, 1
hundred, 2, 2, 9
store, 1, 1, 40
sympathies, 1, 1, 64
option, 2, 2, 4
relationship, 1, 1, 1
behind, 4, 4, 12
favorably, 1, 1, 1
pursuit, 1, 1, 1
park, 1, 1, -10
veteran, 1, 1, 0
part, 13, 11, 65
taught, 1, 1, 31
favorable, 1, 1, 1
word, 2, 2, 8
doctors, 3, 2, 18
translation, 1, 1, 1
believe, 10, 8, 47
convinced, 2, 2, 90
obama, 10, 9, 288
albeit, 1, 1, 3
kind, 10, 9, 44
kindly, 1, 1, 0
gotten, 2, 2, 51
fundsshareholders, 1, 1, 9
dogs, 1, 1, -1
outrageous, 2, 2, -3
illegals, 1, 1, 1
utopia, 1, 1, 11
determined, 1, 1, 6
marriage, 3, 2, 4
supposed, 5, 5, 18
empirical, 1, 1, 1
chairman, 1, 1, 3
toward, 2, 2, 15
declare, 1, 1, 0
rant, 1, 1, 1
sentenced, 1, 1, -1
upboner, 1, 1, 4
nominee, 12, 9, 381
suffocating, 2, 1, -1
suspicious, 1, 1, 2
businesses, 1, 1, 2
randomly, 1, 1, -10
pornography, 1, 1, -1
selling, 2, 2, 7
cleaned, 1, 1, -1
concentration, 1, 1, 4
karl, 1, 1, 0
lid, 2, 1, 1
welp, 1, 1, 12
nongovernmental, 2, 1, 2
self, 2, 2, -1
officers, 2, 2, 53
dictator, 1, 1, 4
majority, 9, 9, 74
uninformed, 1, 1, 21
labour, 1, 1, 2
lip, 2, 1, 1
useless, 2, 2, 9
youtubeqpkkqnijnsm, 1, 1, 1
hominem, 1, 1, 46
play, 3, 3, 122
towards, 3, 3, 15
departmental, 1, 1, 1
retired, 1, 1, 19
mentality, 1, 1, 3
electable, 1, 1, 2
affordability, 1, 1, 2
77, 2, 2, 2
conscripted, 1, 1, 0
hired, 1, 1, 31
plan, 9, 9, 29
significant, 2, 2, 23
70, 2, 2, 7
services, 8, 8, 164
extremely, 3, 3, 49
79, 1, 1, 2
unavailable, 1, 1, 40
salary, 4, 4, 7
rechtsradikale, 1, 1, 4
loopholes, 1, 1, -2
kd, 1, 1, 1
mobile, 1, 1, 1
clear, 5, 5, 8
fiscally, 1, 1, 2
singlepayer, 1, 1, 10
rockefeller, 1, 1, -3
traditional, 1, 1, 1
12x18x54, 1, 1, 40
clean, 1, 1, -11
microsoft, 1, 1, 87
lying, 1, 1, 0
differentiate, 1, 1, 3
sector, 1, 1, 81
thomas, 3, 3, 152
ugh, 1, 1, 3
particularly, 1, 1, 1
gold, 1, 1, 2
pennies, 1, 1, 12
blindly, 1, 1, 19
celebrities, 1, 1, 1
aghast, 1, 1, -5
defended, 2, 2, 14
booze, 1, 1, -1
outvoted, 1, 1, 0
felon, 1, 1, 0
howls, 1, 1, 0
jared, 1, 1, 1
uniform, 1, 1, 4
fine, 1, 1, 10
find, 7, 6, 180
fing, 1, 1, 7
superdelegates, 6, 4, 299
giant, 2, 2, 267
parameters, 1, 1, 1
justice, 7, 7, 10
stairs, 1, 1, 6
flesh, 1, 1, 81
penalty, 1, 1, 0
failed, 4, 2, 83
idiots, 2, 2, 2
pretty, 16, 15, 86
calibers, 2, 1, 40
override, 1, 1, 262
8, 3, 3, 4
darwin, 1, 1, 0
hit, 2, 2, 25
meanwhile, 1, 1, 9
terroramp, 1, 1, 0
cheaper, 1, 1, 12
famous, 1, 1, 19
feels, 1, 1, 5
cheapen, 1, 1, 5
rest, 4, 3, 4
pretending, 2, 2, 267
basement, 1, 1, 81
cringy, 1, 1, 1
enemy, 1, 1, 26
catches, 1, 1, 1
ammunition, 3, 2, 44
frankly, 1, 1, 1
progressive, 2, 2, 9
sources, 4, 4, 1
generally, 3, 3, 3
hobbles, 1, 1, 6
proclaim, 1, 1, 3
sacrifices, 1, 1, 2
common, 5, 4, 140
activity, 3, 3, 1
x, 1, 1, -2
poisoned, 1, 1, -2
wrote, 1, 1, 14
onesince, 1, 1, 1
togetheramp, 1, 1, 1
set, 3, 3, 3
creator, 1, 1, 1
naked, 1, 1, -1
jade, 1, 1, 2
culture, 1, 1, 0
see, 35, 31, 444
individual, 8, 5, 40
dumb, 2, 2, 38
close, 3, 3, 20
bark, 1, 1, 1
nap, 1, 1, 2
ordinance, 2, 1, 2
expert, 1, 1, 1
unlibertarian, 1, 1, 2
mine, 2, 2, 1
pictures, 1, 1, 0
century, 1, 1, 2
currently, 3, 3, 11
please, 5, 5, 57
alluding, 1, 1, 3
rejecting, 1, 1, 0
fans, 2, 2, 64
health_care, 1, 1, 0
probably, 11, 11, 264
champagne, 1, 1, 2
numerous, 1, 1, 2
corruption, 3, 3, 1
pictured, 1, 1, 11
risks, 1, 1, 1
available, 6, 5, 23
makeup, 1, 1, 2
recently, 1, 1, 1
responses, 1, 1, 1
notoriously, 1, 1, 1
missing, 1, 1, 35
allenbwest, 1, 1, 1
sold, 1, 1, 40
attention, 3, 3, 277
tlot, 1, 1, 2
respondents, 1, 1, 1
peoplefunded, 1, 1, 5
premise, 1, 1, 2
milennials, 1, 1, 8
nontrump, 1, 1, 1
pissed, 1, 1, 2
despise, 1, 1, 6
f, 1, 1, 1
last, 5, 5, -1
reverse, 2, 2, 1
license, 3, 2, 21
influential, 2, 2, 1
annual, 1, 1, 0
foreign, 2, 2, -1
sensitive, 1, 1, 2
became, 3, 3, 42
acquisition, 1, 1, 0
context, 1, 1, -2
retarded, 1, 1, 7
poverty, 1, 1, 5
special, 1, 1, 1
interactive, 1, 1, 1
whole, 4, 3, 4
millions, 1, 1, 0
rbg, 1, 1, 1
liked, 4, 4, 7
demonizing, 1, 1, 26
study, 3, 3, 9
point, 20, 19, 424
simple, 2, 2, 57
sweet, 1, 1, 1
loan, 2, 2, -24
unintended, 1, 1, 6
whatever, 8, 5, -6
unelectable, 1, 1, 2
simply, 7, 7, 43
mcconnell, 1, 1, 56
church, 1, 1, 2
bench, 1, 1, 1
mission, 1, 1, 0
menwomen, 1, 1, -1
expensive, 2, 2, 41
upordown, 1, 1, 56
ensures, 1, 1, 10
contraception, 1, 1, 2
chick, 1, 1, 2
sixteen, 1, 1, -1
govenor, 1, 1, 3
create, 2, 2, 13
hazlitt, 1, 1, 37
political, 20, 19, 160
due, 3, 3, 3
convicted, 3, 3, -2
pc, 1, 1, 1
citations, 1, 1, 5
complicated, 1, 1, 19
pd, 1, 1, -5
pj, 1, 1, 1
threaten, 1, 1, 3
brick, 1, 1, 40
treatment, 3, 3, 34
sanders, 37, 25, 436
chattel, 1, 1, 3
lived, 1, 1, 1
gay, 4, 3, 5
fire, 3, 3, 2
gas, 16, 13, 68
39, 1, 1, -1
else, 9, 9, 77
anthony, 2, 2, 1
fund, 2, 2, 3
races, 1, 1, 35
understand, 11, 9, 85
reference, 1, 1, -1
demand, 2, 2, 4
prices, 6, 6, 18
resisted, 1, 1, 7
nowwelp, 1, 1, 1
slipups, 1, 1, 2
evangelical, 1, 1, 2
stolen, 3, 2, 17
politician, 3, 3, 11
look, 11, 10, 139
solid, 2, 2, 21
judicial, 2, 2, 56
socialist, 22, 11, 199
bill, 5, 5, 23
elections, 3, 3, 62
governor, 1, 1, 0
crutch, 2, 1, 6
brilliant, 1, 1, 6
socialism, 25, 16, 145
ought, 2, 2, 2
22lr, 2, 1, 40
leaning, 2, 2, 13
fun, 2, 2, -21
drs, 6, 6, 8
deregulation, 1, 1, 3
cages, 1, 1, 21
theres, 1, 1, 2
real, 7, 6, 78
sizeable, 1, 1, 2
wild, 1, 1, 2
voters, 7, 6, 118
cents, 2, 2, 12
funded, 2, 2, 3
von, 1, 1, 37
everywhere, 1, 1, 4
rip, 2, 2, 36
reads, 1, 1, 1
farleft, 1, 1, 2
ready, 2, 1, -10
limit, 1, 1, 2
rid, 2, 2, 7
payers, 1, 1, 1
chase, 1, 1, 13
funny, 3, 3, 11
regulate, 3, 3, 3
earn, 1, 1, 3
anymore, 3, 3, 68
belong, 1, 1, 1
accomplished, 2, 2, 18
florence, 1, 1, 0
rules, 2, 2, 6
popularly, 1, 1, 2
virtually, 2, 2, 81
peoples, 1, 1, 2
9, 2, 2, 4
products, 1, 1, 1
advise, 3, 2, 56
ruth, 1, 1, 0
100x, 1, 1, -1
higher, 5, 5, 45
development, 2, 1, 0
used, 10, 9, 289
temporary, 1, 1, 3
paths, 1, 1, 1
bonus, 1, 1, 2
restraint, 1, 1, -1
island, 1, 1, 1
1000x, 1, 1, 236
injustice, 1, 1, 1
moment, 2, 2, 3
walmart, 1, 1, 87
medicaid, 2, 1, 2
cleaning, 1, 1, -10
decency, 1, 1, 46
millenials, 1, 1, 0
stack, 1, 1, 1
recent, 1, 1, 5
buybacks, 1, 1, 1
amy, 1, 1, 2
lower, 2, 2, 10
dystopian, 1, 1, 10
older, 4, 4, 15
abusive, 1, 1, 1
anybody, 5, 4, 78
obviously, 4, 4, 34
person, 9, 9, 30
edge, 1, 1, 1
machinery, 3, 3, 3
_just, 1, 1, 5
organization, 1, 1, -4
abandonment, 1, 1, 19
carpets, 1, 1, 1
spend, 1, 1, 1
preference, 1, 1, 1
donation, 1, 1, 1
eyeglasses, 2, 1, 2
exploits, 1, 1, 15
swanson, 1, 1, 16
judgments, 2, 1, 0
polled, 1, 1, 2
noble, 1, 1, 0
openly, 1, 1, 1
questions, 3, 3, 23
using, 11, 10, 294
regardless, 5, 5, 68
alternative, 1, 1, 3
injuries, 1, 1, -1
unto, 1, 1, 2
gunowners, 1, 1, 40
profitable, 2, 2, 11
cut, 2, 2, 0
also, 17, 17, 118
advisers, 1, 1, 3
workers, 1, 1, 5
canisters, 1, 1, -1
cuz, 3, 1, 64
barack, 2, 2, 0
source, 5, 5, 9
governmental, 1, 1, 0
internal, 1, 1, -1
parents, 7, 5, 71
questioned, 1, 1, 3
cash, 1, 1, 2
relevance, 1, 1, 10
contrary, 1, 1, 3
distinguish, 1, 1, 1
administrative, 2, 2, 42
hates, 2, 2, 4
tibor, 1, 1, 11
bin, 1, 1, 2
complaint, 2, 2, 4
march, 1, 1, 12
stein, 2, 2, 3
big, 10, 10, 70
showing, 2, 2, 1
advocate, 1, 1, 0
unlimited, 1, 1, 5
judgement, 1, 1, 0
shitty, 5, 4, 61
game, 5, 3, 1
y5zqtmky7gi, 1, 1, 1
marked, 1, 1, 1
nonenforcement, 1, 1, 1
towel, 2, 1, -1
bit, 3, 3, 14
wings, 1, 1, 1
projects, 1, 1, 1
formal, 1, 1, 0
squandered, 1, 1, 0
brace, 2, 1, 6
kennedy, 3, 2, 1
productive, 2, 2, 6
0gizg8nw40k, 1, 1, 1
ignore, 2, 2, 1
collect, 5, 5, 14
continue, 6, 5, 15
provoking, 1, 1, 5
popular, 11, 8, 42
cronies, 3, 2, 27
foolish, 2, 1, -10
disorder, 1, 1, 1
essential, 1, 1, 10
licensing, 3, 3, 32
google, 2, 2, 89
often, 5, 4, 17
collectors, 1, 1, 40
absolutely, 3, 3, 12
extremism, 1, 1, 2
pals, 1, 1, 10
creation, 1, 1, -4
back, 15, 13, 187
janitoramp, 1, 1, 1
extremist, 1, 1, 0
understood, 1, 1, 1
trends, 1, 1, 1
economic, 15, 10, 24
examples, 2, 2, 3
mirror, 1, 1, 0
smh, 1, 1, 2
curious, 2, 2, 6
electric, 1, 1, -1
sized, 2, 2, 39
scale, 2, 1, 2
dull, 1, 1, 1
affects, 1, 1, 1
decision, 4, 4, 2
riamverysmart, 1, 1, -22
per, 2, 1, 12
prop, 1, 1, 4
torturedamp, 1, 1, 1
eliminate, 3, 2, 19
segregating, 1, 1, 1
rothbard, 1, 1, 2
probernie, 1, 1, 4
shooters, 1, 1, 40
crony, 4, 3, 20
varying, 1, 1, 2
run, 14, 10, 38
300, 1, 1, 1
reach, 1, 1, -2
imprison, 1, 1, 4
fed, 2, 2, 66
step, 2, 2, 1
percentile, 1, 1, 1
loreal, 1, 1, 87
sanders16, 1, 1, 35
bs, 2, 2, 7
sexism, 1, 1, 1
crap, 2, 2, 65
dictated, 1, 1, 4
goods, 2, 2, 89
anything, 20, 19, 99
entrepreneurs, 1, 1, 0
ordeal, 1, 1, -1
75, 1, 1, 1
deserves, 3, 3, 0
liberterians, 1, 1, -66
shitbird, 1, 1, 2
idk, 1, 1, 2
shitting, 1, 1, 1
mouth, 1, 1, -1
hatred, 1, 1, 3
complimentary, 1, 1, 2
block, 1, 1, 2
flying, 1, 1, 3
credible, 1, 1, 3
seeing, 5, 5, 110
david, 5, 5, 5
clinton, 5, 5, 34
71, 1, 1, 2
garbage, 1, 1, 2
within, 3, 3, 62
nonsense, 5, 5, 25
invading, 1, 1, -2
nothing, 14, 13, 620
appropriate, 2, 2, -2
proportional, 1, 1, -2
lesson, 2, 2, 38
nobel, 1, 1, 1
lebron, 1, 1, -2
awardwinning, 1, 1, 3
statistics, 1, 1, 10
story, 3, 3, 56
rpolitics, 2, 2, 12
spending, 2, 1, 3
placing, 1, 1, 1
question, 11, 7, 157
specifically, 3, 3, 2
custom, 1, 1, 1
suit, 1, 1, 13
forward, 1, 1, 3
morality, 1, 1, 2
twitter, 4, 2, -21
opponent, 1, 1, 6
https, 40, 23, 109
linx, 1, 1, 1
jewish, 1, 1, 4
inept, 1, 1, 2
immigration, 7, 3, 1
hoped, 1, 1, 16
properly, 2, 2, 5
link, 4, 4, 32
authority, 5, 3, 7
newer, 1, 1, 1
filed, 1, 1, 1
line, 4, 3, 10
nutshell, 1, 1, -10
ceremonies, 1, 1, 6
posted, 2, 2, 3
fda, 3, 3, 14
laziest, 1, 1, 1
cia, 1, 1, -1
cig, 1, 1, 15
entry, 1, 1, 0
reload, 1, 1, 3
fulfilling, 1, 1, 6
143, 1, 1, 1
elide, 1, 1, 1
us, 28, 25, 152
planet, 1, 1, 10
nestle, 1, 1, 5
interventionist, 1, 1, 4
un, 1, 1, -1
uh, 1, 1, 1
uk, 1, 1, 2
covet, 1, 1, 7
similar, 2, 2, 2
medical, 8, 7, 24
inmate, 3, 1, 1
possession, 1, 1, 1
associated, 2, 2, 3
adults, 1, 1, 3
confiscate, 1, 1, 2
raging, 1, 1, 7
elitist, 1, 1, 19
package, 1, 1, 3
divisive, 2, 2, 4
single, 4, 4, 237
curb, 1, 1, 6
pricescarewhatever, 1, 1, 7
graham, 1, 1, 0
denying, 2, 1, -22
amounts, 3, 3, 15
porkins, 1, 1, 3
nah, 2, 2, 67
cohesive, 1, 1, 1
semiautomatic, 1, 1, 3
democratically, 1, 1, 2
politicians, 8, 7, 23
points, 4, 4, 14
income, 3, 3, -4
department, 2, 2, 1
arithmetic, 1, 1, 1
nice, 2, 2, 14
explaining, 2, 2, 20
elements, 2, 1, 1
beor, 1, 1, 1
calculating, 1, 1, 0
refugeesimmigration, 1, 1, 3
1996, 1, 1, -1
sided, 1, 1, 4
backbone, 2, 1, 5
problems, 6, 3, 28
youtube7lnur86sakq, 1, 1, 2
prepared, 1, 1, 56
regulations, 3, 3, 55
scholarships, 1, 1, 1
allowing, 1, 1, 2
fervently, 1, 1, 3
hair, 1, 1, 31
sides, 3, 3, 4
christ, 1, 1, 1
ago, 5, 5, 11
land, 3, 2, 64
e, 1, 1, 1
vice, 3, 3, 9
consumer, 2, 2, 8
age, 1, 1, 2
required, 2, 2, -28
youtube, 3, 3, 23
attacking, 3, 2, 22
2003, 1, 1, 0
depth, 3, 2, 5
2001, 1, 1, 0
wealthybut, 1, 1, 1
international, 1, 1, 3
2008, 10, 7, 548
doled, 1, 1, -5
requires, 2, 2, 8
hello, 2, 2, 16
gt, 56, 28, 78
jason, 2, 1, 3
incorporate, 1, 1, 4
results, 3, 3, 6
steve, 1, 1, 1
debtors, 1, 1, 30
stops, 2, 2, 2
gladly, 1, 1, 1
go, 22, 20, 198
conservative, 4, 4, 21
securitized, 1, 1, 1
issues, 6, 6, 13
documentary, 2, 1, -1
cityamp, 1, 1, 1
endeavorbut, 1, 1, 1
stunned, 1, 1, -1
longstanding, 2, 1, 0
4647kj, 1, 1, 2
young, 6, 5, 73
send, 4, 2, 37
nose, 1, 1, -1
bruh, 1, 1, 1
lpnational, 1, 1, 2
late, 1, 1, 6
atlas, 4, 3, 9
dislike, 3, 3, 12
include, 1, 1, 0
friendly, 1, 1, 19
resources, 7, 4, 30
rag, 1, 1, -11
fond, 1, 1, 19
mainstream, 2, 2, 3
torture, 7, 4, -2
provider, 2, 2, 9
ancaps, 1, 1, 1
facebook, 3, 3, 104
smellthebum, 1, 1, 81
telling, 3, 3, 2
lasik, 3, 2, 15
drinking, 2, 2, 5
ending, 2, 2, 2
korea, 2, 2, 1
wipe, 1, 1, 0
rad, 1, 1, 3
severely, 1, 1, 26
partially, 1, 1, 1
magic, 1, 1, 3
positions, 5, 4, 8
button, 1, 1, 1
shock, 1, 1, 3
michael, 3, 3, 2
colors, 1, 1, 0
itamp, 1, 1, 1
campaignelection, 1, 1, 3
try, 7, 6, 76
brutal, 1, 1, -1
race, 5, 5, 54
swallow, 1, 1, 0
dealt, 1, 1, 2
alltime, 1, 1, 10
jerk, 1, 1, -1
enforce, 7, 5, 10
bernie, 73, 54, 547
logistics, 1, 1, 1
clients, 1, 1, 1
colorcode, 1, 1, -5
wrestling, 1, 1, 2
pepper, 1, 1, -1
crop, 1, 1, 2
jump, 1, 1, 2
yaron, 1, 1, 1
video, 6, 6, 10
picked, 1, 1, 52
immaturity, 1, 1, 9
ardent, 1, 1, 2
believes, 1, 1, 2
whitehouse, 1, 1, 2
developed, 2, 2, 1
power, 11, 8, 70
cover, 3, 3, 3
chicago, 6, 5, 10
giving, 3, 3, 237
recommendation, 1, 1, -1
privatepublic, 1, 1, 1
access, 5, 4, 13
waiting, 3, 3, 24
clipboard, 1, 1, 6
apologize, 1, 1, 1
capital, 3, 1, 1
drags, 1, 1, 1
firms, 2, 1, 1
charade, 1, 1, 52
nazis, 3, 3, 6
body, 1, 1, 1
misdeeds, 1, 1, 0
led, 3, 3, 265
degree, 1, 1, -1
leg, 1, 1, 6
pearse, 1, 1, 3
believed, 2, 2, 5
mkay, 1, 1, 15
let, 21, 20, 212
separation, 1, 1, 2
others, 16, 15, 114
downvote, 1, 1, 1
taxpaying, 1, 1, 0
safer, 3, 3, 33
mises, 2, 2, 41
extreme, 2, 1, 1
great, 21, 18, 102
38, 2, 1, -1
talent, 1, 1, 6
medically, 1, 1, 3
wroking, 1, 1, 2
receive, 4, 4, 70
involved, 1, 1, 12
larger, 3, 3, 4
engine, 1, 1, 3
parroting, 1, 1, 9
survey, 2, 1, 1
imgur, 1, 1, 0
opinion, 2, 2, 8
residents, 2, 2, 4
makes, 16, 15, 153
delays, 1, 1, 1
thats, 1, 1, 8
writer, 2, 2, 6
apple, 1, 1, 19
reserve, 1, 1, 0
win, 11, 9, 321
charge, 4, 4, 16
shoved, 1, 1, 64
dedicated, 1, 1, 1
private, 33, 18, 207
outcomes, 1, 1, 2
addressed, 2, 2, 1
names, 2, 1, 81
apply, 1, 1, 0
orderings, 1, 1, 1
corrupted, 1, 1, -2
standing, 1, 1, 6
strapped, 1, 1, -1
use, 24, 19, 230
kenneth, 1, 1, 1
freedoms, 2, 2, 3
illegal, 9, 9, 31
readable, 1, 1, 7
next, 5, 5, 13
doubt, 2, 2, 2
examination, 1, 1, 0
historically, 1, 1, 2
20160216, 1, 1, 2
sort, 2, 2, 6
pencil, 1, 1, 1
journalists, 2, 2, 49
comparison, 1, 1, 3
started, 4, 3, 10
becomes, 1, 1, -1
inclined, 1, 1, 30
conducting, 1, 1, 52
industrial, 2, 2, 2
opposing, 3, 2, 0
descriptive, 1, 1, 1
pitfalls, 1, 1, 5
baby, 3, 2, 82
ok, 3, 3, 18
nypd, 1, 1, -1
appointee, 2, 1, 0
appointed, 2, 2, 28
pagewanted, 2, 1, 1
charity, 1, 1, 1
develops, 1, 1, 3
escaped, 1, 1, 3
salad, 7, 2, 5
soceity, 1, 1, 17
sounded, 1, 1, 2
pour, 2, 1, 11
explorative, 1, 1, 1
ancap, 1, 1, 17
anywhere, 2, 2, 9
obvious, 1, 1, 0
thin, 1, 1, -10
drill, 2, 2, 3
narratives, 1, 1, 0
fulfill, 1, 1, 9
closing, 1, 1, -2
potus, 1, 1, 2
institute, 1, 1, 1
proof, 1, 1, 87
control, 8, 5, 16
links, 1, 1, 2
providers, 1, 1, 2
process, 9, 9, 146
lock, 2, 2, -2
allowed, 4, 4, 6
tax, 13, 7, 8
pieces, 1, 1, 7
high, 3, 3, 13
effectively, 1, 1, 1
assumptions, 2, 2, 2
pulling, 1, 1, 2
something, 19, 18, 204
justifications, 1, 1, 66
wonderful, 1, 1, 1
serial, 1, 1, 1
civilrights, 2, 1, 1
bolstered, 1, 1, 23
rape, 1, 1, 1
ideology, 2, 1, 0
usernames, 1, 1, 2
united, 8, 7, 14
democracy, 3, 3, 19
sit, 1, 1, 3
summery, 1, 1, 4
orourke, 1, 1, 1
struggles, 1, 1, 2
hampshire, 2, 1, 2
responsibilities, 1, 1, 17
winners, 1, 1, 1
pair, 1, 1, 2
instead, 6, 6, 95
establishment, 4, 4, 92
stand, 4, 3, 14
cycle, 2, 2, 1
attend, 1, 1, 2
farm, 1, 1, 2
stop, 6, 6, 13
smear, 1, 1, 5
collection, 2, 1, 40
bothered, 1, 1, 8
prez, 1, 1, 2
permanent, 1, 1, 1
abuse, 8, 8, 24
puppies, 2, 1, 3
leftofcenter, 1, 1, 3
criticized, 2, 1, 1
assassin, 1, 1, 0
purely, 1, 1, -5
whistle, 1, 1, -1
concern, 1, 1, 1
light, 2, 2, 2
counter, 1, 1, 64
lines, 2, 2, 10
scoop, 1, 1, 4
honestly, 2, 2, 1
scrubs, 1, 1, -2
healthcare, 12, 7, 27
subsequently, 1, 1, 40
counted, 1, 1, 3
alito, 2, 2, 1
justifiable, 2, 2, 1
theft, 2, 2, -9
producer, 4, 1, 3
produces, 2, 1, -20
move, 7, 7, 80
suprised, 1, 1, 2
produced, 5, 4, 9
whilst, 1, 1, 2
alliance, 1, 1, 26
including, 3, 3, 4
looks, 6, 6, 26
souter, 1, 1, 0
gender, 2, 1, 1
mentioned, 2, 2, 238
converting, 1, 1, 0
vilify, 1, 1, 1
bunch, 4, 4, 28
perfect, 5, 4, 84
takings, 1, 1, 0
le, 1, 1, 87
chosen, 1, 1, 2
surgeons, 1, 1, 12
labor, 8, 5, 25
willing, 4, 3, 72
choose, 5, 5, 6
lp, 4, 3, 6
2015, 1, 1, 2
covered, 3, 3, 3
criminal, 2, 2, 1
crowds, 1, 1, 19
2010, 1, 1, 1
2012, 3, 3, 8
dad, 3, 2, 84
campaigned, 1, 1, 81
lunatic, 1, 1, 2
horwitz, 1, 1, 1
washington, 1, 1, 1
repercussions, 1, 1, 6
practice, 5, 5, 45
runs, 1, 1, 3
mention, 1, 1, 2
cutting, 2, 2, 0
snake, 1, 1, 1
hands, 1, 1, 2
front, 1, 1, 3
republican, 9, 9, 83
1000round, 1, 1, 40
day, 6, 6, 245
presidential, 1, 1, 52
successor, 1, 1, 2
articles, 2, 1, 1
february, 1, 1, 1
speaks, 1, 1, 1
metalgascan, 1, 1, 1
edit, 5, 5, -4
panic, 2, 1, 40
university, 2, 2, 84
consensual, 1, 1, 3
mode, 1, 1, 19
truth, 2, 2, -1
shortage, 1, 1, 10
superdelegate, 2, 2, 4
bills, 1, 1, 81
flair, 1, 1, 17
preestablished, 1, 1, 1
inputs, 1, 1, 1
barnett, 1, 1, 81
700, 1, 1, 1
product, 1, 1, 1
related, 1, 1, 1
society, 8, 8, 3
investigative, 2, 1, 3
increases, 3, 3, 5
remove, 1, 1, 8
sentence, 1, 1, 0
81, 1, 1, 2
sexual, 1, 1, 1
obamanozzle, 1, 1, 1
sandy, 1, 1, 40
category, 1, 1, 10
fundamentally, 1, 1, 7
entertainment, 2, 2, -19
pointless, 2, 2, 2
defend, 2, 2, 8
insufferable, 1, 1, 10
fathom, 1, 1, 7
225lbs, 1, 1, 3
fascist, 1, 1, 4
activist, 1, 1, 3
hilarious, 1, 1, 3
memes, 1, 1, 1
technically, 1, 1, 12
supports, 1, 1, 2
red, 2, 2, 16
statist, 1, 1, 8
disclose, 1, 1, 8
philosophy, 5, 4, 23
coed, 1, 1, 1
frank, 2, 2, 0
delegates, 11, 8, 67
greedy, 1, 1, 64
completely, 1, 1, 11
jill, 1, 1, 1
surely, 1, 1, 1
york, 7, 5, 78
conservatives, 1, 1, 56
retards, 1, 1, 8
anyhow, 1, 1, 12
pantene, 1, 1, 87
bleed, 2, 2, 9
quo, 3, 3, 4
cuban, 1, 1, 2
drowning, 1, 1, -1
backwards, 1, 1, 7
yard, 1, 1, 2
determining, 1, 1, 4
could, 38, 31, 243
leftie, 1, 1, 46
florida, 1, 1, -1
libertarianish, 1, 1, 2
conversation, 1, 1, 32
4th, 1, 1, 3
samesex, 1, 1, 2
immigrants, 1, 1, 4
austin, 3, 3, 20
south, 2, 1, 0
mad, 1, 1, 13
insane, 1, 1, 3
exam, 1, 1, 2
equates, 1, 1, 1
450, 1, 1, 2
ihs, 1, 1, 1
powerful, 3, 3, 5
owned, 4, 4, 11
jesus, 2, 2, 47
embarrassed, 1, 1, 1
puppet, 1, 1, 4
noticed, 1, 1, 4
quality, 5, 3, 13
endgame, 1, 1, 1
owning, 2, 2, 42
utc, 1, 1, 2
legislative, 2, 1, 0
management, 1, 1, 13
publication, 1, 1, 3
practitioners, 1, 1, 10
intention, 1, 1, 23
guys, 1, 1, 6
durable, 1, 1, 6
system, 41, 25, 119
antiestablishment, 1, 1, 2
attack, 8, 6, 63
search_posts, 5, 1, 6
perfectly, 1, 1, 14
painful, 1, 1, 1
gamequiz, 1, 1, 66
interests, 2, 2, 3
enforcement, 3, 3, 28
punish, 1, 1, 2
societies, 1, 1, 2
exactly, 4, 3, 36
reallocate, 1, 1, 2
vouch, 1, 1, 1
reflecting, 2, 1, 0
simulate, 1, 1, 1
manipulation, 2, 2, 5
complaining, 1, 1, 1
overwhelming, 1, 1, 2
elite, 2, 2, 39
institution, 1, 1, -3
neck, 1, 1, -1
steel, 1, 1, 1
qlxligldtjk, 1, 1, 13
succeeded, 1, 1, 0
isolation, 1, 1, 64
conscious, 1, 1, 7
riches, 1, 1, 2
65k, 1, 1, 81
submitted, 1, 1, 4
claim, 1, 1, 3
frugal, 1, 1, 13
patients, 1, 1, 8
defense, 2, 2, 6
sr, 3, 3, 5
gays, 3, 1, 2
providing, 2, 2, 14
waterboarding, 1, 1, -1
bet, 1, 1, -1
backfire, 2, 1, 1
behaviors, 1, 1, 1
enforced, 3, 2, 5
subreddits, 1, 1, 19
false, 2, 2, 2
wakes, 1, 1, 28
half, 1, 1, 2
partnership, 1, 1, 3
fail, 2, 2, 43
alerted, 1, 1, 2
appointing, 1, 1, 19
need, 24, 23, 100
facing, 1, 1, -11
turn, 7, 7, 40
apparently, 2, 2, 36
clearly, 4, 4, 71
viewed, 1, 1, 1
screw, 1, 1, 3
documents, 1, 1, -1
angle, 1, 1, 5
min, 2, 2, 83
reasonrupe, 2, 1, 1
agency, 1, 1, 2
able, 8, 8, 67
aftermarket, 1, 1, 27
incentive, 2, 2, 31
repugnant, 1, 1, 2
funds, 2, 1, 1
jail, 2, 1, 1
asshole, 3, 2, 9
criteria, 1, 1, 0
unless, 1, 1, 1
allow, 4, 3, 35
partei, 1, 1, 4
rego, 1, 1, -10
connected, 1, 1, 19
prisoner, 7, 3, -1
tenepisode, 1, 1, 3
future, 1, 1, 2
hypocrite, 1, 1, -2
placement, 2, 2, 0
consequences, 3, 2, 7
socialistic, 1, 1, 19
undeniable, 2, 2, 7
enthusiastic, 2, 2, 4
0aplease, 1, 1, 2
stronger, 1, 1, -1
looked, 1, 1, 1
construction, 1, 1, 1
absurd, 1, 1, 2
movie, 1, 1, 1
occasion, 1, 1, 6
normally, 1, 1, 9
away, 8, 8, 109
fact, 8, 8, 21
drunken, 1, 1, 1
parker, 1, 1, -1
deviation, 1, 1, 1
reprehensible, 1, 1, 6
chances, 1, 1, 1
electoral, 1, 1, -1
supported, 3, 3, 33
assholes, 2, 2, 7
anyway, 2, 2, 7
bring, 7, 7, 10
idiocy, 1, 1, -22
planning, 3, 3, 5
democrats, 6, 6, 38
chicken, 1, 1, 4
supporter, 6, 6, 96
staff, 1, 1, 1
postulates, 1, 1, 1
exercise, 1, 1, 5
podcast, 1, 1, 3
based, 1, 1, -1
knowledge, 2, 2, 6
sheriff, 2, 1, -1
unions, 1, 1, 4
bernard, 1, 1, 81
score, 1, 1, 1
candidates, 6, 6, 63
septicaemia, 1, 1, -1
fuel, 2, 1, 1
employed, 1, 1, 0
communist, 2, 2, 4
b, 2, 1, 66
local, 4, 4, 232
interested, 1, 1, 1
hope, 2, 2, 66
meant, 2, 2, 22
means, 11, 10, 43
familiar, 1, 1, 40
herring, 1, 1, 10
36862, 1, 1, 0
community, 2, 2, 2
ones, 4, 4, 56
legitimate, 3, 3, 70
words, 3, 3, 0
center, 1, 1, 1
doubtful, 1, 1, 2
registrar, 1, 1, 1
shaping, 1, 1, 1
areas, 1, 1, 5
following, 2, 2, 65
evolution, 1, 1, 1
copay, 2, 1, 2
organ, 1, 1, 1
ended, 3, 3, 0
nope, 1, 1, -2
married, 1, 1, -1
fixes, 1, 1, -11
taxes, 7, 6, 14
calling, 1, 1, 66
stuff, 2, 2, 45
protesting, 1, 1, 0
taxed, 1, 1, 64
sparrows, 1, 1, 2
grad, 1, 1, 5
generations, 2, 2, 9
view, 9, 7, -5
knowing, 1, 1, 1
requirement, 1, 1, 1
temporarily, 2, 2, 40
nuttin, 1, 1, -1
stapleton, 1, 1, 3
catastrophic, 1, 1, 2
national, 7, 6, 57
capitalists, 2, 2, 72
fairnessbecause, 1, 1, 2
huemer, 1, 1, 1
039, 8, 4, 3
slanted, 1, 1, 0
powder, 3, 3, -28
desperate, 1, 1, 5
racket, 2, 2, 8
incompatible, 1, 1, 7
peterson, 1, 1, 6
closer, 1, 1, 0
exploited, 1, 1, 5
precedents, 1, 1, 56
closet, 1, 1, 1
attempting, 1, 1, 9
partisan, 2, 2, 61
monstrous, 1, 1, 0
diverge, 1, 1, 7
favor, 4, 4, 25
written, 3, 3, 9
identification, 1, 1, 1
postsandyhook, 1, 1, 40
horrible, 1, 1, 7
nominees, 2, 2, 91
progress, 2, 2, 14
harsher, 1, 1, 64
pistol, 3, 2, 42
hippies, 1, 1, 0
bought, 3, 3, 4
sole, 2, 2, 7
explosive, 1, 1, 1
ability, 4, 3, 9
weak, 1, 1, 5
facepalm, 2, 1, 4
ignorance, 1, 1, 5
job, 10, 8, 191
key, 2, 2, 2
distribution, 1, 1, 2
legit, 1, 1, 3
monitor, 1, 1, 1
restrictions, 2, 2, 9
hits, 1, 1, 2
leveraged, 1, 1, 1
admin, 6, 6, 8
joke, 2, 2, 3
taking, 6, 5, 244
budgeting, 1, 1, 81
spray, 1, 1, -1
minds, 2, 2, 20
beliefs, 4, 2, 8
sibel, 3, 2, 5
etc, 6, 4, 10
admit, 1, 1, 2
busted, 2, 2, 5
figures, 1, 1, -2
trumps, 1, 1, -10
expand, 1, 1, 3
politicizing, 1, 1, 9
passing, 1, 1, 1
jersey, 1, 1, 3
otherwise, 6, 6, 75
comment, 8, 8, 65
vent, 4, 2, 2
unclear, 1, 1, 1
gone, 2, 2, 21
wall, 2, 2, -12
brook, 1, 1, 1
tuesday, 2, 2, 3
nospill, 1, 1, 1
agster, 1, 1, -1
walk, 2, 2, 15
invisible, 1, 1, -1
liquidations, 1, 1, 1
taylor, 1, 1, 1
table, 1, 1, 26
winning, 2, 2, 16
lies, 1, 1, 0
clickbait, 1, 1, 6
addition, 1, 1, 2
decent, 2, 2, 64
bbc, 1, 1, 2
shame, 2, 2, 7
liberals, 3, 3, 69
poured, 1, 1, 3
slowly, 1, 1, 52
treat, 1, 1, 5
dumbass, 1, 1, 0
compensating, 1, 1, 1
waste, 2, 2, 5
troopers, 2, 2, -2
define, 1, 1, 1
citation, 1, 1, 1
painted, 1, 1, 0
skewed, 1, 1, 2
ons, 1, 1, 1
climate, 1, 1, -22
crappy, 1, 1, 1
hmm, 1, 1, 81
finished, 1, 1, 6
2014, 1, 1, 1
burdensome, 1, 1, 5
gunpowder, 6, 3, 20
present, 1, 1, 2
shortell, 1, 1, 1
homes, 1, 1, 0
debtor, 1, 1, -2
novel, 2, 2, 50
couple, 1, 1, 2
mega, 2, 1, 2
unlike, 2, 2, 9
harder, 2, 2, 5
examine, 1, 1, 0
value, 10, 6, 6
choices, 4, 4, 7
texas, 2, 2, 1
owns, 1, 1, 81
rigged, 1, 1, 17
govgaryjohnson, 1, 1, 2
instantly, 2, 2, 13
barely, 1, 1, 0
almost, 5, 5, 35
thus, 2, 2, 12
surprisingly, 1, 1, 1
vp, 1, 1, 2
excessively, 1, 1, 48
dems, 1, 1, 3
lifetime, 2, 2, 5
arabia, 1, 1, 1
sits, 1, 1, -20
hilldog, 1, 1, 1
scotus, 2, 2, 6
espousing, 1, 1, 0
putsch, 1, 1, 4
denial, 1, 1, 2
productivity, 1, 1, 2
steer, 1, 1, 1
perhaps, 4, 4, 0
calamitous, 1, 1, 0
views, 2, 2, 0
pauls, 1, 1, 0
cross, 1, 1, 2
member, 1, 1, 5
parts, 1, 1, 27
speaker, 4, 3, 44
flower, 1, 1, 6
digging, 1, 1, 46
largest, 1, 1, 10
underground, 1, 1, 2
party, 31, 22, 558
terrorism, 1, 1, 0
gets, 6, 6, 36
difficult, 3, 3, 3
material, 1, 1, 1
http, 65, 35, 255
rightfully, 1, 1, 4
forgotten, 1, 1, 0
disagree, 13, 9, 86
nationally, 2, 1, 2
ferguson, 1, 1, -5
moidah, 1, 1, 2
machan, 1, 1, 11
authors, 1, 1, 2
student, 3, 2, -21
fucked, 1, 1, 2
frequently, 1, 1, 1
collar, 1, 1, 1
endearing, 1, 1, 81
rift, 1, 1, 2
paycheck, 3, 3, 5
reflection, 1, 1, -3
bootstrapping, 1, 1, 2
weapon, 1, 1, 3
well, 23, 19, 159
1957, 1, 1, 1
thought, 3, 3, 7
command, 3, 3, 23
350, 1, 1, 2
position, 4, 3, 14
soviet, 1, 1, 2
usual, 1, 1, 2
restore, 1, 1, 56
20reportamp, 1, 1, 2
excessive, 1, 1, 4
less, 9, 7, 34
increasingly, 1, 1, 3
claiming, 2, 2, 4
accurate, 1, 1, 4
mandate, 1, 1, 1
obtain, 2, 2, 15
gun, 10, 5, 42
cries, 1, 1, 236
stored, 1, 1, -10
books, 7, 6, 12
rooms, 1, 1, 2
seats, 1, 1, 2
protecting, 1, 1, 3
paul, 42, 33, 475
illinois, 2, 1, 0
macroscopic, 1, 1, 1
downvoted, 1, 1, 8
happiness, 1, 1, 1
consume, 2, 2, 15
generous, 1, 1, 2
reckoning, 1, 1, 3
stephen, 1, 1, 0
shovel, 2, 2, 5
supply, 1, 1, 5
rentseekers, 1, 1, 26
upvoted, 3, 3, 52
bullshit, 3, 2, 3
arrest, 1, 1, 30
add, 6, 5, 38
book, 2, 2, 22
adoption, 1, 1, 2
citizen, 6, 6, 21
bygone, 1, 1, 1
riverside, 1, 1, -1
smart, 2, 2, 6
unprecedented, 1, 1, 33
match, 1, 1, 2
details, 2, 2, 3
tests, 2, 2, 2
myth, 1, 1, 1
government, 54, 40, 268
chancellor, 1, 1, 19
twats, 1, 1, 7
protesters, 3, 1, -5
theyamp, 1, 1, 1
siemens, 1, 1, 4
cruz, 12, 10, 95
know, 26, 25, 98
burden, 2, 2, 8
desk, 1, 1, 3
immediately, 1, 1, 13
prominent, 3, 2, 20
loss, 2, 2, 2
racists, 1, 1, 64
forcing, 1, 1, 1
necessary, 1, 1, 1
like, 63, 54, 1389
lost, 4, 4, 26
journalism, 1, 1, 7
unprotected, 1, 1, 1
loser, 3, 2, 25
loses, 1, 1, 52
taxpayers, 3, 2, 6
steadfastness, 1, 1, 1
january, 1, 1, 2
become, 9, 7, 119
works, 6, 6, 70
refugees, 1, 1, 1
likes, 1, 1, 2
amendment, 3, 3, 3
privatized, 2, 2, 10
shed, 1, 1, -2
incent, 1, 1, 13
scared, 2, 2, 5
alive, 2, 2, 124
socialists, 5, 5, 110
infiltrated, 1, 1, 0
habits, 1, 1, 10
cleveland, 1, 1, 0
proper, 4, 3, 15
home, 8, 7, 115
liking, 1, 1, 49
supportive, 1, 1, 19
ballot, 1, 1, 2
recognition, 1, 1, 9
happens, 2, 2, 18
reloading, 2, 1, 40
redistributive, 1, 1, 4
lead, 2, 2, 2
0a, 1, 1, 2
literally, 4, 4, 37
avoid, 2, 2, -9
cropeating, 1, 1, 2
oppression, 1, 1, 1
passion, 1, 1, 2
hitler, 7, 3, 25
assuming, 3, 2, 65
1455632396amp, 1, 1, 1
chains, 1, 1, 2
leader, 4, 3, 22
thinly, 1, 1, 6
blasio, 1, 1, 1
reaching, 1, 1, 1
selecting, 1, 1, 35
hoping, 1, 1, 0
host, 2, 2, 18
petty, 2, 2, 10
although, 2, 2, 10
offset, 1, 1, 1
pasta, 2, 1, 4
motive, 1, 1, 19
bushamp, 1, 1, 0
loans, 1, 1, -22
stage, 2, 2, 4
gained, 2, 2, 2
naturalization, 1, 1, 1
actual, 9, 7, 71
carried, 1, 1, 10
extension, 1, 1, 81
getting, 15, 14, 118
column, 2, 1, 1
freedom, 11, 8, 11
spilled, 3, 3, 32
strasser, 1, 1, 19
surge, 1, 1, 2
proposals, 1, 1, 3
perks, 1, 1, 14
statement, 3, 2, -9
facism, 1, 1, 7
obnoxiously, 1, 1, 1
software, 2, 1, 2
equally, 1, 1, 4
libertarians, 14, 14, 39
pussy, 1, 1, 1
preexisting, 2, 2, 4
obliterated, 1, 1, 2
cocoa, 2, 1, 2
brands, 2, 1, 87
doesnt, 1, 1, 6
promise, 1, 1, 6
female, 1, 1, -1
couldnt, 1, 1, 3
forget, 1, 1, 0
decorated, 1, 1, 0
birdhouse, 1, 1, -5
utility, 1, 1, 1
additional, 1, 1, 1
righteous, 1, 1, -5
transfer, 1, 1, 0
housing, 2, 2, -9
protectors, 2, 2, 65
uniting, 1, 1, 2
threat, 1, 1, 2
trigger, 1, 1, 16
60k, 1, 1, 1
biggest, 4, 4, -3
damn, 1, 1, 1
function, 1, 1, 1
appoint, 1, 1, 5
buy, 5, 4, 11
redmond, 1, 1, 3
complacency, 1, 1, 1
rentseeking, 4, 2, -3
1860s, 1, 1, 0
tm, 1, 1, 1
blaming, 1, 1, 1
reminds, 2, 2, 21
repeated, 1, 1, 2
hi, 1, 1, 1
gain, 5, 4, 24
courts, 2, 2, 18
bum, 5, 3, 5
hc, 1, 1, 2
highest, 3, 2, 6
fry, 1, 1, 13
count, 3, 3, 265
genitals, 1, 1, -1
made, 13, 11, 100
tactics, 1, 1, 1
places, 2, 2, 12
whether, 6, 5, 9
wish, 2, 2, 35
wife, 2, 2, 33
flip, 1, 1, 2
excitement, 1, 1, 2
record, 4, 3, 67
cruel, 2, 2, -4
convince, 3, 3, 6
stories, 2, 2, 13
containers, 1, 1, 4
seid, 2, 1, 2
demonstrate, 1, 1, 5
problem, 18, 16, 44
piece, 6, 6, 9
minutes, 4, 4, 22
display, 1, 1, -22
bearing, 1, 1, 40
supreme, 3, 3, 14
successfully, 1, 1, 0
z168rutl2s4, 1, 1, 2
universal, 3, 3, 1
pic, 3, 2, 3
condition, 1, 1, 3
meaningless, 1, 1, 2
messerschmitt, 1, 1, 4
consumed, 1, 1, 4
biggovernment, 1, 1, 0
implement, 1, 1, 7
education, 3, 3, 12
campus, 2, 1, 5
compared, 1, 1, 3
corporation, 1, 1, 1
44, 1, 1, 2
percent, 2, 2, 2
repay, 1, 1, -2
40, 2, 2, 130
lately, 2, 2, 4
guarantee, 1, 1, 4
84, 1, 1, 1
incredibly, 1, 1, 1
clicks, 1, 1, 46
conclusion, 2, 2, 1
illegally, 2, 2, 5
star, 2, 2, -19
monday, 1, 1, 52
bhole, 1, 1, 31
class, 2, 2, 7
june, 1, 1, 33
shown, 3, 2, 3
inherently, 1, 1, -2
stay, 2, 2, 23
uneducated, 1, 1, -3
medications, 1, 1, 12
taxfunded, 1, 1, 2
ceos, 8, 7, 208
ideals, 1, 1, 19
friends, 1, 1, 2
howie, 1, 1, 1
incurred, 1, 1, 0
inspiration, 1, 1, 1
searches, 1, 1, 52
amp, 9, 7, 7
ambulance, 2, 2, 8
quarter, 1, 1, 13
undercutting, 1, 1, 1
mindboggling, 1, 1, 3
commencement, 1, 1, 6
narrative, 1, 1, 0
portion, 1, 1, 1
gal, 1, 1, 2
compete, 3, 3, 12
spouts, 1, 1, 6
lives, 6, 5, 55
20in, 1, 1, 37
indirectly, 1, 1, 2
