Word, Frequency, Comment Frequency, Net Score
hesitancy, 1, 1, 1
limited, 3, 3, 219
microsuede, 1, 1, 2
exams, 1, 1, 2
jones, 1, 1, 2
imgurs, 1, 1, 3
ropieandanthony, 1, 1, 1
copy, 3, 3, 13
progressively, 1, 1, 3
factory, 1, 1, 1
four, 2, 2, 2
prices, 1, 1, 9
woods, 1, 1, 2
sleep, 10, 8, 149
asian, 1, 1, 3
hanging, 5, 5, 8
rhinehart, 1, 1, 1
unscrews, 1, 1, 9
saved, 6, 4, 5
chili, 1, 1, 1
localized, 1, 1, 14
exhibitions, 1, 1, 2
looking, 23, 23, 677
votes, 1, 1, 2
feeding, 1, 1, 4
patches, 1, 1, 5
attracted, 1, 1, 2
electricity, 1, 1, 11
spew, 1, 1, 0
sunlit, 1, 1, 2
painters, 1, 1, 3
1have, 1, 1, 1
jeeze, 1, 1, 2
swap, 1, 1, 8
sorry, 5, 5, 659
bulkier, 1, 1, 4
worth, 9, 9, 25
informality, 1, 1, 1
webamp, 1, 1, 0
rescue, 1, 1, 9
propane, 1, 1, 1
disassembled, 1, 1, -1
blanket, 4, 3, 11
hilarious, 1, 1, 1
penny, 5, 2, 219
cakeday, 1, 1, -1
every, 37, 31, 394
crayola, 1, 1, 1
summarized, 1, 1, 635
affect, 1, 1, 4
screaming, 1, 1, 1
vast, 1, 1, 2
tickets, 1, 1, 0
school, 8, 8, 424
basics, 1, 1, 2
baking, 3, 2, 6
parrot, 1, 1, 23
skills, 2, 2, 73
pinch, 6, 6, 6
glues, 3, 3, 2
companies, 5, 5, 103
solution, 18, 16, 596
1324, 1, 1, 10
humidity, 1, 1, 7
english, 2, 2, 92
rdiwhy, 3, 3, -4
craiglist, 1, 1, 2
red, 4, 3, 18
soundtracks, 7, 7, 149
poppy, 1, 1, 43
franchisees, 1, 1, 3
cloudiness, 3, 3, 18
straight, 5, 4, 55
clothes, 8, 7, 70
enjoy, 4, 4, 17
chew, 1, 1, 1
bill, 2, 2, 13
force, 1, 1, 2
specially, 1, 1, 9
scrapey, 1, 1, 3
tired, 3, 3, 131
phones, 3, 3, 29
sogginess, 1, 1, 2
007, 1, 1, 2
frokostpause, 1, 1, 1
meld, 1, 1, 1
necessarily, 1, 1, 8
nail, 17, 13, 722
messy, 3, 3, 7
second, 5, 5, 226
street, 1, 1, 5
swede, 1, 1, 80
leatherworking, 1, 1, 3
manner, 2, 2, 5
air, 14, 10, 245
machines, 9, 3, 13
windex, 2, 2, 2
even, 52, 47, 1210
employ, 1, 1, 20
peels, 1, 1, 1
trapping, 2, 2, 2
deliberate, 1, 1, 0
hate, 8, 8, 53
cooking, 5, 5, 141
wwwswemorphcommahtml, 1, 1, 26
near, 9, 9, 466
poison, 5, 4, 7
spiked, 1, 1, 11
lights, 1, 1, 1
statt, 1, 1, 46
falcom, 1, 1, 2
clorox, 1, 1, 3
endorse, 1, 1, 1
resilient, 1, 1, 0
new, 26, 22, 442
net, 1, 1, 1
increasing, 1, 1, 126
ever, 23, 21, 488
destroy, 1, 1, -9
excelgoogle, 1, 1, 1
requiem, 1, 1, 5
kicked, 1, 1, 5
antibacterial, 1, 1, 2
never, 39, 37, 1056
disposable, 4, 2, 5
meh, 1, 1, 0
hundreds, 1, 1, 9
ching, 1, 1, 4
studio, 1, 1, 8
hulk, 1, 1, 2
nlist, 1, 1, 8
watersoluble, 1, 1, 204
100, 5, 5, 154
cardboard, 5, 4, 21
rods, 1, 1, 0
buddy, 1, 1, 1
dry, 39, 28, 476
ozforex, 1, 1, 1
kids, 3, 3, -41
jamp, 1, 1, 0
forum, 1, 1, 0
items, 12, 12, 218
elaborate, 1, 1, 56
climbed, 1, 1, 2
crock, 1, 1, 5
buckles, 1, 1, 0
credit, 5, 4, 13
20100221235118, 1, 1, 3
mentos, 1, 1, 0
wwwgooglecomsearch, 1, 1, -1
smoke, 2, 2, 2
megaman, 1, 1, 2
aka, 2, 2, 3
suitable, 1, 1, 47
catalyzed, 1, 1, 2
cancellation, 1, 1, 1
gavin, 2, 2, 34
intruder, 1, 1, 1
criticism, 1, 1, 204
diameter, 1, 1, -1
prints, 3, 2, 10
blowtorch, 1, 1, 2
secure, 3, 3, 7
mobility, 1, 1, 14
straw, 2, 2, 7
ori, 2, 2, 5
visibly, 1, 1, 9
replace, 12, 12, 120
vac, 1, 1, 2
pyramid, 3, 3, 11
meats, 2, 1, -1
achievable, 1, 1, 1
glance, 1, 1, 22
total, 4, 4, 382
wwwletsimondecidecom, 1, 1, 4
unit, 1, 1, 3
strength, 1, 1, 2
plot, 1, 1, 1
supereasy, 1, 1, 126
army, 1, 1, 1
browse, 1, 1, -1
achieve, 2, 2, 3
negative, 2, 1, 243
insult, 1, 1, 2
leaks, 1, 1, 3
kettles, 1, 1, 1
music, 36, 28, 1639
therefore, 1, 1, 7
recommend, 10, 10, 48
finest, 1, 1, 3
survive, 2, 2, 3
tryin, 1, 1, 8
type, 11, 9, 234
teaspoon, 3, 3, 7
breathe, 2, 2, 2
speaking, 2, 2, 3
sushi, 1, 1, 432
lungs, 2, 2, 100
relax, 1, 1, 126
brings, 1, 1, 126
dressing, 2, 1, 2
novus, 1, 1, 2
wars, 1, 1, 2
warp, 1, 1, 0
toolkit, 1, 1, 2
99, 3, 3, 4
glass, 19, 16, 370
warm, 9, 8, 211
pinching, 1, 1, 1
adult, 2, 2, 20
tying, 1, 1, 10
loss, 1, 1, 1
robbing, 1, 1, 26
cured, 1, 1, 32
hole, 12, 10, 33
hold, 12, 10, 39
scribble, 1, 1, 1
94, 1, 1, 77
must, 7, 7, 221
brown, 2, 1, 1
intake, 1, 1, 1
royally, 1, 1, -1
join, 1, 1, 2
room, 7, 7, -15
mc, 1, 1, 2
cheapest, 1, 1, 2
setup, 8, 6, 172
work, 89, 72, 705
sliver, 1, 1, 2
worn, 3, 2, 8
shellac, 2, 1, 106
fridgeneeding, 1, 1, 9
mt, 3, 2, 13
tng, 1, 1, 91
daft, 1, 1, 1
repetitive, 1, 1, 91
install, 4, 4, 80
mr, 4, 4, 23
elbow, 2, 2, 2
im, 1, 1, 2
plunger, 2, 2, 3
example, 9, 7, 154
transition, 2, 1, 14
give, 14, 14, 674
lifehack, 23, 20, 955
beautifully, 1, 1, 1
adblocker, 1, 1, 33
wrenches, 8, 8, 443
honey, 2, 1, 2
currency, 1, 1, 1
foods, 3, 3, 11
liter, 1, 1, 2
veggies, 1, 1, -5
want, 58, 50, 1236
conditioner, 1, 1, 1
scheduling, 10, 1, 126
premium, 1, 1, 1
keep, 43, 35, 1096
advancing, 1, 1, 1
worse, 3, 3, 90
allthread, 1, 1, 5
cad, 1, 1, 0
youtube_gdata_player, 1, 1, 1
end, 22, 15, 37
turn, 11, 10, 324
provide, 1, 1, 4
auger, 4, 4, 5
travel, 2, 2, 130
drying, 5, 3, 22
nuts, 3, 3, 8
feature, 5, 5, 24
revisit, 1, 1, 2
machine, 16, 10, 54
hot, 3, 3, 20
hitman, 1, 1, 3
mp3s, 1, 1, 1
scouring, 1, 1, 1
dispense, 1, 1, 9
answer, 5, 5, 40
beach, 3, 3, 362
charging, 4, 3, 15
waitband, 1, 1, 1
pizza, 1, 1, 126
terrycloth, 1, 1, 2
rise, 1, 1, 91
honored, 1, 1, -42
mouths, 1, 1, 1
replacing, 3, 3, 4
spannerwrench, 1, 1, 1
ladder, 1, 1, 3
upafter, 1, 1, 359
containing, 1, 1, 2
lump, 1, 1, 2
cabbin, 1, 1, 2
diagram, 4, 4, 169
timed, 1, 1, 635
wrong, 13, 12, 80
poked, 1, 1, 1
lay, 6, 6, 639
curiosity, 2, 2, 9
cement, 1, 1, 2
chorus, 1, 1, 3
law, 1, 1, 5
meaningful, 1, 1, 126
types, 2, 2, 4
headboard, 1, 1, 3
anyways, 3, 3, 13
purchase, 5, 3, 11
chilled, 2, 2, 8
attempt, 6, 5, 118
third, 4, 4, -2
headphones, 1, 1, 1
wins, 1, 1, 9
vegetables, 2, 2, 2
peacefulatmospheric, 1, 1, 2
lost, 4, 4, 30
neglect, 1, 1, 20
greek, 1, 1, 2
maintain, 1, 1, 1
upside, 2, 2, -1
ultimate, 1, 1, 2
enter, 5, 4, 150
plumbing, 1, 1, -3
fan, 3, 3, 5
shy8mtw9eakamp, 1, 1, 1
strippers, 15, 14, 749
order, 2, 1, 3
wind, 2, 2, 128
wine, 7, 7, 228
origin, 1, 1, 1
prioritizing, 2, 1, 126
herebut, 1, 1, 4
snugly, 1, 1, 2
popsicle, 1, 1, 3
neti, 1, 1, 13
deck, 1, 1, 1
clapper, 1, 1, 2
walgreens, 1, 1, 2
bleach, 4, 2, 6
pound, 1, 1, 1
thousands, 3, 1, -1
zwickytheuneccplan, 1, 1, 26
toads, 1, 1, 2
plastics, 5, 5, 5
nsfw, 1, 1, 46
oven, 1, 1, 6
keyboard, 4, 4, -38
fify, 1, 1, 1
japan, 2, 2, 7
windshield, 5, 5, 18
cota, 1, 1, 2
under50, 1, 1, 359
position, 4, 3, 12
entrances, 2, 1, 1
xl, 1, 1, 2
fit, 11, 9, 114
rescheduled, 1, 1, 126
personal, 5, 5, 649
youtubewfq736ww854, 1, 1, 3
backpack, 2, 1, 0
imo, 2, 2, 2
writing, 5, 5, 766
better, 39, 34, 334
pcandroid, 1, 1, 126
magnetic, 1, 1, 1
production, 1, 1, 2
scraped, 2, 2, 1
fade, 1, 1, 1
400, 1, 1, 1
sitepage, 1, 1, 2
vents, 2, 2, 2
weeks, 7, 7, 18
carton, 1, 1, 2
bleeding, 3, 2, 4
easier, 5, 5, 12
remmembered, 1, 1, -42
versus, 1, 1, 0
stainscratch, 1, 1, 0
blowjobs, 1, 1, 3
coke, 2, 2, -4
gs6, 1, 1, 3
jerking, 1, 1, 3
safe, 12, 12, 125
traces, 1, 1, 1
stickler, 1, 1, 1
finish, 5, 5, 648
break, 10, 8, 1889
80s, 1, 1, 91
flatmate, 1, 1, 9
manicure, 1, 1, 105
plates, 5, 5, 52
deicer, 1, 1, 1
one, 123, 94, 2886
samp, 1, 1, 0
bank, 7, 6, 24
bread, 2, 2, 5
represents, 1, 1, 126
repaint, 5, 4, 11
grammar, 1, 1, 1
meat, 1, 1, 2
swaying, 1, 1, 19
notified, 3, 2, 128
reasonably, 1, 1, 1
chuck, 1, 1, 75
goddamn, 1, 1, 3
harming, 1, 1, 2
wooden, 5, 5, 147
mead, 1, 1, 1
reasonable, 3, 3, 7
debug, 1, 1, 10
acoustic, 1, 1, 1
went, 13, 13, 44
bells, 1, 1, 2
side, 16, 13, 157
transfewisecom, 1, 1, 1
mean, 10, 10, 773
improvise, 2, 2, 2
signing, 3, 2, 126
hanger, 2, 2, 3
financial, 3, 3, 4
covered, 2, 1, 2
primersealer, 1, 1, 1
series, 3, 3, 46
mdf, 1, 1, 3
displacement, 1, 1, 32
upload, 1, 1, 5
drinker, 1, 1, 1
dudette, 1, 1, 2
passwords, 1, 1, 1
diys, 1, 1, 1
magnets, 5, 5, 18
forgot, 3, 3, 645
message, 1, 1, 1
whip, 1, 1, 3
reminding, 1, 1, 91
goo, 6, 6, 10
gon, 7, 7, 286
network, 1, 1, 0
driving, 1, 1, 7
god, 4, 4, 37
caveman, 1, 1, 2
cameras, 4, 3, 5
washed, 5, 4, 22
sparkly, 1, 1, 2
mason, 2, 2, 10
strangers, 1, 1, 1
thisis, 1, 1, -42
nope, 3, 3, 3
rare, 1, 1, -42
medicine, 1, 1, 2
got, 42, 37, 1186
newly, 2, 2, 17
achieveanything, 1, 1, -42
sliding, 4, 3, 388
independence, 1, 1, 20
rented, 1, 1, 1
rapidfire, 1, 1, 2
turning, 1, 1, 0
carcass, 1, 1, 1
repainting, 1, 1, 1
rail, 1, 1, 3
wwwacousticsheepcom, 1, 1, 1
little, 39, 29, 454
timelabor, 1, 1, 126
standard, 5, 5, 12
admits, 1, 1, 91
appointments, 3, 1, 126
putty, 4, 4, 5
streamline, 1, 1, 1
struggle, 3, 3, 132
elsewhere, 1, 1, 1
enhance, 1, 1, 31
sheet, 1, 1, 2
sensors, 2, 2, 5
wanted, 5, 5, 16
6pack, 1, 1, 13
monkey, 1, 1, 1
dammit, 1, 1, 1
ate, 1, 1, 9
snakky, 1, 1, 26
created, 5, 5, 19
starts, 4, 4, 28
ritual, 1, 1, 126
messages, 1, 1, 2
days, 9, 7, 135
priorities, 1, 1, 2
commented, 2, 2, 3
filter, 2, 2, 34
zwicky, 1, 1, 26
iso, 2, 2, 3
soda, 24, 7, 12
twisttie, 2, 1, 16
liquids, 2, 2, 2
onto, 3, 3, 5
caught, 5, 5, -48
fuckin, 1, 1, 2
cleaning, 6, 6, 14
landlords, 2, 2, 6
already, 11, 10, 54
features, 3, 3, 221
render, 1, 1, 5
steroids, 1, 1, 126
grade, 3, 3, -40
primary, 1, 1, 126
wheel, 1, 1, 1
nosebleeds, 1, 1, 7
wash, 10, 9, 251
filming, 1, 1, 23
splades, 1, 1, 1
helpsupporters, 1, 1, 8
downside, 1, 1, 7
another, 26, 26, 462
hear, 3, 3, 0
scissors, 7, 7, 22
calorie, 1, 1, 1
clarity, 3, 3, 189
electronic, 2, 2, 41
researched, 1, 1, 1
andor, 1, 1, 1
olds, 1, 1, 2
rated, 2, 2, 8
ten, 2, 2, 16
service, 3, 3, 36
similarly, 1, 1, 3
undoubtedly, 2, 2, 12
top, 21, 21, 272
attack, 1, 1, 1
moisturization, 1, 1, 2
needed, 7, 5, 148
ton, 1, 1, 4
ziplock, 1, 1, 17
tea, 3, 2, 9
hollywood, 1, 1, 16
john, 2, 2, -38
dogs, 2, 2, 19
flamethrower, 1, 1, 3
listen, 10, 10, 935
curtains, 2, 2, 5
ceiling, 1, 1, 5
alfred, 1, 1, 1
selfiestick, 1, 1, 1
bouncing, 1, 1, 126
tool, 13, 11, 99
2am, 1, 1, 1
frowned, 1, 1, 1
took, 9, 9, 607
rejected, 1, 1, 3
wastes, 1, 1, 22
p_product_price, 1, 1, 1
compressor, 2, 2, 6
noodle, 1, 1, 2
western, 2, 2, 7
somewhat, 2, 2, 4
wasted, 1, 1, 5
linksys, 1, 1, -2
crawl, 1, 1, 1
golden, 1, 1, 40
sticker, 5, 5, 13
ypngvc6c6cc, 1, 1, 31
begins, 1, 1, 0
distance, 3, 3, 12
warmest, 1, 1, 4
upholstery, 3, 2, 3
showed, 2, 2, 2
surrounding, 1, 1, 3
1455225579amp, 1, 1, 1
tree, 3, 3, 5
likely, 5, 5, 4
suede, 19, 17, 223
ebay, 3, 3, 185
project, 5, 2, 152
matter, 5, 4, 652
silicon, 1, 1, 1
entr, 1, 1, 1
flame, 1, 1, 2
oooohhhhhhhhh, 1, 1, 1
iron, 4, 3, 3
spoiled, 1, 1, -1
hacking, 2, 1, 4
feeling, 2, 2, 87
mini, 12, 10, 406
donkey, 3, 3, 6
plus, 3, 3, 6
sees, 1, 1, 23
quench, 1, 1, 14
navigate, 2, 2, 12
mind, 5, 5, -35
mine, 10, 10, 151
0amp, 1, 1, 1
spent, 2, 2, 92
return, 4, 3, 7
talking, 8, 8, 142
rat, 1, 1, 5
unappetizing, 1, 1, 1
analysis, 2, 2, 33
screws, 4, 4, 58
seem, 2, 2, 129
picks, 2, 1, 19
seek, 3, 3, 13
contents, 4, 3, 3
gear, 2, 2, 7
forced, 2, 2, 48
towelplastic, 1, 1, 1
agestation, 1, 1, 5
thoroughly, 2, 2, 174
latter, 1, 1, 2
dunno, 2, 2, 7
snow, 6, 5, 352
balling, 1, 1, 0
sound, 9, 8, 191
chest, 1, 1, 1
contact, 4, 4, 21
absorbed, 1, 1, 7
doors, 3, 2, 13
neosporin, 6, 5, 214
grips, 1, 1, 5
okin, 1, 1, 204
rides, 1, 1, 9
gotcha, 1, 1, 2
blue, 5, 4, 41
insulated, 1, 1, 9
nobody, 2, 2, 148
pandora, 2, 2, 4
though, 23, 23, 365
screwing, 1, 1, -1
rgamemusic, 1, 1, 2
organizes, 1, 1, 33
1u9lnsfmti, 1, 1, 47
regular, 9, 9, 131
mouth, 3, 3, 2
icloud, 3, 2, 127
coil, 3, 3, 14
coin, 4, 3, 169
gunk, 2, 2, 2
zealand, 1, 1, 2
webcam, 3, 2, 8
doh, 1, 1, 1
treats, 1, 1, 1
neighborhoods, 1, 1, 1
cops, 2, 2, 4
nostrils, 2, 2, 205
medical, 2, 2, 5
lpt, 4, 4, 28
metal, 9, 7, 53
dog, 6, 6, 46
goalpost, 1, 1, 126
points, 9, 8, 388
tech, 1, 1, 46
dor, 1, 1, 105
voting, 1, 1, 1
scotch, 2, 2, 19
scream, 1, 1, 3
came, 14, 14, 318
reserve, 1, 1, 9
freak, 1, 1, 1
saying, 6, 6, -1
bait, 3, 3, 3
inspire, 1, 1, 20
lyrics, 2, 2, 93
angaroos, 1, 1, -4
serrated, 1, 1, 1
meetings, 2, 1, 126
queen, 1, 1, 6
piss, 8, 5, 112
fingers, 2, 2, 5
pops, 1, 1, 9
barley, 1, 1, 1
colors, 1, 1, 9
chord, 1, 1, 91
radio, 1, 1, 5
solutions, 2, 2, 36
keywords, 8, 5, 8
dicked, 1, 1, 126
cheaply, 1, 1, 3
chewed, 1, 1, 1
clock, 1, 1, 0
powering, 1, 1, 1
sharks, 1, 1, 2
1455610887amp, 1, 1, 1
touches, 1, 1, 1
busy, 2, 2, 6
became, 1, 1, 3
iimgurcome3zaaycjpg, 1, 1, 3
mounts, 1, 1, 2
weekends, 1, 1, 126
acne, 4, 2, 3
ocd, 1, 1, 1
bust, 1, 1, 2
appreciated, 1, 1, 5
540, 1, 1, -1
18, 1, 1, 0
aldi, 1, 1, 9
photo, 2, 2, 4
folks, 1, 1, 1
moustache, 1, 1, 6
folder, 1, 1, 3
ceramics, 1, 1, 1
getperchcom, 1, 1, 310
takeout, 1, 1, 2
rectangle, 1, 1, 2
wearing, 1, 1, 2
mixture, 2, 2, 6
10, 12, 12, 275
squeaking, 2, 1, 3
watch, 8, 8, 501
fluid, 7, 6, 22
preferred, 1, 1, 5
pocket, 6, 6, 19
mcdm, 1, 1, 7
amazon, 5, 3, 12
pointwhich, 1, 1, 2
interwebs, 1, 1, -4
supplies, 1, 1, 5
report, 2, 2, 3
frying, 1, 1, 2
nasty, 1, 1, 2
dr, 5, 5, 164
reinstall, 1, 1, 2
unfortunately, 2, 2, 15
sl75_ql70amp, 1, 1, 2
earn, 1, 1, 1
bar, 3, 3, 4
pressed, 1, 1, -1
everydaythis, 1, 1, 1
bastard, 1, 1, 5
hello, 1, 1, 5
dipping, 1, 1, 1
colorless, 1, 1, 2
bay, 1, 1, 7
peroxide, 2, 2, 2
bag, 20, 8, 10
bad, 17, 16, 696
mp_s_a_1_1, 1, 1, 2
mp_s_a_1_6, 1, 1, 1
scraping, 1, 1, 0
release, 1, 1, 3
sr_1_12, 1, 1, 1
told, 3, 2, 1
steal, 4, 4, 14
steam, 1, 1, 1
90, 4, 4, 20
ears, 1, 1, 16
gallon, 1, 1, 0
fuckfuce, 1, 1, -1
decides, 1, 1, 243
nooo, 1, 1, 2
reference, 1, 1, 310
habit, 3, 2, 94
ltp, 1, 1, 32
sensitivity, 1, 1, 13
testing, 1, 1, 4
convey, 1, 1, 1
detection, 2, 2, 14
bled, 1, 1, 10
depends, 2, 2, 33
decided, 2, 2, 10
result, 2, 2, 44
barring, 1, 1, 0
fail, 6, 6, 50
bee, 4, 4, 1
best, 32, 28, 1188
subject, 1, 1, 1
success, 1, 1, 1
said, 12, 10, 364
joyride, 1, 1, 9
yogurts, 1, 1, -1
lots, 2, 2, 4
lotr, 1, 1, 2
away, 20, 18, 100
mosquitoes, 1, 1, 1
orgasmic, 1, 1, 3
grandmother, 1, 1, 12
opened, 2, 2, 78
mug, 1, 1, 3
score, 5, 5, 9
finger, 5, 5, 3
timeframe, 1, 1, 126
yogurt, 2, 2, 5
ira, 1, 1, 3
sorts, 1, 1, 3
approach, 3, 3, 32
preserve, 1, 1, 1
letting, 2, 2, 84
wd, 2, 2, 1
terms, 1, 1, 243
wears, 1, 1, -6
extend, 2, 2, 491
wo, 24, 23, 864
canning, 1, 1, 1
multiplatinum, 1, 1, 1
snazzy, 1, 1, 1
weak, 2, 2, 5
however, 5, 4, 215
boss, 5, 5, 352
mazda, 4, 2, 10
meltdissolve, 1, 1, 2
aquarium, 1, 1, 1
visited, 1, 1, 2
dedication, 1, 1, -42
news, 1, 1, 9
oomph, 1, 1, 1
improve, 4, 3, 128
faced, 2, 2, 245
essentially, 3, 3, 11
accused, 1, 1, 1
outlook4gmail, 1, 1, 1
equivelent, 1, 1, 1
fault, 2, 2, 4
ill, 1, 1, 0
readers, 1, 1, 1
jelly, 5, 4, 212
gotten, 3, 3, 23
wwwliveleakcomview, 1, 1, 75
games, 8, 7, 172
editorwriter, 1, 1, 2
faces, 1, 1, -1
wipeout, 1, 1, 2
uni, 2, 2, 3
requests, 1, 1, 4
argue, 1, 1, -7
disappears, 2, 2, 7
asked, 4, 3, -40
1455586388amp, 1, 1, 1
shitgiving, 1, 1, 0
suggest, 2, 2, 246
mortified, 1, 1, 126
tough, 3, 3, 244
electronica, 1, 1, 91
character, 3, 3, 37
paraffin, 1, 1, 2
height, 1, 1, 3
gap, 1, 1, 1
tons, 2, 1, 1
springy, 1, 1, 0
towels, 2, 2, 8
drilled, 1, 1, 14
constructively, 2, 1, 126
loaded, 1, 1, 3
250, 1, 1, 0
trust, 1, 1, 46
bureaucratic, 1, 1, 43
speak, 2, 2, 4
flexiblephonemount, 1, 1, 2
bathroom, 4, 4, 13
tint, 1, 1, 8
4am, 1, 1, 0
clip, 16, 13, 331
beef, 1, 1, 1
basis, 3, 3, 96
union, 5, 5, 14
exceeded, 1, 1, 14
glasspyrex, 1, 1, 0
three, 6, 6, 441
quickly, 5, 5, 19
beer, 1, 1, 3
much, 41, 38, 551
wwwgooglecomurl, 1, 1, 0
sponges, 2, 1, 3
basic, 4, 4, 29
expected, 1, 1, 9
flexible, 1, 1, 2
entered, 1, 1, 9
thrift, 1, 1, 1
premix, 1, 1, 0
containers, 10, 7, 165
threw, 2, 2, 249
website, 4, 4, 11
life, 53, 44, 1361
crying, 2, 1, 1
spit, 1, 1, 0
attacked, 1, 1, 126
drugs, 1, 1, 389
quantities, 1, 1, 2
snips, 1, 1, 1
worker, 2, 2, 26
uncommon, 2, 2, 20
genres, 1, 1, 91
snap, 4, 4, 6
chill, 1, 1, 3
lift, 3, 2, 4
personally, 6, 6, 57
catch, 1, 1, 1
worked, 17, 16, 343
spin, 3, 2, 6
cartoons, 1, 1, 1
applied, 1, 1, 1
heavier, 1, 1, 1
skateboards, 1, 1, -1
knowjust, 1, 1, 1
portable, 1, 1, 5
venmo, 1, 1, 3
n, 8, 4, 24
aim, 2, 2, 636
ugly, 1, 1, 8
melted, 1, 1, 6
neat, 6, 6, 27
dashboard, 1, 1, 1
cracked, 2, 2, 4
voice, 3, 3, 14
merciless, 1, 1, 1
k, 4, 3, 0
rent, 6, 6, 20
stink, 1, 1, 7
cons, 4, 4, 280
chopsticks, 22, 16, 167
springiness, 1, 1, 1
played, 2, 2, 18
ip, 3, 3, 9
ir, 2, 1, 2
sanitizer, 3, 3, 9
sting, 1, 1, 5
solved, 3, 3, 7
shame, 2, 2, 4
cant, 3, 3, 178
australia, 1, 1, 2
brake, 3, 3, -13
cans, 3, 2, 15
knocks, 1, 1, 1
dppl, 1, 1, 1
wwwrainymoodcom, 2, 1, 91
ie, 10, 7, 295
id, 4, 4, 8
disappear, 1, 1, 126
damaged, 1, 1, 1
thingy, 1, 1, 13
bottles, 5, 4, 2
emergency, 1, 1, 2
flushable, 1, 1, 7
patent, 1, 1, 2
things, 49, 37, 1902
make, 84, 71, 1594
toaster, 1, 1, -6
jerry, 1, 1, 40
dryness, 2, 2, 211
forehead, 1, 1, 2
craigslist, 4, 4, 36
haphazard, 1, 1, 126
complex, 3, 3, 438
toolbox, 1, 1, 50
split, 1, 1, 3
babies, 1, 1, -1
dvds, 1, 1, 22
vegetable, 1, 1, 10
silly, 5, 5, -8
several, 7, 7, 11
mayo, 2, 2, 4
crevices, 1, 1, 1
european, 1, 1, 3
perimeter, 1, 1, 1
fairly, 6, 6, 13
tadpol, 1, 1, -42
omg, 1, 1, 4
milky, 1, 1, 3
hang, 3, 3, 20
workforce, 1, 1, 2
rain, 3, 3, -3
hand, 23, 18, 394
pubs, 1, 1, 3
norwegian, 1, 1, 1
fuse, 1, 1, 3
military, 1, 1, 1
jealous, 1, 1, 2
iimgurcomh4cwbtvjpg, 1, 1, 9
500, 1, 1, 7
opportunity, 3, 3, 10
thoughts, 1, 1, 5
kid, 3, 2, 8
butter, 16, 11, 369
urination, 1, 1, 2
kept, 7, 5, 19
soak, 10, 10, 10
condiments, 1, 1, 2
presto, 1, 1, 0
estuans, 1, 1, 3
prioritize, 1, 1, 126
youre, 4, 4, 8
boxes, 5, 5, 18
ocean, 1, 1, 1
tho, 2, 2, 3
toothpicks, 1, 1, 1
client, 2, 1, 126
qualities, 1, 1, 91
studying, 10, 8, 114
alarms, 3, 3, 6
paradigm, 1, 1, 2
corporate, 2, 2, 3
left, 12, 11, 34
grandkids, 1, 1, 1
endless, 1, 1, 2
boxers, 1, 1, 2
sleeps, 1, 1, 5
exposedsticking, 1, 1, 1
crystallites, 2, 1, 14
laptop, 4, 4, 3
uamp, 1, 1, -1
initech, 1, 1, 3
hillbilly, 1, 1, 8
assigned, 1, 1, 2
wasps, 1, 1, 5
ssassins, 1, 1, -4
identify, 1, 1, 1
thanks, 21, 20, 1381
human, 2, 2, 4
biw, 1, 1, -1
yes, 6, 6, 738
yet, 4, 4, 34
previous, 1, 1, 4
adding, 6, 6, 77
wellresearched, 1, 1, 7
comparisons, 1, 1, 3
monitored, 1, 1, 3
vid, 1, 1, 1
dished, 1, 1, 16
ease, 1, 1, 0
occupants, 1, 1, 2
pharmacy, 2, 2, 2
spread, 1, 1, 7
ok, 4, 4, 25
easy, 12, 12, 141
shopvac, 1, 1, 2
wheeldecidecom, 1, 1, 1
save, 7, 6, 126
immediatly, 1, 1, 13
lubed, 1, 1, 0
casting, 1, 1, 80
rlifeprotips, 1, 1, 635
breaks, 2, 2, 4
singe, 1, 1, 2
opx, 2, 2, 3
possible, 15, 14, 749
spanned, 1, 1, 2
caps, 2, 2, 2
possibly, 3, 3, 3
fusion, 1, 1, 126
gameboy, 1, 1, 9
bastards, 1, 1, 1
background, 9, 8, 182
ultimately, 1, 1, 3
spanner, 1, 1, 1
shadow, 1, 1, 24
burns, 1, 1, 1
powerhandtoolsamp, 1, 1, 1
6870f, 1, 1, 2
dreams, 2, 2, -41
apart, 4, 4, 19
melting, 3, 2, 16
damaging, 1, 1, 1
gifv, 1, 1, 2
58, 1, 1, 2
gift, 1, 1, 5
bobby, 1, 1, 2
cooler, 33, 26, 576
57, 1, 1, 2
manual, 3, 2, 15
50, 5, 5, 146
specific, 3, 3, 13
remind, 1, 1, 126
doorpanel, 1, 1, 9
sell, 3, 3, 7
ebaycraigslwhatever, 1, 1, 1
night, 18, 14, 515
hung, 1, 1, 1
analyzing, 1, 1, 91
security, 5, 4, 4
sumbitch, 1, 1, 9
right, 40, 35, 235
old, 29, 24, 394
deal, 2, 2, -40
people, 44, 41, 955
sends, 3, 3, 26
bpm, 1, 1, 91
successfully, 1, 1, 1
applicable, 1, 1, 1
teflon, 1, 1, 3
dead, 1, 1, 2
wwwnovuspolishcom, 1, 1, 2
sponge, 9, 7, 47
offer, 2, 2, 1
printer, 1, 1, 3
hassle, 1, 1, 3
gifs, 2, 2, 10
pain, 1, 1, 10
extended, 1, 1, 2
guess, 7, 7, 69
counts, 1, 1, 9
buffalo, 1, 1, 15
industrial, 2, 2, 87
rcoolguides, 1, 1, 3
toxic, 1, 1, 1
bottom, 6, 6, 16
notification, 1, 1, 19
normal, 7, 7, 18
ice, 51, 33, 601
creative, 3, 3, 132
everything, 29, 25, 264
squeeze, 1, 1, 1
tracker, 1, 1, 126
drys, 1, 1, 3
fob, 2, 2, 5
treadmill, 1, 1, -1
umm, 1, 1, 1
lifehacks, 4, 4, 166
youtuben3472q6kvg0, 1, 1, 2
christmas, 3, 3, 7
trunk, 2, 2, 13
cord, 4, 3, 19
peek, 1, 1, 13
knew, 3, 3, 8
peel, 3, 3, 1
deleted, 9, 9, 24
marketing, 1, 1, 1
corn, 2, 1, 1
burn, 4, 4, 9
plz, 1, 1, 2
pens, 1, 1, 9
somafm, 2, 1, 91
binder, 8, 8, 59
packets, 4, 3, 5
shifting, 1, 1, 2
bolt, 6, 6, 92
stylish, 1, 1, 91
losing, 3, 3, 90
pliers, 4, 4, 15
post, 17, 16, 214
possesses, 1, 1, 91
super, 9, 9, 63
properties, 1, 1, 46
plug, 5, 5, 18
mimics, 1, 1, 1
behaviors, 1, 1, 2
would, 87, 67, 1138
100150, 1, 1, 1
commie, 1, 1, 1
sr_1_5, 2, 2, 4
dollars, 4, 3, -1
months, 11, 11, 154
displaying, 1, 1, 2
plunging, 2, 2, 202
dinner, 10, 10, 371
ensure, 1, 1, 1
afternoon, 3, 2, 133
50081548amp, 1, 1, 1
excellent, 1, 1, 2
connected, 1, 1, 1
lacked, 1, 1, 126
definition, 1, 1, 5
slightly, 2, 2, 2
automatically, 1, 1, 19
neighborhood, 1, 1, 2
bath, 1, 1, 1
filtering, 1, 1, 1
consulting, 1, 1, 126
spiky, 1, 1, 1
whats, 4, 4, 5
r60slifehacks, 1, 1, 2
presence, 2, 1, 19
wasting, 3, 3, 168
material, 4, 4, 84
selfie, 8, 8, 551
logitech, 1, 1, 1
wherewhenhow, 1, 1, 3
soo, 1, 1, 0
arms, 2, 2, 10
respectable, 2, 2, 50
juicing, 1, 1, 1
adventure, 1, 1, 91
lieu, 1, 1, 2
wrap, 3, 3, 18
shaft, 1, 1, 1
stumble, 1, 1, 126
often, 17, 17, 613
wan, 3, 3, 7
cleared, 1, 1, 1
tips, 6, 5, 0
fabric, 4, 3, 67
waking, 3, 2, 1
support, 2, 2, 27
constantly, 2, 2, 130
lightin, 1, 1, -42
stuck, 10, 10, 267
accordingly, 1, 1, 126
symphony, 1, 1, 3
hearthstone, 2, 1, 2
fraction, 1, 1, 9
wax, 6, 5, 5
letter, 2, 2, -2
call, 16, 14, 191
tamp, 1, 1, 0
wat, 2, 2, -1
overhand, 1, 1, 75
calm, 1, 1, 1
lowest, 1, 1, 2
head, 5, 5, 134
tints, 1, 1, 1
stainsspills, 1, 1, 3
offamp, 1, 1, -1
form, 4, 4, 208
forks, 2, 1, 7
fascination, 1, 1, 1
attempted, 1, 1, 0
youtubefy3rjqgc6la, 1, 1, 6
paypal, 2, 2, 12
removes, 1, 1, 0
snows, 1, 1, 2
infestation, 1, 1, 2
caliper, 1, 1, 7
wireless, 4, 2, 6
batching, 1, 1, 126
heat, 10, 10, 123
understandable, 1, 1, 9
learned, 5, 5, 13
morally, 1, 1, 4
sustained, 1, 1, 126
insulateenergy, 1, 1, 1
removed, 5, 5, 13
true, 1, 1, 8
reset, 1, 1, 10
antiinflammatory, 1, 1, 2
cylinders, 1, 1, 0
flawlessly, 1, 1, 1
full, 8, 6, 97
rmildlyinteresting, 1, 1, 1
assessment, 1, 1, 4
inside, 23, 18, 317
attached, 3, 3, 129
lips, 1, 1, 1
devices, 5, 5, 349
tell, 7, 7, 18
crystal, 1, 1, 174
sr, 9, 6, 9
economic, 1, 1, 1
complications, 1, 1, 204
minor, 2, 2, 18
servedcatered, 1, 1, 14
faking, 1, 1, 3
emotional, 1, 1, 1
latch, 1, 1, 6
feet, 2, 2, 31
delete, 1, 1, 2
oldies, 1, 1, 1
reevaluate, 1, 1, 2
overthecounter, 2, 2, 206
nicking, 1, 1, 1
conserves, 1, 1, 126
flat, 6, 6, 66
toss, 2, 2, 8
mirror, 1, 1, 75
proven, 1, 1, 3
sale, 3, 3, 12
purchasing, 1, 1, 1
exist, 1, 1, 2
fashioned, 1, 1, 2
reznor, 1, 1, 5
annoying, 3, 3, 19
mold, 3, 3, 94
check, 18, 16, 178
shit, 30, 29, 947
befitting, 1, 1, 7
circulatory, 1, 1, 4
pipe, 5, 5, 11
buzzwords, 1, 1, 43
holy, 2, 2, 12
dying, 1, 1, 2
na, 8, 8, 290
nb, 1, 1, 2
alerts, 2, 2, 16
tip, 6, 6, 56
handed, 1, 1, 4
reality, 1, 1, 126
til, 2, 2, 2
tin, 1, 1, 1
setting, 9, 8, 852
warehouse, 2, 2, 10
tie, 4, 4, 98
depot, 3, 3, 7
roll, 6, 4, 435
notifications, 1, 1, 1
coolboxes, 1, 1, 1
optically, 1, 1, 14
picture, 13, 9, 148
klondike, 1, 1, 13
lp_553398_1_10, 1, 1, 1
undertale, 1, 1, 4
plentyof, 1, 1, 25
leak, 1, 1, 1
ointment, 1, 1, 2
felt, 2, 2, 3
update, 4, 4, 14
diet, 7, 6, 131
pure, 1, 1, 30
perilously, 1, 1, 1
climate, 1, 1, -9
variable, 1, 1, 1
transfers, 1, 1, 0
flushed, 1, 1, 2
thorned, 1, 1, 2
weekend, 4, 4, 34
died, 5, 5, 497
hygienic, 1, 1, 0
loony, 1, 1, 15
longer, 10, 10, 152
phone, 47, 34, 706
assume, 4, 4, 32
salt, 4, 4, 3
vigorously, 1, 1, 0
changed, 3, 3, 4
bollocks, 1, 1, 2
daily, 4, 3, 1045
withhold, 2, 2, 6
jacket, 4, 4, 20
vietnam, 1, 1, 2
time, 103, 74, 1415
push, 12, 10, 150
serious, 3, 3, 185
wirelesstagnet, 1, 1, 3
prismacolor, 1, 1, 2
stick, 25, 24, 720
neighbors, 5, 3, 7
doctor, 2, 2, 2
chain, 1, 1, 1
switched, 2, 2, 2
scribbled, 1, 1, 92
pep, 1, 1, 4
rob, 1, 1, 1
relieve, 1, 1, 204
rod, 2, 2, 6
ost, 4, 4, 55
invent, 1, 1, 0
sympathetic, 1, 1, 91
snip, 1, 1, 1
manager, 1, 1, 126
manages, 1, 1, 2
microwave, 4, 4, 26
playlists, 2, 2, 4
skiing, 1, 1, 2
battle, 3, 3, 344
chair, 1, 1, 1
ros, 1, 1, 3
rot, 1, 1, 3
milk, 15, 13, 401
row, 1, 1, 9
layers, 3, 3, 3
certainly, 6, 5, 18
ware, 1, 1, 4
yellowjackets, 1, 1, 5
essentials, 1, 1, 2
zone, 1, 1, 91
trademarked, 1, 1, 2
flask, 1, 1, 1
useable, 1, 1, 1
promote, 1, 1, 2
technique, 6, 6, 90
father, 1, 1, 3
smoothly, 1, 1, -2
environment, 1, 1, 1
0, 2, 2, 15
finally, 7, 7, 258
asking, 6, 5, 249
writes, 1, 1, 91
rhythm, 2, 2, 34
marks, 2, 2, 4
screen, 6, 6, 6
ride, 1, 1, 3
bogus, 1, 1, 1
shoot, 5, 5, 17
tasklist, 4, 1, 126
string, 1, 1, 6
jerk, 1, 1, 2
grill, 7, 6, 25
apeshit, 1, 1, 1
uncooled, 1, 1, 5
prrrrrofit, 1, 1, 1
focussing, 1, 1, 359
vegan, 1, 1, 7
choice, 6, 5, 43
soapy, 1, 1, 1
iimgurcomzbgntfppng, 1, 1, 126
vegas, 1, 1, 2
stays, 4, 4, 240
cook, 2, 2, 15
word, 3, 3, 7
trouble, 4, 4, 41
exact, 3, 2, 10
minute, 9, 8, 146
cool, 17, 15, 418
_gyvipbs6vs, 1, 1, 122
goslings, 1, 1, -4
couches, 1, 1, 5
level, 5, 5, 22
turns, 2, 2, 313
jamie, 1, 1, 6
dig, 1, 1, 1
posts, 2, 2, 15
accidentally, 3, 3, 18
cloudy, 3, 3, 176
leave, 16, 14, 152
discrete, 1, 1, 126
anbesol, 1, 1, 1
rwhatisthisthing, 1, 1, 4
halfjapanese, 1, 1, 1
quick, 8, 8, 134
lever, 2, 1, 9
guy, 15, 15, 189
masturbated, 1, 1, 46
dip, 1, 1, 16
round, 1, 1, 1
drawings, 2, 2, 1
lowrent, 1, 1, 359
upper, 4, 3, 121
blade, 23, 17, 129
overlooked, 1, 1, 10
stupidly, 1, 1, 5
boards, 1, 1, 3
eyeglass, 1, 1, -1
attic, 1, 1, 1
dealing, 2, 2, 1
requirements, 1, 1, 2
pore, 1, 1, 2
measurable, 1, 1, 635
sign, 2, 2, 5
tooth, 1, 1, 1
thinker, 1, 1, 2
cost, 11, 9, 31
chopping, 1, 1, 1
dried, 2, 1, 1
trent, 1, 1, 5
run, 8, 7, 138
submit, 1, 1, 2
spindle, 1, 1, 1
drinks, 2, 2, 21
wondering, 2, 2, 6
processed, 1, 1, -1
stands, 1, 1, 243
movies, 5, 5, 191
adjustable, 7, 6, 117
torrenting, 1, 1, 1
assistance, 2, 2, 1
rum, 1, 1, -4
mall, 1, 1, 3
melt, 1, 1, 6
weeknext, 1, 1, -42
current, 2, 2, 2
suspect, 2, 2, 23
goes, 9, 6, 11
1015, 2, 2, 128
falling, 1, 1, 1
ground, 2, 2, 55
boost, 2, 2, 637
ac1750, 1, 1, -2
1012, 1, 1, 9
necrodancer, 1, 1, 3
cleaner, 10, 9, 2
dictates, 1, 1, 1
unsure, 1, 1, 3
mechanic, 3, 3, 8
dweller, 1, 1, 2
aquaphor, 2, 2, 9
doubt, 1, 1, 75
v, 18, 15, 415
envy, 1, 1, 54
french, 1, 1, 1
understanding, 1, 1, 4
water, 53, 41, 342
sealed, 9, 8, 28
bj, 1, 1, 0
groups, 1, 1, 3
address, 1, 1, 126
confused, 2, 2, 5
farting, 1, 1, 1
along, 8, 6, 71
plsrch, 1, 1, 1
rubbery, 1, 1, 15
youtube8_b8ekeztcm, 1, 1, 2
change, 16, 15, 236
wait, 8, 8, 199
box, 11, 11, 56
sending, 2, 2, 11
tire, 1, 1, 10
shove, 2, 2, 5
canadian, 5, 4, 20
healthy, 1, 1, 126
shift, 2, 2, 15
cancerwise, 1, 1, 0
wherever, 1, 1, 75
rsubredditsimulator, 1, 1, 0
honda, 1, 1, 9
bangs, 1, 1, 2
creature, 1, 1, 1
suggestion, 3, 3, 4
usually, 17, 15, 179
bunnings, 1, 1, 1
weird, 2, 2, 66
history, 1, 1, 5
studies, 1, 1, -21
pillow, 2, 2, 7
massage, 1, 1, 126
orient, 1, 1, 7
spurts, 1, 1, 1
tasks, 14, 4, 129
useful, 13, 13, 666
canned, 2, 2, 4
extra, 10, 8, 22
merely, 1, 1, 126
prefer, 5, 5, 161
marked, 1, 1, 4
thumbnail, 1, 1, 7
stings, 1, 1, 2
1st, 1, 1, 9
marker, 10, 10, 120
_less_, 1, 1, 43
rarely, 2, 2, 126
market, 2, 2, 7
everybody, 1, 1, 1
ipecac, 1, 1, 2
sopemthing, 1, 1, 3
handled, 1, 1, 126
working, 12, 12, 800
prove, 1, 1, 635
sake, 1, 1, 1
positive, 3, 2, 878
papaw, 3, 3, 6
pusher, 1, 1, 1
visit, 1, 1, 2
tears, 1, 1, 1
intense, 1, 1, 3
connector, 2, 2, 2
live, 24, 18, 724
wood, 16, 15, 1618
wonderfully, 1, 1, 2
iphone, 9, 8, 161
https, 62, 55, 1090
criteria, 4, 2, 3
microfiber, 3, 3, 3
huffington, 1, 1, 13
australian, 1, 1, 7
thru, 1, 1, 1
prep, 3, 1, 126
today, 4, 4, 0
ayr, 2, 2, 28
scratched, 1, 1, 3
introducing, 1, 1, 1
entrance, 1, 1, 1
sharing, 3, 3, 8
sessions, 1, 1, 126
muffle, 1, 1, 1
fruits, 1, 1, 1
iimgurcommmbydlsgif, 1, 1, 1
chocolate, 1, 1, 2
freezers, 1, 1, -1
ultra, 1, 1, 2
drown, 1, 1, -3
everywhere, 3, 3, 12
c418, 1, 1, 8
scratches, 3, 3, 7
olive, 3, 3, 189
cases, 2, 2, 3
effort, 6, 6, 9
easiest, 1, 1, 1
insights, 1, 1, 2
beaver, 3, 2, 2
ineipa5fpyg, 1, 1, 15
wool, 1, 1, 0
leskabet, 1, 1, 1
defeats, 1, 1, 1
whaaaat, 1, 1, 1
car, 27, 24, 246
originally, 3, 3, 38
cap, 4, 4, 36
slightlydamp, 1, 1, -1
cat, 10, 10, 140
reviews, 2, 2, 45
soup, 3, 2, 13
55, 1, 1, 1
minimum, 1, 1, 1
values, 1, 1, 5
following, 3, 3, 211
lubricant, 1, 1, 204
laughter, 1, 1, 6
chapter, 1, 1, 2
oxy, 1, 1, 5
esky, 1, 1, 1
heart, 2, 2, 11
crazy, 4, 4, 215
sr_1_7, 1, 1, 1
asshat, 1, 1, 1
figure, 4, 4, 279
mirrors, 1, 1, 1
awesome, 6, 6, 28
fuck, 19, 19, 120
usg, 1, 1, 0
heard, 6, 6, 14
stroke, 1, 1, 77
csrs, 1, 1, 1
sr_1_2, 2, 1, 1
allowed, 1, 1, 4
dennis, 1, 1, 20
stole, 1, 1, 2
qualifiers, 1, 1, -2
productive, 1, 1, 126
monitoring, 7, 5, 319
winter, 3, 3, 8
skater, 1, 1, 26
tilt, 1, 1, 488
discussion, 1, 1, 135
watching, 6, 5, 18
poking, 1, 1, 16
freezer, 12, 9, 19
freezes, 1, 1, -9
chemical, 4, 4, 95
till, 2, 2, 0
goobegone, 2, 1, 0
familiar, 1, 1, 0
ob_nqpbfpl0, 1, 1, 15
extensions, 1, 1, 7
absolute, 1, 1, 7
dope, 1, 1, 2
climbing, 1, 1, -42
pint, 1, 1, 10
criminal, 1, 1, 3
product, 3, 3, 318
20ish, 1, 1, 1
laundry, 1, 1, 9
mat, 1, 1, 2
data, 1, 1, 1
information, 4, 4, 6
may, 20, 20, 280
max, 2, 2, 31
office, 5, 5, 36
fed, 1, 1, 1
spot, 9, 8, 95
applications, 2, 2, 2
mac, 2, 2, 176
socket, 1, 1, 1
designed, 6, 5, 440
date, 4, 3, 636
suck, 3, 2, 4
guys, 4, 4, 583
lids, 2, 2, 3
man, 7, 7, 89
temperate, 1, 1, 1
macgyver, 2, 2, 2
stress, 5, 4, -27
costeffective, 1, 1, 9
natural, 2, 1, 126
remember, 9, 8, 652
succeeded, 3, 3, 652
whenever, 4, 4, 20
maybe, 30, 26, 608
chef, 1, 1, 11
oq58ypfhdw, 1, 1, 1
exterminator, 1, 1, 3
burglars, 1, 1, 2
uact, 1, 1, 0
q, 5, 5, 16
switch, 3, 3, 12
mango, 1, 1, 1
deposit, 3, 3, 11
1454875833amp, 1, 1, 1
snowed, 1, 1, 2
tall, 4, 4, 363
upvoting, 1, 1, 7
pulled, 3, 3, 17
chops, 1, 1, 2
talk, 2, 2, 919
typical, 1, 1, 2
blasting, 1, 1, 1
exclusive, 1, 1, 2
innocuous, 1, 1, 204
serving, 1, 1, 1
shoes, 4, 4, 48
insurgency, 1, 1, 126
serve, 1, 1, 2
indeed, 1, 1, 14
mainly, 4, 4, 35
years, 30, 28, 1129
stability, 1, 1, 9
brain, 10, 8, 501
coll, 1, 1, 2
eaves, 1, 1, 1
followthrough, 1, 1, 126
nbsp, 9, 1, 3
cuts, 2, 2, -20
cold, 21, 20, 386
still, 23, 22, 237
cableinternet, 1, 1, 7
blocked, 1, 1, 1
motionsensor, 1, 1, 19
adhesive, 8, 7, 22
kicking, 1, 1, 0
boys, 1, 1, 4
group, 4, 4, 14
monitor, 2, 2, 313
needing, 3, 3, 3
smoothie, 1, 1, 2
interesting, 5, 4, 249
amazing, 5, 5, -15
faves, 1, 1, 2
unsubscribing, 1, 1, -1
platform, 1, 1, 4
window, 9, 8, 31
gatorade, 2, 2, 9
policy, 5, 5, 10
25ish, 1, 1, 1
main, 4, 4, 31
decades, 1, 1, 1
ahh, 2, 2, 5
happened, 3, 3, 30
non, 4, 4, 13
oneshot, 1, 1, 1
finance, 1, 1, 2
tucked, 1, 1, 3
unique, 1, 1, 91
smarter, 1, 1, 8
killer, 2, 2, -5
insomnia, 2, 1, 2
citrate, 1, 1, 1
nonsense, 1, 1, 2
underneath, 3, 2, 5
lunch, 4, 3, 131
hydrogen, 1, 1, 1
touching, 1, 1, 1
mutliple, 1, 1, 2
refrigerated, 6, 6, 5
half, 11, 11, 67
sadly, 1, 1, 5
killed, 1, 1, 7
wont, 1, 1, 13
gearing, 1, 1, 2
term, 5, 5, 364
name, 3, 3, 6
corners, 3, 3, 6
drop, 2, 2, 33
nudge, 1, 1, 1
realistic, 2, 2, 520
75kg, 1, 1, 1
splinters, 2, 1, 1
entirely, 1, 1, 20
quarter, 1, 1, 1
em, 4, 4, 10
weighted, 5, 3, 12
dick, 3, 3, -3
eh, 3, 3, 53
mexico, 1, 1, 1
wirelessly, 1, 1, 1
saliva, 14, 12, 67
torch, 1, 1, 1
ds9, 1, 1, 91
yeah, 5, 5, 144
unfolds, 1, 1, 47
walle, 2, 2, 10
soy, 3, 3, 45
aliexpress, 1, 1, 0
catching, 2, 2, 8
organic, 1, 1, 1
rips, 1, 1, 19
year, 16, 15, 308
counteract, 1, 1, 4
worried, 1, 1, 3
medication, 1, 1, 1
monitors, 1, 1, 2
es, 1, 1, 1
er, 1, 1, 1
canada, 1, 1, 6
living, 11, 11, 39
funnest, 1, 1, 3
accomplish, 2, 2, 761
container, 7, 5, 15
hu7lplmvty, 1, 1, 75
factors, 2, 2, 250
tribute, 1, 1, 1
route, 1, 1, 1
interference, 1, 1, -2
weld, 1, 1, 1
increase, 2, 2, 127
mess, 3, 3, 12
seriously, 3, 3, 13
rooster, 1, 1, 1
hacked, 1, 1, 1
internet, 3, 3, 87
suggesting, 2, 2, 4
receiving, 1, 1, 9
correct, 4, 4, 298
coolers, 3, 3, 3
shows, 1, 1, 0
creating, 1, 1, 4
earlier, 3, 3, 6
bolts, 3, 3, 3
cars, 4, 4, 11
gagging, 1, 1, 6
possibility, 1, 1, 2
quite, 8, 8, 62
mood, 2, 2, 7
scrunch, 1, 1, 9
complicated, 3, 2, 8
lab, 3, 3, 31
bumblebees, 1, 1, 5
grandma, 1, 1, 2
remainder, 1, 1, 1
phoneholderamp, 1, 1, 1
care, 7, 7, 210
partner, 1, 1, 1
millimeter, 2, 1, 1
training, 1, 1, 126
selections, 1, 1, 91
discussing, 1, 1, 7
cube, 2, 2, 4
tasting, 1, 1, 1
calories, 2, 2, 127
downsides, 2, 2, 129
honest, 1, 1, 2
motion, 3, 3, 17
thing, 29, 29, 298
consumables, 1, 1, 1
place, 29, 23, 230
pouches, 3, 3, 4
rlearnuselesstalents, 1, 1, 3
mail, 1, 1, 0
router, 3, 2, 5
hooch, 1, 1, 4
whoops, 1, 1, 15
think, 28, 28, 403
waited, 1, 1, 0
first, 45, 37, 934
blind, 3, 3, 10
cheese, 4, 3, 55
sanitizercontains, 1, 1, 13
saving, 6, 6, 283
surviving, 1, 1, -42
guessing, 5, 5, -2
variables, 1, 1, 359
shoesjust, 1, 1, 3
stalk, 1, 1, 1
temporarily, 1, 1, 1
simplified, 1, 1, 126
specifically, 2, 2, 4
directly, 4, 4, 7
carry, 1, 1, 1
impossible, 6, 6, 368
sounds, 13, 13, 584
mn, 1, 1, -4
open, 16, 13, 148
tomorrow, 3, 2, 117
size, 10, 9, 208
sheep, 1, 1, 1
city, 6, 5, 12
given, 5, 5, 149
thoughtless, 1, 1, 126
checked, 1, 1, 126
jugs, 1, 1, 2
toolbrush, 1, 1, 2
bite, 3, 3, 53
shoebox, 1, 1, 7
rscabs, 1, 1, 1
designer, 1, 1, 19
plastic, 33, 26, 244
anyone, 13, 13, 1292
cooling, 3, 3, 17
2, 28, 24, 214
32oz, 1, 1, 6
moisture, 2, 2, 10
realization, 1, 1, 6
white, 15, 15, 380
gdmu594fm88, 1, 1, 11
west, 1, 1, -1
friend, 10, 10, -28
gives, 5, 5, -23
gaudy, 1, 1, 0
eyes, 1, 1, 1
thaw, 1, 1, 1
way, 62, 49, 863
mostly, 5, 5, 4
onethat, 1, 1, 4
hum, 1, 1, 19
appreciates, 1, 1, 208
bastion, 2, 2, 4
proving, 1, 1, -3
meandering, 1, 1, 91
salvia, 1, 1, 6
imgurcomrmmcx2q, 1, 1, 1
hurt, 4, 4, -9
ridiculous, 1, 1, 1
noliferadiocom, 1, 1, 918
butt, 1, 1, -1
quad, 1, 1, 1
lazy, 3, 3, 7
freeze, 3, 3, 4
holder, 3, 3, 7
quantity, 1, 1, 9
boyfriend, 1, 1, 7
11, 1, 1, 3
wide, 4, 3, 5
13, 1, 1, 10
keyshelf, 1, 1, 13
15, 6, 6, 40
14, 2, 2, 1
17, 1, 1, 1
yearning, 1, 1, 0
structured, 1, 1, 26
require, 5, 4, 128
revolution, 1, 1, 2
war, 2, 2, 20
macgyvers, 1, 1, 2
r, 5, 3, 646
magnesium, 2, 2, 2
venture, 1, 1, 2
cards, 3, 2, 24
asleep, 4, 4, 3
outcome, 2, 2, 1
drywall, 1, 1, 24
russia, 1, 1, 1
browser, 2, 2, 3
fork, 17, 14, 772
lullaby, 1, 1, 91
lick, 1, 1, 65
112amp, 1, 1, 1
san, 1, 1, 2
sac, 1, 1, 1
appreciate, 1, 1, 1
pro, 3, 3, 30
seal, 6, 6, 51
turned, 2, 2, 2
argument, 1, 1, 7
slap, 1, 1, 11
mateo, 1, 1, 2
dash, 2, 2, 2
say, 18, 17, 206
mates, 1, 1, 0
ehhhh, 1, 1, 0
buried, 1, 1, 2
favoutite, 1, 1, 1
unload, 1, 1, -1
sells, 1, 1, 1
sap, 1, 1, 3
saw, 7, 6, 33
sat, 1, 1, 5
1455225749amp, 1, 1, 1
googled, 1, 1, 3
efficient, 4, 3, 13
translate, 1, 1, -3
tetris, 1, 1, 2
dropcam, 1, 1, 310
ideas, 6, 6, 230
1000000, 1, 1, 11
instructed, 1, 1, 14
note, 6, 6, 166
equipment, 2, 2, 27
offtopoc, 1, 1, 0
renter, 1, 1, 2
take, 33, 29, 605
online, 2, 2, 5
interior, 3, 1, 9
performance, 4, 4, 92
glassware, 2, 2, 17
gmail, 1, 1, 1
deus, 1, 1, 2
channel, 1, 1, -2
troglodyte, 1, 1, 1
inky, 1, 1, 1
spraysoakwhatever, 1, 1, 5
sure, 54, 49, 731
multiple, 5, 5, 130
opposite, 2, 2, 10
track, 9, 7, 238
backyards, 1, 1, 2
price, 3, 3, 2
keeps, 5, 5, 40
youtubetsx2g8tmkrm, 1, 1, 5
evaporate, 3, 3, 21
remover, 11, 11, 80
boiling, 2, 2, 15
beta, 1, 1, 4
satisfying, 4, 4, 125
importantly, 1, 1, 126
sheets, 3, 3, 7
micro, 6, 4, 101
pair, 8, 8, 30
america, 1, 1, 1
damage, 12, 12, 49
moisturizing, 1, 1, 1
forever, 5, 5, 366
especially, 7, 7, 163
maganets, 1, 1, 0
failure, 1, 1, 1
lawd, 1, 1, 1
dream, 2, 2, -37
later, 10, 9, 25
steady, 1, 1, 4
drive, 7, 7, 35
sodas, 3, 1, 9
aerosol, 2, 2, 37
professional, 6, 6, 111
cracks, 2, 2, 3
typically, 6, 6, 312
filing, 1, 1, 1
diy, 1, 1, 1
shop, 3, 3, 20
perch, 5, 4, 337
shor, 1, 1, 0
drastically, 1, 1, 0
shot, 6, 4, 35
show, 3, 3, 87
formal, 13, 12, 343
cheap, 27, 26, 90
nabes, 1, 1, 2
spaces, 2, 2, 127
shoe, 2, 2, 216
faster, 1, 1, 1
hack, 33, 31, 552
corner, 1, 1, 1
aughty, 1, 1, -4
radiolab, 1, 1, 2
shoo, 1, 1, 7
slot, 4, 3, 148
teacup, 1, 1, 2
slow, 4, 4, 92
ratio, 1, 1, 9
dice, 2, 1, 3
title, 7, 7, 102
halo, 3, 2, 4
bodyshop, 1, 1, 1
stained, 1, 1, 5
fiddly, 1, 1, 1
enough, 23, 23, 145
either, 12, 12, 165
september, 1, 1, 1
going, 33, 26, 341
black, 5, 5, 4
accounts, 1, 1, 1
teary, 1, 1, 1
stain, 7, 3, 5
penguin, 1, 1, -1
stored, 1, 1, 1
icebox, 1, 1, 4
lmgtfycom, 1, 1, 1
lg, 1, 1, 1
ranking, 1, 1, 2
backup, 1, 1, 3
1amp, 2, 2, 2
get, 166, 127, 2809
gauges, 1, 1, 1
masking, 1, 1, 18
freezing, 1, 1, -9
truly, 1, 1, 1
nobs, 2, 1, 126
kappaross, 1, 1, 0
nearly, 7, 6, 157
lighter, 7, 7, 19
isis, 1, 1, 2
damp, 1, 1, 7
freaking, 2, 2, 5
prime, 1, 1, 2
rartisanvideos, 1, 1, 2
videoand, 1, 1, 0
aluminum, 2, 2, 2
settings, 2, 2, 21
leather, 5, 2, 30
bearings, 11, 2, 4
colossus, 1, 1, 24
disagree, 1, 1, 9
borrow, 1, 1, 3
ketogenic, 1, 1, 1
morning, 6, 4, 339
naked, 1, 1, 2
miles, 1, 1, -1
landlord, 5, 4, 363
prevents, 1, 1, 1
london, 1, 1, 1
paracord, 2, 1, 1
tent, 1, 1, 2
vision, 2, 2, 9
bulgaria, 1, 1, 2
imgurcomarghdds, 1, 1, 43
player, 1, 1, 91
physically, 1, 1, 20
chocobo, 1, 1, 2
station, 6, 5, 98
committed, 2, 1, 126
1454862865amp, 1, 1, 2
lyfe, 1, 1, 1
unfit, 1, 1, 5
college, 5, 5, 48
considered, 4, 4, 15
parking, 3, 3, -1
calendar, 15, 5, 133
ruined, 2, 2, 1
violates, 1, 1, 3
wonder, 3, 3, 2
surfaces, 3, 3, 3
um, 1, 1, 6
fails, 3, 3, 14
suffer, 2, 1, 2
parent, 1, 1, 2
camping, 1, 1, 19
78s, 1, 1, 106
ways, 4, 4, 5
review, 3, 1, 126
sites, 1, 1, 33
tbo, 1, 1, -1
label, 3, 3, 3
cd, 3, 3, 2
3, 18, 18, 177
pest, 1, 1, 1
reading, 6, 6, -23
across, 9, 8, 151
decks, 1, 1, 1
psychedelics, 1, 1, 4
fight, 1, 1, 2
notice, 3, 3, 10
vertical, 3, 2, 1232
originated, 1, 1, 3
prettiest, 1, 1, 8
slingshot, 1, 1, 3
pontificate, 1, 1, 16
cupboard, 1, 1, 4
repaintand, 1, 1, 23
supermarket, 1, 1, 9
killing, 2, 2, 16
adept, 1, 1, 3
2famp, 1, 1, 0
concentrate, 1, 1, 2
spare, 2, 2, 3
hurts, 1, 1, 1
article, 5, 4, 351
hydrate, 1, 1, 1
safefromnet, 1, 1, 5
come, 15, 15, 46
valid, 1, 1, 3
spiderweb, 1, 1, 5
martin, 1, 1, 40
reaction, 1, 1, 8
dates, 2, 2, 636
repeating, 1, 1, 47
tuck, 2, 2, 4
many, 24, 22, 588
region, 1, 1, 1
correctly, 1, 1, 12
according, 4, 4, 7
contract, 2, 1, 3
rugbr, 1, 1, 1
enabling, 1, 1, 91
somewhere, 3, 3, 12
roof, 6, 2, 2
desperately, 1, 1, 2
comet, 1, 1, 1
wheels, 1, 1, -1
avoided, 1, 1, 1
fix, 2, 2, 2
comes, 9, 9, 106
refrigerators, 1, 1, 1
concert, 1, 1, 91
rdatahoarding, 1, 1, 3
drawer, 2, 2, 4
afterwards, 4, 4, 1
stream, 1, 1, 918
bricks, 1, 1, 13
effective, 6, 6, 20
topdown, 1, 1, 126
period, 3, 3, 764
pop, 2, 2, 3
nooooo, 1, 1, 19
satisfaction, 1, 1, 2
maintained, 1, 1, 2
steelbooks, 1, 1, 22
jammed, 2, 2, 5
stretched, 1, 1, 1
learning, 1, 1, 47
67, 1, 1, 2
discolored, 1, 1, 3
actually, 32, 30, 209
boat, 1, 1, 14
sticks, 5, 4, 1661
considering, 2, 2, 5
caused, 2, 1, 1
combines, 1, 1, 2
1990, 1, 1, 2
pause, 1, 1, 2
stretch, 1, 1, 1
toothpaste, 6, 5, 176
classic, 2, 2, 3
informed, 1, 1, 9
youtubergptmb7kfla, 1, 1, 2
monoclonal, 1, 1, 1
jb, 1, 1, 1
stripped, 2, 2, 0
cords, 1, 1, 2
unwashed, 1, 1, 2
brisk, 1, 1, 1
wobble, 1, 1, 6
bullshit, 3, 3, 3
tank, 1, 1, 0
srese1amp, 1, 1, 1
mjolnir, 1, 1, 2
direction, 3, 3, 137
shopping, 1, 1, 126
storm, 2, 1, -9
636, 1, 1, -1
robbed, 1, 1, -1
resistance, 1, 1, 46
fapping, 1, 1, 6
laptops, 3, 3, 14
photos, 3, 3, 6
figured, 1, 1, 3
wake, 1, 1, 1
crew, 1, 1, 1
asks, 1, 1, 5
cr2025, 1, 1, 3
erasebuff, 1, 1, 1
laying, 3, 3, 9
careful, 10, 10, 38
upstarts, 1, 1, 2
widespreadeven, 1, 1, 14
yourlife, 1, 1, 3
case, 15, 14, 349
polly, 1, 1, 4
folding, 2, 2, 10
developing, 1, 1, 4
sauce, 1, 1, 9
mount, 2, 2, 7
twigs, 3, 1, 1
chap, 1, 1, 1
trick, 17, 16, 22
w, 3, 3, 5
blinkers, 1, 1, 9
scurry, 1, 1, 1
ongoing, 2, 2, 127
newspaper, 2, 2, 3
situation, 7, 7, 376
stupidest, 1, 1, -4
coolest, 2, 2, 20
polymer, 4, 1, 14
couplea, 1, 1, -7
silicone, 1, 1, 1
eventually, 4, 4, 13
shreds, 1, 1, 13
rubbing, 15, 14, 254
hedgehog, 1, 1, 91
coffee, 6, 4, 9
discrepancy, 1, 1, 9
sleeping, 4, 4, 8
sensemother, 1, 1, 3
strain, 1, 1, 126
someone, 18, 17, 493
earful, 1, 1, 6
ambient, 3, 1, 91
donating, 1, 1, 1
somebody, 1, 1, 5
cardio, 1, 1, 91
activity, 1, 1, 91
stickers, 3, 2, 4
curl, 1, 1, 1
worry, 1, 1, 126
comments, 4, 4, 11
joints, 1, 1, 3
bags, 12, 10, 449
different, 6, 6, 10
author, 4, 3, 94
rehome, 1, 1, 2
pay, 3, 3, 7
wiring, 1, 1, 13
pillowcases, 1, 1, 1
trip, 1, 1, 19
food, 23, 20, 406
pad, 1, 1, 3
grain, 1, 1, 1231
document, 2, 2, 5
isle, 1, 1, 2
pan, 1, 1, 4
week, 16, 13, 406
exhaust, 2, 2, 2
bussiness, 1, 1, 22
oil, 15, 13, 214
sprit, 1, 1, 1
closest, 1, 1, 2
microwaving, 1, 1, 2
applaud, 1, 1, 1
boosted, 1, 1, 2
nest, 3, 2, 8
foam, 2, 2, 2
driver, 1, 1, 1
drives, 2, 2, 3
250amp, 1, 1, 0
cheers, 2, 2, 165
persons, 1, 1, 3
running, 2, 2, 127
edges, 3, 3, 8
wired, 1, 1, 3
chopsticksgood, 1, 1, 2
favorites, 1, 1, 2
intended, 1, 1, 2
changing, 1, 1, 4
anticipated, 1, 1, 126
totally, 8, 8, 51
soaked, 1, 1, 7
youtubers, 1, 1, 1
traps, 17, 8, 7
band, 1, 1, 15
shared, 1, 1, 2
charger, 10, 8, 168
sideways, 1, 1, 4
floor, 4, 4, 336
microtransations, 1, 1, 3
magical, 3, 3, 3
carat, 1, 1, 1
invites, 1, 1, 4
without, 30, 28, 836
solve, 3, 3, 135
imgurcomscerexx, 2, 2, 4
bottle, 11, 9, 20
trains, 1, 1, 2
model, 6, 5, 29
modem, 1, 1, 7
tempted, 1, 1, 2
amazed, 2, 2, 10
surprisingly, 1, 1, 1
summer, 3, 3, 2
redirects, 2, 2, 38
clog, 2, 2, 4
manifold, 1, 1, 1
bristle, 2, 2, 32
money, 18, 14, 54
slime, 1, 1, 2
rest, 6, 6, 19
risk, 3, 3, 13
recycled, 1, 1, 1
pissing, 2, 2, 9
unclear, 2, 2, -5
cease, 1, 1, 2
greetings, 1, 1, 5
touch, 4, 4, 23
polish, 16, 12, 76
flavor, 1, 1, 1
speed, 1, 1, 6
weekly, 2, 2, 7
insight, 3, 2, 250
rover, 1, 1, 1
renewed, 1, 1, 126
indica, 1, 1, 1
widest, 1, 1, 918
hint, 1, 1, 93
thinking, 8, 8, 505
seems, 13, 13, 520
except, 4, 4, 31
desktop, 1, 1, 126
blog, 1, 1, 182
ghetto, 1, 1, 1
interested, 5, 4, 37
pile, 4, 3, 11
4, 14, 14, 198
nav, 1, 1, 1
sucked, 2, 2, 10
pot, 4, 4, 67
real, 18, 17, 374
semiformal, 1, 1, 5
around, 32, 27, 234
sticky, 1, 1, 52
manuever, 1, 1, 1
read, 12, 11, 72
psa, 1, 1, 1231
calendars, 2, 2, 1
fridge, 40, 26, 507
dark, 3, 3, 27
test, 1, 1, 1
bitch, 2, 2, 6
darn, 2, 2, 3
mom, 3, 3, 120
vacuum, 1, 1, 1
world, 5, 5, 142
mansel, 1, 1, 5
execution, 1, 1, 126
color, 4, 4, 33
furniture, 3, 3, 9
vertically, 1, 1, 1231
ns, 1, 1, 1
towel, 6, 5, 596
artesia, 1, 1, 1
pounds, 1, 1, 78
smell, 12, 11, 54
reduces, 1, 1, 126
buddies, 1, 1, 3
fishing, 1, 1, 16
exchange, 3, 1, 1
miracle, 1, 1, 1
lightning, 1, 1, 5
facing, 1, 1, 2
benefit, 2, 2, 4
fully, 1, 1, 1
anti, 1, 1, 9
revision, 1, 1, 4
clap, 1, 1, 2
making, 17, 17, 503
scored, 1, 1, 2
2fwwwpcadvisorcouk, 1, 1, 0
exposed, 1, 1, 1
tvs, 1, 1, 2
hacks, 8, 6, 20
japanese, 3, 3, 4
yellowgreen, 1, 1, 3
erase, 3, 3, 98
respect, 1, 1, 3
duration, 1, 1, 6
root, 1, 1, 1
void, 1, 1, 4
rocks, 2, 1, 1
organizing, 2, 2, 0
thinks, 2, 2, 1
homeless, 1, 1, -42
mustard, 1, 1, 2
composers, 1, 1, 19
viral, 1, 1, 1
peppermint, 1, 1, 1
dskive, 1, 1, 4
confirm, 4, 4, 12
memories, 1, 1, 3
tube, 2, 2, 2
cleanser, 1, 1, 2
recorded, 1, 1, 9
stops, 3, 3, 22
moon, 1, 1, 2
nutty, 1, 1, 126
critical, 1, 1, 126
hipster, 1, 1, 1
shouldlearn, 1, 1, 1
juices, 1, 1, 8
squirt, 2, 2, 34
916, 1, 1, -1
910, 1, 1, 9
knife, 22, 18, 779
hustle, 2, 1, 126
willy, 1, 1, 1
welcome, 2, 2, 171
wheat, 1, 1, 1
scientific, 1, 1, 2
power, 7, 7, 295
timeslots, 1, 1, 126
seconds, 5, 5, 11
gentle, 1, 1, 4
equivalent, 2, 2, 14
sprung, 1, 1, 5
flushes, 1, 1, 2
broken, 10, 9, 47
churn, 1, 1, 2
dpid, 1, 1, 1
yay, 2, 2, 1
damacy, 1, 1, 5
throw, 4, 4, 9
released, 1, 1, 1
manufacturer, 1, 1, 1
pressurize, 1, 1, 1
earscheeks, 1, 1, 2
central, 2, 1, 1
2fsoftware, 1, 1, 0
automatic, 1, 1, 1
oh, 11, 11, 1087
og, 1, 1, 4
oc, 1, 1, 1
meaning, 3, 3, 1358
meal, 5, 5, 136
chop, 4, 3, 1660
r8xa3uqozsk, 1, 1, 2
journey, 1, 1, 31
stand, 9, 9, 106
neighbor, 5, 5, 366
act, 1, 1, 635
mixed, 2, 2, 16
luck, 13, 13, -23
os, 1, 1, 126
road, 4, 3, 5
op, 18, 18, 1445
amber, 1, 1, 9
wto94qwh1wamp, 1, 1, 2
disinfectant, 1, 1, 1
lands, 1, 1, 1
burning, 1, 1, 8
1455226006amp, 1, 1, 1
image, 3, 3, 637
scores, 1, 1, 91
calmly, 2, 2, 20
channels, 2, 2, 0
elastics, 1, 1, 1
sugars, 1, 1, -4
bedtime, 1, 1, 3
determine, 1, 1, 7
strip, 7, 6, 9
elementary, 1, 1, 14
zelda, 2, 2, 4
fantasy, 5, 5, 107
sugru, 1, 1, 1
methyl, 1, 1, 1
fast, 8, 8, 72
legacy, 1, 1, -1
log, 1, 1, 13
prepare, 1, 1, 126
area, 17, 14, 348
removing, 5, 5, 77
bigger, 3, 3, 8
hey, 6, 6, 13
deadlines, 2, 2, 636
meals, 1, 1, 126
los, 1, 1, 359
imgurcom8rd9caw, 1, 1, 23
low, 8, 7, 318
stars, 2, 2, 3
cloths, 1, 1, 1
transitioning, 1, 1, 1
valley, 1, 1, 2
bubble, 1, 1, 7
strict, 1, 1, 126
allergic, 3, 3, 10
billion, 2, 2, 5
complete, 2, 2, 129
replies, 1, 1, 126
unscrew, 1, 1, 4
defrost, 1, 1, 2
pitcher, 1, 1, 359
strikes, 2, 2, 9
cabinet, 1, 1, 1
gore, 1, 1, 1
uwrdprt, 1, 1, 25
elimination, 1, 1, 1
mice, 11, 7, 13
trying, 15, 15, 6
copied, 1, 1, 25
buying, 3, 3, 370
allright, 1, 1, 1
pull, 9, 9, 221
stickin, 1, 1, 54
313300, 1, 1, 1
1020, 1, 1, 7
monopoly, 1, 1, 1
spotify, 3, 3, 6
1800, 2, 2, 0
bucket, 6, 1, 1
clothespins, 1, 1, 1
relabeling, 1, 1, 1
tiny, 3, 3, 4
rewire, 1, 1, 2
taught, 2, 2, 10
dirty, 11, 10, 194
freakin, 1, 1, 1
flats, 1, 1, 1
grass, 1, 1, 1
agree, 1, 1, 1
rust, 1, 1, 1
expect, 2, 2, 1
gone, 11, 11, 58
naysayers, 1, 1, 3
nonperishables, 1, 1, 3
ad, 2, 2, 2
videos, 1, 1, 14
af, 1, 1, 1
taste, 3, 3, 3
certain, 4, 4, 13
lived, 2, 2, 8
caustic, 1, 1, -3
moved, 3, 3, 134
sales, 1, 1, 9
untreated, 1, 1, 5
general, 4, 4, 137
alarm, 11, 4, 6
indiana, 1, 1, 2
file, 2, 2, 38
walks, 2, 2, 129
advising, 1, 1, 6
lifetime, 2, 2, 0
pedestal, 1, 1, 0
jargon, 1, 1, 2
minecraft, 2, 2, 10
film, 2, 1, 8
fill, 10, 6, 132
tedious, 1, 1, 3
stumbled, 1, 1, 126
cabinets, 1, 1, 3
goddam, 1, 1, 1
cooked, 1, 1, 1
idiot, 4, 4, 4
diarrhea, 1, 1, 2
mcinnes, 1, 1, 33
drier, 1, 1, 46
somehow, 1, 1, 2
rubber, 7, 7, 29
tight, 4, 4, 5
cleanup, 1, 1, 1
5, 12, 11, 153
underwater, 1, 1, 2
ovember, 1, 1, -4
instantly, 2, 2, 2
really, 58, 56, 1342
minichamp, 1, 1, 1
poor, 6, 6, 179
nihon, 1, 1, 2
briefly, 2, 2, 4
unrefrigerated, 1, 1, 5
obsessed, 1, 1, 4
separate, 4, 4, 40
artist, 1, 1, 1
raining, 1, 1, 5
naipolish, 1, 1, 105
includes, 3, 3, 128
decisioncrafting, 1, 1, 2
hardware, 4, 4, 14
important, 6, 5, 134
paintthinneramp, 1, 1, -1
suited, 1, 1, 7
included, 1, 1, 3
puked, 1, 1, 6
resell, 1, 1, 2
alcohol, 25, 22, 143
tricky, 1, 1, 1
rolltube, 1, 1, 1
remote, 1, 1, 5
calls, 2, 1, 126
spend, 3, 3, 7
felling, 1, 1, 1
intentional, 1, 1, 9
odds, 1, 1, -42
wifi, 3, 2, 15
mask, 1, 1, 1
tinypic, 1, 1, 23
insulation, 1, 1, 1
scroll, 1, 1, 2
afraid, 1, 1, 0
mimic, 2, 2, 10
u, 2, 2, -37
erasers, 2, 2, 16
smrt, 1, 1, 1
12, 2, 2, 1
starting, 1, 1, 2
original, 6, 6, 272
15015, 1, 1, 4
looped, 1, 1, 7
molded, 1, 1, 1
consider, 7, 6, 138
pointing, 1, 1, 4
armdisarm, 1, 1, 13
ceramic, 2, 2, 3
dollar, 10, 5, 371
workhomework, 1, 1, 2
month, 4, 4, 66
executing, 1, 1, 126
code, 2, 2, 16
deadline, 3, 3, 129
mp3, 1, 1, 5
c2, 1, 1, 3
dish, 9, 7, 256
follow, 9, 9, 99
meditation, 2, 1, 126
research, 3, 3, 101
decisions, 4, 3, 26
combo, 1, 1, 2
emily, 1, 1, 155
unclog, 1, 1, 2
apartment, 7, 7, 512
caveats, 1, 1, 126
referring, 1, 1, 1
bare, 1, 1, 54
tv, 5, 5, 5
lining, 1, 1, 7
ts, 1, 1, 1
squirrels, 1, 1, 1
tl, 4, 4, 161
program, 4, 3, 53
wants, 1, 1, 19
shameless, 1, 1, 3
scratch, 7, 6, 60
fountain, 2, 2, 14
enjoying, 1, 1, 7
1cmx6cm, 1, 1, 3
ta, 4, 4, 255
washroom, 1, 1, 3
activities, 1, 1, 126
woman, 1, 1, 93
downtempo, 1, 1, 91
returned, 1, 1, 126
straightforward, 2, 1, 1
sitting, 3, 3, 39
fap, 1, 1, 1
faq, 1, 1, 2
fat, 3, 2, -40
focus, 4, 4, 385
simpsons, 1, 1, -1
scraper, 2, 2, 1
worst, 3, 3, 104
silverware, 1, 1, 2
decide, 3, 3, 3
fall, 10, 10, 98
awful, 2, 2, 5
difference, 5, 4, 133
ramen, 2, 2, 2
washer, 3, 1, 0
condition, 3, 2, 8
productid, 1, 1, 1
delivery, 1, 1, 0
themes, 1, 1, 2
washing, 8, 8, 128
dampen, 2, 2, 66
cable, 8, 7, 9
issue, 5, 5, 6
list, 7, 5, 133
mild, 1, 1, 1
large, 11, 9, 154
sand, 1, 1, 1
adjust, 1, 1, 1
h200, 1, 1, 1
restaurantsevents, 1, 1, 14
plain, 2, 2, 5
small, 21, 20, 531
study, 4, 3, 30
51dxg8caqzlamp, 1, 1, 1
hawk, 1, 1, 26
quicker, 1, 1, 1
antibiotic, 3, 3, 225
3part, 1, 1, 2
fence, 1, 1, 310
harder, 3, 3, 2
skin, 2, 2, 3
sync, 3, 3, 6
unable, 1, 1, 1
straighten, 1, 1, 1
past, 3, 3, 12
trashcan, 1, 1, 3
rate, 1, 1, 9
perception, 1, 1, 1
design, 3, 3, 96
perspective, 1, 1, 1
lawyer, 1, 1, 13
pass, 2, 2, 10
solvent, 2, 2, 3
hairspray, 1, 1, 36
choices, 3, 3, 100
korobeiniki, 1, 1, 3
investment, 1, 1, 6
2fhowto, 1, 1, 0
residue, 5, 5, 58
primer, 1, 1, 1
sub, 9, 9, 96
pinterest, 2, 2, 24
sun, 2, 2, 1
section, 4, 4, 10
dirt, 4, 4, 23
fucks, 1, 1, 1
ammonia, 1, 1, 9
crush, 1, 1, 2
public, 4, 4, 65
version, 3, 3, 6
waker, 1, 1, 2
methol, 1, 1, 7
leftovers, 1, 1, 1
partyevents, 1, 1, 1
abraded, 1, 1, 2
method, 14, 13, 900
handy, 3, 3, 10
edited, 1, 1, 1
videogame, 1, 1, 2
lacquer, 3, 1, 1
tags, 3, 1, 3
loose, 1, 1, 2
component, 1, 1, -9
misread, 2, 2, 4
answers, 2, 2, 246
ntt, 1, 1, 1
hours, 5, 4, 137
squatting, 1, 1, 54
tracks, 1, 1, 2
selective, 1, 1, 9
threads, 2, 2, 2
free, 17, 11, 1077
excess, 2, 2, 78
directions, 1, 1, 1
biweekly, 1, 1, 2
strong, 3, 3, 5
legend, 1, 1, 2
gclid, 2, 2, 2
lotta, 1, 1, 1
matching, 1, 1, 43
search, 5, 4, -1
bible, 1, 1, -3
teeth, 5, 5, 61
ahead, 2, 2, 2
difficulty, 1, 1, 2
servings, 1, 1, 2
bongo, 3, 1, 2
hyperuht, 1, 1, 2
washrinse, 1, 1, 5
experience, 6, 6, 108
whiny, 1, 1, 19
prior, 1, 1, 72
amount, 8, 8, 183
healthier, 1, 1, 126
pick, 9, 9, 454
action, 1, 1, 91
mentions, 1, 1, -3
sealing, 2, 2, 2
options, 4, 4, 18
vaporizer, 1, 1, 204
sticking, 4, 4, 97
headache, 1, 1, 1
via, 3, 3, 4
followed, 1, 1, 3
family, 5, 5, -12
ive, 2, 2, 9
rhelpmefind, 1, 1, 1
ttainable, 1, 1, 635
transit, 1, 1, 126
adulting, 1, 1, 3
screens, 2, 2, 2
ask, 11, 11, 37
snug, 1, 1, -1
carpetwood, 1, 1, 1
esrc, 1, 1, 0
nutandbolt, 1, 1, 230
select, 1, 1, 1
carmen, 1, 1, 1
researchask, 1, 1, 3
rises, 1, 1, 4
eye, 1, 1, 13
takes, 10, 10, 663
852, 1, 1, 1
veg, 1, 1, 2
gameplay, 2, 2, 122
wiped, 1, 1, 92
mindnode, 1, 1, 33
petroleum, 4, 3, 210
two, 32, 30, 1636
vote, 1, 1, 54
comparing, 1, 1, 1
tacks, 3, 3, 25
drooling, 6, 6, 26
6, 7, 7, 12
taken, 4, 4, 157
unlock, 1, 1, 4
homework, 1, 1, 2
wiper, 1, 1, 2
bacitracin, 1, 1, 2
cigarette, 1, 1, 1
thrown, 3, 3, 10
wrapper, 6, 6, 107
door, 32, 20, 730
knows, 2, 2, 204
substances, 1, 1, 204
sprayyou, 1, 1, 0
thus, 4, 4, 17
company, 12, 9, 37
skirting, 1, 1, 1
pairs, 2, 2, 3
chopstick, 4, 4, 99
instrumental, 1, 1, 2
excuse, 1, 1, 1
antibiotics, 1, 1, 21
unclogged, 1, 1, 2
basically, 3, 3, 591
broke, 4, 3, 13
particular, 3, 3, 50
known, 3, 3, 17
mellow, 1, 1, 91
mounted, 5, 5, 105
glad, 2, 2, 7
town, 4, 3, 16
helped, 14, 10, 166
none, 2, 2, 38
toxins, 1, 1, 1
hour, 2, 2, 129
middle, 5, 5, 1323
sa, 2, 2, -1
googlelaamp, 2, 1, 1
shelves, 1, 1, 2
sucks, 1, 1, 1
installing, 1, 1, 13
kickass, 1, 1, 77
dramatically, 1, 1, 2
besides, 1, 1, -4
remain, 1, 1, 1
del, 1, 1, 1
sent, 1, 1, 9
101, 1, 1, 2
learn, 1, 1, 1
strategies, 2, 1, 126
obtain, 1, 1, 1
scramble, 1, 1, 54
deg, 1, 1, 1
beautiful, 1, 1, 2
direct, 1, 1, 5
compare, 1, 1, 9
inexpensive, 2, 2, 6
interstellar, 1, 1, 47
challenging, 1, 1, 635
neanderthals, 1, 1, -10
stacking, 2, 2, 3
closes, 1, 1, 1
swiss, 1, 1, 1
galleries, 1, 1, 2
suggestions, 2, 2, 5
apple, 1, 1, 1
rmalefashionadvice, 1, 1, 0
states, 1, 1, 2
tagged, 1, 1, 3
smartphone, 1, 1, 13
numbers, 5, 4, 17
purchased, 3, 3, 31
sense, 4, 4, 5
stackable, 1, 1, 60
scar, 1, 1, 8
elder, 1, 1, 2
patterns, 1, 1, 47
huge, 5, 5, 211
needs, 9, 9, 550
gaffer, 1, 1, 1
csi, 1, 1, 1
goal, 11, 6, 644
rather, 8, 8, 420
technology, 1, 1, 1
plans, 1, 1, 43
breaking, 1, 1, 2
razer, 1, 1, 2
excel, 2, 2, 10
owner, 2, 2, 9
everyday, 1, 1, 3
k750, 1, 1, 1
glowing, 1, 1, 7
occasionally, 1, 1, 1
9jtpzzfonoamp, 1, 1, 1
dessert, 1, 1, 1
movements, 1, 1, 1
explains, 1, 1, 1
honeybees, 1, 1, 5
31st, 2, 1, 1
breakins, 1, 1, 19
shirts, 1, 1, 1
theirday, 1, 1, -42
okay, 5, 5, 1
tried, 23, 22, 474
rude, 1, 1, 7
binary, 1, 1, 9
homegardenamp, 3, 1, 1
advice, 6, 6, 853
xenoblade, 1, 1, 7
imgurcomg5bxkxl, 1, 1, 1
soundtrack, 11, 11, 80
fb, 1, 1, 1
glutencontaining, 1, 1, 1
lighting, 2, 2, 9
blood, 3, 3, 9
coming, 5, 5, 229
backyard, 3, 3, -39
horizontal, 1, 1, 1
fk, 1, 1, 1
response, 2, 2, 205
adulter, 2, 1, 6
fo, 1, 1, 2
effecting, 1, 1, -2
changes, 4, 3, 138
short, 6, 6, 390
coax, 1, 1, 1
occurrance, 1, 1, 1
loud, 2, 2, 5
shady, 1, 1, 0
register, 2, 2, 12
overnight, 1, 1, 3
dragon, 2, 2, 3
slacking, 1, 1, 126
coal, 1, 1, 2
doused, 1, 1, 0
wrench, 14, 12, 137
enters, 1, 1, 10
banks, 1, 1, 359
putting, 8, 8, 531
rentals, 1, 1, 1
egg, 2, 2, 12
playing, 3, 3, 96
patio, 3, 2, 313
corrugated, 1, 1, 18
feeds, 1, 1, 2
rounded, 1, 1, 1
help, 28, 28, 193
reservoir, 1, 1, 0
wudnt, 1, 1, -1
stains, 3, 3, 5
bowl, 8, 7, 22
urine, 1, 1, 31
soon, 7, 7, 76
installed, 1, 1, 3
held, 1, 1, 3
spices, 4, 2, 2
paper, 27, 24, 909
desolvit, 1, 1, 1
signs, 2, 2, 6
penned, 1, 1, 91
hell, 3, 3, 42
image_na_enamp, 1, 1, 0
roots, 3, 1, 1
stepmother, 1, 1, 1
25, 1, 1, 3
style, 1, 1, 91
licks, 1, 1, 30
20, 6, 6, 7
21, 1, 1, 2
glide, 1, 1, 8
23, 2, 2, 7
stylo, 1, 1, 1
sortofclean, 1, 1, 2
solving, 1, 1, 155
ammount, 1, 1, 1
mattress, 1, 1, 488
late, 1, 1, 0
resort, 1, 1, -7
detected, 1, 1, 2
snowy, 2, 2, 3
systems, 4, 3, 7
conformist, 1, 1, 2
match, 1, 1, 519
might, 26, 25, 503
likehack, 1, 1, -6
household, 1, 1, 3
associate, 1, 1, 11
good, 66, 55, 862
motivated, 1, 1, 635
ya, 6, 4, 12
81amp, 1, 1, 2
encouraging, 1, 1, 7
walls, 7, 6, 43
ces, 1, 1, 3
misplace, 1, 1, 1
compound, 2, 1, 4
foot, 3, 2, -7
approve, 1, 1, 1
hairdryer, 3, 2, 2
_, 1, 1, 0
association, 1, 1, 3
instructions, 3, 3, 1
mystery, 1, 1, 9
easily, 15, 13, 339
shifty, 1, 1, 6
hook, 2, 2, 18
stripe, 1, 1, 0
always, 34, 29, 221
presented, 1, 1, 5
hanitize, 1, 1, 1
returnamp, 1, 1, 1
2f, 1, 1, 0
habits, 1, 1, 1
mastered, 1, 1, 3
fires, 1, 1, 1
die, 4, 3, 363
found, 20, 20, 850
mouse, 3, 2, 2
disorganized, 1, 1, 50
heavy, 7, 6, 12
breakdown, 1, 1, 7
harm, 1, 1, -1
everyone, 12, 12, 28
england, 2, 2, 11
mental, 2, 1, 126
weight, 1, 1, 8
p, 3, 3, 0
stiller, 1, 1, 4
house, 34, 19, 56
energy, 3, 2, 127
hard, 17, 17, 174
graduated, 1, 1, 2
idea, 25, 25, 80
melatonin, 3, 3, 4
gun, 3, 3, 4
uht, 1, 1, 1
pirated, 1, 1, 2
wires, 6, 5, 9
connect, 3, 2, 18
surly, 1, 1, -9
beyond, 1, 1, 1
todo, 1, 1, 126
insurance, 2, 2, 5
steered, 2, 2, 23
magnet, 2, 2, 2
pins, 2, 2, 70
imgurcomkenujzh, 1, 1, 1
missed, 1, 1, 126
ftw, 1, 1, 6
item, 5, 4, 131
sparingly, 1, 1, 204
sutherland, 1, 1, 6
4pm, 1, 1, 126
since, 16, 14, 123
adhere, 1, 1, 2
conclusions, 1, 1, 2
safety, 2, 2, 8
carpet, 3, 3, 3
7, 6, 6, 177
print, 1, 1, 2
tiresome, 1, 1, 75
induced, 1, 1, 14
remodeling, 1, 1, 2
gardener, 1, 1, 7
xylol, 3, 1, 0
ass, 8, 8, 339
figuring, 1, 1, 5
fiber, 1, 1, 1
earns, 1, 1, 126
pathetic, 2, 2, 0
passes, 1, 1, 8
wwwscientologyorg, 1, 1, 42
commits, 1, 1, 126
friday, 2, 2, 133
motherfucker, 1, 1, 635
mmm, 1, 1, 31
houses, 1, 1, 2
reason, 8, 8, 27
base, 2, 2, 94
imagine, 4, 4, 17
put, 79, 69, 1295
riser, 1, 1, 1
ash, 2, 2, 8
loads, 1, 1, 1
guest, 3, 3, 56
bushes, 1, 1, 2
elegant, 1, 1, 25
dishwasher, 5, 5, 206
safereasier, 1, 1, 1
benefits, 1, 1, 126
ajustable, 1, 1, 1
thread, 9, 9, 1287
fantastical, 3, 1, 126
housebetter, 1, 1, 1
computers, 1, 1, 2
terrible, 4, 4, 8
scratchy, 1, 1, 7
terribly, 1, 1, 1
american, 1, 1, 2
fruit, 1, 1, 2
expecting, 1, 1, 9
gotos, 1, 1, 15
circuit, 1, 1, 3
leading, 1, 1, 1
anecdotal, 1, 1, 15
fallen, 1, 1, 2
throws, 1, 1, 1
badtub, 1, 1, 1
chilly, 1, 1, 1
feed, 3, 2, 3
informations, 1, 1, 1
major, 4, 4, 100
swipe, 1, 1, 2
mself, 1, 1, 1
dont, 12, 11, 100
prevent, 3, 3, 5
feel, 15, 14, 652
shapped, 1, 1, 5
number, 8, 5, 385
fancy, 6, 6, 142
valentine, 1, 1, 2
knifewhat, 1, 1, 2
dust, 2, 2, 9
application, 1, 1, 3
rooter, 1, 1, 11
done, 31, 27, 900
fees, 5, 4, 14
humidifiers, 1, 1, 6
says, 2, 2, 31
cups, 4, 3, 189
miss, 1, 1, 2
stripers, 1, 1, 0
staying, 2, 2, 1
citythe, 1, 1, 40
razor, 23, 18, 81
story, 6, 6, 145
routine, 1, 1, 2
heads, 1, 1, 1
temperature, 4, 3, 18
pl, 1, 1, 1
nightdark, 1, 1, 2
introduction, 1, 1, 2
together, 2, 2, 3
broadcasts, 1, 1, -2
insignificant, 1, 1, 1
followup, 1, 1, 1
rmulticopter, 1, 1, 1
least, 14, 13, 20
obligatory, 1, 1, 49
paint, 26, 22, 37
180, 1, 1, 1
fryser, 1, 1, 1
calculations, 1, 1, 7
sawed, 1, 1, 1
master, 1, 1, 40
founder, 1, 1, 33
nonsafe, 1, 1, 1
store, 20, 19, 75
listed, 2, 2, 2
assign, 1, 1, 9
passed, 1, 1, 1
behind, 7, 7, 21
guiltfree, 1, 1, 126
needle, 2, 2, -1
park, 2, 2, 2
snapping, 1, 1, 2
immediate, 1, 1, 3
discover, 2, 2, 4
eli, 1, 1, 3
dentist, 1, 1, 126
part, 11, 11, 381
forth, 1, 1, 65
focusing, 1, 1, 91
surprising, 1, 1, 1
believe, 6, 6, 10
unmentioned, 1, 1, -42
fred, 1, 1, 6
linking, 1, 1, 1
grocery, 5, 5, 131
b, 4, 3, 9
squeaky, 1, 1, 3
refilling, 1, 1, 1
fold, 12, 9, 28
vial, 1, 1, 1
double, 3, 3, 8
anticipate, 1, 1, 126
kink, 1, 1, 1
walmart, 2, 2, 2
finances, 1, 1, 3
recording, 1, 1, 1
headers, 1, 1, 3
dank, 1, 1, 1
supposed, 10, 10, 61
2750, 1, 1, 2
iimgurcomwge6cqxgifv, 1, 1, 2
dispenser, 1, 1, 10
stale, 1, 1, 1
toward, 1, 1, 4
ousted, 1, 1, 1
crescent, 3, 3, 127
tongues, 1, 1, 2
deciding, 1, 1, 9
halomenuh2, 1, 1, 2
outstanding, 1, 1, 126
syncing, 2, 2, 126
15amp, 2, 2, 4
playa, 1, 1, 1
conventional, 1, 1, 1
instrumentals, 1, 1, 2
ischamp, 1, 1, -1
roughly, 1, 1, 2
randomly, 1, 1, 1
juice, 3, 3, 10
selling, 1, 1, 1
cleaned, 1, 1, 2
dmc, 1, 1, 2
odors, 1, 1, 1
wipers, 2, 1, 2
option, 5, 3, 11
lid, 2, 2, 4
lie, 3, 3, 500
nights, 1, 1, 2
built, 3, 3, 11
drunk, 1, 1, -4
depending, 5, 5, 5
self, 1, 1, 0
drapes, 1, 1, 1
cropped, 1, 1, 1
couch, 18, 13, 513
lit, 1, 1, 2
also, 70, 56, 2423
costs, 4, 4, 5
lip, 4, 1, 3
build, 6, 6, 25
finding, 1, 1, 4
jbweld, 1, 1, -1
onliquid, 1, 1, 3
analogs, 1, 1, 126
gym, 1, 1, 1
nonscratch, 1, 1, 3
play, 9, 9, 586
added, 4, 4, 11
rivets, 1, 1, 15
electric, 3, 3, 5
clothespin, 3, 3, 5
reckon, 1, 1, 5
coursera, 1, 1, 4
eggs, 17, 13, 387
measures, 2, 2, 3
reach, 7, 4, 636
ducts, 2, 2, 2
plan, 6, 3, 129
70, 3, 3, 7
nothing, 7, 7, 58
alpha, 1, 1, 8
extremely, 4, 4, 18
refrigerator, 4, 3, 8
refrigerate, 1, 1, 1
cause, 2, 2, 6
dissolver, 1, 1, 10
mineral, 5, 5, 5
goodwill, 1, 1, 1
mobile, 4, 3, 4
lifehacckkkk, 1, 1, 0
clear, 21, 18, 407
sometimes, 10, 7, 172
cover, 8, 7, 12
luckily, 1, 1, 19
traditional, 1, 1, 3
filler, 1, 1, 1
dissolved, 1, 1, 1
cramped, 1, 1, 1
organise, 1, 1, 1
reserves, 1, 1, 9
clean, 21, 21, 151
weigh, 2, 2, 2
barrel, 1, 1, 3
blend, 1, 1, 2
microsoft, 1, 1, 1
lying, 1, 1, 9
wording, 1, 1, 72
despise, 1, 1, 1
ugh, 1, 1, 1
particularly, 4, 4, 19
cereal, 1, 1, 1
journeys, 1, 1, 1
affix, 2, 1, 243
celebrities, 1, 1, 42
hotel, 1, 1, 3
session, 3, 1, 126
businesses, 1, 1, 7
denatured, 1, 1, 30
repels, 1, 1, 1
carefully, 2, 2, 10
multicriteria, 1, 1, 7
melody, 1, 1, 47
fine, 15, 14, 88
find, 44, 41, 683
impact, 1, 1, 91
access, 1, 1, 1
giant, 2, 2, 2
unusable, 1, 1, 3
paranoid, 1, 1, 3
preferably, 1, 1, 1
less, 10, 9, 216
isolatingbags, 1, 1, 1
powder, 1, 1, 1
failed, 3, 3, 33
fellow, 1, 1, 1
clipboard, 1, 1, 9
ouchiee, 1, 1, 2
pretty, 26, 24, 193
petroleumbased, 1, 1, 93
8, 10, 7, 32
ex, 1, 1, 2
wetsanding, 1, 1, 30
accurate, 1, 1, 2
columns, 6, 2, 18
indian, 1, 1, 1
hit, 4, 4, 19
bds, 1, 1, 22
scuff, 1, 1, 2
terps, 1, 1, 1
property, 1, 1, 1
liquid, 2, 2, 2
full0service, 1, 1, 2
sunny, 1, 1, -9
kind, 13, 13, 92
trees, 3, 3, -22
cheaper, 3, 3, 7
famous, 1, 1, 1
feels, 2, 2, 51
courage, 1, 1, 3
longest, 1, 1, 43
pretending, 1, 1, 1
basement, 1, 1, 2
workouts, 1, 1, 126
emails, 1, 1, 126
chimney, 10, 8, 26
distraction, 1, 1, 91
catches, 1, 1, 3
resolve, 1, 1, 2
tmobile, 1, 1, 1
sleeve, 4, 3, 17
1010, 1, 1, 80
generally, 7, 6, 168
remove, 26, 25, 379
perfume, 1, 1, 2
oxo, 1, 1, 16
withy, 1, 1, -1
mixstore, 1, 1, 9
recommendations, 4, 4, 518
x, 4, 4, 139
cellist, 1, 1, 3
river, 1, 1, 1
cringe, 1, 1, 1
mouthwash, 4, 4, 244
wrote, 2, 2, 10
solarpowered, 1, 1, 1
bars, 1, 1, 9
set, 32, 29, 670
art, 3, 3, 6
claybar, 1, 1, 30
dump, 2, 2, 4
rushed, 1, 1, 15
evaporates, 1, 1, 1
models, 1, 1, 1
spiceorganizer, 1, 1, 1
collectively, 1, 1, -1
see, 42, 39, 1670
defense, 1, 1, 3
dumb, 7, 7, 303
descriptions, 1, 1, 72
sea, 1, 1, 0
accelerators, 1, 1, 1
close, 11, 11, 112
scandinavian, 1, 1, 2
arm, 2, 2, 3
regularly, 1, 1, 2
shower, 1, 1, 1
subtypesthere, 1, 1, 7
spirits, 4, 4, 4
pictures, 2, 2, 7
wow, 5, 5, 250
currently, 2, 2, 312
please, 14, 13, 1197
slapped, 1, 1, -1
oz, 1, 1, 1
various, 1, 1, 126
probably, 34, 31, 1245
donate, 1, 1, 1
numerous, 1, 1, 126
prepped, 1, 1, 126
available, 4, 4, 138
blow, 5, 5, 134
popup, 1, 1, 2
recently, 4, 4, 136
neilmed, 1, 1, 1
missing, 5, 5, 29
pisser, 1, 1, 16
pisses, 1, 1, 3
sold, 1, 1, 2
attention, 1, 1, 9
fridgeowning, 1, 1, 9
punch, 1, 1, 15
orchestra, 2, 2, 4
spray, 12, 10, 211
death, 2, 2, 2
repellent, 1, 1, 2
franchise, 1, 1, 40
reenforced, 1, 1, 1
lyrical, 1, 1, 31
c, 2, 2, 217
cubes, 1, 1, 1
improved, 2, 2, 130
reverse, 1, 1, 3
restaurant, 3, 3, 56
instrument, 1, 1, 15
crime, 1, 1, 3
defaultimage, 1, 1, 0
barely, 4, 4, 125
assumed, 1, 1, 1
foreign, 1, 1, 1
connection, 1, 1, 2
improves, 2, 2, 129
cubed, 1, 1, 1
8am, 1, 1, 126
pokemon, 1, 1, 2
forgotten, 1, 1, 2
bots, 1, 1, 0
whole, 9, 9, 27
ftfy, 2, 2, 2
load, 2, 2, 10
liked, 3, 1, 2
electrician, 2, 2, 47
reject, 1, 1, 2
point, 9, 9, 20
simple, 14, 13, 954
sweet, 5, 5, 167
recycling, 1, 1, 14
community, 2, 2, 3
coincidence, 1, 1, 2
alone, 3, 3, 3
fashion, 2, 2, 2
simply, 7, 7, 13
likes, 3, 3, 74
bossmusic, 1, 1, 2
pirating, 2, 2, 3
slots, 5, 4, 140
throughout, 3, 3, 131
expensive, 7, 7, 64
belt, 3, 3, 21
rainymoodcom, 1, 1, 91
lease, 1, 1, 1
ensures, 1, 1, 126
xpost, 2, 2, 3
cream, 4, 3, 23
mention, 1, 1, 1
archer, 1, 1, 1
lattice, 1, 1, 1
monthly, 1, 1, 13
create, 4, 4, 9
satire, 1, 1, 65
due, 6, 6, 210
uiputtie, 1, 1, 13
whos, 1, 1, 1
pb, 1, 1, 1
pc, 2, 2, 2
secret, 1, 1, 1
bitcoin, 1, 1, 0
damn, 14, 14, 402
maintenance, 2, 2, 50
pe, 1, 1, 1
combine, 1, 1, 1
brick, 1, 1, 13
pi, 2, 2, 3
meeting, 1, 1, 126
empty, 4, 4, 65
pm, 3, 3, 8
slips, 1, 1, 1
resting, 2, 2, 14
vans, 2, 1, 1
varnish, 1, 1, 1
rthatpeelingfeeling, 1, 1, 1
1950s, 1, 1, 3
gay, 1, 1, 5
packs, 1, 1, 1
fire, 3, 3, 45
torque, 3, 3, 80
pencils, 1, 1, 1
crack, 1, 1, 0
gas, 6, 4, 4
60, 1, 1, 5
else, 19, 18, 678
moment, 5, 3, 13
vids, 1, 1, 1
casing, 1, 1, 2
understand, 4, 4, 62
ipadarm, 1, 1, 1
hightest, 1, 1, 91
2if, 1, 1, 1
assigning, 1, 1, 2
interius, 1, 1, 3
plants, 1, 1, 19
practicality, 1, 1, 1
skype, 1, 1, 4
look, 35, 32, 1216
grains, 1, 1, 1
raw, 1, 1, -1
frozen, 5, 5, 6
reliable, 1, 1, 2
expanded, 1, 1, 126
budget, 3, 3, 12
droppings, 2, 2, 3
forgetting, 1, 1, 0
kick, 3, 3, 5
fun, 10, 10, 163
shake, 1, 1, 3
vice, 2, 2, 38
guide, 1, 1, 126
loop, 4, 4, 39
pack, 2, 2, 5
scheduled, 2, 1, 126
30, 4, 4, 3
hoping, 3, 3, 172
10ish, 1, 1, 15
backing, 1, 1, 0
gel, 4, 4, 36
heck, 1, 1, 1
rip, 3, 3, 7
stations, 1, 1, 1
hoax, 1, 1, 4
cooch, 2, 2, -5
reads, 2, 2, 11
snooze, 1, 1, 1
triple, 1, 1, 2
seen, 12, 12, 735
ready, 4, 2, 2
rid, 8, 8, 79
attach, 5, 4, 8
ding, 2, 1, 2
oldtimey, 1, 1, 4
saline, 7, 7, 262
funny, 1, 1, 5
housemate, 1, 1, 7
mins, 4, 4, 5
brule, 1, 1, 3
anymore, 5, 5, -23
suggests, 1, 1, 7
uptried, 1, 1, 1
onscreen, 1, 1, 91
jarre, 1, 1, 1
stickersurrounding, 1, 1, 8
port, 8, 5, 21
medium, 1, 1, 0
viola, 1, 1, 4
peoples, 1, 1, 2
9, 3, 3, 10
wideopen, 1, 1, 126
advise, 1, 1, 0
soylent, 7, 6, 380
staedtler, 1, 1, 34
composition, 1, 1, 91
higher, 1, 1, 91
development, 2, 1, 43
hallway, 2, 1, 13
used, 69, 59, 822
tupperware, 2, 2, 61
snail, 1, 1, 14
dime, 1, 1, -1
bonus, 3, 3, 13
restraint, 1, 1, 1
yesterday, 2, 2, 21
kill, 3, 3, 4
steps, 1, 1, 1
flurry, 1, 1, 126
levels, 1, 1, 126
uses, 9, 8, 143
purpose, 6, 6, 74
005, 1, 1, 4
aggregate, 1, 1, 3
plugs, 1, 1, 3
stack, 2, 2, 4
sweating, 1, 1, 2
recent, 2, 2, -22
early, 4, 4, 3
lower, 1, 1, 1
task, 6, 3, 218
soysauce, 1, 1, 1
older, 2, 1, 9
rules, 1, 1, 3
salvation, 1, 1, 1
dydik14avxi, 1, 1, 91
chickens, 1, 1, -1
anybody, 1, 1, 2
wedged, 1, 1, 488
obviously, 2, 2, 127
person, 10, 10, 68
edge, 4, 4, 10
chronicles, 1, 1, 7
briquettes, 1, 1, 2
convenient, 1, 1, 1
grip, 1, 1, 1
stating, 1, 1, 359
know, 49, 44, 1855
sims, 1, 1, 40
chore, 2, 2, 2
abilities, 1, 1, 5
listening, 8, 8, 295
rskincareaddiction, 1, 1, 2
beforeafter, 1, 1, 122
quarters, 2, 2, 2
distracting, 1, 1, 31
shape, 3, 3, 20
shovel, 1, 1, 2
thorough, 1, 1, 1
questions, 6, 4, 149
using, 47, 38, 778
love, 12, 11, 228
alternative, 1, 1, 1
sidebar, 1, 1, 2
lingeriehanger, 1, 1, 1
bestfastest, 1, 1, 2
discipline, 5, 1, 126
tables, 1, 1, 1
cut, 23, 20, 169
isopropyl, 6, 5, 39
cup, 9, 8, 196
informal, 9, 9, 84
hated, 1, 1, 2
workers, 1, 1, 9
alternate, 1, 1, 0
guaranteed, 1, 1, 0
derpy, 1, 1, 5
source, 11, 11, 1384
horseradish, 1, 1, 2
parents, 2, 2, -39
location, 1, 1, 1
propbably, 1, 1, 2
relevance, 1, 1, 1
input, 1, 1, 2
cum, 1, 1, 5
guarantees, 1, 1, 0
easter, 1, 1, 6
surprised, 3, 3, 5
useless, 1, 1, 1
bin, 1, 1, 1
caramel, 1, 1, -4
shitposting, 1, 1, 1
vendor, 1, 1, 2
bih, 1, 1, -1
multiday, 1, 1, 1
big, 12, 11, 284
couple, 11, 11, 32
sharpener, 5, 5, 66
judgement, 1, 1, 2
shitty, 1, 1, 54
game, 18, 10, 1078
shorts, 1, 1, 1
logical, 1, 1, 1
conductors, 1, 1, 1
vending, 3, 3, 37
bit, 19, 18, 295
sharpened, 1, 1, 1
projects, 10, 2, 141
like, 153, 128, 3042
insect, 2, 1, 2
enlongated, 1, 1, 1
indent, 1, 1, 1231
mcguyverhassle, 1, 1, 1
sincerely, 1, 1, 1
freeesh, 1, 1, 1
clay, 2, 2, 2
minerals, 1, 1, 1
cylinder, 2, 2, 3
shapes, 3, 3, 6
continue, 5, 5, 50
unstable, 1, 1, 2
1454870362amp, 1, 1, 3
popular, 1, 1, 0
mediocrity, 1, 1, 27
suppliers, 1, 1, 41
spins, 1, 1, 2
names, 1, 1, 3
sketch, 1, 1, 13
google, 14, 10, 12
methods, 6, 6, 27
brakes, 2, 1, 9
course, 7, 7, 51
fucking, 15, 14, 591
packsunits, 1, 1, 1
fake, 1, 1, 6
back, 54, 49, 931
ah, 1, 1, 1
urgent, 1, 1, 126
litter, 7, 7, 122
plumbers, 1, 1, 0
examples, 1, 1, 1
sight, 1, 1, 1
scandal, 1, 1, 9
origami, 3, 3, 84
popoff, 1, 1, 2
server, 2, 1, 1
ontop, 1, 1, 4
saucer, 1, 1, 1
savage, 1, 1, 3
overthink, 1, 1, 1
describing, 2, 2, 79
contacts, 1, 1, 16
pet, 1, 1, -42
singing, 1, 1, 3
decision, 10, 9, 458
pros, 5, 5, 280
audience, 1, 1, 2
per, 6, 5, 14
ved, 2, 2, -1
cloud, 3, 3, 9
bottomsup, 1, 1, 126
pee, 1, 1, 2
epic, 1, 1, 91
minimal, 1, 1, 2
inserting, 1, 1, 12
inconvenience, 1, 1, 17
eating, 5, 4, 562
bb, 1, 1, 126
bc, 1, 1, -42
rub, 7, 6, 277
nasal, 5, 4, 233
petrolenate, 1, 1, 93
processing, 1, 1, 14
baited, 1, 1, 1
confidence, 1, 1, 635
deliverables, 1, 1, 126
lasts, 2, 2, 3
step, 2, 2, 5
br, 1, 1, 4
become, 1, 1, 2
refuses, 1, 1, 1
crap, 4, 4, 6
8amp, 1, 1, 0
dictated, 1, 1, 126
rautodetailing, 2, 2, 3
excursions, 1, 1, 1
shine, 1, 1, 1
hidden, 1, 1, 1
clocking, 1, 1, 9
anything, 27, 26, 147
standalone, 1, 1, 2
coexist, 1, 1, 7
entrepreneurs, 1, 1, 126
conversation, 1, 1, 3
whiteboard, 3, 2, 93
audible, 1, 1, 9
perk, 1, 1, 5
range, 1, 1, 918
ounce, 1, 1, 9
beans, 5, 1, 1
idk, 1, 1, 1
nailpolish, 1, 1, 1
wrinkled, 1, 1, 0
charm, 2, 2, 19
wonders, 2, 2, 22
farmers, 1, 1, 5
block, 8, 6, 179
fridges, 4, 4, 6
seeing, 3, 3, 639
rats, 3, 1, 1
jimmy, 1, 1, 32
plenty, 3, 3, 18
precisely, 1, 1, 4
dude, 6, 6, 445
within, 12, 9, 654
warmed, 1, 1, 0
connects, 1, 1, 15
drain, 1, 1, 2
appropriate, 1, 1, 9
supersmall, 1, 1, 1
tightly, 2, 2, 58
smells, 1, 1, 1
arrow, 1, 1, 0
rows, 1, 1, 9
sneaky, 1, 1, 7
spending, 1, 1, 4
placing, 2, 2, 6
question, 4, 4, 3
long, 30, 27, 282
vinager, 2, 1, 3
pneumonitis, 1, 1, 93
camera, 7, 7, 94
roddlysatisfying, 3, 3, 149
forward, 3, 3, 681
perform, 1, 1, 2
bored, 1, 1, 4
sections, 1, 1, 10
mounting, 1, 1, 0
opens, 1, 1, 126
opposed, 2, 2, 3
memory, 1, 1, 3
mundane, 1, 1, 1
invite, 2, 1, 2
poster, 1, 1, 1
registered, 2, 1, 9
lint, 7, 5, 21
simulator, 1, 1, 0
electronicsamp, 1, 1, 3
cloth, 4, 4, 74
properly, 2, 2, 16
link, 8, 7, 31
newer, 1, 1, 3
delta, 1, 1, 1
upright, 2, 2, 21
episode, 2, 2, 0
line, 5, 5, 209
micromanaged, 1, 1, 126
batteryoperated, 1, 1, 3
tweezers, 1, 1, 1
raising, 1, 1, 2
posted, 5, 5, 625
info, 1, 1, 1
hemi, 1, 1, 3
sugrucom, 1, 1, 1
uv, 1, 1, -1
us, 16, 14, 57
ur, 1, 1, 18
clips, 12, 11, 197
windows, 7, 7, 18
maxis, 1, 1, 40
uk, 2, 2, 2
sum, 1, 1, 7
highlight, 1, 1, 204
similar, 10, 10, 30
called, 11, 11, 666
specify, 1, 1, 2
storing, 3, 3, -3
simplysafe, 1, 1, 1
associated, 1, 1, 243
adults, 1, 1, 5
bind, 1, 1, 106
pencil, 8, 8, 77
defined, 1, 1, 1
flow, 5, 4, 129
nonconductive, 1, 1, 1
single, 7, 6, 22
warning, 3, 3, 54
aweful, 1, 1, 1
chat, 1, 1, 2
conveniently, 1, 1, 1
youtubeamp, 2, 2, 3
ickle, 1, 1, -4
tyg6ymlewus, 1, 1, 2
rainbow, 1, 1, 4
codes, 1, 1, 1
tentative, 1, 1, 126
amounts, 5, 4, 373
crypt, 1, 1, 3
scrape, 3, 3, 4
plugged, 4, 4, 34
nas, 1, 1, 1
definitely, 1, 1, 2
electrical, 4, 4, 24
spicepouchorganizer, 1, 1, 1
excon, 1, 1, 23
department, 1, 1, 1
disrupting, 1, 1, 32
nice, 20, 20, 172
nalgene, 2, 1, 3
draw, 4, 4, 50
scrub, 6, 6, 39
users, 1, 1, 2
intensifies, 1, 1, 2
lend, 1, 1, 1
sided, 1, 1, 2
deadbolt, 1, 1, 75
problems, 6, 6, 170
resign, 1, 1, 27
prepared, 1, 1, 5
helping, 2, 2, 3
drag, 2, 2, 485
rested, 1, 1, 5
cater, 1, 1, 4
puncture, 1, 1, 3
song, 5, 5, 23
clue, 1, 1, 3
sides, 1, 1, 3
earphones, 1, 1, 1
feasible, 2, 2, 16
ago, 6, 6, 68
vaseline, 4, 4, 29
land, 1, 1, 2
e, 4, 3, 31
cooker, 1, 1, 7
consumer, 1, 1, 7
outing, 1, 1, 91
required, 3, 3, 3
holes, 4, 3, 3
barriers, 1, 1, 1
consumes, 1, 1, 3
perishables, 1, 1, 1
depth, 2, 2, 5
broad, 1, 1, 6
far, 9, 8, 11
fresh, 3, 3, 8
clint, 1, 1, 5
requires, 2, 2, 4
rinse, 2, 1, 2
inept, 1, 1, 14
nerrrrds, 1, 1, 2
gt, 18, 11, 273
evidence, 3, 3, 18
sharply, 1, 1, 1
melts, 1, 1, 1
hooks, 1, 1, 1
green, 1, 1, 1
dermatologist, 2, 2, 1
results, 2, 2, 4
produce, 2, 2, 3
soften, 1, 1, 2
steve, 2, 2, 5
baby, 1, 1, 1
loveseat, 1, 1, 2
groceries, 1, 1, 1
broader, 1, 1, 3
gladly, 1, 1, 2
go, 76, 65, 956
14th, 1, 1, 75
centers, 1, 1, 1
issues, 1, 1, 5
rigidity, 1, 1, 1
excludes, 1, 1, 2
biggest, 1, 1, 0
mexicanmade, 1, 1, 359
wid, 1, 1, 0
peanut, 4, 3, 3
young, 3, 3, 95
send, 3, 3, 4
nose, 14, 11, 371
intensive, 1, 1, 0
cheapo, 2, 2, 360
upsides, 1, 1, 3
squeezing, 1, 1, 126
helps, 14, 11, 893
stable, 1, 1, 14
visualizing, 1, 1, 44
exit, 1, 1, 1
nostril, 1, 1, 2
resources, 1, 1, 1
rag, 6, 6, -12
dandy, 1, 1, 1
random, 2, 2, 64
seized, 1, 1, 1
garden, 1, 1, 1
outside, 16, 16, 42
content, 1, 1, 9
automotive, 1, 1, 2
kitty, 1, 1, -2
lowes, 2, 2, 3
unstructured, 1, 1, 126
spoon, 10, 7, 26
c47, 1, 1, 1
facebook, 5, 4, -37
cellular, 1, 1, 3
hanitizer, 1, 1, 1
telling, 1, 1, 3
drinking, 5, 5, 28
subreddit, 3, 3, 293
wipe, 10, 8, 24
categories, 1, 1, 243
arrange, 1, 1, 1
timely, 1, 1, 1
entire, 3, 3, 129
magic, 17, 15, 74
exits, 1, 1, 1
stiff, 1, 1, 30
button, 4, 4, 12
duster, 1, 1, -4
eve, 1, 1, 1
evostick, 1, 1, 1
try, 68, 56, 1845
pout, 1, 1, 2
skipped, 1, 1, 2
race, 1, 1, 1
reich, 1, 1, 2
oblivion, 1, 1, 2
kit, 1, 1, 0
avoiding, 1, 1, 1
melodies, 2, 1, 91
gauge, 2, 2, 5
havent, 1, 1, -1
refer, 1, 1, 72
inspection, 2, 1, 0
rack, 7, 6, 52
sewage, 2, 2, 2
disclaimer, 1, 1, 206
goldeneye, 1, 1, 2
smaller, 4, 4, 638
nutribullet, 1, 1, 174
paid, 2, 2, -33
folds, 1, 1, 1
frost, 1, 1, 6
15ish, 1, 1, 2
filled, 2, 2, 17
jump, 3, 3, 7
noise, 9, 7, 129
video, 19, 17, 1188
rpreppers, 1, 1, 2
download, 1, 1, 33
spaghetti, 1, 1, 9
click, 2, 2, 128
twine, 5, 1, 1
chicago, 2, 2, 7
giving, 2, 2, 14
2030, 1, 1, 2
pipes, 2, 2, 3
slight, 1, 1, 16
sweaty, 1, 1, 4
cell, 4, 4, 18
scratchedup, 1, 1, 5
waiting, 4, 4, 81
experiment, 2, 2, 4
3m, 7, 5, 39
flowing, 1, 1, 126
dairy, 1, 1, 1
painteruse, 1, 1, 13
3a, 1, 1, 0
blotting, 1, 1, 2
bird, 1, 1, 1
exercise, 4, 3, 4
3d, 1, 1, 3
body, 5, 5, 11
1455225921amp, 1, 1, 1
led, 1, 1, 1
politician, 1, 1, 1
utf8amp, 7, 4, 6
expressing, 1, 1, 3
notable, 1, 1, 5
commercial, 1, 1, 1
show_id, 1, 1, 2
highly, 2, 2, 4
growing, 1, 1, 5
objects, 3, 3, 5
let, 19, 19, 125
sink, 4, 4, 6
others, 3, 3, 638
invented, 2, 2, 1
extreme, 1, 1, 1
vinegar, 12, 10, 27
great, 35, 33, 237
engage, 1, 1, 20
ingenuity, 1, 1, 3
bites, 1, 1, 2
larger, 4, 4, 131
leaving, 8, 8, 56
engine, 1, 1, 91
trusty, 1, 1, 2
products, 1, 1, 1
grease, 3, 3, 3
imgur, 1, 1, 1
climb, 5, 5, 372
proof, 2, 2, -3
makes, 16, 16, 335
ruin, 1, 1, 2
thats, 3, 3, 6
showing, 1, 1, 2
writer, 1, 1, 1
somafmcomdronezone, 1, 1, 91
addresses, 1, 1, 1
imgurcom2pupcmd, 1, 1, 37
sire, 1, 1, 2
duct, 5, 3, 9
app, 24, 19, 309
siri, 1, 1, 126
dedicated, 1, 1, 7
apt, 1, 1, 359
iimgurcomocrjicojpg, 1, 1, 7
ran, 1, 1, 2
linen, 2, 1, 5
greaaaaaaaaaaat, 1, 1, 5
composer, 1, 1, 40
dumbest, 2, 2, 4
buildup, 1, 1, 46
apply, 5, 5, 24
festivals, 1, 1, 1
thick, 5, 3, 3
tools, 7, 5, 194
necta, 1, 1, 26
trump, 1, 1, 1
standing, 2, 2, 66
86amp, 1, 1, 1
use, 169, 139, 2247
usd, 2, 2, 17
usb, 7, 5, 16
consumption, 1, 1, 5
iced, 1, 1, 1
paste, 1, 1, 3
humidifier, 5, 5, 253
snacks, 2, 1, 9
iimgurcomllbmwhtpng, 1, 1, 2
next, 15, 14, 111
wrenchception, 1, 1, 1
url, 1, 1, 0
cheeky, 1, 1, 243
crab, 1, 1, 1
oils, 1, 1, 2
simpler, 1, 1, 7
fez, 1, 1, 5
oily, 1, 1, 2
sort, 11, 7, 82
charcoal, 14, 9, 29
151, 1, 1, -4
clever, 1, 1, 1
started, 7, 6, 11
becomes, 4, 4, 4
proxicast, 2, 1, 1
sister, 1, 1, 18
unplug, 2, 2, 14
override, 1, 1, 2
yeaaaaaaaaaaa, 1, 1, 5
selectasize, 1, 1, 519
xamp, 1, 1, -1
penis, 2, 2, 53
antichrist, 1, 1, 635
tearing, 1, 1, 13
adequate, 1, 1, 3
starter, 9, 7, 28
subscription, 1, 1, 13
customer, 1, 1, 1
majority, 1, 1, 2
account, 7, 4, 143
rice, 2, 2, 18
animals, 1, 1, 1
salad, 6, 4, 7
f, 4, 2, 5
bally, 1, 1, 2
bpafree, 1, 1, 0
clients, 1, 1, 126
insists, 1, 1, 1
pour, 2, 2, 7
anywhere, 5, 5, 156
obvious, 1, 1, 1
thin, 4, 4, 4
drill, 3, 2, 4
googone, 3, 3, 9
meet, 3, 3, 6
closing, 2, 2, 2
didnt, 1, 1, 2
biscuit, 1, 1, 1
something, 56, 45, 1716
control, 5, 4, 42
tap, 2, 2, 33
bent, 1, 1, 1
links, 1, 1, 7
rinsing, 1, 1, 2
process, 6, 6, 153
lock, 6, 6, 33
thinner, 3, 1, 1
inaccessible, 1, 1, 75
purposes, 2, 2, 6
pieces, 4, 4, 14
high, 7, 7, 554
slit, 1, 1, 1
tag, 1, 1, 9
pulling, 1, 1, 3
bend, 11, 8, 17
tab, 6, 6, 4
wirestripper, 1, 1, 1
wonderful, 2, 2, 13
protip, 2, 2, 436
locking, 1, 1, 9
onions, 1, 1, 1
serial, 1, 1, 9
weaken, 1, 1, 1
mix, 4, 4, 24
malware, 2, 2, 38
counting, 1, 1, 9
falls, 1, 1, 1
sit, 4, 4, 6
kitchenamp, 1, 1, 1
clothing, 1, 1, 1
meanwhile, 2, 2, 56
materials, 1, 1, 30
located, 3, 2, 4
lamp, 2, 2, 6
discolour, 1, 1, 206
forest, 2, 2, 5
animal, 1, 1, 6
instead, 16, 16, 564
panic, 2, 2, 12
sim, 1, 1, 40
circular, 1, 1, 9
contraption, 1, 1, 1
abrasive, 2, 2, 31
buildings, 1, 1, 1
leafblower, 1, 1, 2
blocks, 6, 4, 134
pockets, 2, 1, 126
farm, 2, 2, 4
stop, 9, 9, 224
pecific, 1, 1, 635
vaccum, 1, 1, 2
dc, 1, 1, 1
permanent, 7, 6, 97
chiptune, 1, 1, 2
hose, 1, 1, 1
fits, 2, 2, 76
rlifehacks, 3, 3, 153
spelling, 1, 1, 1
lexrc, 1, 1, -3
l, 1, 1, 3
realized, 4, 4, 648
owns, 1, 1, 0
nickel, 1, 1, 16
light, 13, 9, 114
noises, 2, 2, 7
reminders, 5, 1, 126
robot, 1, 1, 126
pizzas, 1, 1, 1
element, 1, 1, 31
scoop, 1, 1, 1
honestly, 3, 3, 143
allow, 3, 3, 79
classy, 1, 1, 1
terminating, 1, 1, 0
fastest, 2, 2, 2
enew, 1, 1, 8
premade, 1, 1, 1
heater, 1, 1, 1
wit, 1, 1, 0
70deg, 1, 1, -9
stripper, 13, 13, 26
move, 11, 8, 301
disarm, 1, 1, 1
outlook, 5, 1, 1
stripping, 2, 2, 136
vs_pgvc_yq, 1, 1, 91
passion, 1, 1, 6
including, 3, 3, 4
looks, 15, 14, 62
quake, 1, 1, 5
cruise, 1, 1, 9
mentioned, 2, 2, 26
letters, 2, 2, 6
psgt, 1, 1, 1
unchecked, 1, 1, 126
neodymium, 1, 1, 1
bunch, 5, 5, 328
perfect, 7, 7, 744
write, 10, 6, 400
industrious, 1, 1, 2
silk, 1, 1, 1
la, 3, 3, 7
donald, 1, 1, 6
synology, 1, 1, 1
estimating, 1, 1, 126
willing, 3, 3, 3
degrees, 2, 2, 0
choose, 5, 5, 255
insulator, 1, 1, 1
orange, 2, 2, 33
hobby, 3, 3, 12
2016, 2, 1, 1
weber, 1, 1, 2
attachment, 1, 1, 1
dad, 7, 4, 8
puts, 2, 2, 31
bumbling, 1, 1, 28
junction, 2, 2, 3
greater, 2, 2, 245
dab, 2, 2, 211
cleanly, 1, 1, 3
huh, 1, 1, 0
auto, 4, 4, 13
practice, 1, 1, 9
fiesta, 1, 1, 9
runs, 1, 1, 0
blessed, 1, 1, 16
dat, 1, 1, 1
drip, 1, 1, 4
cutting, 2, 2, 76
snake, 6, 4, 62
hands, 3, 3, 27
front, 14, 9, 158
nurturing, 1, 1, 20
stryofoam, 1, 1, 1
circadian, 2, 2, 34
transparent, 1, 1, 4
napkin, 4, 4, 530
strive, 1, 1, 635
articles, 3, 2, 128
speaks, 1, 1, 0
thrill, 1, 1, 635
tinboxes, 1, 1, 1
trimmer, 1, 1, 0
edit, 22, 21, 1058
establishment, 1, 1, 3
university, 2, 2, 18
covering, 1, 1, 1
subcontinent, 1, 1, 1
maneuvering, 1, 1, 1
slipping, 1, 1, 1
spicebottles, 1, 1, 1
fiddle, 1, 1, 91
trap, 4, 4, 10
crossing, 1, 1, 6
basin, 1, 1, 9
bills, 2, 1, 12
tray, 1, 1, 3
experienced, 1, 1, 6
glasses, 12, 11, 314
univamp, 1, 1, -1
cry, 3, 3, 15
knive, 2, 1, 5
weekkeep, 1, 1, 5
overdose, 1, 1, 1
heated, 1, 1, 6
xrxqy4wuthw, 1, 1, 1
ymmv, 1, 1, 11
related, 2, 2, 33
kitchen, 5, 4, 20
syringe, 1, 1, 1
books, 3, 1, 9
sands, 1, 1, 1
diresta, 1, 1, 32
jagged, 1, 1, 10
sentence, 2, 2, 262
disco, 1, 1, 1
gunsafes, 1, 1, 2
special, 1, 1, -42
groove, 1, 1, 1
matrix, 1, 1, 1
twice, 1, 1, 3
cerebral, 1, 1, 0
pointless, 1, 1, -2
desert, 2, 2, 47
yup, 1, 1, 23
imgurcom8m7rwka, 1, 1, 3
strokes, 1, 1, 1
mate, 2, 2, 3
1280amp, 1, 1, -1
stud, 1, 1, 1
peeling, 2, 2, 1
gloves, 1, 1, 0
electronics, 3, 3, 63
lyricless, 1, 1, 2
ref, 1, 1, 1
waters, 1, 1, 19
math, 3, 3, 249
common, 7, 7, 26
rshittylifehacks, 2, 2, 4
shut, 5, 5, 23
utensil, 1, 1, 4
ipod, 1, 1, 19
redondo, 1, 1, 1
steel, 2, 2, 1
uncontrollably, 1, 1, 1
undo, 1, 1, 2
temps, 1, 1, 2
grilled, 1, 1, 2
completely, 3, 3, 130
nerdfighter, 1, 1, 4
surely, 2, 2, 15
collection, 1, 1, 5
napkins, 4, 3, 11
doubles, 2, 2, 1
pintrest, 1, 1, 7
compaswebcam, 1, 1, 7
6amp, 1, 1, 0
bleed, 1, 1, 1
scary, 1, 1, 54
weeellll, 1, 1, 2
backwards, 1, 1, 1
yard, 4, 3, 12
g, 3, 2, 4
firestarter, 1, 1, 1
minifridge, 2, 2, 3
could, 51, 48, 422
scars, 1, 1, 10
florida, 1, 1, 13
timer, 3, 3, 6
times, 12, 12, 27
intoxicated, 1, 1, 3
length, 1, 1, 1
shred, 1, 1, 10
timei, 1, 1, 13
crystallization, 1, 1, 14
hence, 2, 2, 4
retain, 1, 1, 1
restaurants, 2, 2, 5
biore, 2, 2, 6
buckle, 1, 1, 5
south, 1, 1, 1
mad, 1, 1, 5
prospective, 1, 1, 2
blown, 2, 2, 130
chromecast, 1, 1, 6
powerful, 2, 2, 11
owned, 1, 1, 3
echo, 2, 1, 9
twat, 1, 1, -4
lace, 2, 2, 2
congo, 1, 1, 2
iimgurcomsnzchjpg, 1, 1, 1
lol, 7, 7, 82
gatherings, 1, 1, 2
blows, 1, 1, 1
kidding, 2, 2, 1
quality, 3, 3, 14
favorite, 6, 6, 13
owning, 2, 2, 9
nonregistered, 1, 1, 9
playlist, 3, 3, 25
management, 2, 2, 169
deceptive, 1, 1, 91
publication, 1, 1, 2
start, 16, 13, 678
bologna, 1, 1, -9
durable, 1, 1, 174
terracotta, 1, 1, 2
pots, 1, 1, 2
system, 22, 14, 494
justflipacoincom, 1, 1, 3
realistically, 1, 1, 0
gcse, 1, 1, 1
rhinaris, 1, 1, 7
allows, 1, 1, 1
drool, 5, 4, 12
perfectly, 2, 2, 5
prong, 1, 1, 3
prone, 1, 1, 2
insuing, 1, 1, 7
rcringe, 2, 2, -25
stomach, 1, 1, 1
lot, 29, 28, 486
pinboard, 2, 1, 4
shelf, 13, 12, 416
completed, 1, 1, 126
exactly, 5, 5, 644
microfinishing, 1, 1, 4
wwwyoutubecomwatch, 18, 15, 415
lists, 1, 1, 635
methylated, 2, 2, 3
reflecting, 1, 1, 8
skyrim, 3, 3, 164
branches, 1, 1, 1
july, 2, 1, 1
ipad, 2, 2, 21
resist, 1, 1, 2
lamborghini, 1, 1, 16
ben, 1, 1, 4
commodity, 1, 1, -1
culture, 1, 1, 7
boring, 1, 1, 9
aspiration, 1, 1, 126
shampoo, 1, 1, 1
youtube, 3, 3, 7
bed, 12, 12, 742
hei, 1, 1, 0
ss, 2, 2, 38
listeners, 1, 1, 2
individual, 1, 1, 1
loves, 2, 2, 5
wardencam, 1, 1, 1
spurt, 1, 1, 32
bet, 3, 3, 4
collecting, 1, 1, 7
counter, 2, 2, 2
false, 4, 2, 22
lightly, 3, 3, 14
exfoliating, 1, 1, 2
tabs, 1, 1, 3
lines, 1, 1, 5
emailing, 1, 1, 1
hashtags, 1, 1, 1
gently, 4, 4, 5
comfortable, 1, 1, 126
tonight, 1, 1, 1
eitheror, 1, 1, 26
dictate, 1, 1, 126
need, 82, 68, 2026
androidwindows, 1, 1, 2
apparently, 3, 3, 93
linked, 1, 1, 26
screw, 7, 6, 9
microphone, 1, 1, 2
documents, 1, 1, 126
angle, 1, 1, 1
rearranged, 1, 1, 14
dishes, 8, 8, 221
min, 3, 3, 8
pursued, 1, 1, 126
tldr, 1, 1, 6
able, 9, 9, -19
nosed, 1, 1, 1
mechanism, 4, 2, 8
instance, 1, 1, 126
archive, 1, 1, 1
sharpeners, 1, 1, 1
bus, 1, 1, -1
truck, 1, 1, 1
detector, 1, 1, 3
techniques, 1, 1, 2
pumped, 1, 1, 26
soap, 6, 6, 248
rye, 1, 1, 1
blades, 2, 2, 3
goddamned, 1, 1, 4
qtip, 1, 1, 1
matchlight, 1, 1, 1
unless, 14, 14, 79
improvised, 1, 1, 1
repairs, 1, 1, 1
petrol, 1, 1, 1
firecrackers, 1, 1, 38
kickstand, 1, 1, 1
rearrange, 1, 1, 14
sc, 1, 1, 1
sats, 1, 1, 5
eight, 1, 1, 1
vise, 1, 1, 5
device, 4, 3, 35
rfrugal, 1, 1, 9
future, 2, 2, 8
class, 2, 2, 3
fair, 2, 2, 21
subjective, 1, 1, 9
plumber, 3, 3, 47
placement, 1, 1, 2
saddest, 1, 1, 1
absolutely, 2, 2, 0
enthusiastic, 1, 1, 126
stranded, 2, 2, 0
stronger, 1, 1, 635
countdown, 1, 1, 2
brought, 1, 1, 9
face, 5, 3, 14
looked, 5, 5, 228
sorta, 1, 1, 2
12amp, 1, 1, 1
movie, 5, 5, 98
polyphasic, 1, 1, 0
occasion, 1, 1, -42
inane, 1, 1, 4
fact, 8, 8, 142
goals, 11, 9, 658
son, 2, 1, 3
refund, 1, 1, 1
atmosphere, 1, 1, 19
recess, 1, 1, 3
vehementi, 1, 1, 3
mistook, 1, 1, 1
chances, 1, 1, 6
text, 4, 3, 5
burners, 1, 1, 1
burden, 1, 1, 1
anyway, 9, 9, 87
chapters, 1, 1, 2
brother, 2, 2, 1
bring, 1, 1, 2
deeming, 1, 1, -7
planning, 5, 1, 126
relatively, 1, 1, 3
fear, 1, 1, 2
trivial, 1, 1, 9
decade, 1, 1, 4
congrats, 1, 1, 5
wear, 5, 5, 41
ear, 2, 2, 4
based, 6, 6, 208
knowledge, 1, 1, 3
againbasically, 1, 1, 1
tripod, 1, 1, 4
winner, 1, 1, 3
jar, 6, 5, 26
buttons, 5, 2, 19
smallest, 2, 2, 11
tape, 14, 9, 32
hd, 1, 1, 2
replenishing, 1, 1, 1
priano, 1, 1, 9
attained, 1, 1, 3
1cm, 1, 1, 1
spice, 3, 2, 3
local, 9, 9, 26
hope, 7, 7, 673
meant, 4, 4, 60
slows, 1, 1, 1
handle, 7, 4, 75
listened, 2, 2, 4
means, 7, 7, 10
beat, 2, 2, 4
salivating, 1, 1, 389
michigan, 1, 1, 4
hopefully, 6, 6, -33
coworker, 1, 1, 1
bear, 1, 1, 126
listener, 1, 1, 5
n5, 1, 1, 1
bean, 4, 1, 1
ones, 10, 9, 221
tbm, 1, 1, -1
125, 2, 1, 9
words, 3, 2, 4
tbn, 1, 1, 15
mcinness, 1, 1, 1
entity, 1, 1, 126
chips, 3, 2, 11
styrofoam, 7, 6, 366
areas, 3, 3, 3
instill, 1, 1, 19
temp, 1, 1, 2
incase, 1, 1, 1
belts, 1, 1, 0
horizontally, 1, 1, 1231
h, 2, 1, 3
hills, 1, 1, 16
overdo, 1, 1, 2
taxes, 2, 2, 8
drone, 1, 1, 91
float, 1, 1, 2
stuff, 28, 25, 1016
contain, 2, 2, -13
deli, 1, 1, 2
tablets, 1, 1, 9
grab, 4, 3, 20
fixed, 2, 2, 49
view, 1, 1, 3
conversions, 1, 1, 1
knowing, 1, 1, 9
125425, 1, 1, 2
farthest, 1, 1, 5
exists, 1, 1, 2
prayers, 1, 1, 1
tossing, 1, 1, 54
frame, 3, 2, 490
clumping, 2, 2, 13
humans, 2, 1, 1
reddit, 7, 7, 9
hosting, 1, 1, 5
tan, 1, 1, 30
edition, 1, 1, 1
computer, 4, 3, 22
driveway, 1, 1, 2
desperate, 2, 2, 5
frederick, 1, 1, 6
16907oz, 1, 1, 2
humane, 1, 1, 1
youtube1dgthetrrfs, 1, 1, 7
xxxxx, 1, 1, 243
battery, 7, 7, 20
responses, 1, 1, 91
closer, 1, 1, 1
coils, 1, 1, 2
cents, 2, 2, 3
wire, 44, 35, 836
youtubeckac3nyeatw, 1, 1, 2
destiny, 2, 2, 33
closet, 1, 1, 7
reform, 1, 1, 14
nasogel, 1, 1, 1
genius, 1, 1, 1
semifinedining, 1, 1, 14
fluff, 2, 2, 32
thumb, 1, 1, 1
tend, 2, 2, 6
rolled, 1, 1, 1
converted, 1, 1, -1
dlv, 2, 2, 38
closed, 3, 3, 7
horrible, 2, 2, 6
understood, 1, 1, 0
progress, 3, 2, 135
email, 4, 2, 127
bought, 9, 9, 257
problemissue, 1, 1, 155
ends, 2, 2, 12
exam, 1, 1, 1
opening, 5, 4, 4
importance, 1, 1, 243
joy, 1, 1, 6
facepalm, 1, 1, -7
tangoe, 1, 1, 1
2part, 1, 1, 2
rope, 1, 1, -2
job, 17, 14, 370
rinsed, 2, 2, 175
p2p, 1, 1, 2
key, 4, 3, 23
police, 2, 2, 3
precious, 1, 1, 126
rudimentary, 1, 1, 1
ios, 1, 1, 33
hobo, 1, 1, 4
thank, 15, 8, -28
nightmares, 1, 1, 1
hits, 1, 1, 1
dollarstorelifehack, 1, 1, 0
drum, 2, 1, 3
sniff, 1, 1, 2
fledglings, 1, 1, 6
joke, 4, 4, 138
taking, 3, 3, 10
accordion, 1, 1, 3
vanishing, 1, 1, 126
revealed, 1, 1, 91
display, 1, 1, 16
wicking, 1, 1, 1
etc, 22, 17, 351
doorway, 1, 1, 6
streams, 2, 1, 1
dryers, 1, 1, 3
attributes, 2, 2, 81
clogged, 2, 1, 2
chrono, 1, 1, 2
broom, 4, 2, 76
otherwise, 6, 6, 730
comment, 5, 2, -40
vent, 1, 1, 1
gaps, 2, 1, 1
hehehe, 1, 1, 43
co, 2, 2, 56
welcomed, 1, 1, 2
toilet, 11, 9, 126
wall, 7, 7, 98
cb, 1, 1, 3
ca, 21, 21, 474
journeymanquality, 1, 1, 1
walk, 10, 8, 151
genre, 3, 3, 95
cartons, 1, 1, 2
sephiroth, 1, 1, 3
rpg, 1, 1, 91
monstrosity, 1, 1, 10
table, 17, 14, 91
narrowed, 1, 1, 9
cv, 1, 1, 4
blink, 1, 1, 13
equips, 1, 1, 126
protective, 1, 1, 5
inhale, 1, 1, 93
mailman, 2, 2, 28
mohel, 1, 1, 2
exposure, 1, 1, 2
powered, 1, 1, 13
tremendous, 1, 1, 6
decent, 1, 1, 2
ianal, 1, 1, 1
arbitrary, 2, 2, 35
elmer, 1, 1, 1
copies, 1, 1, 2
cent, 1, 1, 2
stumbleupon, 1, 1, 2
migrate, 1, 1, 7
poured, 1, 1, 2
slowly, 5, 5, 55
roller, 2, 2, 2
eraser, 21, 19, 288
minimise, 1, 1, 1
proposal, 1, 1, 1
waste, 7, 7, 670
aspirating, 1, 1, 93
realize, 3, 3, 33
bbq, 5, 5, 7
define, 1, 1, 635
soma, 1, 1, 91
field, 1, 1, -3
melamine, 1, 1, 1
pic, 2, 2, 47
controlled, 1, 1, 4
suedenubuck, 1, 1, 9
painted, 4, 4, 7
sufficient, 1, 1, 1
protect, 1, 1, 7
crappy, 3, 2, 145
neighbour, 1, 1, 19
hmm, 2, 2, 2
finished, 2, 2, 3
zero, 1, 1, 2
tense, 1, 1, 335
deep, 1, 1, 1
hateful, 1, 1, 0
bull, 1, 1, 43
spammed, 1, 1, 0
last, 24, 23, 335
present, 2, 2, 7
diapers, 1, 1, 1
homer, 1, 1, 1
compatible, 1, 1, 15
wreck, 2, 1, 12
smartphones, 2, 2, 16
unlike, 1, 1, 3
coals, 8, 4, 12
scrubbing, 2, 2, 31
appearance, 1, 1, 1
examine, 1, 1, 1
value, 5, 5, 276
pretentious, 1, 1, -1
vicks, 2, 2, 100
country, 4, 4, 7
transitioned, 1, 1, 1
soundest, 1, 1, 204
frustrating, 1, 1, 8
decongestant, 1, 1, 1
restoration, 1, 1, 0
layer, 2, 2, 9
offending, 2, 2, 2
almost, 7, 7, 55
insanely, 1, 1, 3
coating, 2, 2, 12
site, 8, 6, 930
surface, 7, 7, 11
heating, 1, 1, 1
respected, 1, 1, 7
vr, 1, 1, 8
vs, 1, 1, 1
sheath, 1, 1, 2
bucks, 4, 4, 7
adulters, 1, 1, 6
conserve, 1, 1, 1
microcrazes, 1, 1, 2
capture, 2, 1, 13
flatting, 1, 1, 9
moves, 2, 2, 27
productivity, 7, 2, 130
perhaps, 3, 3, 93
cables, 1, 1, 1
cross, 2, 2, 3
campus, 1, 1, -1
parts, 8, 7, 319
speaker, 1, 1, 2
flower, 1, 1, 2
inch, 3, 2, 1
party, 5, 5, 57
android, 6, 5, 323
gets, 12, 11, 182
difficult, 2, 2, 2
tighten, 2, 2, 11
ball, 6, 6, 22
http, 86, 70, 942
alot, 1, 1, 3
emotionally, 1, 1, 20
sigur, 1, 1, 3
flesh, 1, 1, 10
absorb, 2, 2, 3
drink, 13, 13, 44
upon, 2, 2, 2
effect, 2, 2, 92
fucker, 1, 1, 2
mailchimp, 2, 1, 126
nightly, 2, 1, 126
wd40, 13, 11, 52
fs_su8z_hg, 1, 1, 13
sarcastic, 1, 1, 135
fucked, 2, 2, 360
frequently, 1, 1, 1
ikea, 1, 1, 2
lobby, 1, 1, 3
arse, 1, 1, 1
transaction, 1, 1, 9
center, 3, 3, 54
records, 4, 4, 3
compilations, 1, 1, 2
nonetheless, 1, 1, 243
well, 50, 48, 583
fighting, 1, 1, 2
obscure, 1, 1, 2
thought, 19, 18, 322
piracy, 3, 3, 3
theses, 1, 1, 1
1, 27, 23, 211
streamriver, 2, 1, 1
sets, 3, 3, 129
markings, 2, 1, 9
audio, 4, 3, 28
soviet, 1, 1, 1
depict, 1, 1, 1
imgurcomeow3qwr, 1, 1, 1
usual, 1, 1, 15
stores, 3, 3, 4
coins, 3, 3, 15
heavily, 1, 1, 126
easurable, 1, 1, 635
proximity, 1, 1, 2
wealthy, 1, 1, 3
keeping, 2, 2, 18
replenish, 1, 1, 2
skincare, 1, 1, 2
sources, 1, 1, 91
clinic, 1, 1, 2
clocks, 1, 1, 1
distant, 1, 1, 2
rooms, 2, 2, 4
rocked, 1, 1, 126
laotop, 1, 1, 2
motivate, 1, 1, 1
glue, 23, 19, 600
downvoted, 1, 1, 0
web, 4, 4, 17
adt, 2, 2, 16
sealable, 1, 1, 3
tins, 1, 1, 1
roses, 1, 1, 2
nicks, 1, 1, 4
supply, 2, 2, 92
upvoted, 1, 1, 14
day, 45, 32, 513
reasons, 4, 4, 363
add, 15, 11, 76
extends, 1, 1, 2
acetone, 14, 13, 78
voila, 1, 1, 1
wet, 8, 8, 75
usage, 1, 1, 1
upvotes, 2, 2, 1
jars, 7, 4, 10
warrant, 1, 1, 9
smart, 10, 7, 698
knob, 1, 1, 105
sonic, 3, 3, 94
combined, 1, 1, 1
increased, 1, 1, 126
worlds, 2, 2, 9
checking, 3, 3, 12
fyi, 4, 4, 45
crushed, 1, 1, 4
snowstorm, 1, 1, 1
qid, 9, 6, 9
increases, 1, 1, 91
dryer, 21, 10, 79
five, 2, 2, 125
whatever, 10, 9, 404
knot, 1, 1, 75
press, 2, 2, 15
immediately, 1, 1, 1
sposed, 1, 1, -9
toe, 1, 1, 1
insert, 2, 2, 2
trash, 2, 2, -3
necessary, 2, 2, 4
helpful, 4, 3, 129
onion, 3, 3, 4
gypsy, 1, 1, -1
miami, 1, 1, 3
alternatively, 2, 2, 6
qualitative, 1, 1, 26
porous, 1, 1, 106
fernando, 1, 1, 2
manything, 1, 1, 3
sized, 3, 3, 15
garage, 4, 4, 7
scrolls, 1, 1, 2
lose, 3, 3, 28
leaves, 2, 2, 1
works, 50, 44, 775
soft, 3, 3, 3
page, 5, 3, 7
replacement, 6, 5, 11
rhomesecurity, 1, 1, 1
exceed, 1, 1, 3
functional, 1, 1, 120
dispensed, 2, 1, 9
classical, 2, 2, 14
sequence, 1, 1, 126
footage, 1, 1, 5
interact, 1, 1, 1
searching, 3, 2, 4
library, 1, 1, 2
splinter, 2, 2, 1225
hair, 5, 5, 71
tony, 1, 1, 26
elevant, 1, 1, 635
infestations, 1, 1, 2
110, 1, 1, 1
twirling, 1, 1, 1
flush, 2, 2, 8
proper, 2, 1, 46
home, 23, 22, 390
empire, 1, 1, 1
serviceapp, 1, 1, 4
cutters, 2, 2, 47
happens, 4, 4, 148
charges, 1, 1, 0
lead, 2, 2, 2
literally, 3, 3, 48
avoid, 3, 3, 93
upcycling, 1, 1, -4
lean, 3, 3, 3
slide, 2, 2, -1
markers, 2, 2, 93
ammoniawater, 1, 1, 9
detergent, 1, 1, 1
rewarding, 1, 1, 635
discretion, 1, 1, 33
shatterproof, 1, 1, 3
economical, 1, 1, 1
assuming, 2, 2, 6
screwed, 2, 2, 7
onthespot, 1, 1, 1
kiddo, 1, 1, -4
headlights, 1, 1, -1
chains, 2, 1, 14
leader, 1, 1, 2
mode, 2, 2, 2
platinum, 1, 1, 4
ripped, 3, 3, 1243
blowing, 2, 2, 205
schedule, 18, 5, 130
acronym, 3, 2, 17
journal, 1, 1, 7
rtitlegore, 3, 3, -6
consuming, 1, 1, 1
expiry, 1, 1, 1
overall, 1, 1, 1
pressure, 2, 2, 11
host, 3, 3, 14
devil, 1, 1, 2
although, 5, 5, 19
instinct, 1, 1, 2
17amp, 1, 1, 1
terra, 1, 1, 2
repair, 2, 2, 14
television, 1, 1, 210
outdrink, 1, 1, -3
panel, 9, 5, 32
katamari, 1, 1, 5
jam, 1, 1, 1
invaders, 1, 1, 2
actual, 8, 6, 274
pairrank, 1, 1, 2
getting, 17, 16, 103
column, 1, 1, 9
shaking, 1, 1, 3
spilled, 1, 1, 1
squeaks, 1, 1, 1
falutin, 1, 1, 54
surge, 1, 1, 7
angeles, 1, 1, 359
swear, 1, 1, 1
evoke, 1, 1, 91
rug, 1, 1, 1
tongue, 1, 1, 0
flair, 1, 1, 2
autocorrect, 2, 1, 9
software, 5, 4, 40
warranty, 1, 1, 9
individually, 1, 1, 9
polished, 1, 1, 126
final, 4, 4, 16
owe, 1, 1, 26
zones, 1, 1, 1
washington, 1, 1, 1
commitment, 2, 2, 134
chronic, 1, 1, 7
weather, 1, 1, 7
hotline, 1, 1, 3
brush, 6, 5, 51
fish, 3, 3, -40
ketchup, 2, 2, 3
kong, 3, 3, 6
forget, 4, 4, 22
garagenice, 1, 1, 3
knuckles, 1, 1, 10
placed, 2, 2, 12
5ec_1455049863, 1, 1, 75
rct, 1, 1, 0
transfer, 1, 1, 10
housing, 1, 1, 3
tents, 1, 1, 1
apps, 1, 1, 126
wereare, 1, 1, 2
spots, 3, 3, 47
noticed, 6, 4, 25
tails, 1, 1, 1
board, 1, 1, 1
bees, 5, 4, 8
inner, 1, 1, 1
hexane, 1, 1, 1
powdered, 3, 1, 15
refrigeration, 3, 2, 3
breeding, 1, 1, 1
inspiration, 1, 1, -42
ford, 2, 1, 9
function, 2, 2, 6
designs, 1, 1, 1
bux, 1, 1, 0
buy, 61, 54, 915
north, 2, 2, 1
interest, 1, 1, 3
persistent, 1, 1, 1
hs, 1, 1, -1
brand, 4, 4, 19
issuejust, 1, 1, 359
volume, 3, 3, 11
reminds, 1, 1, 1
trek, 2, 1, 91
construction, 1, 1, 5
gain, 2, 2, 245
nut, 4, 4, 10
lens, 1, 1, 2
technician, 2, 2, 10
highest, 2, 2, 18
eat, 23, 19, 709
imgurcomara7dn, 1, 1, 5
count, 3, 3, 7
made, 23, 21, 157
wise, 1, 1, 3
snagged, 1, 1, 1
places, 3, 3, 6
whether, 3, 3, 10
wish, 1, 1, 1
wife, 4, 4, 51
smooth, 1, 1, 1
flip, 5, 4, 173
distract, 2, 2, 49
sufferer, 1, 1, 2
record, 14, 14, 497
89, 1, 1, 9
mentioning, 2, 2, 2
seid, 1, 1, 1
cake, 2, 2, 8
demonstrate, 1, 1, 20
problem, 24, 23, 355
piece, 14, 13, 280
minutes, 10, 10, 139
halfjar, 1, 1, 10
wager, 1, 1, 15
neosporinpetroleum, 1, 1, 204
bearing, 2, 2, 4
82amp, 1, 1, 1
pin, 7, 7, 20
keto, 1, 1, 1
tally, 1, 1, 1
measure, 1, 1, 1
kmhqqpxymvo, 1, 1, 15
pig, 1, 1, 2
twist, 2, 2, 17
utensils, 3, 3, 479
beats, 1, 1, 91
replica, 1, 1, 80
8bit, 1, 1, 2
ink, 3, 3, 5
path, 2, 2, 27
happen, 8, 8, 14
sugar, 3, 3, 5
compared, 1, 1, 206
squirrel, 1, 1, -42
relaxing, 1, 1, 15
variety, 1, 1, 204
istrumentation, 1, 1, 46
45, 2, 2, 16
offensive, 1, 1, 80
treatment, 1, 1, 1
40, 3, 3, 79
riaa, 1, 1, 2
book, 8, 6, 667
details, 3, 3, 645
sick, 1, 1, 1
acrylic, 1, 1, 2
incredibly, 4, 4, 6
adam, 1, 1, 6
album, 2, 2, 9
junk, 2, 2, 0
repeat, 4, 4, 63
star, 3, 2, 93
plate, 14, 12, 997
traumatic, 1, 1, -1
howit, 1, 1, 0
shown, 2, 2, 2
antifreeze, 1, 1, 0
stay, 7, 7, 162
oem, 1, 1, 2
alright, 1, 1, 64
chance, 7, 7, 161
rjaamp, 1, 1, 0
stab, 2, 2, 4
vynl, 1, 1, 0
kinda, 2, 2, 9
spreadsheet, 2, 2, 8
priced, 1, 1, 9
friends, 8, 8, -15
overseas, 1, 1, 3
vein, 4, 4, 320
upwards, 1, 1, 1
searches, 1, 1, 1
animes, 1, 1, 1
coat, 4, 4, -18
ambiance, 1, 1, 19
amp, 15, 5, 9
rotting, 2, 2, 2
space, 14, 13, 501
usefull, 1, 1, 2
rule, 2, 2, 158
vimeocom107126554, 1, 1, 14
hikes, 1, 1, 54
portion, 4, 3, 77
martian, 1, 1, 1
1000, 1, 1, 1
stayed, 2, 2, 12
pump, 1, 1, 1
lives, 2, 2, -37
yell, 1, 1, 3
simpson, 1, 1, 1
