Word, Frequency, Comment Frequency, Net Score
limited, 1, 1, 8
downvoting, 1, 1, 41
whoops, 1, 1, 1
four, 3, 3, 5
woods, 1, 1, 0
hanging, 1, 1, 48
mansion, 1, 1, 8
tping, 2, 2, 24
captain, 1, 1, 1
hate, 2, 2, 9
towns, 1, 1, 1
poorly, 1, 1, 1
votes, 1, 1, 5
buddy, 1, 1, 36
tweet, 1, 1, 57
dismounting, 3, 3, 70
whatsoever, 1, 1, 6
factorysystem, 1, 1, 1
sorry, 3, 3, 1
worth, 2, 2, 5
slaaneslashka, 1, 1, 1
dispense, 2, 2, 0
void, 1, 1, 1
rise, 1, 1, 3
definetly, 1, 1, 8
every, 11, 11, 96
updates, 2, 2, 2
playaround, 1, 1, 10
affect, 2, 2, 14
bringing, 1, 1, 68
tickets, 1, 1, 0
school, 1, 1, 0
skills, 2, 2, 3
cause, 6, 6, 37
solution, 7, 6, 3
flashy, 1, 1, 2
pst, 1, 1, 1
messagecompose, 4, 2, 19
force, 2, 2, 7
monotonous, 1, 1, 0
direct, 1, 1, 0
frosted, 1, 1, 41
cameron, 1, 1, 58
likely, 3, 3, 6
implemented, 3, 3, 70
specs, 4, 3, 1
blue, 4, 3, 31
neo, 1, 1, 7
hide, 1, 1, 3
wreck, 1, 1, 31
technodefirmacraft, 2, 1, 1
hostile, 2, 2, 16
redstone_ore, 1, 1, 3
new, 33, 28, 402
tips, 4, 4, 6
increasing, 1, 1, 110
officially, 1, 1, 19
iovdpphcd5k, 1, 1, 24
niche, 1, 1, 3
never, 23, 20, 52
reported, 4, 2, 89
protection, 2, 1, 2
textured, 1, 1, 1
active, 1, 1, 0
path, 6, 4, 8
100, 1, 1, 6
101, 1, 1, 3
kudos, 1, 1, 5
items, 5, 3, 6
leaves, 3, 3, 65
changed, 5, 5, 6
approaches, 1, 1, 2
smoke, 2, 2, 153
complicated, 1, 1, 6
goldy, 1, 1, 3
engineers, 1, 1, 0
changes, 13, 12, 149
guud, 1, 1, 3
criticism, 1, 1, 8
diameter, 2, 2, 2
envious, 1, 1, 1
spooky, 1, 1, 0
spigot, 1, 1, 2
replace, 4, 4, 41
terraform, 1, 1, 3
brk, 1, 1, 1
drowned, 1, 1, 2
bumpmap, 1, 1, 1
stand, 4, 3, 2
total, 1, 1, 4
readd, 1, 1, 6
ore, 8, 2, 58
would, 70, 61, 682
hospital, 1, 1, 19
hungry, 1, 1, 4
blacksmiths, 1, 1, 1
leaks, 1, 1, 5
call, 1, 1, 9
therefore, 2, 1, 1
recommend, 2, 2, 8
type, 5, 5, 9
tell, 7, 5, 29
holy, 2, 2, 2
haha, 1, 1, 1
iimgurcomokxy8fxpng, 1, 1, 2
aware, 3, 2, 24
99, 1, 1, 3
glass, 4, 3, 4
interaction, 1, 1, 31
rip, 2, 2, 9
90, 1, 1, 3
hole, 1, 1, 1
hold, 1, 1, 28
must, 4, 4, 16
word, 1, 1, 0
room, 2, 2, 38
mc, 8, 6, 36
shame, 1, 1, 36
1080p, 1, 1, 0
setup, 1, 1, 2
work, 17, 14, 49
roof, 2, 2, 7
era, 1, 1, 2
ms, 1, 1, 8
brake, 2, 1, 27
rework, 4, 4, 81
example, 5, 4, 29
fortress, 1, 1, 8
give, 13, 11, 99
programming, 1, 1, 0
updated, 2, 2, 7
dragons, 1, 1, 6
currency, 1, 1, 3
want, 26, 23, 76
times, 6, 6, 68
subbasements, 1, 1, 3
guarantee, 1, 1, 8
end, 13, 13, 301
turn, 5, 4, 70
provide, 2, 2, 1
interacts, 1, 1, 3
travel, 2, 2, 11
feature, 10, 9, 238
amazing, 7, 7, 14
adjacent, 1, 1, 0
answer, 4, 4, 23
gate, 1, 1, 1
imgurcomaj8dzp, 1, 1, 3
gaming, 2, 2, 2
lan, 2, 1, 1
imgurcomw6jxniw, 1, 1, 1
minority, 1, 1, 6
mess, 2, 2, 89
ladder, 4, 1, 2
lag, 4, 4, 9
damaged, 2, 2, 28
wrong, 4, 4, 67
jumping, 7, 6, 273
types, 1, 1, 16
stronghold, 1, 1, 1
overreaction, 1, 1, 1
appreciate, 2, 2, 3
keeps, 2, 2, 9
1000, 1, 1, 8
wing, 1, 1, 1
flippers, 1, 1, 3
feedback, 4, 3, 131
fall, 1, 1, 1
nsfw, 1, 1, 0
innovative, 1, 1, 2
activating, 2, 2, 15
entrances, 1, 1, 2
fit, 2, 2, 11
itall, 1, 1, 1
somewhere, 4, 4, 20
screaming, 1, 1, 7
fix, 17, 14, 135
imo, 1, 1, 2
better, 15, 14, 148
hm, 1, 1, 1
walkable, 1, 1, 1
garry, 1, 1, 2
hidden, 3, 3, 25
easier, 2, 2, 11
inventory, 2, 2, 96
versus, 1, 1, 2
lit_redstone, 1, 1, 3
combination, 2, 2, 6
porked, 1, 1, 8
enchants, 1, 1, 24
safe, 1, 1, 1
8gb, 2, 2, 0
randomness, 1, 1, 4
break, 1, 1, 1
effects, 2, 2, 73
plates, 1, 1, 1
alex, 1, 1, 1
meat, 1, 1, 5
changelog, 4, 2, 89
explode, 2, 2, 22
customizable, 1, 1, 2
nerfing, 1, 1, 9
1x1, 1, 1, 9
reasonable, 2, 2, 63
debug, 1, 1, 3
feeds, 2, 2, 0
hahahakeep, 1, 1, 1
side, 5, 5, 10
mean, 7, 7, 16
logs, 2, 1, 16
series, 2, 2, 12
emeralds, 1, 1, 1
abuse, 1, 1, 2
upload, 1, 1, 2
carry, 1, 1, 55
390, 1, 1, 0
trading, 2, 2, 3
forgot, 3, 3, 182
sounds, 4, 4, 13
gon, 2, 2, 7
rp, 1, 1, 24
network, 1, 1, 1
god, 3, 3, 68
sparkly, 1, 1, 26
smp, 2, 2, 56
particles, 11, 3, 5
noice, 1, 1, 1
unarmored, 1, 1, 2
got, 17, 17, 81
turning, 3, 3, 51
barrier, 1, 1, 2
rail, 5, 3, 139
given, 1, 1, 63
free, 1, 1, 16
struggle, 1, 1, 7
mastering, 1, 1, 1
spacetotoggle, 1, 1, 62
sadly, 1, 1, 3
sensors, 1, 1, 1
wanted, 4, 4, 11
logging, 1, 1, 1
created, 2, 2, 2
professions, 1, 1, 6
days, 3, 3, -3
mojangcom, 1, 1, 17
flawless, 1, 1, 1
heck, 1, 1, 4
incorporated, 1, 1, 16
moving, 6, 5, 31
potions, 3, 3, 74
purpose, 3, 3, 6
already, 13, 12, 49
features, 6, 6, 92
render, 4, 3, 8
coding, 1, 1, 152
primary, 1, 1, 4
mountingdismounting, 1, 1, 2
featured, 1, 1, 7
floors, 1, 1, 16
another, 15, 14, 55
thick, 2, 2, 4
illustrate, 1, 1, 8
rated, 1, 1, 1
attach, 1, 1, 2
oldy, 1, 1, 3
top, 9, 8, 25
girls, 1, 1, 1
tow, 1, 1, 55
heights, 1, 1, 1
needed, 6, 6, 261
master, 1, 1, 41
farming, 3, 3, 23
dogs, 1, 1, 1
listen, 1, 1, 6
ceiling, 4, 3, 12
overreactions, 1, 1, 9
villager, 3, 2, 7
villages, 5, 3, 26
took, 9, 9, 22
saddleand, 1, 1, 2
somewhat, 1, 1, 3
wasted, 1, 1, 1
golden, 1, 1, 1
distance, 4, 3, 9
trek, 1, 1, 5
target, 1, 1, 48
bits, 1, 1, 1
tree, 2, 2, 17
scenes, 1, 1, 2
project, 2, 2, 2
matter, 1, 1, 2
silly, 2, 2, 6
friend, 1, 1, 0
iron, 17, 12, 232
carriages, 1, 1, 2
feeling, 1, 1, 2
mini, 1, 1, 2
unintended, 1, 1, 62
youre, 1, 1, 1
ran, 2, 2, 22
pistons, 5, 4, 13
ram, 3, 3, 19
mind, 6, 6, 67
mine, 7, 7, 102
talking, 1, 1, 2
seed, 2, 1, 1
seen, 9, 9, 74
seem, 11, 11, 83
picks, 4, 2, 0
seek, 1, 1, 16
theres, 2, 2, 2
dozen, 1, 1, 2
mostly, 2, 2, 4
itzlipofutzli, 2, 2, 23
chest, 12, 9, 239
contact, 1, 1, 3
chess, 1, 1, 4
doors, 4, 4, 19
even, 28, 25, 211
nobody, 3, 3, 5
though, 19, 19, 66
extending, 1, 1, 1
regular, 4, 4, 61
plenty, 2, 2, 9
mobs, 8, 7, 67
phase, 1, 1, 4
uautomoderator, 1, 1, 68
episode, 1, 1, 3
incomplete, 1, 1, 41
trapped, 1, 1, 1
points, 1, 1, 3
principle, 1, 1, 24
notion, 1, 1, 3
came, 3, 3, 4
saying, 1, 1, 4
contacted, 1, 1, 1
hunger, 1, 1, 1
random, 5, 4, 11
subreddit, 5, 5, 68
colors, 10, 7, 263
showing, 2, 2, 9
solutions, 1, 1, 2
earth, 2, 2, 7
enjoyed, 1, 1, 12
mpserver, 1, 1, 0
copy, 2, 2, 3
clicked, 1, 1, 2
headline, 1, 1, 3
menu, 1, 1, 15
explain, 2, 2, 1
iimgurcomacqaer4png, 1, 1, 2
appreciated, 4, 4, 31
bush, 3, 3, 47
photo, 2, 2, 3
folks, 1, 1, 62
folder, 2, 2, 4
plugins, 1, 1, 1
lightening, 1, 1, 24
wearing, 2, 1, 62
colorful, 1, 1, 1
10, 6, 5, 29
watch, 3, 3, 29
preferred, 1, 1, 2
gored, 1, 1, 1
dz, 1, 1, 48
dx, 2, 2, 56
dy, 1, 1, 48
16w07a, 4, 4, 47
14, 4, 4, 8
overbearing, 1, 1, 1
bar, 2, 2, 1
covering, 1, 1, 0
ever, 11, 11, 73
empyrion, 1, 1, 0
patch, 1, 1, 8
reload, 1, 1, 3
bad, 10, 8, 51
contrast, 1, 1, 2
shots, 1, 1, 12
release, 9, 8, 87
ruins, 1, 1, -35
steam, 2, 2, 55
transporting, 1, 1, 55
textures, 5, 5, 59
blew, 1, 1, 2
fair, 1, 1, 4
testing, 2, 2, 6
unexpectedly, 1, 1, 48
checks, 1, 1, 20
depends, 1, 1, 3
decided, 1, 1, 5
result, 1, 1, 0
fail, 2, 2, 3
o_o, 1, 1, 1
best, 10, 10, 97
subject, 4, 2, 19
03, 2, 2, 3
00, 5, 5, 304
said, 8, 7, 28
speedruns, 1, 1, 2
lots, 2, 2, 7
away, 16, 14, 160
iirc, 1, 1, 5
future, 6, 6, 95
irl, 1, 1, 6
bukkitspigot, 1, 1, 1
simplest, 1, 1, 3
temple3040, 1, 1, 3
drawn, 1, 1, 8
sorts, 2, 2, 57
previous, 5, 5, 106
approach, 1, 1, 8
preserve, 1, 1, 1
direwolf20, 1, 1, 1
wd, 2, 1, 0
omg, 2, 2, 3
extend, 2, 2, 3
biome, 3, 2, 51
wo, 3, 3, 8
rdxdydz, 1, 1, 6
aesthetic, 1, 1, 13
packaged, 1, 1, 1
however, 7, 7, 59
phasein, 1, 1, 2
boss, 1, 1, 2
loading, 1, 1, 1
nhd15, 1, 1, 0
downgrade, 3, 2, 2
news, 2, 2, 3
picking, 3, 2, 1
uncreative, 1, 1, 1
improve, 5, 5, 79
pity, 1, 1, 1
neotech, 1, 1, 15
cow, 1, 1, 26
cup, 1, 1, 8
beacon, 1, 1, 4
players, 7, 6, 107
0a, 2, 2, 19
games, 5, 5, 17
planned, 4, 4, 100
vbos, 1, 1, 1
asked, 2, 2, 2
suggest, 1, 1, 1
cobble, 4, 4, 25
height, 4, 4, 113
tons, 4, 3, 10
lanterns, 1, 1, 1
affiliated, 1, 1, 2
wider, 1, 1, 6
loaded, 7, 6, 47
trust, 2, 2, 9
256, 2, 2, 15
traveling, 1, 1, 1
asks, 2, 2, 3
three, 3, 3, 65
quickly, 2, 2, 20
muck, 1, 1, 1
confident, 1, 1, 20
much, 31, 28, 202
sponges, 1, 1, -4
basic, 1, 1, 1
tutorials, 2, 2, 7
dozens, 2, 1, 21
pro, 1, 1, 0
life, 4, 4, 6
deeper, 1, 1, 2
mushroom, 4, 2, 5
quantities, 1, 1, 55
rideable, 1, 1, 7
altought, 1, 1, 1
craft, 1, 1, 2
personally, 3, 3, 23
worked, 3, 3, 1
tank, 1, 1, 1
sly, 1, 1, 1
launcher, 6, 5, 108
air, 6, 5, 77
ugly, 1, 1, 1
near, 4, 4, 228
formatting, 1, 1, 1
neat, 4, 4, 8
surprised, 1, 1, 1
applies, 2, 2, 26
stopping, 1, 1, 15
balance, 1, 1, 27
mistake, 2, 2, 19
spawn, 12, 11, 33
seven, 1, 1, 115
cane, 1, 1, 1
played, 5, 5, 38
ip, 3, 2, 2
ii, 2, 2, 5
player, 12, 9, 148
im, 2, 2, 5
exterior, 3, 3, 4
playersdisappearing, 1, 1, 41
trusted, 1, 1, 2
80k, 1, 1, 47
confirmed, 1, 1, -4
stickied, 1, 1, 68
things, 18, 16, 298
make, 65, 49, 586
linked, 2, 2, 0
potentially, 2, 2, 64
descend, 1, 1, 62
ascenddescend, 1, 1, 9
success, 1, 1, 24
several, 3, 3, 7
breaks, 1, 1, 0
voyager, 1, 1, 5
fairly, 1, 1, 1
runes, 1, 1, 1
i5, 2, 2, 0
i7, 1, 1, 1
hand, 2, 2, 2
renaissance, 1, 1, 0
waterfall, 1, 1, 2
portal, 2, 2, 123
characters, 1, 1, 0
animations, 2, 2, 44
kid, 3, 2, 3
kept, 2, 2, 4
programs, 1, 1, 1
humble, 1, 1, 3
ocean, 4, 4, 11
materials, 3, 3, 40
hearts, 4, 2, 3
dads, 1, 1, 1
left, 3, 3, 12
passed, 1, 1, 8
pastebincomamkmbnyw, 1, 1, 2
bellow, 1, 1, 0
minecart, 23, 20, 518
yea, 1, 1, -2
soundmusic, 1, 1, 3
laptop, 1, 1, 2
fantastic, 1, 1, 8
gravity, 1, 1, 143
bugged, 1, 1, 2
thanks, 14, 13, 31
yes, 11, 10, 102
yet, 10, 10, 105
functionally, 1, 1, 2
repost, 1, 1, 0
adding, 1, 1, 5
hills, 1, 1, 3
mix, 2, 1, 3
addicted, 1, 1, 1
character, 3, 3, 1
passive, 1, 1, 9
animation, 2, 1, 3
easy, 3, 3, 84
save, 2, 2, 6
gave, 4, 4, 29
sleuthing, 1, 1, 3
usable, 1, 1, 9
elevation, 2, 2, 44
eatch, 1, 1, 2
exploiting, 1, 1, 3
survival, 12, 11, 91
possible, 12, 8, 18
possibly, 3, 3, -8
nevermind, 1, 1, 4
bastards, 1, 1, 1
cape, 1, 1, 48
internetalways, 1, 1, 7
unique, 1, 1, 3
desire, 1, 1, 2
2999, 1, 1, 1
primaries, 1, 1, 38
appearing, 1, 1, 41
gift, 1, 1, 38
bobby, 1, 1, 2
cooler, 1, 1, 0
hunt, 2, 1, 12
50, 4, 4, 25
xbox, 1, 1, 1
specific, 2, 2, 20
remind, 1, 1, 3
broadcaster, 1, 1, 1
zombies, 1, 1, 6
pillar, 2, 2, 9
right, 17, 16, 105
old, 12, 12, 24
deal, 3, 3, 109
people, 27, 20, 438
red_mushroom_block, 1, 1, 1
imgurcomagmyri, 1, 1, 3
somehow, 3, 3, 11
zoom, 1, 1, 2
sponge, 3, 2, 3
invoice, 1, 1, 0
escape, 3, 3, 129
dear, 1, 1, 3
pain, 1, 1, 9
fixable, 1, 1, 2
tutorial, 3, 3, 18
confusing, 1, 1, 1
brd, 1, 1, 1
tracked, 1, 1, 24
bottom, 4, 4, 17
carts, 22, 13, 267
opposite, 1, 1, 7
loads, 1, 1, 1
comments, 5, 5, 31
creative, 1, 1, 1
everything, 8, 7, 17
tracker, 4, 2, 89
adorable, 1, 1, 2
price, 1, 1, 3
pls, 1, 1, 17
brovillian, 1, 1, 2
deleted, 2, 2, 1
burn, 3, 2, 17
plz, 1, 1, 17
losing, 1, 1, 0
850, 1, 1, 0
post, 22, 21, 211
super, 3, 2, 8
install, 1, 1, -4
barbarians, 1, 1, 1
assault, 1, 1, 4
plus, 1, 1, 1
warhammer, 1, 1, 9
islands, 3, 2, 8
slightly, 1, 1, 3
automatically, 2, 2, 16
autoreload, 1, 1, 1
primitive, 1, 1, 3
whats, 3, 3, 2
facility, 1, 1, 1
bukkit, 7, 2, 3
float, 1, 1, 5
visible, 2, 1, 6
son, 1, 1, 6
imgurcomag159p, 1, 1, 2
rendering, 1, 1, 1
overkill, 1, 1, 2
1990s, 1, 1, 9
reducing, 1, 1, 6
minigame, 1, 1, 1
methods, 1, 1, 1
wan, 2, 2, 11
trains, 3, 2, 19
support, 5, 3, 24
flying, 5, 4, 38
fight, 4, 4, 110
stuck, 3, 3, 82
coalwater, 1, 1, 55
way, 43, 40, 470
overhead, 1, 1, 2
factions, 2, 2, 5
happy, 8, 8, 49
etho, 1, 1, 38
head, 1, 1, 1
form, 3, 2, 10
offer, 2, 2, 64
proudly, 1, 1, 57
becoming, 1, 1, 5
gorgeous, 1, 1, 1
landing, 1, 1, 35
hear, 1, 1, 16
decoder, 1, 1, 1
removed, 14, 14, 746
especially, 5, 5, 13
reset, 1, 1, 1
chests, 5, 3, 25
throw, 1, 1, 2
isis, 1, 1, 7
builds, 9, 7, 31
versions, 6, 6, 101
bugfix, 1, 1, 6
inside, 6, 4, 43
crystal, 1, 1, 3
paging, 1, 1, 5
nicest, 1, 1, 0
nerdy, 1, 1, 6
faking, 1, 1, 15
g_apple, 8, 2, 89
glitchy, 1, 1, 0
grenades, 1, 1, 4
150, 2, 1, 19
bsale, 1, 1, 47
later, 4, 4, 38
sticks, 1, 1, 9
macragge, 1, 1, 5
sticky, 1, 1, 1
sometime, 1, 1, 38
exist, 1, 1, 1
soundeffect, 1, 1, 62
annoying, 2, 2, 5
check, 6, 6, 103
shit, 6, 6, 26
smelt, 1, 1, 1
faithful, 4, 2, 2
dying, 1, 1, 38
floor, 4, 3, 28
na, 4, 4, 18
imgurcom8w0ieqd, 1, 1, 24
reality, 1, 1, 15
setting, 2, 2, 0
creep, 1, 1, 1
holding, 1, 1, 1
test, 3, 3, 4
developers, 2, 2, 3
roll, 1, 1, 1
picture, 8, 7, 212
faction, 1, 1, 0
models, 1, 1, 2
expected, 1, 1, 4
felt, 1, 1, 1
update, 16, 13, 130
transported, 1, 1, 20
190mbs, 1, 1, 0
scale, 5, 5, 144
undersea, 2, 2, 25
variable, 1, 1, 1
hsgrsde3irw, 1, 1, 4
died, 1, 1, 2
aipathfinding, 1, 1, 48
mildly, 2, 2, 24
happening, 3, 3, 7
tested, 2, 2, 20
together, 8, 7, 367
optifine, 2, 2, 1
purple, 1, 1, 4
time, 30, 29, 269
push, 4, 4, 14
serious, 2, 2, 6
stick, 1, 1, 5
concept, 1, 1, 3
managed, 1, 1, 1
broke, 3, 3, 14
chain, 2, 2, 7
themed, 2, 2, 10
activated, 2, 2, 49
cartrelated, 1, 1, 2
matrox, 1, 1, 0
ice, 2, 2, 50
skin, 4, 4, 9
seargedp, 1, 1, 17
displaying, 1, 1, 48
milk, 1, 1, 3
layers, 1, 1, 2
supposedly, 1, 1, 19
technique, 1, 1, 1
father, 2, 2, 7
crates, 1, 1, 3
crater, 1, 1, 1
click, 2, 2, 5
0, 3, 3, 48
finally, 4, 3, 111
asking, 1, 1, 5
permanently, 3, 1, 57
jvm, 1, 1, 1
discovering, 1, 1, 4
suffered, 1, 1, 1
shoot, 1, 1, 4
coop, 2, 2, 0
string, 1, 1, 55
advantage, 2, 2, 8
pushers, 1, 1, 26
seemingly, 2, 2, 6
fraps, 1, 1, 0
minecrats, 1, 1, 1
defying, 1, 1, 143
tanks, 1, 1, 6
trouble, 2, 2, 3
minute, 1, 1, 1
cool, 30, 29, 241
impressive, 2, 2, 11
level, 8, 6, 44
gui, 2, 2, 52
dig, 2, 2, 4
posts, 4, 3, 4
accidentally, 2, 1, 1
leave, 5, 5, 103
item, 9, 8, 35
team, 3, 3, 26
quick, 3, 3, 1
lever, 1, 1, 1
guy, 3, 3, 52
prevent, 3, 3, 18
slower, 1, 1, 27
insignificant, 1, 1, 1
minion, 1, 1, 4
trails, 2, 2, 19
obsolete, 1, 1, 1
sign, 2, 2, 23
cost, 1, 1, 55
reinstalling, 1, 1, 0
run, 12, 12, 142
cargo, 1, 1, 1
stands, 2, 2, 25
heres, 2, 1, 2
axes, 1, 1, 1
current, 3, 3, 7
suspect, 1, 1, 2
goes, 3, 3, 34
falling, 5, 5, 75
scripted, 1, 1, 2
supporting, 1, 1, 5
mechanic, 4, 4, 102
bandwagon, 1, 1, 19
months, 1, 1, 22
guardian, 5, 4, 153
learn, 2, 2, 4
water, 12, 11, 89
downloaded, 1, 1, 0
slow, 2, 2, 27
paypal, 1, 1, 1
address, 1, 1, 1
alone, 1, 1, 8
along, 3, 3, 2
belly, 1, 1, 3
appears, 1, 1, 9
change, 9, 6, 169
wait, 5, 5, 47
7block, 1, 1, 1
sending, 2, 1, 0
shove, 1, 1, 1
lazy, 1, 1, 6
shift, 3, 3, 60
overrides, 1, 1, 3
twittercomseargedp, 1, 1, 17
bot, 1, 1, 76
bow, 3, 2, 11
dismount, 2, 2, 46
suggestion, 5, 3, 20
usually, 8, 8, 94
weird, 4, 4, 16
minecraft, 43, 35, 318
love, 25, 23, 126
extra, 4, 3, 16
iimgurcomtyj1xiljpg, 1, 1, 2
madman, 1, 1, 45
pc_gamer_man, 1, 1, 0
prefer, 1, 1, 4
regeneration, 1, 1, 6
uphill, 1, 1, 3
peer, 1, 1, 35
fake, 1, 1, 6
marker, 1, 1, 24
rarely, 2, 2, 59
market, 1, 1, 1
everybody, 2, 2, 70
20130630230704, 1, 1, 1
randoming, 1, 1, 1
oohhhh, 1, 1, 12
working, 11, 10, 126
0140, 1, 1, 6
sake, 1, 1, 1
positive, 1, 1, 3
dude, 2, 2, 3
tears, 2, 2, 144
intense, 1, 1, 3
wood, 3, 3, 7
wondering, 5, 5, 325
memory, 1, 1, 5
today, 6, 6, 102
entrance, 2, 2, 2
towers, 1, 1, 1
acceptable, 2, 2, 4
ooh, 1, 1, 1
clue, 1, 1, 1
primarily, 1, 1, 2
everywhere, 3, 3, 10
effort, 2, 2, 12
skyfactory, 2, 1, 1
mojang, 9, 9, 112
walled, 1, 1, 1
graphic, 1, 1, 2
anything, 11, 11, 70
collision, 2, 2, 154
car, 1, 1, 5
originally, 1, 1, 1
nether, 14, 6, 19
setblock, 4, 4, 52
iframe, 1, 1, 0
following, 3, 3, 15
making, 8, 8, 64
osxlinux, 1, 1, 5
mindlessly, 1, 1, 1
tripped, 1, 1, 1
claim, 1, 1, 8
portals, 4, 3, 164
dropper, 6, 3, 2
figure, 3, 3, 6
expanding, 1, 1, 3
awesome, 17, 16, 47
glitch, 1, 1, 2
fuck, 1, 1, 1
sample, 2, 2, 2
heard, 1, 1, 1
cube, 1, 1, 1
dropped, 3, 3, 5
enchanting, 1, 1, 1
allowed, 1, 1, 0
counting, 1, 1, 16
breaking, 1, 1, 9
pink, 2, 1, 0
nearterm, 1, 1, 5
ayyyyeee, 1, 1, 1
tilt, 1, 1, 3
discussion, 1, 1, 1
monuments, 1, 1, 4
bdoubleo100, 1, 1, 3
1, 23, 16, 5
imgurcomae5mwi, 1, 1, 1
sword, 9, 5, 41
corridor, 1, 1, 5
axis, 1, 1, 1
economy, 1, 1, 1
map, 10, 8, 24
staircase, 4, 4, 10
huge, 3, 3, 7
may, 9, 9, 126
dive, 1, 1, 35
spot, 1, 1, 38
cease, 1, 1, 4
149, 1, 1, 1
applications, 1, 1, 1
mac, 1, 1, 16
explored, 1, 1, 3
designed, 1, 1, 16
improving, 1, 1, 2
suck, 1, 1, 6
vulkan, 5, 1, 8
guys, 7, 7, 18
compatibility, 2, 1, 19
man, 7, 7, 17
wwwyoutubecomwatch, 5, 5, 26
natural, 3, 1, 16
remember, 6, 6, 65
maybe, 20, 18, 321
ghz, 1, 1, 0
st, 1, 1, 3
devs, 1, 1, 2
complaining, 1, 1, 9
offend, 1, 1, -3
tall, 3, 3, 10
rcon, 1, 1, 5
idiosyncratic, 1, 1, 31
cute, 2, 2, 64
5x5, 1, 1, 1
ender, 4, 4, 17
deactivated, 1, 1, 0
years, 7, 6, 13
stability, 1, 1, 19
course, 2, 2, 42
nbsp, 4, 2, 89
still, 32, 29, 267
shudders, 1, 1, 0
gta, 1, 1, 0
group, 1, 1, 8
monitor, 1, 1, 0
interesting, 6, 6, 160
mantle, 1, 1, 8
forms, 1, 1, 4
platform, 1, 1, 2
window, 2, 2, 35
main, 5, 5, 77
happened, 2, 2, 10
non, 1, 1, 1
recreate, 1, 1, 35
safefall, 1, 1, 62
ddr4, 1, 1, 0
scaling, 2, 1, 8
boats, 4, 3, 11
unimpressive, 1, 1, 1
half, 2, 2, 15
inversion, 1, 1, 24
name, 3, 2, 4
corners, 3, 3, 19
drop, 6, 6, 23
revert, 1, 1, 5
possibilities, 1, 1, 1
realistic, 2, 2, 17
rock, 1, 1, 1
entirely, 4, 4, 9
unloaded, 1, 1, 18
em, 3, 2, 17
square, 1, 1, 1
eh, 3, 3, 22
badly, 4, 4, 99
eg, 1, 1, 62
torch, 2, 2, 2
directing, 1, 1, 31
yeah, 5, 4, 20
snapshots, 6, 6, 36
challenges, 1, 1, 4
dx12, 1, 1, 8
catching, 2, 2, 70
ex, 1, 1, 1
year, 3, 3, 3
assumption, 1, 1, 3
girl, 2, 2, 19
summary, 1, 1, 8
plans, 1, 1, 4
shown, 1, 1, 64
1710, 3, 3, 34
opened, 2, 2, 1
space, 13, 11, 146
rounding, 1, 1, 0
multiplayer, 1, 1, 1
onnowhere, 1, 1, 11
looking, 10, 9, 55
collisions, 1, 1, 31
seriously, 2, 2, 25
investigation, 1, 1, 3
internet, 4, 4, 30
churches, 1, 1, 1
receiving, 1, 1, 0
100s, 1, 1, 57
shows, 2, 2, 28
eagle, 1, 1, 2
monster, 1, 1, 349
existed, 3, 3, 181
sideways, 1, 1, 1
cart, 6, 4, 70
quite, 6, 5, 33
rly, 2, 1, 1
besides, 1, 1, 8
cough, 4, 2, 36
card, 1, 1, 0
care, 1, 1, 16
leftclick, 1, 1, 1
advance, 1, 1, 0
gaff, 1, 1, 3
honest, 1, 1, 2
thing, 21, 20, 111
coulorfullollll, 1, 1, -1
place, 10, 10, 24
massive, 2, 2, 11
swing, 1, 1, 0
blacksmith, 1, 1, 1
lighting, 1, 1, 1
think, 39, 34, 369
first, 14, 14, 100
cheese, 1, 1, 4
constantly, 2, 2, 5
cpus, 1, 1, 8
xd, 1, 1, 3
one, 63, 55, 367
xx, 1, 1, 19
fast, 3, 3, 48
directly, 3, 3, 6
vote, 2, 2, 9
impossible, 1, 1, 3
message, 3, 3, 39
tame, 2, 1, 3
open, 4, 4, 18
tomorrow, 1, 1, 2
size, 1, 1, 1
sheep, 1, 1, 1
city, 4, 4, 189
little, 19, 16, 234
checked, 1, 1, 19
pushed, 1, 1, 31
caught, 2, 2, 7
plank, 1, 1, 16
anyone, 21, 21, 257
2, 6, 6, 142
sphax, 1, 1, 1
typing, 1, 1, 1
white, 2, 2, 2
structures, 2, 2, 2
lingering, 1, 1, 41
gives, 2, 2, 6
exploring, 1, 1, 2
mining, 6, 4, 41
hug, 1, 1, 8
unobtainable, 2, 2, 7
memo, 1, 1, 24
continuous, 1, 1, 8
huh, 1, 1, 20
asides, 1, 1, 2
released, 4, 4, 59
minimalistic, 1, 1, 1
flowers, 2, 2, 40
11, 4, 3, 22
wide, 1, 1, 1
12, 2, 2, 23
15, 7, 7, 121
unfortunately, 2, 2, 17
17, 2, 2, 5
16, 1, 1, 0
19, 11, 10, -49
18, 6, 6, 12
require, 2, 2, 171
r, 5, 5, 97
cymbals, 1, 1, 1
cards, 1, 1, 1
seeds, 1, 1, 4
troublesome, 1, 1, 15
topics, 3, 1, 68
turned, 3, 3, 99
sad, 3, 3, 28
unecessary, 1, 1, 1
say, 13, 11, 192
buried, 1, 1, 16
unaltered, 2, 2, 19
anger, 1, 1, 9
sells, 1, 1, 3
saw, 6, 6, 32
efficient, 2, 2, 9
fucking, 2, 2, 5
rthathappened, 1, 1, 1
downwards, 2, 2, 4
ideas, 8, 7, 25
note, 3, 2, 11
endangered, 1, 1, 45
potential, 3, 3, 155
take, 12, 12, 37
interior, 1, 1, 2
performance, 2, 2, 49
strengths, 1, 1, 57
switching, 1, 1, 2
channel, 2, 1, 0
grande, 1, 1, 26
200, 2, 2, 3
begin, 1, 1, 8
sure, 18, 16, 170
multiple, 1, 1, 6
normal, 7, 7, 69
track, 3, 3, 58
trap, 2, 2, 2
olmec, 1, 1, 1
talk, 2, 2, 4
beta, 1, 1, 5
shitter, 1, 1, 0
kissssss, 1, 1, 24
librarian, 1, 1, 1
buffed, 1, 1, 2
puzzlesurvival, 1, 1, 2
operate, 1, 1, 1
sprinting, 2, 2, 144
considered, 1, 1, 2
proud, 3, 3, 28
steady, 1, 1, 1
drive, 2, 2, 2
order, 3, 3, 7
rminecraft, 2, 2, 17
lumby, 1, 1, 1
walking, 2, 2, 69
shot, 3, 3, 23
show, 6, 6, 26
cheat, 2, 2, 9
scoreboard, 2, 2, 31
bright, 1, 1, 1
spaces, 2, 2, 10
welp, 1, 1, 43
corner, 5, 5, 43
ground, 6, 5, 109
upgrade, 2, 2, 16
favorite, 1, 1, 2
wrecking, 1, 1, 1
title, 3, 3, 39
questionwould, 1, 1, 2
dick, 1, 1, 1
3, 13, 12, 86
texture, 8, 6, 13
42, 1, 1, -5
aside, 1, 1, 1
going, 20, 20, 153
black, 1, 1, 1
equipped, 1, 1, 141
enthusiasm, 1, 1, 0
wool, 7, 6, 20
ranking, 1, 1, 1
touch, 2, 2, 4
get, 60, 49, 739
explosions, 1, 1, 1
diamonds, 2, 2, 4
hailed, 1, 1, 2
lighter, 1, 1, 189
ssd, 1, 1, 0
awaiting, 1, 1, 1
gen, 1, 1, 2
reveal, 1, 1, 2
reading, 2, 1, 3
resource, 7, 5, 37
settings, 3, 3, 1
obsolesce, 1, 1, 9
worried, 1, 1, 2
jokes, 1, 1, 1
stupid, 4, 4, 8
bombs, 1, 1, -4
jabba, 1, 1, 15
vision, 1, 1, 3
imgurcomtgjqdbq, 1, 1, 4
wiki, 1, 1, 0
anyways, 4, 4, 18
ignores, 1, 1, 1
installer, 1, 1, -4
apologies, 1, 1, 1
collects, 1, 1, 2
oldschool, 1, 1, 1
wonder, 4, 4, 6
crusher, 2, 1, 1
detect, 1, 1, 2
parent, 2, 1, 1
ways, 1, 1, 152
boy, 2, 2, 10
label, 1, 1, 1
colours, 1, 1, 1
outside, 8, 7, 75
skyscraper, 1, 1, 3
reproducible, 1, 1, 5
khronos, 1, 1, 8
across, 2, 2, 56
jumper, 1, 1, 1
notice, 2, 2, 6
vertical, 1, 1, 3
screen, 3, 3, 23
style, 11, 7, 52
wednesday, 3, 2, 1
imgurcomawlvu3, 1, 1, 7
styles, 1, 1, 1
killing, 4, 3, 33
come, 10, 10, 183
pixels, 2, 2, 2
mob, 5, 4, 59
reddit, 2, 2, -8
many, 16, 13, 148
trades, 1, 1, 1
according, 1, 1, 5
guardians, 5, 5, 76
delete, 1, 1, 1
comes, 4, 4, 12
jitter, 1, 1, 62
passenger, 1, 1, 31
color, 4, 4, 58
overview, 1, 1, 1
topdown, 1, 1, 8
entites, 2, 1, 6
pop, 1, 1, 3
60, 3, 1, 0
usecase, 1, 1, 31
64, 2, 1, 0
3000, 1, 1, 28
cancel, 1, 1, 0
skeletons, 2, 1, 8
boat, 3, 2, 6
carethey, 1, 1, 2
west, 1, 1, 3
classic, 1, 1, 3
mark, 2, 2, 8
attaching, 1, 1, 2
counts, 1, 1, 17
jerky, 1, 1, 141
sensibly, 1, 1, 31
500, 2, 1, 0
wants, 2, 2, 6
direction, 7, 7, 82
enable, 2, 2, 63
commands, 1, 1, 3
tiger, 1, 1, 14
wake, 1, 1, 1
external, 1, 1, 1
stems, 1, 1, 7
instalation, 1, 1, 2
hardcore, 1, 1, 3
spirit, 1, 1, 3
countless, 1, 1, 3
case, 5, 5, 173
shaft, 1, 1, 3
hai, 1, 1, 1
spanking, 1, 1, 1
trick, 1, 1, 3
cast, 2, 1, 41
hdd, 2, 1, 0
promising, 1, 1, 1
situation, 1, 1, 4
elytra, 20, 17, 373
promised, 1, 1, 13
ive, 1, 1, 1
vest, 1, 1, 1
eventually, 2, 2, 62
projectid, 2, 2, 89
minutesat, 1, 1, 3
sleeping, 1, 1, 16
middle, 6, 5, 15
someone, 13, 13, 49
clutter, 1, 1, 68
ivs, 1, 1, 2
spooked, 1, 1, 0
worry, 1, 1, 2
different, 7, 6, 22
litw, 1, 1, 0
locking, 1, 1, 0
lava, 3, 1, 2
trip, 1, 1, 57
shifts, 1, 1, 35
authentication, 1, 1, 1
arguments, 1, 1, 48
lite, 2, 1, 0
events, 2, 2, 3
week, 5, 5, 81
halfsecond, 1, 1, 0
mineshaft, 4, 4, 9
9x9, 1, 1, 2
vestigial, 1, 1, 2
screenshot, 1, 1, 1
downloads, 1, 1, 2
driver, 4, 3, 56
running, 4, 4, 29
edges, 3, 3, 302
jumptime, 1, 1, 7
changing, 2, 2, 81
booster, 2, 2, 156
supports, 1, 1, 19
walls, 17, 13, 208
directional, 1, 1, 1
amounts, 1, 1, 5
without, 10, 10, 112
solve, 2, 2, 3
imgurcomalx1fx, 1, 1, 180
creeper, 3, 3, 9
coordinate, 1, 1, 1
iimgurcomcr0s21wjpg, 1, 1, 2
betaminecraftnet, 1, 1, 1
gates, 4, 4, 53
money, 1, 1, 1
slime, 1, 1, 1
rest, 1, 1, 1
mumbojumbo, 1, 1, 1
kill, 3, 3, 11
aspect, 1, 1, 2
abrupt, 2, 2, 51
dock, 1, 1, 1
subtitle, 1, 1, 41
speed, 2, 2, 13
ps4, 1, 1, 1
blow, 2, 2, 1
gather, 1, 1, 1
dipped, 1, 1, 2
application, 1, 1, 1
thinking, 3, 3, 4
rose, 1, 1, 36
seems, 9, 9, 12
except, 4, 4, 23
desktop, 1, 1, 0
blog, 1, 1, 1
lets, 2, 2, 9
interested, 2, 2, 5
purpur, 1, 1, 2
4, 6, 5, 22
versa, 1, 1, 16
invasive, 1, 1, 1
struck, 1, 1, 2
ross, 1, 1, 6
real, 6, 6, 17
around, 20, 19, 369
rules, 1, 1, 0
glitched, 1, 1, 3
amd, 2, 2, 0
early, 4, 4, 27
lwjgl, 1, 1, 5
mom, 1, 1, 16
using, 14, 13, 60
aiming, 3, 2, 10
imgurcomaambrf, 2, 2, 2
mod, 14, 11, 100
vertically, 1, 1, 3
intel, 2, 2, 8
particle, 2, 2, 3
achieve, 1, 1, 4
272571124728106, 1, 1, 1
buddies, 1, 1, 1
maintained, 1, 1, 2
seemedmissing, 1, 1, 5
server, 32, 24, 138
facing, 4, 2, 0
benefit, 2, 1, 8
either, 10, 10, 44
fully, 1, 1, 5
tower, 2, 2, 3
imgurcomajlzyt, 1, 1, 1
conditional, 1, 1, 1
images, 2, 2, 12
subtypes, 1, 1, 3
intact, 2, 2, 2
matching, 1, 1, 0
hitbox, 3, 3, 56
slice, 1, 1, 8
skelly, 1, 1, 5
confirm, 2, 2, 9
memories, 2, 2, 2
fluids, 1, 1, 7
conservative, 1, 1, 1
overlyquick, 1, 1, 9
exit, 1, 1, 1
bridges, 1, 1, 3
ovens, 1, 1, 2
welcome, 1, 1, 2
wheat, 3, 2, 7
power, 2, 2, 3
seconds, 3, 3, 1
papa, 2, 2, 14
equivalent, 3, 3, 11
10400amp, 2, 2, 89
broken, 3, 3, 8
tweetposteramp, 4, 2, 19
yay, 1, 1, 0
went, 3, 3, 21
earlier, 1, 1, 1
stone, 4, 4, 5
ok, 4, 4, 37
oh, 14, 13, 105
island, 6, 6, 23
oc, 2, 1, 0
meaning, 1, 1, 19
wlteyzeenyu, 1, 1, 2
practical, 2, 2, 2
creepers, 1, 1, 1
boldly, 1, 1, 1
fell, 1, 1, 9
greatly, 3, 3, 14
mounting, 1, 1, 1
mixed, 2, 2, 6
luck, 3, 3, 25
os, 3, 3, 97
op, 4, 4, 6
referenced, 1, 1, 3
beacons, 1, 1, 1
image, 3, 3, 116
renovate, 2, 1, 1
noone, 2, 2, 18
humpbacks, 1, 1, 3
accounts, 1, 1, 4
lively, 1, 1, 1
nowadays, 1, 1, 8
cared, 1, 1, 2
prepare, 1, 1, 3
area, 4, 3, 10
removing, 14, 12, 219
hey, 3, 3, 7
culdron, 1, 1, 2
sides, 5, 3, 4
autorefuelling, 1, 1, 31
start, 8, 8, 12
stealth, 1, 1, 41
modders, 2, 2, 68
low, 1, 1, 0
lot, 17, 14, 73
ctrlv, 1, 1, 1
assumes, 1, 1, 2
revamped, 1, 1, 3
relic, 1, 1, 4
complete, 3, 3, 90
enough, 8, 8, 135
gliding, 2, 2, 83
buggy, 4, 4, -26
sore, 1, 1, 1
castaway, 1, 1, 7
20160216, 1, 1, 17
20160217, 1, 1, 2
280358778351452, 1, 1, 1
trying, 10, 9, 35
cheated, 1, 1, 3
pull, 1, 1, 55
applying, 2, 2, 0
1020, 1, 1, 2
default, 1, 1, 6
planters, 1, 1, 1
dirty, 1, 1, 3
dispensing, 3, 2, 0
grass, 3, 2, 2
builders, 1, 1, 3
agree, 6, 5, 94
darker, 1, 1, 189
detailed, 5, 3, 12
gone, 2, 2, 2
replacing, 1, 1, 7
videos, 1, 1, 2
af, 2, 2, 1
ah, 2, 2, 8
deep, 3, 2, 11
general, 3, 3, 25
file, 2, 2, 1
girlfriend, 1, 1, -6
watched, 1, 1, 4
horse, 8, 6, 107
nerd, 1, 1, 1
fill, 2, 2, 3
incorrect, 2, 2, 51
mpserv, 1, 1, 0
deserve, 1, 1, 8
swords, 14, 5, 4
modding, 2, 1, 2
thwoomp, 1, 1, 62
valid, 3, 3, 64
5, 2, 2, 5
spatial, 1, 1, 48
trash, 1, 1, 1
babylon, 1, 1, 1
mineatlascom, 1, 1, 1
deviation, 1, 1, 2
midair, 3, 2, 50
imgurcom8ldrinh, 1, 1, 2
waving, 2, 2, 1
important, 3, 3, 65
torches, 3, 2, 23
pool, 1, 1, 2
recirculate, 1, 1, 2
chords, 1, 1, 2
intentional, 1, 1, 1
odds, 1, 1, 2
ab_channel, 1, 1, 3
curve, 1, 1, 6
hello, 2, 2, 16
boosters, 4, 3, 12
u, 3, 3, 4
hugely, 1, 1, 2
alright, 1, 1, 1
starting, 2, 2, 16
cpu, 5, 3, 9
xisumavoid, 1, 1, 2
represent, 2, 2, 3
forget, 2, 2, 2
pointing, 2, 1, 1
caused, 2, 2, 54
reposting, 1, 1, 1
lack, 1, 1, 1
month, 5, 5, 40
ladders, 1, 1, 48
prioritizes, 1, 1, 0
code, 2, 2, 19
messy, 1, 1, 8
follow, 1, 1, 16
faster, 10, 9, 68
reasoning, 1, 1, 10
carpet, 2, 2, 4
content, 1, 1, 10
referring, 1, 1, 13
co, 1, 1, 3
tp, 1, 1, 6
removal, 4, 4, 25
program, 1, 1, 2
128x128, 1, 1, 1
tb, 1, 1, 0
ta, 3, 2, 3
sound, 1, 1, 2
worse, 3, 3, -24
alternatives, 1, 1, 9
faq, 2, 2, 19
overdone, 1, 1, 8
puzzles, 2, 2, 4
fan, 1, 1, 1
surprise, 1, 1, 4
ticket, 1, 1, 0
difference, 3, 2, 7
steve, 2, 2, 4
spigotbukkit, 1, 1, 1
literately, 1, 1, 4
list, 4, 4, 10
toggle, 2, 2, 63
cascading, 1, 1, 9
large, 10, 8, 74
small, 11, 10, 114
nimstut, 1, 1, 1
dedication, 1, 1, 2
glsl, 1, 1, 1
andor, 4, 4, 3
fence, 8, 6, 64
whereee, 1, 1, 1
tea, 1, 1, 8
unable, 1, 1, 41
past, 1, 1, 22
burger, 1, 1, 4
rate, 2, 2, 16
design, 8, 8, 38
perspective, 1, 1, 1
pass, 2, 2, 2
compile, 2, 1, 1
centering, 1, 1, 41
darkness, 1, 1, 16
clock, 3, 3, 1
sum, 1, 1, 4
unattached, 1, 1, 2
version, 19, 19, 160
pastebincomgx31zy39, 1, 1, 2
destroyed, 1, 1, 3
16w07b, 2, 2, 18
learned, 2, 2, 26
method, 2, 2, 14
multitude, 1, 1, 8
movement, 2, 2, 146
edited, 1, 1, -4
full, 2, 2, 2
answers, 2, 2, 24
hours, 3, 3, 15
tracks, 2, 2, 155
threads, 1, 1, 68
strong, 2, 2, 10
arena, 1, 1, 1
ingame, 1, 1, 8
search, 5, 3, 97
gamerule, 3, 3, 57
difficulty, 2, 2, 99
allows, 2, 2, 4
mmo, 1, 1, 16
experience, 5, 3, 89
pics, 2, 2, 2
drawers, 2, 1, 15
amount, 4, 4, 55
pick, 12, 5, 16
action, 2, 2, 3
options, 1, 1, 3
394114ec, 1, 1, 41
via, 3, 3, 83
followed, 2, 1, 1
thankfully, 1, 1, 1
suddenly, 2, 2, 70
grapplio, 1, 1, 1
emptied, 1, 1, 180
ask, 5, 5, 52
pigmen, 2, 2, 4
chunks, 15, 10, 55
reverting, 2, 2, 9
spawned, 2, 2, 4
suspensions, 1, 1, 5
eye, 6, 5, 53
takes, 2, 2, 5
amaze, 1, 1, 4
beginning, 1, 1, 7
two, 4, 4, 10
automate, 1, 1, 1
6, 6, 5, 4
taken, 1, 1, 1
tag, 3, 3, 46
markets, 1, 1, 2
horses, 7, 6, 131
flat, 8, 7, 107
flaw, 1, 1, 3
diamond, 2, 2, 40
door, 1, 1, 13
company, 1, 1, 0
site, 1, 1, 5
excuse, 1, 1, 16
flag, 2, 2, 3
basically, 4, 4, 17
lemons, 4, 4, 13
imgurcoman5mcx, 1, 1, 5
known, 1, 1, 1
glad, 2, 2, 4
helped, 1, 1, 3
none, 1, 1, 0
gravel, 1, 1, 3
canceled, 1, 1, 0
sucks, 1, 1, 6
installing, 3, 1, 0
dev, 3, 3, 17
maaaybe, 1, 1, 1
pressing, 1, 1, 2
nine, 1, 1, 22
v, 6, 6, 26
abandon, 1, 1, 4
obtain, 1, 1, 2
93819220, 1, 1, 1
beautiful, 2, 2, 3
ready, 1, 1, 1
challenging, 2, 2, 4
pushes, 1, 1, 8
stated, 1, 1, 2
suggestions, 3, 3, 8
r9, 2, 2, 0
sphere, 1, 1, 3
sense, 6, 6, 109
magenta, 1, 1, 1
lacks, 1, 1, 8
species, 1, 1, 45
mainstream, 1, 1, 5
information, 4, 3, 3
needs, 9, 9, 283
awkward, 3, 3, 185
rather, 8, 7, 70
acts, 1, 1, 7
excel, 2, 1, 1
stayed, 1, 1, 152
maps, 8, 7, 21
glowing, 3, 2, 25
plant, 2, 2, 2
okay, 1, 1, 2
tried, 15, 11, 23
suppose, 1, 1, 6
advice, 5, 4, 36
exitonly, 1, 1, 1
retirement, 1, 1, -4
disable, 3, 2, 1
2k0smqbbipqamp, 1, 1, 3
adventure, 2, 2, 16
coming, 3, 3, 5
response, 1, 1, 1
imgurcomr7xuzod, 1, 1, 24
short, 2, 2, 8
tweeting, 1, 1, 6
shady, 1, 1, 1
bugs, 9, 5, 100
dragon, 6, 6, 36
caus, 1, 1, 1
coal, 6, 5, 93
wrench, 5, 1, 0
hobbit, 1, 1, 3
playing, 7, 7, 30
cmsincrementalmode, 1, 1, 19
help, 10, 10, 107
disables, 1, 1, 48
endermite, 1, 1, 13
soon, 5, 5, 31
installed, 2, 2, 15
replies, 1, 1, 38
hell, 2, 2, 32
itt, 1, 1, 21
podzol, 4, 3, 21
developer, 1, 1, 3
25, 1, 1, 1
26, 1, 1, 3
20, 4, 4, 53
figuring, 1, 1, 9
actually, 23, 18, 142
absence, 1, 1, 2
strange, 2, 2, 4
bummer, 1, 1, 152
might, 14, 12, 102
good, 37, 33, 223
uhc, 2, 2, 3
yo, 1, 1, -1
ya, 1, 1, 3
number, 2, 2, 4
6600k, 1, 1, 0
mineshafts, 1, 1, 110
xlinux, 1, 1, 8
bigger, 3, 3, 5
easily, 6, 5, 57
gets, 2, 2, 2
always, 19, 18, 336
bless, 2, 2, 14
danmit, 1, 1, 3
stopped, 2, 2, 63
found, 14, 12, 109
button, 3, 3, 17
onehit, 1, 1, 1
barrels, 1, 1, 15
reactions, 1, 1, 9
gfx, 1, 1, 0
everyone, 5, 5, 24
customization, 1, 1, 1
visually, 1, 1, 9
house, 13, 11, 95
fish, 1, 1, 1
hard, 2, 2, 2
idea, 8, 7, 30
finish, 1, 1, 13
lagarith, 1, 1, 0
nuttitios, 1, 1, 1
really, 45, 36, 298
hooray, 1, 1, 1
flower, 2, 1, 2
missed, 1, 1, 24
wondered, 1, 1, 2
p, 5, 5, 154
trooper, 1, 1, 4
since, 14, 13, 52
ftb, 1, 1, 1
fountain, 2, 1, 2
hill, 1, 1, 2
toggleable, 1, 1, 8
issue, 7, 6, 100
ass, 1, 1, 5
dirt, 12, 5, 28
roofs, 3, 2, 24
upon, 2, 2, 29
story, 1, 1, 2
modpacks, 1, 1, 19
houses, 5, 4, 11
reason, 4, 4, 26
base, 2, 2, 19
imagine, 2, 2, 2
put, 14, 13, 196
generate, 1, 1, 1
owners, 2, 2, 9
rprehistoricnews, 1, 1, 1
thread, 1, 1, 68
brown, 2, 2, 5
hoppers, 9, 6, 36
terrible, 2, 2, 18
netwok, 1, 1, 1
terribly, 1, 1, -35
wither, 1, 1, 8
expecting, 1, 1, 1
lollooks, 1, 1, 6
castle, 5, 4, 5
n00b, 1, 1, 1
goldredstone, 1, 1, 57
radeon, 1, 1, 0
feed, 3, 3, 60
dont, 5, 4, 15
upper, 2, 2, 19
feel, 6, 6, 205
redditpoints, 1, 1, 35
linking, 2, 1, 55
feet, 2, 2, 8
done, 10, 10, 457
rails, 10, 7, 78
culled, 1, 1, 48
bland, 2, 2, 4
says, 4, 4, 14
miss, 1, 1, 4
tf2, 1, 1, 1
guess, 9, 9, 55
heads, 5, 5, 56
script, 1, 1, -4
smoother, 1, 1, 14
least, 6, 6, 103
jeb, 7, 7, 398
belongs, 1, 1, 1
wonderful, 1, 1, 10
vsync, 2, 1, 0
dealing, 2, 2, 41
gpu, 3, 1, 0
hundred, 1, 1, 0
store, 1, 1, 2
kids, 2, 1, 1
option, 3, 3, 51
behind, 3, 3, 217
plane, 1, 1, 15
appreciation, 1, 1, 1
part, 5, 5, 65
colo, 1, 1, 2
obstructed, 1, 1, 2
believe, 2, 2, 3
stairs, 7, 5, 28
andesite, 1, 1, 3
kind, 15, 14, 42
189, 1, 1, 15
double, 4, 4, 1
dispensed, 1, 1, 0
recording, 1, 1, 1
2025, 1, 1, 0
anvils, 1, 1, 1
2020, 1, 1, 15
supposed, 3, 3, 12
dispenser, 4, 3, 2
dispenses, 1, 1, 1
mineamp, 1, 1, 2
risky, 1, 1, 12
undersized, 1, 1, 2
skyscrapers, 1, 1, 2
gals, 1, 1, 2
fuelling, 1, 1, 31
mossy, 1, 1, 1
fights, 1, 1, 2
chunkloader, 2, 2, 19
randomly, 2, 2, 5
incidentally, 1, 1, 1
minecarts, 40, 27, 635
aged, 1, 1, 41
squints, 1, 1, 6
modpack, 7, 6, 26
mountain, 3, 3, 65
built, 7, 7, 252
depending, 1, 1, 62
lil, 2, 2, 27
cave, 2, 2, 3
derpy, 2, 2, 18
lit, 3, 1, 3
also, 39, 36, 420
build, 33, 21, 192
15w47c, 1, 1, 6
15x10, 1, 1, 8
puffing, 1, 1, 152
buff, 1, 1, 2
play, 12, 11, 16
experienced, 3, 3, 89
customize, 1, 1, 1
sets, 1, 1, 4
reach, 1, 1, 3
75, 1, 1, 20
significant, 1, 1, 20
nothing, 9, 8, 40
alpha, 1, 1, 1
extremely, 2, 2, 32
model, 2, 2, 32
achievement, 2, 2, 43
appear, 1, 1, 3
exe, 2, 2, 89
windows, 4, 4, 105
clear, 4, 4, 154
sometimes, 3, 3, 21
cover, 1, 1, 68
furny, 1, 1, 12
artistic, 1, 1, 0
ingots, 1, 1, 1
donkeys, 1, 1, 115
physics, 2, 2, 167
attacking, 2, 2, 8
joining, 1, 1, 6
midflight, 1, 1, 14
gold, 9, 4, 62
runescape, 5, 5, 7
hopper, 31, 5, 4
taller, 1, 1, 6
stumped, 1, 1, 2
session, 1, 1, 2
relation, 1, 1, 1
15513, 1, 1, 48
heavens, 1, 1, 1
screenshots, 2, 2, 2
find, 27, 23, 185
15516, 1, 1, 41
impact, 2, 2, 3
wraps, 1, 1, 9
nevertheless, 2, 2, 32
upwards, 1, 1, 3
fpss, 1, 1, 5
unrealistic, 1, 1, 55
ruin, 1, 1, -35
heavily, 1, 1, 8
pretty, 26, 24, 220
8, 9, 3, 24
circle, 1, 1, 4
merged, 1, 1, 64
hit, 6, 5, 67
dependent, 1, 1, 1
trees, 5, 5, 10
cheaper, 1, 1, 57
feels, 4, 4, 80
fastest, 1, 1, 9
closely, 1, 1, 3
combinations, 1, 1, 1
damnit, 1, 1, 63
4235, 1, 1, 15
restart, 1, 1, 15
javawexe, 1, 1, -4
cringy, 1, 1, -6
floorceiling, 1, 1, 9
immerse, 1, 1, 16
cry, 1, 1, 349
remove, 17, 13, 157
modded, 1, 1, 1
dismounted, 1, 1, 3
common, 1, 1, 4
gotten, 2, 2, 35
x, 7, 6, 97
pvp, 4, 3, 63
bars, 12, 8, 173
set, 3, 3, 62
art, 3, 3, 89
cynical, 1, 1, 35
throwing, 2, 2, 105
vine, 1, 1, 9
sex, 1, 1, 16
thecyanideepic, 1, 1, 2
see, 39, 36, 495
sea, 2, 2, 7
close, 3, 3, 51
arm, 1, 1, 1
definitely, 3, 3, 12
probable, 1, 1, 2
0aplease, 2, 2, 19
deactivate, 1, 1, 14
pictures, 5, 5, 69
wow, 9, 8, 76
currently, 4, 4, 33
please, 21, 16, 160
glassblock, 1, 1, 1
rod, 1, 1, 1
various, 2, 2, 5
probably, 11, 11, 60
nope, 1, 1, 0
monsters, 2, 1, 16
available, 2, 2, 18
recently, 5, 5, 7
creating, 3, 2, 34
missing, 2, 2, 3
sold, 1, 1, 0
brewing, 1, 1, 3
prerelease, 1, 1, 4
nonexistent, 1, 1, 1
invisible, 1, 1, 0
last, 6, 6, 219
blazes, 1, 1, 1
greatsaddle, 1, 1, 2
bottomhalf, 1, 1, 16
barely, 2, 2, 12
h3h3, 1, 1, 3
context, 2, 1, 48
forgotten, 2, 2, 12
rdataisbeautiful, 1, 1, 7
whole, 6, 6, 9
blaze, 7, 3, 4
experimental, 1, 1, 5
load, 2, 2, 20
liked, 2, 2, 3
sprump, 1, 1, 1
point, 10, 9, 53
reasons, 1, 1, 57
sky, 3, 2, 5
community, 2, 2, 3
skips, 3, 1, 0
simply, 5, 5, 80
upvoted, 1, 1, 8
village, 3, 3, 18
slots, 1, 1, 55
improvement, 2, 2, 68
expensive, 1, 1, 1
duh, 1, 1, 0
ps, 2, 2, 0
java, 29, 8, 38
skywars, 1, 1, 1
create, 6, 5, 11
due, 3, 2, 57
pc, 2, 2, 2
damn, 5, 5, 72
coarse, 3, 3, 22
explosionage, 1, 1, 1
brick, 1, 1, 2
whoa, 1, 1, 24
empty, 3, 3, 11
box, 1, 1, 6
generating, 1, 1, 2
flight, 1, 1, 2
packs, 9, 7, 26
fire, 4, 4, 11
39, 1, 1, 17
else, 9, 9, 115
towny, 1, 1, 3
whatever, 3, 3, 10
understand, 8, 8, 335
mistakestypos, 1, 1, 41
eli5, 1, 1, 22
upvotes, 1, 1, 8
despite, 1, 1, 1
plants, 1, 1, 2
unify, 1, 1, 1
look, 32, 28, 538
raw, 1, 1, 1
solid, 5, 5, 159
warrant, 1, 1, 0
straight, 5, 5, 58
eclipsed, 1, 1, 152
replaced, 1, 1, 1
pearls, 1, 1, 9
fun, 10, 10, 127
loot, 2, 2, 2
animated, 1, 1, 4
cages, 4, 4, 29
pack, 10, 8, 25
rminecraftclues, 1, 1, 12
10000, 2, 2, 24
hoping, 1, 1, 4
moth, 1, 1, 0
binding, 1, 1, 87
stations, 1, 1, 31
disappointing, 1, 1, 24
confining, 1, 1, 1
facade, 1, 1, 8
rig, 3, 3, 2
rid, 3, 3, 15
funny, 1, 1, 4
lengthy, 1, 1, 3
anymore, 2, 2, 6
slab, 1, 1, 16
belong, 2, 1, 0
tells, 1, 1, 2
lagbug, 1, 1, 2
read, 8, 7, 21
deletion, 1, 1, 0
9, 16, 4, 41
theironking1213, 1, 1, 5
conflict, 1, 1, 1
higher, 5, 5, 115
used, 20, 20, 104
paths, 1, 1, 1
keys, 2, 2, 42
confurmd, 1, 1, 11
uses, 4, 4, 46
user, 1, 1, 27
imgurcomaart77, 1, 1, 2
aggregate, 1, 1, 2
stack, 2, 2, 2
focal, 1, 1, 8
lower, 1, 1, 1
older, 6, 5, 24
chickens, 1, 1, 1
anybody, 2, 2, 4
obviously, 5, 5, 8
person, 1, 1, 0
entry, 1, 1, 2
thats, 1, 1, 1
rates, 1, 1, 3
spend, 1, 1, 6
distances, 1, 1, 55
construct, 1, 1, 1
powering, 1, 1, 1
settlements, 1, 1, 4
shape, 2, 2, 5
cooldown, 1, 1, 1
questions, 2, 2, 19
world, 19, 17, 159
useful, 20, 18, 272
alternative, 1, 1, 2
sidebar, 1, 1, 5
continent, 1, 1, 3
letting, 1, 1, 35
tables, 1, 1, 1
password, 3, 2, 2
railcraft, 2, 2, 82
speedily, 1, 1, 62
pillars, 3, 2, 22
bugginess, 1, 1, 57
location, 1, 1, 3
snap, 1, 1, 1
finder, 1, 1, 1
big, 5, 5, 55
couple, 5, 5, 42
overworld, 1, 1, 1
hrights, 1, 1, 1
lovin, 1, 1, 1
matters, 1, 1, 8
game, 23, 22, 154
damage, 6, 5, 52
bit, 18, 16, 97
wings, 5, 4, 70
contraptions, 2, 1, 1
helpful, 1, 1, 2
rwarhammer40k, 1, 1, 1
signal, 7, 4, 84
heart, 1, 1, 1
collect, 2, 2, 5
continue, 2, 2, 6
unstable, 1, 1, 19
2block, 1, 1, 3
popular, 3, 3, 2
lightsource, 1, 1, 10
google, 4, 3, 8
stagnating, 1, 1, 15
often, 4, 4, 84
absolutely, 5, 5, 9
back, 16, 15, 165
added, 11, 10, 141
examples, 1, 1, 16
eggwars, 1, 1, 1
curious, 2, 2, 17
sprint, 1, 1, 3
oddly, 1, 1, 3
redstone, 19, 10, 40
yknow, 1, 1, 2
overthink, 1, 1, 2
testificate, 1, 1, 9
shall, 1, 1, 9
integration, 2, 2, 4
connecting, 1, 1, 1
phasing, 2, 2, 4
temple, 2, 2, 3
eating, 1, 1, 2
stem, 4, 1, 1
zombie, 3, 2, 11
tinker, 1, 1, 1
nowhere, 2, 2, 3
crap, 3, 3, 4
wouldnt, 2, 1, 1
76, 1, 1, 20
goody, 1, 1, 3
firing, 1, 1, 3
ids, 1, 1, 20
awwww, 1, 1, 2
range, 5, 3, 17
idk, 1, 1, 0
block, 29, 24, 176
radmincraft, 1, 1, 1
seeing, 3, 3, 25
david, 1, 1, 58
garbage, 1, 1, 0
within, 2, 2, 41
servers, 3, 3, 57
services, 1, 1, 1
corsair, 1, 1, 0
oaks, 1, 1, 1
frames, 1, 1, 1
lesson, 1, 1, 2
downhill, 1, 1, 141
reworked, 1, 1, 57
behaving, 1, 1, 48
diameters, 1, 1, 1
span, 1, 1, 1
spam, 1, 1, 41
spending, 1, 1, 4
dinnerbone, 1, 1, 1
placing, 1, 1, 1
question, 10, 9, 18
long, 15, 14, 103
custom, 4, 4, 51
endless, 1, 1, 3
forward, 1, 1, 1
spawning, 4, 4, 22
opens, 1, 1, 9
files, 3, 3, 90
mountains, 1, 1, 3
https, 54, 33, 417
u_grum, 1, 1, 4
specialty, 1, 1, 1
mcart, 1, 1, 1
hoped, 1, 1, 0
udinnerbone, 1, 1, 5
chested, 1, 1, 41
link, 11, 11, 195
line, 3, 3, 169
deployed, 1, 1, 62
posted, 2, 1, 68
info, 1, 1, 1
utc, 2, 2, 19
redeemed, 1, 1, 55
circuits, 1, 1, 1
us, 9, 8, 53
um, 1, 1, 15
mobile, 1, 1, 18
bragging, 1, 1, 1
z, 4, 3, 4
similar, 4, 4, 12
called, 2, 2, 4
metal, 1, 1, 1
listening, 1, 1, 3
castpredicate, 1, 1, 41
single, 5, 4, 59
warning, 3, 3, 106
brethren, 1, 1, 2
codes, 1, 1, 12
fixing, 3, 3, 9
nah, 2, 2, 2
tu32, 1, 1, 1
imgurcomarclmb, 1, 1, 1
codec, 2, 1, 0
functionality, 1, 1, 20
forge, 6, 2, 3
nice, 31, 29, 132
draw, 1, 1, 1
potion, 2, 2, 14
users, 5, 4, 102
crouching, 2, 1, 35
favourite, 1, 1, 3
problems, 3, 3, 17
cobblestone, 8, 7, 126
drag, 1, 1, 0
halfblock, 1, 1, 3
o3o, 1, 1, 15
finding, 1, 1, 2
desert, 2, 1, 1
ago, 7, 7, 7
bases, 1, 1, 13
land, 1, 1, 2
e, 1, 1, 48
vice, 1, 1, 16
youtube, 1, 1, 6
walked, 1, 1, 61
tradeoff, 1, 1, 2
depth, 5, 5, 11
implied, 1, 1, 1
2007, 1, 1, 16
far, 6, 6, 31
requires, 1, 1, 2
gt, 15, 10, 57
results, 1, 1, 1
totem, 1, 1, 3
impracticatlity, 1, 1, 57
penis, 1, 1, 17
farms, 3, 3, 7
gb, 3, 1, 0
aw, 1, 1, 4
go, 23, 23, 207
amplified, 1, 1, 4
issues, 3, 3, 38
seemed, 2, 2, 16
sshh, 1, 1, 3
nimstv, 1, 1, 1
young, 1, 1, 2
send, 1, 1, 18
easiest, 1, 1, 1
topic, 1, 1, 1
multicore, 2, 1, 8
helps, 3, 2, 6
stable, 3, 3, 24
cluttered, 2, 2, 2
dislike, 1, 1, 2
include, 2, 2, 2
bossesmobsweaponsetc, 1, 1, 15
resources, 4, 3, 74
fly, 2, 2, 8
bedrock, 2, 2, 7
buggyness, 1, 1, 1
wave, 2, 2, 50
wavy, 1, 1, 0
putting, 3, 3, 9
spook, 1, 1, 17
resonant, 1, 1, 3
mc94438, 2, 2, 2
rminecraftbuddies, 2, 2, 2
arrange, 1, 1, 31
entire, 1, 1, 1
glow2, 1, 1, 47
experiencing, 1, 1, 0
marry, 1, 1, 3
try, 15, 13, 83
3x3, 1, 1, 1
min, 1, 1, 1
imgur, 2, 2, 4
havent, 1, 1, 1
ride, 3, 1, 2
panes, 1, 1, 1
smaller, 2, 2, 10
jump, 15, 12, 77
video, 7, 6, 33
enclosed, 1, 1, 2
picked, 2, 2, 13
download, 13, 8, 118
hopped, 1, 1, 16
inaccurate, 1, 1, 5
purge, 1, 1, 1
plays, 1, 1, 6
paintings, 1, 1, 6
giving, 1, 1, 55
fine, 4, 4, 24
modder, 1, 1, 6
starmade, 1, 1, 0
access, 3, 2, 22
paying, 1, 1, 1
waiting, 2, 2, -2
poles, 1, 1, 3
flowing, 1, 1, 2
netherbrick, 1, 1, 1
slabs, 7, 5, 27
cozy, 2, 1, 1
respectively, 1, 1, 3
pushing, 2, 2, 46
punch, 1, 1, 1
tellraw, 1, 1, 48
highly, 4, 2, 10
growing, 2, 2, 5
explore, 1, 1, 2
let, 9, 6, 33
sink, 1, 1, 9
others, 2, 2, 8
rmcservers, 1, 1, 0
layout, 1, 1, 8
stairbased, 1, 1, 16
enterprising, 1, 1, 6
mindset, 1, 1, 3
newness, 1, 1, 57
great, 26, 23, 145
7700, 1, 1, 0
receive, 1, 1, 68
involved, 2, 2, 24
dispensers, 1, 1, 2
30, 2, 2, 7
shader, 10, 5, 11
34, 1, 1, 8
engine, 2, 2, 28
situations, 1, 1, 1
opinion, 5, 4, 29
implement, 1, 1, 6
youtuber, 3, 3, 8
makes, 13, 12, 226
looted, 1, 1, 1
named, 1, 1, 0
nearest, 1, 1, 3
manage, 1, 1, 9
crazy, 4, 4, 64
private, 1, 1, 1
api, 6, 4, 68
toodamnfilthy, 1, 1, 3
wip, 1, 1, 4
scandal, 1, 1, 7
bindings, 1, 1, 5
redo, 1, 1, 1
staple, 2, 2, 18
standing, 11, 5, 4
use, 49, 42, 648
wr068fbzfk, 1, 1, -7
beefed, 1, 1, -6
theme, 1, 1, 9
next, 5, 5, 69
camera, 2, 2, 79
uss, 1, 1, 5
_, 2, 2, 3
simpler, 1, 1, 57
historically, 1, 1, 7
sort, 6, 6, 36
started, 8, 7, 13
becomes, 1, 1, 3
impress, 1, 1, 3
trail, 6, 2, 19
pfs, 1, 1, 0
train, 7, 6, 66
1tb, 1, 1, 0
rabbit, 1, 1, 1
actualy, 1, 1, 41
central, 1, 1, 1
iii, 1, 1, 2
glitching, 1, 1, 6
account, 3, 2, 16
embarked, 1, 1, 1
challenge, 2, 2, 13
clients, 2, 2, 24
anywhere, 1, 1, 1
obvious, 1, 1, 1
aight, 1, 1, 1
meet, 1, 1, 1
drops, 3, 3, 3
control, 2, 2, 31
mpeg2, 1, 1, 0
thirsty, 1, 1, 19
process, 1, 1, 3
hiatus, 1, 1, -4
coolness, 1, 1, -6
bonemeal, 2, 2, 4
pieces, 1, 1, 2
high, 9, 7, 40
effectively, 1, 1, 0
taiga, 1, 1, 16
pulling, 1, 1, 55
something, 22, 20, 117
img3, 1, 1, 0
img2, 2, 1, 0
img1, 1, 1, 0
rods, 3, 2, 43
img4, 1, 1, 0
lumbridge, 2, 2, 37
iimgurcom7dkircupng, 1, 1, 4
varied, 1, 1, 57
afk, 2, 2, 0
holds, 1, 1, 1
located, 1, 1, 2
forest, 1, 1, 2
animal, 1, 1, 3
instead, 18, 17, 131
furnace, 54, 39, 1270
sin, 1, 1, 8
circular, 2, 2, 1
administrator, 1, 1, 0
blocks, 53, 43, 435
farm, 10, 9, 172
stop, 3, 3, 12
act, 1, 1, 18
collection, 2, 2, 9
bothered, 1, 1, 57
weighed, 1, 1, 3
pigs, 1, 1, 22
fatigue, 2, 1, 3
trapdoors, 2, 2, 6
spelling, 1, 1, 2
furnaces, 1, 1, 2
realized, 2, 2, 9
2x2, 1, 1, 13
light, 4, 3, 15
prismarine, 2, 2, 47
sit, 2, 2, 55
lines, 1, 1, 55
selectors, 1, 1, 48
honestly, 4, 4, 13
allow, 2, 2, 5
crawling, 5, 5, 71
software, 1, 1, 1
preparing, 1, 1, 4
spreads, 1, 1, 3
32x32, 1, 1, 1
insight, 1, 1, 0
whilst, 2, 1, 3
lootcrate, 2, 2, 18
including, 2, 2, 10
looks, 38, 33, 84
mentioned, 1, 1, 16
directx, 1, 1, 5
bunch, 4, 4, 163
perfect, 1, 1, 2
write, 2, 2, 1
nostalgic, 1, 1, 1
eeeey, 1, 1, 1
choose, 1, 1, 62
orange, 2, 2, 8
pixel, 1, 1, 71
dofiretick, 1, 1, 3
2012, 1, 1, -1
dad, 2, 2, 12
4690k, 1, 1, 0
designs, 3, 2, 17
crash, 1, 1, 41
fps, 5, 4, 20
dam, 1, 1, 6
practice, 1, 1, 2
mention, 2, 2, 7
modernistic, 1, 1, 3
amdlower, 1, 1, 8
emerald, 3, 2, 181
front, 5, 5, 74
rotation, 1, 1, 68
day, 3, 3, 63
presidential, 1, 1, 38
successor, 2, 2, 10
worlds, 3, 3, 5
mods, 8, 5, 19
edit, 16, 14, 98
identified, 1, 1, 0
mode, 3, 3, 83
truth, 1, 1, 12
minecartrelated, 1, 1, 3
beneath, 1, 1, 3
flair, 2, 2, 9
lfg, 1, 1, 1
activate, 7, 7, 91
bdubs, 1, 1, 3
chunk, 4, 3, 3
buildings, 3, 3, 18
related, 1, 1, 38
inverted, 1, 1, 24
books, 2, 2, 49
variety, 1, 1, 0
continents, 1, 1, 55
iimgurcomgr70blfpng, 1, 1, 61
special, 2, 2, 9
nonsolid, 1, 1, 1
arguements, 1, 1, 19
matrix, 1, 1, 7
twice, 1, 1, 2
armor, 5, 5, 60
res, 2, 2, 2
bob, 1, 1, 6
kickstarter, 1, 1, 5
fondly, 1, 1, 57
red, 5, 5, 4
piggy, 2, 1, 1
afford, 1, 1, 55
heretics, 1, 1, 1
imgurcomaxabq9, 1, 1, 6
completely, 5, 4, 28
unpowered, 1, 1, 55
20reportamp, 2, 2, 19
additional, 1, 1, 1
wwwlwjglorg, 1, 1, 5
backwards, 2, 2, 25
sheepwolf, 1, 1, 7
steal, 1, 1, 1
could, 47, 40, 545
opengl, 2, 2, 13
keep, 13, 13, 189
counterpart, 1, 1, 3
length, 2, 1, 1
produce, 1, 1, 1
timed, 2, 2, 0
15w45a, 1, 1, 6
fleshed, 1, 1, 7
powerful, 1, 1, 3
jesus, 1, 1, 0
date, 1, 1, 26
improvements, 2, 1, 8
lol, 5, 5, 42
lagging, 2, 2, 63
representations, 1, 1, 1
quality, 1, 1, 6
playlist, 1, 1, 3
hawk, 1, 1, 1
bonus, 1, 1, 8
reference, 1, 1, 1
data, 2, 1, 1
system, 8, 8, 103
grow, 3, 2, 3
attack, 2, 2, 3
cats, 1, 1, 3
perfectly, 3, 3, 26
photoshopped, 1, 1, 1
stomach, 2, 1, 19
retextured, 2, 2, 10
explanation, 1, 1, 24
exactly, 3, 2, 6
stress, 2, 1, 8
slider, 1, 1, 27
simulate, 1, 1, 16
branches, 1, 1, 0
updating, 2, 2, 64
outline, 1, 1, 122
loved, 2, 2, 209
boring, 2, 2, 18
bother, 3, 3, 18
bed, 4, 2, 17
nonbuggy, 1, 1, 2
bet, 2, 2, 10
function, 1, 1, 152
false, 2, 2, 9
corrupt, 2, 2, 89
unlikely, 1, 1, 1
need, 34, 29, 109
beefy, 1, 1, 1
border, 1, 1, 1
clearly, 2, 2, 30
illuminated, 1, 1, 16
bastard, 2, 2, 2
angle, 1, 1, 1
popups, 1, 1, 9
babel, 1, 1, 2
able, 10, 9, 116
mid, 1, 1, 1
incentive, 1, 1, 4
pictwittercom, 1, 1, 2
instance, 1, 1, 9
concerns, 1, 1, 1
outcrop, 1, 1, 1
spawns, 1, 1, 6
unless, 4, 4, 28
sneakiness, 1, 1, 1
combat, 2, 2, -20
deploy, 2, 2, 67
aww, 2, 2, 144
nametag, 1, 1, 3
milkin, 1, 1, 1
deny, 1, 1, 6
refreshing, 1, 1, 3
consequences, 1, 1, 62
landscaping, 1, 1, 2
neighboring, 1, 1, 2
stranded, 1, 1, 1
upset, 2, 1, 19
performancewise, 1, 1, 19
face, 1, 1, 2
looked, 7, 5, 150
466a5o, 1, 1, 2
snapshot, 12, 11, 217
shaders, 7, 6, -3
nailed, 1, 1, 8
staircases, 1, 1, 1
normally, 1, 1, 2
planks, 3, 2, 18
fact, 2, 2, 15
tb1, 1, 1, 2
text, 4, 3, 7
tb2, 1, 1, 2
crate, 1, 1, 1
anyway, 5, 5, 9
brother, 2, 2, 17
pleasei, 1, 1, 0
bring, 1, 1, 0
planning, 1, 1, 1
utter, 1, 1, 0
rough, 1, 1, 3
longer, 4, 4, 31
eyes, 2, 2, 7
principal, 1, 1, 24
editing, 1, 1, 2
based, 5, 5, 99
knowledge, 3, 3, 4
128255, 1, 1, 1
upvote, 1, 1, 3
jar, 2, 2, 89
buttons, 2, 2, 6
entities, 2, 2, 42
score, 1, 1, 48
combo, 3, 3, 2
fuel, 3, 3, 34
riding, 1, 1, 41
hope, 12, 12, 197
462z54, 1, 1, 17
meant, 2, 2, 3
move, 5, 5, 9
handle, 1, 1, 1
means, 6, 6, 93
beat, 1, 1, 1
wordl, 1, 1, 1
whatnot, 1, 1, 3
hopefully, 1, 1, 2
overall, 1, 1, 2
searge, 1, 1, 11
tbh, 3, 3, 185
ones, 7, 6, 16
words, 1, 1, 7
exchanges, 1, 1, 1
128, 3, 3, 10
areas, 1, 1, 1
caves, 2, 2, 7
ended, 2, 2, 6
h, 1, 1, 1
fixes, 1, 1, 1
slimes, 2, 1, 1
27s_soup_cans, 1, 1, 6
stuff, 17, 17, 110
dangerous, 1, 1, 12
grab, 1, 1, 3
fixed, 32, 13, 129
majorly, 1, 1, 1
temporarily, 1, 1, 57
constructing, 1, 1, 55
terrain, 3, 3, 6
flip, 1, 1, 3
edition, 2, 2, 8
glowstone, 1, 1, 1
desperate, 1, 1, 1
statistically, 1, 1, 2
cents, 1, 1, 4
error, 2, 2, 19
stats, 1, 1, 1
gliders, 2, 1, 22
placed, 2, 2, 6
iimgurcomylyx9izpng, 1, 1, 2
farmable, 4, 3, 22
state, 1, 1, 62
phased, 2, 2, 3
correctly, 1, 1, 6
horrible, 1, 1, 6
piston, 1, 1, 13
neither, 1, 1, 3
sildur, 1, 1, 0
frustrated, 1, 1, 4
thumbnail, 3, 3, 10
pants, 1, 1, 0
ends, 1, 1, 3
attention, 3, 3, 78
ability, 3, 3, 57
opening, 2, 2, 41
buckets, 1, 1, 55
onetime, 1, 1, 57
implementing, 1, 1, 4
job, 10, 10, 34
overhaul, 2, 2, 40
swift, 1, 1, 1
thank, 1, 1, 2
hits, 1, 1, 1
instant, 1, 1, 1
plugin, 1, 1, 1
joke, 2, 2, 2
taking, 10, 9, 82
equal, 1, 1, 19
etc, 12, 12, 268
tactical, 1, 1, 1
swim, 2, 2, 4
safely, 1, 1, 2
glorious, 2, 2, 2
otherwise, 4, 4, 87
comment, 3, 3, 63
castles, 2, 2, 8
adjusted, 1, 1, 24
relevant, 1, 1, 18
wall, 6, 6, 99
cb, 1, 1, 1
ca, 22, 20, 279
walk, 2, 2, 3
interface, 1, 1, 27
table, 1, 1, 4
allocated, 1, 1, 19
basing, 1, 1, 1
cu, 1, 1, 0
outsides, 1, 1, 1
second, 3, 3, 84
powered, 15, 11, 173
addition, 2, 2, 56
decent, 2, 2, 5
cannons, 1, 1, 1
reskinning, 1, 1, 3
lt, 2, 2, 13
slowly, 1, 1, 8
certain, 1, 1, 24
indicators, 1, 1, 1
utilizing, 1, 1, 152
waste, 2, 2, 2
username, 1, 1, 4
suggested, 1, 1, 1
elytras, 3, 2, 2
moved, 1, 1, 20
neighbour, 1, 1, 1
hmm, 1, 1, 1
finished, 1, 1, 2
imgurcomal49vo, 1, 1, 1
graphics, 2, 2, 3
improved, 3, 3, 20
locomotives, 3, 3, 64
minutiae, 1, 1, 3
plain, 4, 4, 88
vanilla, 9, 9, 27
harder, 2, 2, 5
value, 1, 1, 0
caving, 2, 2, 7
frustrating, 2, 2, 2
woefully, 1, 1, 2
rename, 1, 1, 26
layer, 2, 2, 3
manually, 1, 1, 3
almost, 3, 3, 8
726036190809193, 1, 1, 1
insanely, 1, 1, 1
vl, 1, 1, 41
surprisingly, 1, 1, 15
surface, 2, 2, 3
hardware, 1, 1, 0
vs, 2, 2, 19
politics, 1, 1, 3
midas, 1, 1, 3
greater, 1, 1, 57
moves, 1, 1, 26
grinder, 3, 3, 2
perhaps, 3, 2, 65
began, 1, 1, 2
cross, 1, 1, 1
parts, 3, 3, 11
digging, 1, 1, 1
nerf, 1, 1, 3
difficult, 2, 2, 5
experimented, 2, 2, 24
material, 2, 2, 19
http, 45, 35, 553
enchantments, 1, 1, 9
pixelmon, 1, 1, 1
cubic, 1, 1, 2
disagree, 1, 1, 57
effect, 2, 2, 5
v2, 3, 1, 0
introduce, 1, 1, 56
dust, 1, 1, 3
lobby, 1, 1, 2
expand, 1, 1, 1
underneath, 1, 1, 1
jackolanterns, 1, 1, 16
yearish, 1, 1, 3
intressting, 1, 1, 1
noctua, 1, 1, 0
builder, 1, 1, 3
obstacles, 1, 1, 31
well, 20, 19, 214
thought, 12, 12, 165
command, 9, 7, 21
350, 1, 1, 6
position, 1, 1, 1
audio, 1, 1, 62
spacebar, 4, 2, 64
snake, 1, 1, 6
restore, 1, 1, 1
inconsistently, 1, 1, 48
clicker, 1, 1, 1
less, 5, 5, 40
storage, 3, 2, 16
accurate, 1, 1, 24
keeping, 1, 1, 31
detail, 6, 6, 85
sources, 1, 1, 3
fishing, 5, 4, 54
protecting, 2, 2, 14
beeing, 1, 1, 1
console, 4, 4, 59
tight, 1, 1, 5
supply, 1, 1, 3
logged, 2, 1, 1
thaumcraft, 1, 1, 15
recommending, 1, 1, 5
googling, 1, 1, 1
simple, 2, 2, 7
add, 18, 17, 72
headroom, 1, 1, 2
combine, 1, 1, 36
sweet, 4, 3, 46
usage, 1, 1, 8
280, 1, 1, 0
villagers, 5, 4, 16
smart, 1, 1, 1
tests, 1, 1, 1
five, 1, 1, 1
know, 33, 29, 220
particlespng, 1, 1, 1
deployment, 2, 1, 62
press, 7, 6, 18
loader, 1, 1, 1
loss, 1, 1, 36
necessary, 2, 2, 24
like, 102, 83, 829
lost, 4, 4, 44
vibrant, 1, 1, 0
lose, 2, 2, 1
become, 4, 4, 13
works, 4, 3, 22
page, 3, 3, -8
likes, 1, 1, 6
parity, 1, 1, 8
wwwspongepoweredorg, 2, 2, 3
nodecraft, 1, 1, 3
propel, 1, 1, 1
linux, 2, 2, 89
searching, 1, 1, 1
alive, 1, 1, 2
daylight, 1, 1, 1
110, 4, 4, 114
113, 1, 1, 0
flush, 1, 1, 13
proper, 3, 2, 3
home, 7, 5, 34
happens, 2, 2, 6
aesthetically, 1, 1, 2
lead, 1, 1, 1
literally, 2, 2, 4
16x16, 1, 1, 6
granite, 1, 1, 3
esc, 1, 1, 15
assuming, 4, 4, 59
mined, 1, 1, 4
unchain, 1, 1, 57
regain, 1, 1, 2
noise, 1, 1, 1
medieval, 4, 4, 16
tekkit, 2, 2, 1
pressure, 1, 1, 1
host, 2, 2, 2
although, 4, 2, 18
analyses, 1, 1, 3
includes, 2, 2, 2
paste, 3, 2, 3
whacks, 1, 1, 5
panel, 3, 3, 5
hexxit, 1, 1, 1
drumming, 1, 1, 1
actual, 3, 3, 20
getting, 13, 12, 548
column, 1, 1, 9
chance, 4, 3, 113
recognized, 1, 1, 1
nightclub, 1, 1, 1
compatible, 1, 1, 19
naice, 1, 1, 3
swear, 2, 2, -33
wifi, 1, 1, 1
swimming, 8, 7, 73
kinda, 1, 1, 1
singleplayer, 1, 1, 15
travelers, 1, 1, 1
catherine, 1, 1, 2
functional, 3, 3, 10
billions, 1, 1, 13
tiny, 1, 1, 1
147, 1, 1, 1
roads, 2, 2, 5
lovely, 1, 1, 3
additions, 1, 1, 4
utility, 2, 1, 55
legends, 2, 2, 1
friends, 1, 1, 1
soil, 1, 1, 3
spiral, 4, 4, 9
noticed, 1, 1, 16
spread, 1, 1, 3
inspires, 1, 1, 2
inspiration, 1, 1, 3
naturally, 1, 1, 1
hz, 1, 1, 0
building, 24, 20, 143
buy, 2, 1, 6
north, 1, 1, 8
interest, 1, 1, 7
enchantment, 1, 1, 1
brand, 1, 1, 1
tilled, 1, 1, 3
reminds, 3, 3, 7
whoknowswhat, 1, 1, 6
hi, 3, 3, 37
automated, 2, 2, 3
ha, 2, 1, 2
bug, 20, 17, 163
hd, 2, 2, 0
count, 1, 1, 1
made, 22, 20, 572
tactics, 2, 2, 76
beds, 2, 2, 83
whether, 2, 2, 98
wish, 4, 4, 163
official, 2, 2, 6
hosting, 1, 1, 3
record, 3, 1, 0
frequency, 1, 1, 1
limit, 3, 2, 7
mcpe, 1, 1, 6
monument, 8, 7, 214
cake, 2, 2, 46
problem, 14, 11, 13
piece, 1, 1, 1
display, 1, 1, 4
cmon, 1, 1, 4
whoah, 1, 1, 1
radomnly, 1, 1, 57
reservations, 1, 1, 1
pic, 4, 4, 11
pig, 3, 3, 18
webpages, 1, 1, 1
crystals, 5, 5, 157
pit, 1, 1, 2
happen, 2, 2, 16
undeadtquin, 1, 1, 2
tick, 2, 2, 7
compared, 2, 2, 12
contest, 1, 1, 2
46, 1, 1, 0
45, 1, 1, 1
oak, 2, 1, 16
lately, 1, 1, 2
details, 6, 4, 15
branch, 1, 1, 0
texturepacks, 1, 1, 3
incredibly, 1, 1, 4
illusion, 1, 1, 3
junk, 1, 1, 6
semblance, 1, 1, 31
star, 2, 2, 8
profession, 1, 1, 5
iimgurcomtegr4jnpng, 1, 1, 2
stay, 4, 4, 18
sneaktime, 1, 1, 7
additionally, 1, 1, 8
gap, 3, 2, 36
justsolacking, 1, 1, 2
cliff, 1, 1, 62
ghost, 1, 1, 2
amp, 6, 4, 93
samsung, 1, 1, 0
resolution, 2, 1, 1
processed, 1, 1, 18
rule, 1, 1, 16
original, 5, 5, 9
compete, 1, 1, 4
searched, 2, 2, 0
baked, 1, 1, 13
augmented, 1, 1, 55
