Word, Frequency, Comment Frequency, Net Score
nwt, 1, 1, 1
protest, 4, 2, 4
latter, 1, 1, 2
consists, 1, 1, 16
integrity, 1, 1, 18
forget, 1, 1, 9
votes, 1, 1, 9
eligible, 1, 1, 13
paris, 1, 1, 62
whatsoever, 2, 2, 43
lord, 1, 1, 2
sorry, 1, 1, 1
pride, 1, 1, 1
worth, 9, 3, 6
collaborate, 1, 1, 7
risk, 1, 1, 1
every, 2, 1, 1
confederate, 1, 1, 2
bringing, 1, 1, 4
vast, 1, 1, 2
school, 4, 4, 45
hisher, 1, 1, 11
omitted, 1, 1, 1
disc, 1, 1, 1
unifying, 1, 1, 1
veritable, 1, 1, 1
force, 1, 1, 9
rnottheonion, 1, 1, 25
second, 2, 2, 18
street, 1, 1, 25
rigorous, 1, 1, 1
even, 14, 12, 49
established, 1, 1, 1
errors, 7, 2, 13
hide, 1, 1, 21
christ, 1, 1, 0
hate, 2, 2, 3
prostitutes, 2, 1, 1
fingers, 1, 1, 10
new, 12, 8, 29
net, 2, 1, 4
ever, 2, 2, 284
told, 1, 1, 1
cull, 1, 1, 1
kicked, 1, 1, 1
hero, 1, 1, 1
donalds, 1, 1, 4
never, 5, 5, 29
equals, 1, 1, 1
reported, 1, 1, 1
protection, 1, 1, 1
u00e9_heres_a, 1, 1, 1
uplifting, 1, 1, 4
items, 1, 1, 1
drs, 10, 10, 18
sjw, 1, 1, -5
ignoring, 1, 1, 4
itunes, 1, 1, 1
swam, 1, 1, 1
military, 2, 2, 2
criticism, 1, 1, 1
summons, 1, 1, 4
brought, 1, 1, 4
moral, 1, 1, 0
guests, 1, 1, 1
would, 34, 26, 189
hospital, 8, 2, 4
achieve, 1, 1, 1
cannibal, 1, 1, 1
music, 9, 6, 14
passport, 1, 1, 126
type, 2, 2, 26
tell, 1, 1, 1
separated, 1, 1, 16
posting, 1, 1, 9
successful, 1, 1, 4
oscar, 2, 1, 1
haha, 1, 1, 1
award, 1, 1, 13
aware, 1, 1, 4
phone, 1, 1, 3
91, 1, 1, 1
90, 2, 2, 19
93, 1, 1, 1
hold, 3, 3, 6
95, 1, 1, 1
must, 7, 5, 85
1990, 1, 1, 108
contentwriter, 1, 1, 3
word, 3, 3, 5
room, 1, 1, 3
mc, 1, 1, 4
player, 1, 1, 1
work, 7, 6, 20
refusing, 1, 1, 4
wdrb, 2, 1, 9
mr, 1, 1, 1
phrase, 1, 1, 2
give, 2, 2, 5
want, 13, 10, 69
times, 1, 1, 0
hof, 2, 1, 1
end, 2, 2, 5
quot, 22, 7, 15
song, 1, 1, 1
feature, 1, 1, 1
amazing, 3, 3, 8
marzian, 4, 2, 19
moron, 1, 1, 2
massive, 1, 1, 1
badly, 1, 1, 9
pimpinamp, 1, 1, 1
diagram, 1, 1, 16
wrong, 1, 1, 2
5530, 1, 1, 1
law, 3, 3, 19
meaningful, 1, 1, 1
headquarters, 1, 1, 1
fungi, 1, 1, 2
sickening, 1, 1, 1
lou, 1, 1, 9
funniest, 1, 1, 3
ultimate, 1, 1, 1
keeps, 1, 1, 1
order, 1, 1, 18
wind, 2, 2, 30
restriction, 2, 1, 1
feedback, 20, 10, 18
enter, 1, 1, 1
kong, 1, 1, 1
japan, 1, 1, 1
digest, 1, 1, 2
anticlumping, 1, 1, 2
writing, 1, 1, 2
better, 8, 8, 61
busybodies, 1, 1, 1
gents, 1, 1, 2
409, 1, 1, 2
versus, 1, 1, 5
misdirection, 1, 1, 5
9, 1, 1, 2
tentacle, 1, 1, 5
therapy, 1, 1, 1
altogether, 1, 1, 20
one, 19, 18, 128
bank, 2, 2, 5
structural, 1, 1, 11
stinking, 1, 1, 1
grammar, 1, 1, 11
arrested, 2, 2, 5
slavery, 12, 9, 21
detroit, 1, 1, 7
filling, 1, 1, 2
reasonable, 1, 1, 10
went, 1, 1, 1
meal, 1, 1, 20
mean, 6, 6, 65
series, 1, 1, 9
sled, 1, 1, 0
parasites, 1, 1, 2
nigerian, 2, 2, 3
arrives, 1, 1, 9
trading, 1, 1, 5
doesnamp, 1, 1, 1
sounds, 1, 1, 72
gon, 2, 2, 5
network, 2, 2, 25
god, 4, 3, 7
ha, 1, 1, 2
content, 2, 2, 21
encourage, 1, 1, 25
nope, 3, 2, 2
got, 8, 8, 26
size, 2, 2, 3
breen, 1, 1, 1
threatened, 1, 1, 4
given, 2, 2, -5
free, 2, 2, 10
anan, 1, 1, 4
formation, 1, 1, 1
lifecritical, 1, 1, 1
enormous, 1, 1, 5
exposing, 1, 1, 18
refugee, 1, 1, 1
days, 4, 4, -3
outfits, 3, 1, 18
silicon, 1, 1, 2
boreass, 1, 1, 5
tempting, 1, 1, 2
uses, 1, 1, 1
already, 7, 6, 24
features, 1, 1, 1
grade, 1, 1, 29
hearing, 1, 1, 4
featured, 1, 1, 1
disappearing, 1, 1, 1
another, 5, 5, 15
dysfunction, 1, 1, 9
toy, 2, 2, 3
service, 5, 3, 8
rejects, 1, 1, 3
top, 11, 11, 21
girls, 1, 1, 1
bitcoin, 2, 1, 6
carry, 1, 1, 1
needed, 2, 1, 1
1b, 1, 1, 2
ton, 1, 1, 18
milligan, 3, 1, 1
legs, 2, 1, 2
listen, 1, 1, 3
tool, 1, 1, 1
serve, 1, 1, 16
took, 3, 3, 28
wan, 1, 1, 7
immigrants, 1, 1, 4
scenes, 1, 1, 5
project, 1, 1, 4
feeling, 1, 1, 1
solely, 1, 1, 36
ballarat, 1, 1, 1
modern, 1, 1, 1
mind, 2, 1, 4
anybody, 1, 1, 2
talking, 1, 1, 62
rap, 2, 2, 8
seen, 5, 5, 7
seem, 1, 1, 36
forced, 1, 1, 4
genuine, 2, 2, -8
responsible, 2, 1, 4
amusing, 1, 1, 126
circles, 1, 1, 16
shall, 1, 1, 4
wells, 1, 1, 1
mouth, 1, 1, 5
erectile, 1, 1, 9
medical, 3, 3, 20
lose, 2, 2, 10
dog, 2, 2, 1
competitors, 1, 1, 1
points, 1, 1, 16
principle, 1, 1, 2
mating, 1, 1, 1
came, 2, 2, 1
saying, 6, 6, 34
inspire, 1, 1, -10
contacted, 1, 1, 4
ending, 1, 1, 4
keywords, 10, 10, 18
earth, 2, 2, 22
pick, 1, 1, 1
larson, 1, 1, 1
copy, 1, 1, 3
proposed, 1, 1, 4
louise, 3, 1, 1
situations, 1, 1, 1
bust, 2, 2, 7
spits, 1, 1, 1
rich, 1, 1, 2
31200, 1, 1, 1
implantsamp, 1, 1, 1
stop, 4, 3, 27
coast, 2, 2, 5
amazon, 3, 1, 1
lenders, 1, 1, 1
supplies, 1, 1, 2
dr, 11, 10, 18
14, 1, 1, 108
bar, 1, 1, 1
countries, 1, 1, 20
roasted, 1, 1, 6
fields, 1, 1, 18
bag, 1, 1, 1
bad, 4, 4, 3
bae, 3, 1, 1
shots, 1, 1, 1
steal, 1, 1, 3
newspaper, 1, 1, 7
disaster, 1, 1, 1
fair, 1, 1, 5
testing, 1, 1, 2
checks, 1, 1, 4
decided, 2, 2, 11
result, 1, 1, 2
corrupt, 1, 1, 9
best, 16, 15, 33
subject, 1, 1, 1
said, 5, 5, 9
04, 1, 1, 108
iimgurcomhide2gcpng, 1, 1, 2
away, 5, 4, 30
rings, 1, 1, 0
shaved, 1, 1, 3
unable, 1, 1, 1
liftamp, 1, 1, 1
pets, 1, 1, 3
hopefully, 1, 1, 1
cordoned, 1, 1, 1
lazy, 1, 1, -10
men, 1, 1, 9
terms, 2, 2, 2
wo, 1, 1, 1
handful, 1, 1, 11
however, 1, 1, 16
aquarium, 3, 1, 1
news, 5, 5, 27
debt, 8, 8, 37
received, 1, 1, 4
protect, 1, 1, 9
accident, 1, 1, 4
country, 2, 2, 13
heating, 1, 1, 1
demanded, 1, 1, 9
kitties, 1, 1, 3
asked, 2, 2, 2
presumably, 1, 1, 1
tough, 1, 1, 7
character, 1, 1, 1
tons, 2, 2, 14
viruses, 1, 1, 2
wider, 1, 1, 1
250, 1, 1, 25
proceeded, 1, 1, 24
basis, 1, 1, 2
three, 2, 2, 10
tiny, 2, 1, 25
beer, 14, 11, 117
much, 14, 13, 59
interest, 1, 1, 4
basic, 1, 1, 2
expected, 1, 1, 3
phyla, 1, 1, 2
leg, 1, 1, 3
website, 3, 3, 9
glasgae, 1, 1, 1
life, 2, 2, 18
drugs, 3, 3, 16
republicans, 1, 1, -6
worker, 1, 1, 1
lumberyard, 1, 1, 1
lift, 1, 1, 1
child, 3, 2, 5
worked, 1, 1, 2
160, 1, 1, 2
chill, 1, 1, 25
kentucky, 3, 1, 9
employ, 1, 1, 1
ugly, 1, 1, 3
near, 1, 1, 0
teachers, 1, 1, 1
property, 1, 1, 9
procedure, 1, 1, 1
mistake, 1, 1, -10
spellings, 1, 1, 1
shame, 2, 2, -3
studentslaw, 1, 1, 15
5050, 1, 1, 4
twitterbot, 1, 1, 4
descent, 1, 1, 1
perform, 1, 1, 1
things, 6, 6, 12
make, 19, 17, 26
toaster, 1, 1, 1
grated, 1, 1, 2
incorrectly, 1, 1, 1
several, 3, 3, 28
bunny, 3, 1, 1
european, 1, 1, 4
raid, 1, 1, 1
juniper, 1, 1, 3
social, 1, 1, 9
hand, 2, 1, 4
kim, 1, 1, 2
insisted, 1, 1, 4
kept, 1, 1, 4
scenario, 1, 1, 9
failing, 1, 1, 4
1972, 1, 1, 2
burgers, 2, 2, 5
contact, 1, 1, 4
greatest, 1, 1, 2
mother, 1, 1, 7
claims, 1, 1, 4
left, 1, 1, 1
antibeyonc, 1, 1, 1
sentence, 3, 3, -6
photo, 2, 1, 9
distribute, 1, 1, 1
unfair, 1, 1, 9
thanks, 1, 1, 5
human, 1, 1, 1
sanitary, 1, 1, -36
yes, 6, 5, 12
yet, 3, 3, 10
hah, 1, 1, 15
adding, 1, 1, 16
thinking, 1, 1, 7
niggers, 2, 1, -13
nerd, 1, 1, 6
board, 1, 1, 15
easy, 1, 1, 4
hat, 1, 1, -11
gave, 1, 1, 1
mocked, 1, 1, 5
bastards, 2, 2, 26
birth, 2, 2, 2
supervisory, 1, 1, 2
authorship, 1, 1, 11
massively, 1, 1, 1
apart, 2, 2, 2
county, 1, 1, 2
nevermind, 1, 1, 18
gift, 1, 1, 1
56, 1, 1, 1
50, 3, 3, 4
53, 3, 3, 10
cancelled, 1, 1, 10
right, 7, 7, 76
old, 5, 4, 4
deal, 1, 1, 2
people, 35, 25, 444
somehow, 1, 1, 3
dead, 1, 1, 1
captive, 1, 1, 1
donald, 1, 1, 13
sure, 7, 6, 21
escape, 2, 1, 9
roffbeat, 1, 1, 1
fox, 1, 1, 1
ice, 1, 1, 0
creative, 1, 1, 11
everything, 1, 1, 5
denied, 2, 2, -34
christmas, 1, 1, 8
exslaves, 1, 1, 2
deleted, 5, 5, 1
tour, 1, 1, 1
constructive, 10, 10, 18
post, 3, 3, 22
sensationalist, 1, 1, 29
super, 2, 2, 3
dollars, 6, 6, 52
months, 4, 4, 25
plus, 1, 1, 7
efforts, 1, 1, 1
octopus, 8, 2, 6
book, 1, 1, 18
automatically, 1, 1, 13
publishing, 1, 1, 18
bound, 1, 1, 0
son, 1, 1, 2
rendering, 1, 1, 1
coastal, 1, 1, 1
amsterdam, 1, 1, 62
existed, 1, 1, 9
mothership, 1, 1, 2
support, 6, 6, 21
creditable, 1, 1, 11
fucking, 8, 8, 35
copacetic, 1, 1, 1
way, 7, 7, 28
call, 2, 2, 4
war, 1, 1, 4
happy, 2, 2, 24
head, 2, 2, 6
form, 3, 2, 20
offer, 2, 2, 3
oil, 1, 1, 2
hear, 2, 2, -3
shithole, 1, 1, 3
soju, 2, 2, 21
inside, 1, 1, 1
whys, 1, 1, 4
safetycritical, 1, 1, 1
touchy, 1, 1, 1
classic, 1, 1, 5
novel, 1, 1, 1
underprivileged, 1, 1, 4
thunk, 1, 1, -13
reenter, 1, 1, 18
tarnished, 1, 1, 18
awhile, 1, 1, 24
correlation, 1, 1, 264
check, 1, 1, 2
shit, 4, 4, 21
na, 3, 3, 12
actor, 2, 1, 1
til, 2, 2, 7
interested, 1, 1, 4
role, 2, 2, 5
protester, 1, 1, 1
holding, 1, 1, 9
brings, 1, 1, 7
realize, 1, 1, 1
welcome, 11, 11, 19
utilities, 1, 1, -36
muslims, 1, 1, 4
eacute, 4, 2, 2
entrust, 2, 1, 4
hurt, 1, 1, 3
weekend, 1, 1, 3
died, 1, 1, 4
billion, 4, 4, 38
longer, 1, 1, -10
glass, 2, 2, 63
typically, 1, 1, 1
daily, 3, 2, 5
time, 11, 9, 48
serious, 5, 4, 42
ron, 1, 1, 1
ambulance, 1, 1, 8
downplays, 1, 1, 1
unregulated, 1, 1, 0
manager, 1, 1, 1
comments, 1, 1, 3
skin, 3, 2, 4
battle, 1, 1, 0
beyoncamp, 2, 2, 2
mill, 1, 1, 3
certainly, 3, 3, 6
92, 2, 2, 10
thisamp, 1, 1, 1
shkreli, 1, 1, 1
0, 1, 1, 6
finally, 1, 1, 4
division, 1, 1, 1
jerk, 1, 1, 14
recipe, 1, 1, 2
ped, 1, 1, 3
flora, 3, 2, 4
advised, 1, 1, 1
trouble, 4, 4, 9
minute, 1, 1, 3
governments, 1, 1, 9
aggressively, 2, 2, 9
stapler, 1, 1, 2
level, 2, 2, 20
permits, 1, 1, 1
democrat, 1, 1, 9
brothel, 1, 1, 1
guy, 10, 10, 44
yall, 1, 1, 2
upper, 2, 2, 9
talked, 2, 2, 4
says, 1, 1, 4
pms, 10, 10, 18
discover, 1, 1, 18
journalistic, 2, 2, 29
run, 1, 1, 1
shandy, 1, 1, 1
port, 1, 1, -38
cargo, 2, 1, 2
systemsamp, 2, 2, 2
adds, 1, 1, 25
appear, 1, 1, 1
remain, 1, 1, 3
goes, 4, 4, 4
reply, 1, 1, 4
boost, 1, 1, 13
subdivided, 1, 1, 2
french, 6, 1, 1
yesamp, 1, 1, 9
consult, 1, 1, 9
mockups, 1, 1, 5
along, 1, 1, 2
hoops, 1, 1, 9
wait, 2, 2, 11
impatiently, 1, 1, 4
healthy, 1, 1, 2
bot, 20, 10, 18
diagnosed, 1, 1, 4
usually, 1, 1, -6
boa, 1, 1, 4
weird, 1, 1, 3
bruised, 1, 1, 1
genuinely, 1, 1, 1
ipa, 1, 1, 1
love, 6, 4, 7
expletive, 2, 1, 1
ethiopian, 2, 1, 1
shark, 1, 1, 5
marked, 1, 1, 1
fake, 4, 3, 37
employer, 1, 1, 4
crisis, 1, 1, 1
transplant, 1, 1, 2
everybody, 1, 1, 3
toxoplasmosis, 1, 1, 1
isamp, 1, 1, 1
dude, 1, 1, 1
tears, 1, 1, 7
live, 4, 3, 34
wood, 1, 1, 2
https, 3, 3, 15
australian, 1, 1, 4
creams, 1, 1, 1
today, 3, 3, 27
sharing, 1, 1, 9
missionaries, 1, 1, 4
afford, 2, 2, 34
subsistence, 1, 1, 4
acceptable, 1, 1, 4
clue, 1, 1, 18
olive, 1, 1, 2
cases, 1, 1, 18
organizations, 2, 2, 19
valued, 1, 1, 3
bedunah, 1, 1, 1
car, 2, 2, 26
abortion, 2, 2, 19
reviews, 1, 1, 3
labeled, 1, 1, 2
growing, 1, 1, 24
making, 2, 2, 6
german, 1, 1, 2
claim, 1, 1, 0
crazy, 1, 1, 2
trump, 2, 2, 17
awesome, 2, 2, 4
fuck, 6, 5, -5
agent, 1, 1, 2
topic, 1, 1, 3
heard, 1, 1, 9
critic, 1, 1, 3
sharp, 1, 1, 1
offense, 1, 1, 25
dennis, 1, 1, 1
requirements, 1, 1, 1
afterlife, 1, 1, 2
mismanagement, 1, 1, 36
nyt, 1, 1, 18
write, 3, 3, 31
immune, 1, 1, 2
sword, 1, 1, 2
nyc, 2, 2, 35
allowable, 1, 1, -3
sworn, 1, 1, 3
huge, 1, 1, 2
may, 3, 2, 6
southern, 1, 1, 2
mac, 2, 2, 4
outlandish, 1, 1, 13
mad, 1, 1, 1
floral, 1, 1, 2
guys, 2, 2, 3
grow, 1, 1, 2
man, 7, 7, 37
wwwyoutubecomwatch, 1, 1, 4
remember, 1, 1, 4
whenever, 1, 1, -6
maybe, 6, 5, 34
legalese, 1, 1, 1
african, 3, 2, 5
upvoting, 1, 1, 22
prealan, 1, 1, 2
talk, 2, 2, 6
typical, 1, 1, 2
refund, 1, 1, 4
aquariumamp, 1, 1, 1
scammers, 3, 3, 80
years, 14, 14, 156
course, 2, 2, 3
argued, 1, 1, 16
kanye, 4, 4, 28
cold, 2, 2, 10
still, 9, 8, 53
apes, 1, 1, 3
police, 6, 6, 44
thank, 1, 1, 4
acknowledge, 1, 1, 4
interesting, 1, 1, 4
organisation, 1, 1, 4
louisville, 1, 1, 9
aviv, 1, 1, 1
offers, 1, 1, 2
policy, 2, 2, 1
36774, 1, 1, 1
main, 2, 2, 3
happened, 1, 1, 24
sooner, 1, 1, 0
patientif, 1, 1, 7
half, 1, 1, 6
killed, 1, 1, 1
term, 3, 3, 53
name, 5, 3, 23
bacchus, 4, 1, 1
january, 2, 2, 9
migrate, 1, 1, 18
entirely, 1, 1, 16
quarter, 1, 1, 25
em, 1, 1, 1
brews, 1, 1, 16
square, 1, 1, 1
eh, 1, 1, 1
gaming, 1, 1, 1
stooping, 1, 1, 18
yeah, 2, 2, 17
15day, 1, 1, 1
entering, 1, 1, 12
year, 2, 2, 2
happen, 2, 2, 1
tried, 1, 1, 24
canada, 3, 3, 39
living, 1, 1, 3
shown, 1, 1, 1
space, 6, 5, 17
irony, 1, 1, 0
seriously, 2, 2, 12
investigation, 1, 1, 1
dominate, 1, 1, 2
correct, 2, 2, 2
26000, 1, 1, 1
shithead, 1, 1, 3
earlier, 1, 1, 9
theory, 10, 10, 18
hairdresser, 1, 1, 1
cars, 1, 1, 25
million, 12, 9, 72
romano, 2, 1, 2
zuckerberg, 3, 3, 10
california, 2, 2, 3
care, 4, 3, -5
language, 3, 1, 1
barrister, 1, 1, 4
gusts, 1, 1, 5
jumping, 1, 1, 3
place, 2, 2, 6
husband, 2, 1, 4
star, 1, 1, 2
think, 12, 10, 59
first, 5, 5, 14
44mph, 1, 1, 5
surviving, 1, 1, 4
discharges, 1, 1, 14
variables, 1, 1, 2
symbolic, 1, 1, 10
fast, 1, 1, 16
vote, 1, 1, 9
message, 2, 1, 4
engineer, 1, 1, 1
city, 4, 4, 54
little, 4, 4, 33
stuck, 1, 1, 1
plastic, 1, 1, 1
anyone, 2, 2, 5
returns, 1, 1, 2
2, 10, 10, 18
white, 5, 5, 0
eyes, 1, 1, 7
mostly, 1, 1, 4
ownership, 1, 1, 3
cops, 3, 2, 33
hillary, 6, 2, 5
ridiculous, 3, 3, -20
pathogens, 1, 1, 2
seat, 1, 1, 2
milton, 1, 1, 1
10, 3, 3, 22
15, 4, 3, 30
unfortunately, 2, 2, -6
16, 10, 10, 18
thereamp, 1, 1, 1
future, 1, 1, 7
knives, 1, 1, 1
san, 1, 1, 5
turned, 2, 2, 2
rcaptiongore, 1, 1, 0
prostitution, 1, 1, 1
sad, 1, 1, 3
say, 4, 4, 47
conspiracy, 1, 1, 4
rent, 1, 1, 25
anger, 1, 1, 1
sells, 1, 1, 1
saw, 3, 3, 5
dateamp, 1, 1, 1
efficient, 1, 1, 2
answering, 1, 1, 3
equipment, 1, 1, 1
potential, 2, 1, 5
take, 5, 5, 22
performance, 1, 1, 1
200, 1, 1, 3
commonplace, 1, 1, 10
norman, 1, 1, 1
price, 1, 1, 2
whatamp, 1, 1, 1
israeli, 2, 1, 1
paid, 2, 2, 4
falls, 1, 1, 1
knowingly, 1, 1, 18
pages, 3, 3, 148
damage, 1, 1, 3
especially, 3, 3, 7
surprising, 1, 1, -6
considered, 1, 1, 3
later, 3, 2, 1
drive, 2, 2, 3
wing, 1, 1, 4
slaves, 7, 5, 11
salt, 1, 1, 4
laws, 3, 1, 9
shop, 1, 1, 7
walking, 1, 1, 1
brainchild, 1, 1, 1
show, 2, 2, 3
cheat, 1, 1, 2
cheap, 1, 1, 16
discovered, 1, 1, 1
corner, 1, 1, 5
ground, 1, 1, 4
deportation, 1, 1, -36
upgrade, 1, 1, 1
title, 4, 4, 24
true, 1, 1, 7
outside, 3, 3, 31
crime, 2, 2, -35
going, 10, 8, 35
black, 6, 3, -4
200000, 1, 1, 1
info, 1, 1, 3
exaggeration, 1, 1, 1
get, 23, 21, 91
assistant, 1, 1, 18
mormon, 1, 1, 0
begging, 1, 1, 3
state, 3, 2, 10
ged, 1, 1, 1
brit, 1, 1, 2
artist, 2, 2, 7
leather, 2, 1, 2
orphans, 2, 1, 4
attitude, 1, 1, 32
summary, 10, 10, 18
naked, 1, 1, 4
jokes, 1, 1, 2
36749, 1, 1, 1
stupid, 1, 1, 18
losers, 1, 1, 3
36293, 1, 1, 1
communicated, 1, 1, 18
vision, 1, 1, 4
bulgaria, 1, 1, 1
ignored, 2, 2, 13
incarcerated, 1, 1, 9
23autotldr, 10, 10, 18
trick, 1, 1, 7
college, 1, 1, 6
anyways, 1, 1, 3
parking, 4, 2, 28
surgery, 3, 3, 8
diver, 1, 1, 1
wonder, 2, 2, 19
valentineamp, 1, 1, 1
indentured, 1, 1, 2
gags, 2, 1, 5
review, 2, 2, 4
3, 13, 13, 66
groupamp, 1, 1, 1
teens, 1, 1, 10
across, 3, 3, 35
jobs, 2, 2, 8
boning, 1, 1, 2
farts, 1, 1, 1
blame, 2, 2, 38
spare, 2, 2, 17
article, 11, 10, 26
trolling, 1, 1, 0
come, 5, 5, 109
busting, 1, 1, 2
besieged, 1, 1, 1
reddit, 1, 1, 1
many, 2, 2, 19
according, 2, 1, 9
eretaileramp, 1, 1, 1
comes, 3, 2, 5
deported, 1, 1, 126
cancer, 1, 1, 4
28, 1, 1, 9
colon, 2, 1, 2
cancel, 1, 1, 5
bizarre, 1, 1, 5
custody, 1, 1, 4
considering, 1, 1, 25
cares, 2, 2, 0
west, 2, 2, 4
computing, 1, 1, 1
informed, 1, 1, 9
mark, 1, 1, 3
yeasts, 1, 1, 2
featuring, 2, 2, 2
mary, 1, 1, 9
engine, 1, 1, 1
30000, 1, 1, 1
robbed, 2, 1, 9
thousand, 1, 1, 2
ruby, 1, 1, 1
former, 1, 1, 18
case, 2, 2, 4
archaea, 1, 1, 2
cash, 4, 4, 86
handicapped, 1, 1, 4
editorial, 1, 1, 2
scum, 2, 2, 79
situation, 1, 1, 9
eventually, 2, 2, 22
sawdust, 1, 1, 2
pinky, 1, 1, 7
middle, 1, 1, 1
good, 7, 6, 8
bevin, 2, 2, 19
kenya, 1, 1, 5
obnoxious, 1, 1, -10
worry, 2, 2, 20
bags, 1, 1, 1
different, 3, 3, 6
develop, 1, 1, 1
doctor, 4, 2, 13
pay, 3, 3, 32
bowl, 1, 1, 1
siberian, 1, 1, 0
motherless, 1, 1, 4
followers, 1, 1, 1
document, 1, 1, 1
rpussypass, 1, 1, -38
week, 6, 5, 16
persona, 1, 1, 76
puke, 1, 1, 1
statue, 1, 1, 0
changing, 1, 1, 1
totally, 1, 1, 10
booster, 1, 1, 1
complained, 2, 2, 5
break, 1, 1, 3
theater, 1, 1, 62
ranch, 2, 1, 1
trousering, 1, 1, 14
without, 6, 6, 0
relief, 1, 1, 1
reward, 1, 1, 2
charged, 1, 1, 25
outdoor, 1, 1, 10
money, 19, 8, 38
dancers, 1, 1, 1
rest, 1, 1, 36
judiciously, 2, 2, 6
reputable, 1, 1, 18
kill, 1, 1, 2
greetings, 1, 1, 4
exclamation, 1, 1, 1
barbecued, 1, 1, 1
weekly, 1, 1, 2
renewed, 1, 1, 18
mcdonald, 5, 5, 82
rose, 1, 1, 2
seems, 6, 6, 178
4, 10, 10, 18
halftime, 1, 1, 1
malcolm, 1, 1, 1
ross, 1, 1, 1
real, 8, 8, 64
around, 4, 4, 34
read, 15, 14, 53
traffic, 1, 1, 18
mom, 1, 1, 24
using, 2, 2, 11
grim, 1, 1, 1
posesions, 1, 1, 2
1988, 1, 1, 2
cheeses, 1, 1, 2
suppliers, 1, 1, 2
towed, 1, 1, 25
exchange, 1, 1, 2
manat, 1, 1, 1
robbery, 1, 1, 12
output, 1, 1, 3
reduced, 10, 10, 18
scienceamp, 1, 1, 1
homicides, 1, 1, 16
taxpayersararyman, 1, 1, 1
barton, 1, 1, 1
419eater, 2, 1, 2
kings, 1, 1, 2
generates, 1, 1, 13
colonial, 1, 1, 4
legal, 2, 2, 3
conservative, 1, 1, -5
arstotzka, 1, 1, 61
refer, 1, 1, 1
biased, 1, 1, 4
football, 1, 1, 1
boingboing, 1, 1, 3
racism, 1, 1, 3
business, 5, 3, 15
clickbait, 1, 1, -7
equivalent, 1, 1, 2
communicate, 1, 1, 4
broken, 1, 1, 4
thailand, 1, 1, 18
feeds, 1, 1, 5
central, 1, 1, 0
oi, 1, 1, 2
oh, 4, 4, 14
industry, 1, 1, 2
violence, 1, 1, 4
thousands, 1, 1, 10
chop, 1, 1, 7
yeezy, 3, 3, 11
luck, 1, 1, 5
whitey, 1, 1, 1
flawed, 1, 1, 0
spreading, 1, 1, 4
snapchat, 3, 1, 9
strip, 1, 1, 1
jerusalem, 1, 1, 1
assumed, 1, 1, 9
hey, 2, 2, 6
lol, 2, 2, 75
start, 3, 3, 21
36628, 1, 1, 1
low, 1, 1, 1
lot, 5, 4, 43
balto, 1, 1, 0
valley, 1, 1, 2
36620, 1, 1, 1
hookers, 2, 1, 1
enough, 3, 3, 8
strikes, 1, 1, 1
sophisticated, 1, 1, 1
postapocalyptic, 1, 1, 1
technologies, 1, 1, 1
trying, 5, 5, -1
buying, 1, 1, 5
fraud, 2, 2, 26
bucket, 1, 1, 2
suitcase, 1, 1, 2
practising, 1, 1, 1
pulp, 1, 1, 2
detailed, 1, 1, 5
toilet, 1, 1, 4
ab, 1, 1, 2
ad, 1, 1, 18
videos, 1, 1, 2
ai, 1, 1, -22
ah, 1, 1, -5
sales, 2, 2, 14
ottawa, 2, 2, 35
lifetime, 1, 1, 1
moves, 1, 1, 3
spends, 1, 1, 4
film, 1, 1, 3
fill, 1, 1, 2
incorrect, 1, 1, 18
beyond, 1, 1, 4
3001000, 1, 1, 2
idiot, 3, 3, 7
2000, 1, 1, 1
racebaiting, 1, 1, 0
5, 11, 11, 33
trash, 1, 1, 3
weeee, 1, 1, 1
poor, 1, 1, 3
poop, 1, 1, 1
regardless, 1, 1, 1
students, 1, 1, 15
important, 3, 3, 4
midget, 1, 1, 2
peak, 1, 1, 1
suited, 1, 1, 1
yearamp, 2, 1, 1
realising, 1, 1, 1
tundes, 1, 1, 1
odds, 1, 1, 1
cpd, 1, 1, 2
websites, 1, 1, 7
saved, 1, 1, 2
u, 1, 1, -3
husky, 1, 1, 0
ranchamp, 1, 1, 1
strings, 1, 1, 2
represent, 1, 1, 2
consider, 1, 1, 1
pointing, 1, 1, 2
caused, 1, 1, 1
lack, 1, 1, 2
dollar, 1, 1, 3
surgical, 1, 1, 4
code, 1, 1, 76
parmesan, 4, 3, 8
follow, 1, 1, 2
religious, 1, 1, 2
children, 3, 2, 4
apartment, 1, 1, 25
chain, 1, 1, 4
irrelevant, 1, 1, 126
tl, 20, 10, 18
wants, 1, 1, 0
solicit, 1, 1, 4
ta, 1, 1, 4
paying, 1, 1, 3
premium, 1, 1, 4
worse, 1, 1, 3
returning, 2, 2, 6
far, 11, 11, 20
faq, 10, 10, 18
supposedabe, 1, 1, -22
psychologist, 1, 1, 1
balancing, 1, 1, 3
fall, 2, 1, 16
awful, 1, 1, 5
ticket, 1, 1, 25
marzianamp, 1, 1, 9
neurological, 1, 1, 3
sentimental, 1, 1, 1
mceast, 1, 1, 1
list, 2, 2, 7
theaters, 1, 1, 1
kiosks, 1, 1, 4
large, 3, 3, 84
small, 1, 1, 3
tel, 1, 1, 1
withheld, 1, 1, 4
ten, 2, 2, -8
streets, 1, 1, 25
past, 4, 4, 16
burger, 1, 1, 2
perspective, 1, 1, 4
lawyer, 2, 2, 9
offbeat, 10, 10, 81
defence, 1, 1, 1
sub, 2, 2, 4
richard, 1, 1, 1
favor, 1, 1, 4
kuala, 1, 1, 2
version, 10, 10, 18
shuffling, 1, 1, 1
movement, 1, 1, 1
full, 1, 1, 2
christian, 1, 1, 4
hours, 3, 3, 19
modular, 1, 1, 1
anticipation, 1, 1, 1
ahead, 1, 1, 1
refuckulate, 1, 1, 3
amount, 4, 4, 86
crybaby, 1, 1, 0
advertising, 1, 1, 8
rory, 1, 1, 1
published, 1, 1, 1
sticking, 1, 1, 5
family, 2, 2, -2
suddenly, 1, 1, 4
requiring, 1, 1, 9
africa, 1, 1, 4
pulls, 1, 1, 3
armed, 1, 1, 12
1900, 1, 1, 1
contains, 2, 2, 18
two, 9, 9, 27
6, 1, 1, 18
taken, 2, 2, 4
israel, 7, 2, 4
knows, 2, 2, 19
company, 1, 1, 7
instrumental, 1, 1, 1
basically, 3, 2, 21
tees, 1, 1, 1
town, 1, 1, 4
hour, 2, 2, 3
recall, 1, 1, 4
sucks, 1, 1, 3
mall, 1, 1, 4
resources, 1, 1, 4
v, 1, 1, 4
36652, 1, 1, 9
history, 1, 1, 29
compare, 1, 1, 9
scam, 4, 4, 64
accept, 1, 1, 1
boycott, 1, 1, 1
numbers, 2, 2, 45
sense, 1, 1, 2
libertarian, 1, 1, 1
gallon, 1, 1, 2
information, 1, 1, 18
needs, 3, 3, 12
court, 1, 1, 4
rather, 1, 1, 1
breaking, 3, 3, 18
utilize, 1, 1, 4
mcds, 1, 1, 2
explains, 1, 1, 3
goat, 1, 1, 0
either, 1, 1, 3
plant, 2, 1, 24
okay, 1, 1, 2
intended, 1, 1, 4
rude, 1, 1, -10
blood, 1, 1, 1
coming, 2, 2, 5
response, 1, 1, 4
proclaimed, 1, 1, 18
quoted, 2, 1, 18
spiteful, 1, 1, 3
supervision, 1, 1, 4
hatton, 1, 1, 1
media, 2, 2, 27
banks, 1, 1, 2
rentals, 1, 1, 1
dream, 1, 1, 9
resegregate, 1, 1, 2
help, 6, 6, 11
soon, 1, 1, 1
trade, 1, 1, 4
circumflex, 1, 1, 1
outraged, 2, 2, 21
rounder, 1, 1, 1
paper, 2, 2, 66
replies, 10, 10, 18
mcdonalds, 6, 6, 26
avenue, 1, 1, 1
24, 1, 1, 9
25, 1, 1, 25
27, 1, 1, 29
20, 1, 1, 16
21, 1, 1, 1
fined, 2, 2, 40
beyonce, 1, 1, 3
29, 1, 1, 7
actually, 5, 5, 21
late, 3, 2, 24
resort, 2, 2, 10
systems, 3, 1, 1
bummer, 1, 1, 7
might, 6, 6, 305
someone, 5, 5, -22
somebody, 2, 2, 3
disrespectful, 1, 1, 3
seeking, 2, 2, 5
food, 5, 5, 20
walls, 1, 1, 1
bigger, 1, 1, 4
imprisoned, 1, 1, 4
always, 4, 4, 10
bless, 1, 1, 2
tear, 1, 1, 4
found, 2, 2, 26
shocking, 2, 2, 54
everyone, 1, 1, 72
mental, 1, 1, 2
house, 6, 6, 29
hard, 5, 5, 6
idea, 4, 4, 33
extended, 10, 10, 18
expect, 1, 1, 10
sketched, 1, 1, 1
slave, 3, 3, 7
operation, 7, 2, 6
thing, 9, 8, 53
event, 3, 2, 2
really, 6, 6, 35
alcohol, 2, 2, 48
blacks, 3, 2, -5
since, 2, 2, 3
goauld, 1, 1, 2
research, 1, 1, 18
settle, 1, 1, 7
7, 1, 1, 29
ass, 2, 2, -9
sparked, 1, 1, 1
guess, 3, 3, 7
reason, 3, 3, 7
members, 1, 1, 9
imagine, 1, 1, 1
put, 5, 4, 23
reparations, 1, 1, 2
teach, 1, 1, 2
definition, 1, 1, 1
terrible, 1, 1, 0
americas, 1, 1, 4
american, 1, 1, 9
expecting, 1, 1, 10
unaware, 1, 1, 1
threat, 1, 1, 1
major, 4, 4, 14
feel, 2, 2, -9
troll, 1, 1, 2
number, 3, 2, 20
done, 3, 3, 8
wages, 1, 1, 4
miss, 1, 1, 1
passes, 1, 1, 2
story, 4, 4, 27
ahpra, 1, 1, 1
together, 1, 1, 4
threatening, 1, 1, -10
least, 3, 3, 13
station, 3, 3, 35
statement, 1, 1, 3
nigeria, 1, 1, 76
hundred, 1, 1, 0
store, 1, 1, 1
selling, 2, 2, 21
passed, 1, 1, 9
trapped, 1, 1, 1
park, 3, 3, 26
appreciation, 1, 1, 11
part, 4, 4, 70
doctors, 2, 1, 1
believe, 7, 6, 46
grace, 1, 1, 4
obama, 1, 1, 4
kind, 7, 7, 85
grew, 2, 2, 27
gotten, 1, 1, 18
youth, 1, 1, 0
treated, 1, 1, 1
interactive, 1, 1, 2
cleaner, 1, 1, 9
45000, 1, 1, 1
beforehand, 1, 1, 9
caress, 1, 1, 1
servitude, 1, 1, 2
headings, 1, 1, 3
sentences, 1, 1, 1
laaawd, 1, 1, 3
lie, 3, 3, 22
self, 2, 2, 33
pinkie, 4, 2, 6
bacteria, 5, 1, 2
also, 6, 6, 18
labour, 1, 1, 2
jacinta, 1, 1, 1
pianist, 1, 1, 7
play, 4, 4, 17
towards, 4, 3, 37
quote, 1, 1, 18
eggs, 1, 1, 3
reach, 1, 1, 4
77, 1, 1, 1
74, 3, 3, 3
73, 1, 1, 9
eaten, 1, 1, 1
nothing, 3, 3, 34
performances, 1, 1, 1
prettydumb, 1, 1, 1
sometimes, 1, 1, 18
cover, 1, 1, 1
rarelyissued, 1, 1, 1
becaise, 1, 1, -5
charitable, 1, 1, 4
notch, 1, 1, 3
lying, 3, 3, 23
wording, 1, 1, 1
dicaprio, 2, 1, 1
scattered, 1, 1, 2
okcupid, 1, 1, 3
fine, 1, 1, 1
find, 2, 2, 4
occupation, 1, 1, 1
giant, 1, 1, 5
distributed, 1, 1, 4
failed, 1, 1, 3
pretty, 8, 8, 9
8, 1, 1, 1
publicity, 1, 1, 13
patientamp, 1, 1, 1
meanwhile, 1, 1, -5
compiled, 1, 1, 1
cheaper, 1, 1, 2
famous, 1, 1, 4
hid, 1, 1, 1
breast, 2, 1, 1
pretending, 1, 1, 18
fullservice, 1, 1, 2
boils, 1, 1, 29
catches, 1, 1, 3
ummmm, 1, 1, 2
cry, 1, 1, 8
remove, 1, 1, 10
common, 2, 2, 4
860, 1, 1, 2
hype, 1, 1, 2
river, 1, 1, 8
knickers, 1, 1, 10
restaurants, 1, 1, 16
bars, 1, 1, 1
set, 2, 2, 1
creator, 1, 1, 6
activists, 1, 1, 1
greatgrandson, 1, 1, 2
sex, 5, 4, 5
see, 2, 2, 38
bare, 1, 1, 1
arm, 1, 1, 3
expert, 2, 1, 18
visiting, 1, 1, 9
pictures, 1, 1, 2
wow, 2, 2, 8
currently, 1, 1, 16
please, 10, 8, 141
captured, 1, 1, 1
courierjournal, 1, 1, 9
distraught, 1, 1, 1
donate, 3, 3, 164
conditions, 1, 1, 1
corruption, 1, 1, 18
pictured, 1, 1, 2
available, 1, 1, 2
korea, 3, 3, 3
recently, 2, 2, 4
notoriously, 1, 1, 1
missing, 1, 1, 126
sold, 1, 1, -5
attention, 2, 2, 5
31k, 1, 1, 15
death, 1, 1, 2
understanding, 1, 1, 2
last, 3, 2, 2
mega, 1, 1, 5
bidder, 1, 1, 18
sensitive, 1, 1, 3
scams, 2, 1, 16
geniuses, 1, 1, 3
load, 1, 1, 4
liked, 1, 1, 1
supply, 1, 1, 1
manners, 1, 1, 1
whatever, 2, 2, 6
tennessee, 2, 2, 13
church, 1, 1, 0
expensive, 3, 2, 26
cheapest, 1, 1, 15
raise, 1, 1, 3
monthly, 1, 1, 25
create, 1, 1, 18
overlook, 1, 1, 4
political, 1, 1, 1
due, 1, 1, 13
whos, 1, 1, -5
hitting, 1, 1, 18
faithfully, 1, 1, 4
citations, 1, 1, 11
damn, 1, 1, -6
checkbook, 1, 1, 3
laos, 1, 1, 18
fire, 1, 1, 3
flavorful, 1, 1, 4
gas, 2, 1, 2
39, 1, 1, 3
else, 4, 3, 7
fund, 3, 1, 4
katherine, 1, 1, 1
specifically, 1, 1, 2
look, 2, 2, 3
straight, 2, 2, 38
bill, 9, 5, 38
elections, 1, 1, 4
governor, 1, 1, 9
behavior, 1, 1, 2
error, 1, 1, 2
engineers, 2, 1, 1
larger, 1, 1, 5
10000, 1, 1, 16
stations, 1, 1, 3
rid, 2, 2, 5
audi, 1, 1, 1
italy, 1, 1, 4
anymore, 1, 1, -10
decoy, 1, 1, 2
government, 2, 2, 45
itamp, 3, 2, 2
rules, 1, 1, 4
36418, 1, 1, 1
wasteland, 1, 1, 1
higher, 1, 1, 16
sell, 3, 3, 26
used, 7, 6, 51
friends, 1, 1, 14
husbands, 2, 1, 2
arrived, 1, 1, 1
purpose, 1, 1, 4
eventbrite, 1, 1, 1
recent, 2, 2, 7
lower, 2, 2, 18
spent, 1, 1, 18
obviously, 1, 1, 5
person, 6, 6, 14
entry, 3, 2, 5
spend, 2, 2, 3
polled, 1, 1, 15
cheddar, 1, 1, 2
profoundly, 1, 1, 29
world, 5, 4, 271
3040, 1, 1, 2
profitable, 1, 1, 1
cut, 3, 2, 2
cup, 2, 2, 63
hated, 1, 1, 3
workers, 1, 1, 0
alternate, 1, 1, 1
source, 5, 5, 59
parents, 1, 1, 24
excited, 1, 1, 3
surprised, 2, 2, -5
luxury, 1, 1, 2
customers, 2, 2, 17
australia, 1, 1, 4
complains, 1, 1, 2
big, 6, 6, 45
couple, 1, 1, 5
unlimited, 1, 1, 1
wives, 1, 1, 9
shitty, 4, 4, 103
suffering, 2, 2, 5
wiser, 1, 1, 18
narcissist, 1, 1, 15
bit, 2, 2, 3
submission, 1, 1, -7
continue, 1, 1, 1
translated, 1, 1, 1
essential, 1, 1, 1
often, 2, 2, -9
collectors, 1, 1, 2
absolutely, 3, 3, -18
dictionaries, 1, 1, 1
back, 7, 6, 10
loser, 1, 1, -8
litter, 1, 1, 1
30k, 1, 1, 36
30m, 1, 1, -11
aerobic, 1, 1, 2
decision, 2, 2, 8
though, 1, 1, 2
per, 3, 2, 41
lawdy, 1, 1, 1
minimal, 1, 1, 18
journalist, 3, 1, 18
patient, 1, 1, 3
hallelujah, 1, 1, 2
bc, 1, 1, 18
dictates, 1, 1, 1
agreement, 1, 1, 1
refused, 2, 2, 26
zombie, 1, 1, 1
step, 1, 1, 1
bs, 1, 1, 6
feb, 1, 1, 1
goods, 1, 1, 5
working, 2, 2, 5
anything, 5, 5, 12
intestinal, 3, 2, 4
block, 1, 1, 4
seeing, 1, 1, 1
nonsense, 1, 1, 4
next, 1, 1, 4
delusional, 1, 1, 15
bankruptcy, 1, 1, 2
steinhart, 1, 1, 1
statistics, 1, 1, 1
wuzzy, 3, 1, 1
spending, 1, 1, 2
question, 2, 2, 4
long, 2, 2, 2
elsewhere, 1, 1, 4
wnd, 1, 1, -5
pwg, 1, 1, 1
properly, 1, 1, 2
link, 1, 1, -38
lumpur, 1, 1, 2
line, 1, 1, 4
posted, 1, 1, 1
directed, 1, 1, 4
thru, 1, 1, 2
microorganisms, 1, 1, 2
driveways, 1, 1, 25
us, 2, 2, 18
planet, 2, 2, 23
uk, 1, 1, 2
highlight, 1, 1, 1
similar, 1, 1, 2
called, 3, 3, 28
alumni, 1, 1, 2
single, 2, 1, 1
moonlite, 1, 1, 1
200k, 1, 1, 15
lizora, 1, 1, 1
department, 1, 1, 3
cannibalismamp, 1, 1, 1
mock, 2, 2, 34
nice, 1, 1, 1
36882, 1, 1, 1
trouser, 1, 1, 14
users, 2, 1, 1
favourite, 1, 1, 1
helping, 4, 3, 10
meaning, 1, 1, 1
digressive, 1, 1, 1
allowing, 1, 1, 9
iimgurcomifjwihljpg, 1, 1, 1
structure, 1, 1, 6
ago, 6, 6, 20
land, 2, 2, 4
implies, 1, 1, 1
age, 2, 2, 4
vehicles, 1, 1, 1
walked, 1, 1, 25
depth, 1, 1, 1
nasa, 1, 1, -22
amuses, 1, 1, 51
2008, 1, 1, 1
2009, 1, 1, 5
essay, 1, 1, 29
gt, 41, 18, 47
advisory, 1, 1, 25
astronauts, 1, 1, -22
penis, 1, 1, 6
ge, 1, 1, 1
proposition, 1, 1, 3
canadaus, 1, 1, 32
go, 13, 13, 112
stave, 1, 1, 2
send, 3, 3, 26
parhar, 1, 1, 1
dislike, 1, 1, 1
sent, 1, 1, 11
taste, 1, 1, 1
garden, 1, 1, 1
kitty, 2, 2, 2
soyuz, 1, 1, 1
putting, 1, 1, -10
telling, 1, 1, 2
categories, 1, 1, 1
entire, 3, 3, 28
notes, 1, 1, 9
integrating, 1, 1, 1
ryan, 1, 1, 18
try, 3, 3, 7
skipped, 1, 1, 20
heineken, 1, 1, 1
freed, 1, 1, 2
leonardo, 1, 1, 1
noted, 3, 3, 10
someday, 1, 1, 1
jump, 1, 1, 9
fold, 1, 1, 16
picked, 1, 1, 4
midfebruary, 1, 1, 1
dysfunctional, 1, 1, 32
outsmart, 1, 1, 4
giving, 1, 1, 0
vampire, 1, 1, 1
waiting, 1, 1, 4
3m, 2, 2, 17
firms, 1, 1, 8
body, 1, 1, 2
cellulose, 1, 1, 2
degree, 2, 2, 6
vonnegutt, 1, 1, 1
punch, 4, 3, 16
let, 3, 3, 147
separation, 1, 1, 1
others, 1, 1, 1
downvote, 1, 1, 1
irritating, 1, 1, 3
birther, 1, 1, 4
great, 6, 5, 25
receive, 2, 2, 14
involved, 4, 4, 92
30, 1, 1, 0
alaska, 1, 1, 25
products, 2, 2, 3
menu, 1, 1, 16
makes, 1, 1, 2
honor, 1, 1, 76
although, 1, 1, 1
forbid, 1, 1, 9
win, 2, 1, 13
pinkies, 2, 2, 2
private, 1, 1, 51
names, 1, 1, 18
cloud, 1, 1, 1
use, 6, 6, 48
usa, 1, 1, 4
illegal, 1, 1, -6
blockchain, 1, 1, 22
throw, 1, 1, 36
constitutionally, 1, 1, -3
mrscatherine, 1, 1, 4
started, 2, 2, 11
train, 1, 1, 3
labelled, 1, 1, 9
xamp, 1, 1, 1
east, 1, 1, 1
baby, 2, 1, 1
ok, 3, 3, 4
duped, 1, 1, 18
women, 5, 4, 13
account, 1, 1, 5
animals, 1, 1, 1
disingenuous, 1, 1, 4
britney, 1, 1, 1
f, 1, 1, 5
package, 1, 1, 1
anywhere, 1, 1, 2
accrued, 1, 1, 4
meet, 1, 1, 1
proof, 1, 1, 4
control, 2, 2, 5
links, 1, 1, 11
high, 2, 2, 2
effectively, 1, 1, 9
something, 9, 8, 91
consentamp, 1, 1, 9
six, 1, 1, 7
instead, 3, 3, 7
afs, 1, 1, 2
blocks, 2, 1, 25
attend, 1, 1, 1
fran, 1, 1, 5
taco, 1, 1, 1
spelling, 2, 1, 1
terrier, 3, 1, 1
efficiently, 1, 1, 2
realized, 1, 1, 10
light, 1, 1, 1
mislabeling, 1, 1, 2
element, 1, 1, 1
agenda, 1, 1, 4
theft, 2, 1, 1
octopuses, 1, 1, 1
ummmme, 1, 1, 1
move, 1, 1, 2
130, 1, 1, 3
including, 1, 1, 1
looks, 2, 2, 34
bunch, 1, 1, 10
perfect, 1, 1, 2
1, 12, 12, 22
la, 1, 1, 1
ships, 1, 1, 2
winning, 1, 1, 4
thieves, 1, 1, 72
marsh, 4, 1, 1
orange, 1, 1, 2
2016, 3, 3, 109
image, 2, 2, 10
2012, 1, 1, 1
greater, 1, 1, 1
fecal, 2, 1, 2
kiss, 1, 1, 1
hands, 1, 1, 1
front, 1, 1, 1
republican, 1, 1, 9
day, 4, 4, 15
kilometres, 1, 1, 1
february, 1, 1, 1
mods, 1, 1, 0
toes, 2, 1, 1
edit, 2, 2, 3
university, 1, 1, 25
attachments, 1, 1, 1
700, 1, 1, 3
society, 1, 1, 4
82, 1, 1, 1
meth, 1, 1, 1
matt, 1, 1, 9
twice, 1, 1, 9
occupied, 1, 1, 1
critics, 1, 1, 3
mate, 1, 1, 1
cause, 2, 2, 5
humiliating, 1, 1, 9
greedy, 1, 1, 1
temps, 1, 1, 10
completely, 1, 1, 0
negros, 1, 1, -22
york, 2, 2, 1
revenant, 1, 1, 1
could, 17, 16, 61
florida, 6, 5, 16
keep, 6, 6, 23
nextweb, 1, 1, 2
length, 1, 1, 13
wading, 1, 1, 1
transfer, 1, 1, 4
blogger, 1, 1, 18
scene, 1, 1, 1
owned, 1, 1, -5
jesus, 2, 2, 4
bitch, 1, 1, 2
owner, 2, 2, 10
reached, 1, 1, 1
legislative, 1, 1, 2
management, 1, 1, 7
monkey, 1, 1, 1
revealed, 1, 1, 18
accent, 1, 1, 1
system, 2, 2, 3
adopted, 2, 1, 4
1500, 1, 1, 7
dudes, 1, 1, 5
racist, 2, 2, 3
chaser, 1, 1, 8
egotistical, 1, 1, 2
academy, 1, 1, 1
nobody, 1, 1, 5
reflecting, 1, 1, 4
manifestation, 1, 1, 4
fuzzy, 4, 1, 1
blind, 1, 1, 1
heh, 1, 1, 24
reacted, 1, 1, 1
submitted, 1, 1, 1
bet, 2, 2, 8
false, 2, 2, 30
tidy, 1, 1, 1
need, 5, 5, 26
turn, 2, 2, 5
border, 2, 2, 22
afraid, 1, 1, 0
able, 4, 3, 11
parks, 1, 1, 3
mix, 1, 1, 2
funds, 2, 2, 37
jail, 1, 1, 5
40k, 1, 1, 1
unless, 1, 1, 1
allow, 1, 1, 6
combat, 2, 1, 1
visa, 2, 1, 18
eight, 1, 1, 4
amongst, 1, 1, 76
alarmed, 1, 1, 1
looked, 1, 1, 1
lots, 1, 1, 3
capita, 2, 1, 16
movie, 6, 3, 66
normally, 1, 1, 25
fact, 3, 2, 20
chances, 1, 1, 4
anyway, 1, 1, 1
bring, 4, 4, 6
parked, 1, 1, 25
agrees, 1, 1, 1
decade, 1, 1, 1
highest, 1, 1, 18
based, 3, 3, 9
knowledge, 2, 2, 6
transplants, 2, 1, 2
held, 3, 2, 2
score, 1, 1, 16
inherited, 1, 1, 4
piano, 1, 1, 1
local, 7, 6, 57
hope, 4, 4, 26
means, 3, 3, 13
beat, 3, 3, 7
dope, 1, 1, 4
lucky, 1, 1, 9
bear, 1, 1, 1
likely, 1, 1, 1
120, 1, 1, 2
community, 1, 1, 3
ones, 1, 1, 9
words, 4, 3, 3
probably, 3, 3, 132
leases, 1, 1, 4
3000000, 1, 1, 2
areas, 1, 1, 1
temp, 1, 1, 18
numerous, 1, 1, 2
taxes, 1, 1, 21
stuff, 3, 3, 24
avoidable, 1, 1, 1
protesting, 1, 1, 1
cleavage, 1, 1, 1
view, 1, 1, 4
exists, 2, 2, 25
prayers, 1, 1, 4
youtubenagozohxai, 1, 1, 2
national, 1, 1, 1
039, 29, 8, 16
graph, 1, 1, 18
driveway, 2, 1, 25
enhanced, 1, 1, 1
greece, 1, 1, 4
036, 1, 1, 2
bacteriophage, 1, 1, 2
servicesamp, 2, 1, 1
stats, 1, 1, 1
closet, 1, 1, 24
reform, 1, 1, 1
37028, 1, 1, 1
genius, 1, 1, 18
written, 3, 3, 30
panty, 1, 1, 1
nominees, 1, 1, 1
email, 2, 2, 126
bought, 1, 1, 4
conditional, 1, 1, 1
deliver, 1, 1, 1
job, 2, 2, 8
group, 1, 1, 1
legit, 1, 1, 158
david, 1, 1, 4
undetermined, 1, 1, 2
hits, 1, 1, 18
admin, 10, 10, 18
taking, 4, 4, 38
assure, 1, 1, 4
grain, 1, 1, 4
otherwise, 1, 1, 1
comment, 10, 10, 18
strongly, 1, 1, 1
inflammatory, 1, 1, 4
gone, 1, 1, 20
ca, 5, 5, 10
walk, 2, 2, 87
table, 1, 1, 4
venn, 1, 1, 16
quit, 1, 1, 5
yay, 1, 1, 1
addition, 1, 1, 2
decent, 1, 1, 3
israelamp, 2, 1, 1
bbc, 1, 1, 1
730, 1, 1, 1
willing, 1, 1, 1
gaza, 1, 1, 1
proposal, 1, 1, 9
commuter, 1, 1, 2
league, 1, 1, 1
crappy, 1, 1, 1
ensuring, 1, 1, 1
unmoved, 1, 1, 1
spain, 1, 1, 1
homes, 1, 1, 5
holiday, 1, 1, 18
laser, 1, 1, 1
fault, 1, 1, -36
almost, 3, 3, 8
site, 3, 2, 27
helped, 1, 1, 3
bucks, 1, 1, 72
weamp, 2, 1, 1
perhaps, 2, 2, 14
anaerobic, 1, 1, 2
anorak, 1, 1, 3
gets, 3, 3, 5
privileged, 1, 1, 4
http, 63, 21, 91
samantha, 1, 1, 1
reporting, 1, 1, 2
beast, 1, 1, 1
student, 2, 2, 9
discouraged, 1, 1, 4
infinite, 1, 1, 4
nation, 2, 2, 16
retard, 1, 1, 2
transaction, 2, 2, 27
recourse, 1, 1, 9
well, 7, 7, 105
thought, 6, 5, 11
cephalopods, 1, 1, 1
latest, 1, 1, 1
carnal, 1, 1, 2
less, 2, 2, 6
offensive, 1, 1, 1
antibeyoncamp, 2, 1, 1
36981, 1, 1, 1
mfw, 2, 2, 3
paul, 2, 1, 1
downvoted, 1, 1, 1
web, 2, 1, 1
offstreet, 1, 1, 25
ads, 1, 1, 7
wee, 1, 1, 1
panther, 1, 1, 1
nicks, 1, 1, 1
bell, 1, 1, 1
bullshit, 4, 4, 12
tunde, 1, 1, 4
lured, 1, 1, 4
280, 5, 5, 98
match, 1, 1, 3
takuru, 1, 1, 1
articles, 5, 4, 32
checking, 2, 2, 19
kayne, 1, 1, 2
five, 1, 1, 1
know, 6, 6, 29
denser, 1, 1, 1
press, 2, 2, 22
showing, 2, 2, 23
like, 18, 18, 212
onion, 5, 3, 5
ring, 1, 1, 4
journalism, 1, 1, 18
kohane, 1, 1, 1
admitted, 1, 1, 10
downplaying, 1, 1, 3
martin, 1, 1, 1
repressed, 1, 1, -5
works, 2, 2, 18
knifepoint, 1, 1, 9
propel, 1, 1, 1
depoprovera, 1, 1, 1
alive, 1, 1, 2
hair, 1, 1, 1
platforms, 1, 1, 1
export, 1, 1, 1
home, 3, 3, 5
employment, 1, 1, 13
recognition, 1, 1, 18
happens, 1, 1, 4
assuming, 2, 2, 3
chains, 1, 1, 4
trout, 4, 3, 20
ripped, 2, 2, 144
noise, 2, 1, 9
rtitlegore, 1, 1, 1
expire, 1, 1, 4
11s, 1, 1, 2
worthy, 1, 1, -36
loans, 4, 4, 18
stage, 1, 1, 4
actual, 2, 2, 12
getting, 6, 6, 43
freedom, 2, 2, 3
surge, 1, 1, 1
stamp, 1, 1, 4
swear, 2, 1, 1
tristram, 1, 1, 1
introduced, 1, 1, 9
washington, 1, 1, 18
billions, 1, 1, 1
weather, 3, 3, 16
promise, 1, 1, 4
female, 1, 1, 1
artists, 1, 1, 5
protozoa, 1, 1, 2
defantly, 1, 1, 0
behind, 1, 1, 1
knuckles, 1, 1, 1
u44mxp_c3rs, 1, 1, 4
spots, 1, 1, 25
peters, 1, 1, 4
overtime, 1, 1, 2
biggest, 1, 1, 20
uncontrollable, 1, 1, 4
ivory, 1, 1, 4
buy, 9, 7, 77
north, 1, 1, 1
bus, 1, 1, 4
brand, 1, 1, 13
antimuslim, 1, 1, 4
grate, 1, 1, 4
ear, 1, 1, 0
eat, 3, 2, 6
count, 2, 2, 5
made, 8, 5, 18
glory, 1, 1, 61
whether, 1, 1, 1
wish, 2, 2, 5
prescriptivist, 1, 1, 1
signed, 1, 1, 9
placed, 1, 1, 4
stories, 1, 1, 4
problem, 1, 1, 0
piece, 1, 1, -7
deaths, 1, 1, 1
twist, 1, 1, 10
beats, 1, 1, 5
conan, 1, 1, 2
education, 1, 1, 1
girl, 1, 1, 3
compared, 1, 1, 20
dressed, 1, 1, 1
claiming, 1, 1, 18
40, 1, 1, 4
boom, 1, 1, 6
incredibly, 1, 1, 4
illusion, 1, 1, 2
album, 3, 2, 16
repeat, 1, 1, 1
kinds, 2, 1, 2
stay, 1, 1, 2
crosscut, 1, 1, 1
chance, 1, 1, 4
mastermind, 1, 1, 1
amp, 17, 8, 16
kardashian, 2, 1, 2
starting, 1, 1, 4
original, 10, 10, 18
craft, 2, 1, 16
compete, 1, 1, 4
understand, 1, 1, 4
gardens, 1, 1, 3
8th, 1, 1, 29
