Word, Frequency, Comment Frequency, Net Score
limited, 6, 4, 55
psp, 1, 1, 1
pardon, 1, 1, 3
hats, 1, 1, 2
child, 6, 6, 32
yellow, 9, 9, 80
everybody, 2, 2, 3
four, 12, 10, 61
sleep, 5, 5, 29
controversial, 1, 1, 5
heracross, 1, 1, 36
kuxprmizqis, 1, 1, 9
_saari, 2, 1, 3
genre, 1, 1, 1
oldest, 2, 2, 5
hate, 9, 9, 47
localized, 2, 2, -1
forget, 2, 2, 51
stinks, 1, 1, 13
whose, 1, 1, 13
votes, 5, 2, 79
flannery, 1, 1, 7
themes, 1, 1, 2
inb4, 1, 1, 1
ventral, 1, 1, 67
w362h407nc, 1, 1, 34
apricots, 1, 1, 1
containing, 1, 1, 5
347, 1, 1, 36
leveled, 2, 2, 2
342, 2, 1, 36
regal, 2, 2, 56
lord, 1, 1, 12
sorry, 5, 5, 14
chill, 1, 1, 1
worth, 9, 9, 19
pokeballs, 4, 4, 77
minigames, 3, 1, 38
file, 1, 1, 3
saves, 1, 1, 2
rescue, 1, 1, 2
rapidish, 1, 1, 16
nights, 1, 1, 2
void, 3, 3, 18
regional, 5, 3, 3
noredirect, 1, 1, 4
mania, 2, 1, 1
every, 31, 29, 108
jack, 1, 1, 14
lecture, 1, 1, 14
hindered, 1, 1, 1
affect, 4, 4, 9
ehehehe, 1, 1, 100
bringing, 1, 1, 2
lickitung, 1, 1, 1
blackcoated, 1, 1, 2
school, 10, 9, 16
squirtle, 9, 7, 42
skills, 1, 1, 3
xyz, 1, 1, 1
upload, 1, 1, 2
correct, 2, 2, 2
lime, 3, 2, 7
samurai, 1, 1, 14
convenience, 2, 2, 1
red, 38, 33, 169
298, 1, 1, 36
299, 1, 1, 36
297, 1, 1, 36
295, 1, 1, 36
ups, 3, 3, 52
butold, 1, 1, 1
clothes, 1, 1, 1
enjoy, 5, 5, 21
genies, 2, 2, 3
force, 2, 2, 8
specially, 1, 1, 43
diantha, 1, 1, 7
tired, 1, 1, 23
awake, 1, 1, 3
consistent, 1, 1, 5
punning, 1, 1, 1
japanese, 13, 9, 114
nail, 1, 1, 3
272, 1, 1, 36
273, 1, 1, 36
274, 1, 1, 36
perfect, 8, 7, 69
levitate, 3, 2, 8
estimated, 1, 1, 38
rhyperior, 1, 1, 2
blue, 36, 22, 184
established, 1, 1, 1
hide, 2, 1, 3
christ, 2, 2, 65
calcium, 1, 1, 34
thunder, 2, 2, 11
evee, 1, 1, 43
fingers, 1, 1, 2
asia, 2, 2, 4
launch, 1, 1, 1
minty, 1, 1, 5
guilty, 1, 1, 1
new, 80, 62, 560
tips, 3, 3, 4
6tilesfeebas, 1, 1, 1
officially, 2, 2, 3
disney, 1, 1, 0
cloyster, 2, 2, 84
textures, 1, 1, 2
movesets, 1, 1, 7
evolving, 3, 3, 5
kicked, 1, 1, 0
screams, 1, 1, 52
festive, 1, 1, 4
join, 2, 2, 2
snivy, 1, 1, 2
never, 42, 38, 169
wrapping, 1, 1, 38
meh, 4, 4, 27
smeargles, 1, 1, 9
met, 3, 3, 1
mew, 15, 14, 339
normally, 1, 1, 1
possibility, 1, 1, 1
active, 1, 1, 1
path, 2, 2, 11
100, 5, 5, 65
cardboard, 2, 2, 39
imgurcoma0zb6rall, 1, 1, 5
ssb4, 1, 1, 1
npcs, 1, 1, 2
kids, 6, 6, 39
attending, 1, 1, 1
items, 9, 8, 61
leaves, 1, 1, 1
changed, 9, 8, 49
fav, 1, 1, 3
pancham, 1, 1, 2
softly, 1, 1, 1
involving, 1, 1, 2
lunatone, 2, 2, 2
browsing, 2, 2, 255
rulebook, 1, 1, 3
announcments, 1, 1, 1
pack, 1, 1, 1
changes, 2, 2, 6
york, 1, 1, 1
golden, 1, 1, 4
fantastic, 6, 6, 31
digitally, 1, 1, 2
divide, 1, 1, 5
campaign, 4, 2, 42
honchkrow, 1, 1, 36
hippowdon, 1, 1, -2
feelings, 1, 1, 3
bro, 3, 3, 8
ampharos, 3, 3, 39
ghidorah, 1, 1, 25
jotoh, 1, 1, 1
outro, 1, 1, 23
counts, 1, 1, 2
forums, 2, 2, 1
brb, 2, 2, 3
landscape, 1, 1, 25
monotypes, 1, 1, 1
plot, 2, 2, 2
bonus, 2, 1, 1
cheating, 2, 2, 46
episodeuntil, 1, 1, 22
would, 108, 90, 852
loooots, 1, 1, 6
twittercomtahk0, 1, 1, 1
century, 1, 1, 2
tail, 1, 1, 1
spiritomb, 1, 1, 3
inevitable, 1, 1, 2
distributing, 2, 1, 1
edward, 1, 1, 8
music, 20, 11, 95
e3, 1, 1, 3
recommend, 4, 4, 8
strike, 1, 1, 0
survive, 1, 1, 6
msalemence, 1, 1, 1
assessment, 1, 1, 3
voted, 2, 2, 9
combees, 1, 1, 1
gardevoir, 6, 5, 9
sexualized, 1, 1, 74
holy, 5, 5, 15
successful, 1, 1, 4
brings, 1, 1, 1
prints, 1, 1, 5
starburst, 4, 4, 37
haha, 3, 3, 7
muse, 1, 1, 2
99, 2, 2, 12
phone, 6, 6, 98
remainingan, 1, 1, 5
championships, 1, 1, 2
adult, 1, 1, 6
excellent, 2, 2, 6
90, 1, 1, 2
hold, 2, 2, 9
squad, 1, 1, 1
must, 5, 5, 6
sevii, 1, 1, 2
word, 3, 2, 33
room, 6, 5, 24
player, 6, 6, 16
imgurcomajjslsall, 1, 1, 5
pidgeot, 1, 1, 36
work, 31, 29, 258
regrets, 1, 1, 3
mt, 2, 2, 20
battlefront, 1, 1, 3
era, 3, 3, 26
mr, 6, 6, 125
currenty, 1, 1, 1
ta, 3, 3, 3
example, 5, 5, 260
fortress, 1, 1, 3
masterpieces, 1, 1, 0
ballgag, 1, 1, -3
give, 21, 19, 359
insurgenes, 1, 1, 3
megathread, 1, 1, 252
heartless, 1, 1, 4
dragons, 1, 1, 3
noises, 1, 1, 2
deer, 2, 2, 18
woman, 1, 1, 5
want, 47, 41, 322
mmawile, 1, 1, 28
braincells, 1, 1, 0
keep, 18, 16, 86
bag, 2, 2, 2
absolute, 2, 2, 29
end, 11, 10, 120
thing, 25, 25, 594
maxsoft, 1, 1, 1
travel, 2, 2, 8
song, 5, 5, 41
iimgurcomtzkjz5vpng, 1, 1, 25
feature, 10, 9, 17
haunts, 1, 1, 1
revisit, 1, 1, 16
machine, 1, 1, 6
amazing, 25, 25, 161
machina, 4, 3, 9
incorporate, 1, 1, 2
answer, 8, 8, 126
puns, 2, 2, 7
ordinary, 1, 1, 13
heartgold, 2, 2, 4
itch, 1, 1, 1
wallpapers, 6, 3, 5
badly, 3, 3, 20
pokes, 1, 1, 6
description, 2, 2, 8
replacing, 1, 1, 3
pokey, 1, 1, 1
ladder, 1, 1, 1
earlier, 7, 7, 227
outlandish, 1, 1, 3
hong, 1, 1, 1
wrong, 10, 8, 14
jumping, 1, 1, 1
wondertrade, 1, 1, 1
destined, 1, 1, 2
president, 1, 1, 1
core, 1, 1, 4
baton, 1, 1, 72
lesbian, 1, 1, -1
types, 4, 4, 17
threw, 1, 1, 6
proceeds, 1, 1, 95
purchase, 3, 2, 4
danny, 3, 3, 17
effective, 6, 5, 51
emphasize, 2, 2, 7
entei, 1, 1, 36
rattata, 1, 1, 8
childhood, 2, 2, 1
maintain, 1, 1, 2
green, 42, 30, 245
stunky, 1, 1, 3
things, 23, 23, 191
button, 2, 2, 18
worst, 3, 3, 8
detective, 1, 1, -4
first, 53, 46, 644
order, 3, 2, 6
rapidash, 6, 5, 86
__, 2, 2, 15
decide, 2, 2, 2
office, 1, 1, 1
tranquillwatchog, 1, 1, 1
satisfied, 1, 1, 23
teen, 1, 1, 1
cokedout, 1, 1, 22
mabel, 2, 2, 4
sludge, 1, 1, 3
venusaur, 4, 4, 41
tyring, 1, 1, 3
expansion, 1, 1, 1
blocks, 1, 1, 7
fit, 6, 6, 17
somewhere, 3, 3, 15
imgurcoma2f7cm, 1, 1, 1
fix, 1, 1, 4
swapped, 3, 3, 39
albums, 1, 1, 5
expectations, 1, 1, -4
imo, 7, 7, 15
writing, 1, 1, -4
better, 33, 30, 341
406, 1, 1, 36
production, 1, 1, 2
402, 1, 1, 36
400, 1, 1, 36
hidden, 5, 4, 15
easier, 3, 3, 296
409, 1, 1, 36
408, 1, 1, 36
wobuffet, 2, 2, 13
imgurcomabwqnkall, 1, 1, 5
plaster, 1, 1, 6
safe, 1, 1, 2
roost, 1, 1, 1
saved, 1, 1, 2
rubbed, 1, 1, 0
bane, 1, 1, 6
band, 2, 1, 2
roommate, 2, 2, 2
balthazeer, 1, 1, 6
luxray, 3, 3, 37
glazed, 1, 1, 2
altogether, 1, 1, 5
one, 113, 93, 945
silver, 15, 14, 75
bank, 2, 2, 3
excadrill, 1, 1, 36
shadows, 1, 1, 5
gloom, 2, 2, 2
netherlands, 1, 1, 1
grammar, 3, 3, 152
interdimensional, 1, 1, 5
vulpix, 3, 3, 59
brightness, 1, 1, 55
notified, 1, 1, 1
blushes, 1, 1, -1
backgrounds, 1, 1, 6
l, 1, 1, -2
rocks, 1, 1, 2
378, 1, 1, 36
frantically, 1, 1, -7
edit2, 1, 1, 2
espeon, 12, 10, 116
motoring, 1, 1, 1
reasonable, 1, 1, 2
went, 13, 10, 16
372, 1, 1, 36
side, 3, 3, 8
lasting, 1, 1, 38
whim, 1, 1, 1
fairly, 3, 3, 11
gunna, 1, 1, 2
series, 29, 20, 196
train, 3, 3, 26
innocent, 1, 1, 11
25t5uq_d2y, 1, 1, 2
crit, 2, 1, 2
390, 1, 1, 36
trading, 10, 9, 266
396, 2, 1, 36
395, 2, 1, 36
forgot, 3, 3, 62
navy, 2, 2, 3
walrein, 1, 1, 2
opowers, 1, 1, 5
398, 1, 1, 36
sounds, 15, 12, 313
0ctus, 1, 1, 5
gon, 10, 9, 57
junichi_masuda, 1, 1, 3
network, 2, 2, 261
rs, 2, 2, 3
god, 13, 13, 147
psychic, 3, 3, 6
hooked, 2, 2, 4
trainers, 5, 5, 24
content, 3, 3, 11
encourage, 2, 2, 5
banning, 1, 1, 63
got, 70, 57, 442
turning, 3, 3, 17
jt_u9qr_npc, 1, 1, 15
associate, 1, 1, 4
30second, 1, 1, 2
fave, 2, 2, 3
little, 25, 25, 198
free, 9, 9, 71
245, 1, 1, 36
masterpiece, 1, 1, 1
icky, 1, 1, 100
hawlucha, 1, 1, 36
242, 1, 1, 36
contray, 1, 1, 2
wanted, 12, 10, 15
gameplay, 3, 3, 6
giratina, 5, 5, 46
beartic, 1, 1, 2
dammit, 1, 1, 19
created, 1, 1, 21
starts, 2, 2, 2
appendages, 1, 1, 1
atm, 2, 2, 3
messages, 2, 2, 253
days, 7, 7, 58
latias, 2, 2, 40
gcx0neffrfi, 1, 1, 1
buzznav, 1, 1, 2
heck, 2, 2, 15
oppose, 1, 1, 72
signature, 2, 2, 3
suggestion, 6, 3, 6
moving, 2, 2, 6
potions, 1, 1, 6
showup, 1, 1, 3
hgss, 18, 15, 142
fuckin, 3, 2, 3
purpose, 1, 1, 2
reemerge, 1, 1, 2
already, 18, 16, 51
ultragod, 1, 1, 11
features, 5, 4, 3
render, 1, 1, 2
steroids, 1, 1, 2
grade, 2, 2, 2
computers, 1, 1, 1
thrown, 2, 2, 76
hearing, 3, 3, 6
channels, 1, 1, 1
wash, 1, 1, 6
hooh, 1, 1, 25
floors, 3, 1, 2
pratice, 1, 1, 1
another, 15, 15, 107
tpci, 9, 8, 115
comic, 7, 3, -11
174, 1, 1, 36
imgurcomsdkchrs, 1, 1, 31
leaders, 5, 3, 40
brock, 6, 6, 57
da, 3, 1, 5
toy, 1, 1, 7
fence, 1, 1, 1
service, 1, 1, 38
porn, 2, 1, 1
vvc, 1, 1, 1
top, 13, 13, 105
neck, 1, 1, 65
girls, 3, 2, 0
carry, 2, 2, 3
kanto, 16, 15, 122
iimgurcomjsbaqzrjpg, 1, 1, 25
twenties, 1, 1, 8
growlithe, 3, 2, 6
gowns, 1, 1, 0
godmode, 1, 1, 1
kid, 14, 13, 70
yamask, 1, 1, 13
caitlyn, 1, 1, 5
rewards, 1, 1, 1
happily, 1, 1, 1
gym, 17, 13, 126
villages, 1, 1, 3
took, 12, 11, 80
direct, 1, 1, 43
machoke, 1, 1, 13
predictable, 1, 1, 1
somewhat, 4, 4, 19
logded, 1, 1, 4
evil, 3, 3, 39
shortly, 2, 2, 2
downtime, 1, 1, 1
healed, 1, 1, 2
lumberjack, 1, 1, 2
politoed, 4, 4, 8
nuzlocke, 4, 4, 14
spoiler, 1, 1, 2
wwwsmogoncom, 1, 1, 15
shoutouts, 1, 1, 9
recopile, 1, 1, 1
sycamore, 1, 1, 34
tree, 2, 2, 5
second, 7, 7, 16
reaaaally, 1, 1, 2
merch, 2, 2, 3
matter, 7, 7, 131
street, 3, 3, 5
silly, 2, 2, 16
speaking, 1, 1, 4
iron, 1, 1, 14
spoiled, 1, 1, 1
mitigating, 1, 1, 2
entries, 1, 1, 3
feeling, 8, 7, 25
powers, 1, 1, 34
meowth, 1, 1, 1
rabid, 1, 1, 1
az, 2, 1, 2
bridge, 1, 1, 54
imgurcomad9fudall, 1, 1, 5
ev, 7, 2, 2
exploring, 1, 1, 2
iimgurcomuf2vba2jpg, 1, 1, 25
pass, 10, 6, 125
mind, 9, 9, 103
mine, 9, 9, 23
20the, 1, 1, 2
spent, 2, 2, 23
talking, 4, 4, 60
rat, 1, 1, 2
manner, 1, 1, 11
blaziken, 1, 1, 2
seen, 14, 14, 82
seem, 6, 6, 128
picks, 1, 1, 1
mint, 1, 1, 2
tells, 1, 1, 22
imgurcomavtr4aall, 1, 1, 5
forced, 2, 2, 6
liilim9hlpq, 1, 1, 8
seethrough, 1, 1, 5
darmanitan, 1, 1, 36
snow, 1, 1, 3
snot, 1, 1, 9
vgc, 7, 6, 30
sound, 3, 2, 12
recommended, 1, 1, 2
materials, 1, 1, 10
greysilver, 1, 1, 16
luxury, 5, 5, 12
forces, 1, 1, 34
laughed, 1, 1, 1
arguably, 1, 1, 0
ponyta, 3, 2, 41
explanation, 1, 1, 21
even, 52, 50, 577
nobody, 2, 2, 13
though, 20, 20, 52
bst, 1, 1, 5
proving, 1, 1, 2
spams, 1, 1, 2
quit, 2, 2, 2
clears, 1, 1, 15
regular, 8, 7, 90
germany, 1, 1, 1
letter, 1, 1, 21
sub, 5, 5, -1
zealand, 1, 1, 1
7am, 2, 2, 4
episode, 3, 3, 17
professor, 3, 3, 42
dog, 2, 2, 10
usual, 2, 2, 437
uminiininja, 1, 1, 2
cares, 1, 1, 1
points, 5, 3, 39
voting, 4, 4, 15
vileplume, 2, 2, 139
scream, 1, 1, 57
came, 19, 17, 31
raticate, 1, 1, 2
slaking, 1, 1, 2
saying, 8, 8, 43
golduck, 1, 1, 34
beaten, 1, 1, 2
clarified, 1, 1, 431
charterer, 1, 1, 2
contacted, 1, 1, 4
wailord, 1, 1, 3
random, 9, 8, 167
kalos, 11, 11, 54
togekiss, 3, 3, 42
moveset, 3, 3, 5
subreddit, 2, 2, 253
pops, 1, 1, 17
colors, 7, 6, 65
poison, 4, 4, 10
participate, 2, 2, 2
iimgurcomdcimzhjpg, 1, 1, 25
hungary, 1, 1, 1
tempted, 1, 1, 2
powerpuff, 1, 1, 1
enjoyed, 4, 4, 116
legendaries, 5, 4, 13
drew, 2, 2, 2
busy, 5, 4, 5
clicked, 1, 1, 2
spite, 1, 1, 2
carbink, 1, 1, 1
explain, 7, 7, 169
yen, 1, 1, 4
appreciated, 2, 2, 10
rihanna, 1, 1, 1
540, 1, 1, 38
touched, 1, 1, 1
folks, 1, 1, 2
constant, 1, 1, 1
pallete, 2, 1, 55
haunter, 4, 4, 64
movesetsevivs, 1, 1, 1
loved, 17, 16, 44
waaaaaay, 1, 1, 3
watch, 13, 11, 17
preferred, 3, 3, 39
dusknoir, 6, 6, 46
emails, 1, 1, 4
amazon, 1, 1, 38
redditor, 1, 1, 6
iimgurcomzn463uzpng, 1, 1, 2
pallets, 1, 1, 3
rpokemon, 2, 2, 152
report, 2, 2, 253
15, 1, 1, 2
dr, 3, 3, 10
sabrina, 2, 2, 4
dp, 2, 2, 6
unfortunately, 2, 2, 9
hall, 1, 1, 2
runs, 3, 3, 258
bar, 2, 2, 3
nicely, 2, 2, 17
ever, 23, 23, 78
modern, 1, 1, 1
diancie, 3, 3, 36
iimgurcom0o0ig5rgif, 1, 1, 272
twice, 2, 2, 8
bad, 19, 16, 44
bae, 1, 1, 1
reviving, 1, 1, 2
rival, 3, 3, 65
pokepoints, 2, 1, 38
shuld, 1, 1, 34
bah, 1, 1, 5
farther, 2, 2, 36
respond, 1, 1, 1
hashtagbut, 1, 1, 4
20all, 1, 1, 1
fair, 4, 4, 22
imgurcoma6rwq7all, 1, 1, 5
job, 22, 20, 129
vfkzgr4euc, 1, 1, 2
serperior, 1, 1, 1
empoleon, 4, 4, 41
recieve, 1, 1, 38
checks, 1, 1, 10
depends, 2, 2, 4
decided, 9, 7, 56
result, 2, 2, 254
erika, 3, 3, 6
fail, 1, 1, 3
disturbing, 2, 2, 10
o_o, 2, 2, 11
activities, 1, 1, 0
hammer, 1, 1, 4
best, 30, 30, 161
subject, 6, 3, 6
02, 1, 1, 3
03, 1, 1, 1
00, 1, 1, 3
archeops, 3, 3, 44
capacity, 1, 1, 2
07, 1, 1, 1
glass, 2, 1, 1
lots, 2, 2, 11
away, 18, 15, 288
iirc, 1, 1, 1
caved, 1, 1, 1
4hp, 1, 1, 2
pissed, 1, 1, 1
mug, 1, 1, 38
unable, 3, 3, 222
irl, 1, 1, 6
purrloin, 1, 1, 2
typing, 1, 1, 1
drawn, 1, 1, 3
fightingtype, 2, 1, 2
facer, 1, 1, 2
recouloured, 1, 1, 5
comedy, 1, 1, 1
360, 1, 1, 2
sticker, 1, 1, 1
preserve, 1, 1, 1
claws, 1, 1, 3
men, 1, 1, 67
omg, 7, 3, 4
redblue, 3, 2, 5
nature, 1, 1, 1
wo, 8, 8, 58
6v6, 2, 2, 2
aesthetic, 1, 1, 1
slowpoke, 3, 2, 3
however, 3, 3, 4
stunfisk, 2, 1, 0
bulbafett, 1, 1, 3
381, 1, 1, 36
wear, 3, 3, 48
wtf, 3, 3, 115
387, 1, 1, 36
388, 2, 1, 36
news, 2, 2, 2
picking, 3, 2, 4
holds, 2, 2, 71
improve, 2, 2, 12
smeargle, 9, 7, 50
accident, 1, 1, 1
megakhans, 1, 1, 2
blackwhite2, 1, 1, 1
lgbt, 1, 1, 0
country, 1, 1, 2
0x, 1, 1, 2
eyeball, 1, 1, 1
participating, 2, 2, 12
players, 4, 4, 48
samurott, 4, 3, 37
games, 64, 42, 175
brightier, 1, 1, 5
receives, 1, 1, 252
surprises, 1, 1, 7
studio, 2, 1, 3
requests, 1, 1, 2
1month, 1, 1, 2
asked, 4, 4, 25
referring, 1, 1, 4
con, 1, 1, 20
chimecho, 1, 1, 1
jeeeesus, 1, 1, 2
tough, 2, 2, 7
appeared, 2, 2, 8
character, 4, 4, 30
slobbering, 1, 1, 1
waaay, 1, 1, 7
2nd, 1, 1, 1
sync, 3, 3, 5
awesomely, 1, 1, 1
258, 1, 1, 36
massive, 1, 1, 1
patching, 1, 1, 1
252, 2, 1, 1
loaded, 1, 1, 2
subscribing, 1, 1, 15
floatzel, 3, 2, 3
panel, 1, 1, 1
speak, 2, 2, 1
58, 1, 1, 2
puts, 2, 2, 23
basis, 1, 1, 2
chrome, 1, 1, 1
ropes, 3, 2, 4
monetize, 1, 1, 9
three, 6, 6, 83
quickly, 5, 5, 16
commission, 2, 2, 7
increase, 1, 1, 5
magiana, 4, 4, 10
stadium, 4, 4, 35
basic, 1, 1, 2
expected, 1, 1, 10
dunno, 1, 1, 7
lovely, 2, 2, 138
luxrayempoleon, 1, 1, 1
feedback, 1, 1, 2
board, 2, 2, 5
website, 7, 4, 44
hoenn, 13, 13, 49
life, 8, 7, 40
sprite, 3, 3, 7
magcargo, 2, 2, 5
vespiqueen, 1, 1, 1
abomination, 1, 1, 137
dismiss, 1, 1, 6
sooooo, 1, 1, 1
amiibos, 1, 1, 1
personally, 10, 10, 167
catch, 16, 13, 42
165, 1, 1, 36
sad, 10, 10, 252
160, 1, 1, 36
162, 1, 1, 36
163, 1, 1, 36
scolipede, 1, 1, 2
tank, 1, 1, 14
sounded, 1, 1, 3
chuggaaconroy, 2, 2, 2
remakes, 5, 4, 6
hat, 2, 2, 12
censors, 1, 1, 0
lessen, 1, 1, 3
newest, 1, 1, 11
n, 4, 4, 542
ugly, 2, 2, -14
near, 2, 2, 55
formatting, 2, 2, 44
neat, 6, 6, 42
stopping, 1, 1, 2
balance, 2, 2, 3
totodile, 4, 4, 8
chilling, 1, 1, 3
mistake, 4, 4, 10
miles, 1, 1, 1
zinnia, 1, 1, 22
cand, 1, 1, 6
existence, 2, 2, 11
legendarypixie, 1, 1, 1
played, 31, 26, 45
ip, 1, 1, 4
slowbro, 1, 1, 36
defeated, 2, 2, 14
iv, 18, 10, 33
ii, 13, 6, 32
shame, 4, 4, 45
cant, 1, 1, 2
dizzy, 2, 2, 15
alakazam, 2, 2, 37
creepy, 3, 3, 21
quincenera, 1, 1, 1
shift, 1, 1, 3
tidbit, 1, 1, 2
id, 1, 1, -12
harderbut, 1, 1, 3
hone, 1, 1, 3
infringe, 1, 1, 6
confirmed, 3, 3, 20
intact, 1, 1, 1
purchasable, 1, 1, 3
suggest, 2, 2, 44
make, 63, 56, 648
wound, 1, 1, 12
snubbulland, 1, 1, 1
beside, 1, 1, 1
complex, 1, 1, 1
potentially, 2, 2, 3
belly, 2, 2, 5
usedwaytoomuch, 1, 1, 1
success, 2, 2, 3
several, 5, 5, 80
naive, 1, 1, 3
couple, 6, 5, 87
20wallpaperjpg, 1, 1, 1
wheel, 5, 5, 58
evolve, 5, 3, 10
fletchling, 1, 1, 2
twiddling, 1, 1, 1
posed, 1, 1, 15
slowking, 2, 2, 56
mufucka, 1, 1, 2
rain, 6, 4, 27
greeted, 1, 1, 3
waterfall, 4, 1, 60
dewgong, 1, 1, 5
characters, 5, 4, 23
supper, 1, 1, 25
jealous, 1, 1, 2
strength, 4, 4, 126
opportunity, 1, 1, 3
tune, 1, 1, 15
majeerna, 1, 1, 3
mentioning, 2, 2, 6
kept, 2, 2, 35
roms, 1, 1, 1
shitty, 1, 1, 15
paralysed, 1, 1, 2
charlie, 1, 1, 1
sylveon, 3, 3, 6
fusion, 3, 2, 14
options, 2, 2, 5
tho, 3, 3, 3
4000, 1, 1, 4
contact, 4, 4, 9
golbat, 2, 2, 3
territories, 5, 3, 8
pikablu, 1, 1, 1
hearts, 1, 1, 1
obidoof, 1, 1, 2
opinions, 1, 1, 1
swag, 1, 1, 2
indigo, 2, 2, 5
background, 6, 6, 27
steelfairy, 2, 2, 54
kinky, 1, 1, 124
laptop, 3, 3, 4
punbased, 1, 1, 5
aside, 2, 2, 2
wasps, 1, 1, 1
scizor, 6, 6, 57
completed, 3, 2, 6
thanks, 13, 13, 119
human, 5, 3, 17
sability, 1, 1, -2
supporter, 1, 1, -1
yep, 2, 2, 99
yes, 5, 5, 12
tattooed, 1, 1, 1
yet, 13, 11, 19
previous, 6, 5, 83
rng, 1, 1, 5
oshawott, 1, 1, 15
gymleader, 2, 1, 13
enters, 1, 1, 2
xyamp, 2, 2, -11
han, 1, 1, 2
togepi, 1, 1, 36
27th, 2, 2, 2
zebstrika, 2, 2, 2
umirukushake, 1, 1, 38
watercolour, 1, 1, 65
wings, 3, 2, 3
passive, 1, 1, 1
spread, 2, 2, 4
mgearna, 1, 1, 179
dreams, 2, 2, 6
easy, 5, 5, 61
east, 1, 1, 1
adress, 2, 1, 38
tolerable, 1, 1, 5
kirbymon, 1, 1, 25
usable, 2, 2, 39
buildaim, 1, 1, 1
gregg, 2, 1, 1
perking, 1, 1, 1
beedrill, 2, 2, 6
progressed, 2, 2, 2
possible, 6, 6, 91
tear, 1, 1, 1
possibly, 4, 4, 6
boxes, 3, 2, 39
rotate, 1, 1, 2
dreamy, 1, 1, 2
gearamp, 1, 1, 1
wanting, 1, 1, 17
judge, 1, 1, 5
gifv, 1, 1, 1
shadow, 1, 1, 12
unique, 5, 2, 36
candles, 1, 1, 1
advanced, 1, 1, 1
ditto, 4, 4, 41
ludicolo, 1, 1, 2
insurgence, 1, 1, 1
59, 1, 1, 54
gift, 5, 5, 43
rewatching, 2, 2, 3
visible, 1, 1, -3
cooler, 2, 2, 19
xp, 2, 1, 1
hunt, 2, 2, 8
50, 1, 1, 1
switching, 2, 2, 3
specific, 3, 3, 269
55, 1, 1, 2
transform, 1, 1, 3
steps, 1, 1, 2
sequels, 1, 1, 2
night, 2, 1, 2
evolutions, 3, 3, 86
notorious, 1, 1, 5
matchup, 1, 1, 1
interestingly, 1, 1, 28
iuyrqixu250, 1, 1, 23
nidoqueen, 2, 1, 34
surf, 2, 2, 39
right, 21, 21, 41
old, 28, 23, 95
ole, 1, 1, 1
deal, 3, 3, 9
people, 36, 33, 512
czech, 1, 1, 1
glances, 1, 1, 1
begin, 2, 2, 5
dead, 4, 4, 7
standing, 1, 1, 2
punching, 1, 1, 14
influenced, 1, 1, 1
commonplace, 1, 1, 0
ideal, 1, 1, 1
dons, 1, 1, 3
critique, 2, 2, 1
multiple, 1, 1, 10
fuuuuck, 1, 1, 2
tutorial, 1, 1, 3
norman, 1, 1, 2
inginited, 1, 1, 2
combat, 1, 1, 6
purple, 9, 8, 34
phenomenal, 2, 2, 3
ear, 1, 1, 1
opposite, 1, 1, 34
adventure, 2, 2, 3
dpp, 1, 1, 2
comments, 9, 6, 270
creative, 1, 1, 5
everything, 7, 7, 16
asking, 1, 1, 5
scarier, 1, 1, 2
filefolder, 1, 1, 38
wynaut, 1, 1, 216
beating, 1, 1, 2
adorable, 6, 6, 59
christmas, 2, 2, 2
participation, 1, 1, 43
ahhh, 1, 1, 6
rhm2gkzvwkm, 1, 1, 2
deleted, 4, 4, 7
burn, 2, 2, 10
pens, 1, 1, 1
magearna, 13, 13, 99
popular, 6, 6, 45
pss, 1, 1, 1
substituted, 1, 1, 39
shifting, 1, 1, 2
garchomp, 9, 7, 76
defensive, 1, 1, 1
geodude, 2, 2, 38
post, 18, 15, 587
darkrai, 1, 1, 2
super, 13, 13, 194
aditionall, 1, 1, 38
gears, 1, 1, 1
d3jq_rqawqw, 1, 1, 15
attacks, 1, 1, 2
coral, 1, 1, 2
months, 4, 4, 10
mainseries, 1, 1, 3
sweater, 1, 1, 2
browse, 1, 1, 38
pokken, 1, 1, 1
despair, 1, 1, 24
plus, 7, 7, 53
anime, 21, 16, 94
islands, 2, 2, 10
permission, 1, 1, 2
twitch, 2, 2, 2
sprites, 3, 2, 48
fangirl, 1, 1, 15
unstopable, 1, 1, 5
houndour, 1, 1, 36
subs, 1, 1, 5
presence, 1, 1, 1
civil, 1, 1, 5
pays, 1, 1, 24
ecruteak, 1, 1, 3
iimgurcomzqjqbxhpng, 1, 1, 7
puke, 2, 2, 18
boom, 1, 1, 6
filesfolders, 1, 1, 38
wowie, 1, 1, 127
wrap, 1, 1, 3
imgurcoma8vmn2all, 1, 1, 5
lewd, 2, 2, 132
methods, 1, 1, 1
battled, 2, 2, 102
wan, 2, 2, 3
despised, 1, 1, 21
dobby, 1, 1, 6
elementarymiddle, 1, 1, 1
monocolor, 1, 1, 1
support, 2, 2, 6
constantly, 2, 1, 1
googlformslgejgxjpku, 1, 1, 36
cosmetics, 1, 1, 3
klefki, 3, 3, 8
fight, 5, 5, 52
stuck, 3, 3, 20
fought, 1, 1, 43
authorized, 1, 1, 1
gia, 1, 1, 10
reddits, 1, 1, -1
call, 2, 2, -3
dorsal, 1, 1, 67
garbodor, 1, 1, 0
happy, 8, 8, 181
flying, 1, 1, 1
head, 7, 7, 54
tints, 1, 1, 7
form, 9, 6, 26
birthday, 5, 4, 6
fangame, 1, 1, 11
differences, 2, 2, 44
manmade, 1, 1, 2
reshiram, 1, 1, 2
ford, 1, 1, 2
wireless, 1, 1, 2
31st, 1, 1, 38
purchasing, 1, 1, 5
imgurcoma35yes, 1, 1, 3
hear, 6, 6, 62
solar, 1, 1, 1
learned, 3, 3, 8
224, 1, 1, 36
true, 1, 1, 1
fainting, 1, 1, 1
builds, 1, 1, 1
full, 7, 7, 51
born, 2, 2, 49
type, 10, 10, 63
inside, 3, 3, 40
attached, 2, 2, 23
hmm, 2, 2, 4
tell, 12, 12, 95
crystal, 15, 14, 65
complaint, 1, 1, 4
minor, 1, 1, 1
sapphire, 17, 15, 22
nerdy, 1, 1, 2
delete, 1, 1, 6
151, 1, 1, 25
150, 1, 1, 5
trio, 3, 2, 6
phil, 1, 1, 6
hotter, 2, 2, 71
sticks, 1, 1, 2
icon, 2, 1, 3
classic, 2, 2, 11
158, 1, 1, 36
tournament, 3, 3, 5
covers, 1, 1, 6
bulbapedia, 1, 1, 15
iimgurcom9y4gkgsjpg, 1, 1, 1
calvin, 1, 1, 100
exist, 3, 3, 27
prayer, 1, 1, 9
feraligatr, 2, 2, 7
shines, 1, 1, 1
annoying, 8, 6, 34
mold, 3, 3, 15
trip, 1, 1, 0
shit, 20, 19, 598
physical, 1, 1, 38
oddish, 1, 1, 2
redorange, 1, 1, 3
open, 3, 3, 13
na, 16, 15, 316
commercials, 1, 1, 57
crowns, 1, 1, 67
til, 2, 2, 9
swadloon, 1, 1, 2
interested, 2, 2, 3
republic, 1, 1, 1
uxie, 1, 1, 194
holding, 4, 4, 6
giovanni, 1, 1, 1
tie, 4, 3, 47
confusing, 1, 1, 1
roll, 1, 1, 1
picture, 9, 9, 135
butterfree, 4, 2, 7
ferroseed, 3, 1, 1
phoenix, 1, 1, 3
models, 1, 1, 10
surprise, 2, 2, 5
felt, 10, 9, 175
update, 2, 2, 3
brief, 1, 1, 1
fell, 2, 2, 4
intent, 1, 1, 2
grassgreen, 1, 1, 5
rolling, 1, 1, 1
transfers, 1, 1, 2
kyogre, 6, 6, 11
omega, 8, 6, 12
died, 1, 1, 1
jewelry, 1, 1, 1
pokeball, 4, 4, 18
longer, 4, 4, 43
excuse, 1, 1, 1
assume, 3, 3, 7
lillipup, 2, 1, 5
moved, 3, 3, 4
reasoning, 1, 1, 1
together, 6, 6, 14
jacket, 1, 1, 2
carts, 1, 1, 1
bambi, 2, 1, 3
yayayay, 1, 1, 1
rstarwars, 1, 1, 46
time, 65, 53, 461
push, 2, 2, 77
serious, 2, 2, 22
backward, 1, 1, 1
basically, 5, 4, 15
spored, 1, 1, 21
gown, 3, 3, 2
concepts, 1, 1, 1
managed, 2, 2, 6
tepig, 2, 2, 3
themed, 2, 2, 7
dance, 3, 3, 18
skip, 2, 2, 9
dear, 1, 1, 6
global, 1, 1, 1
rod, 2, 2, 5
focus, 1, 1, 42
celebi, 4, 3, 270
nephew, 1, 1, 1
ice, 5, 5, 23
wiiu, 2, 1, 1
skin, 2, 2, 2
battle, 25, 21, 459
mill, 1, 1, 5
recharge, 1, 1, 1
gaem, 2, 1, 1
anticipation, 2, 2, 5
clarification, 1, 1, 3
zone, 2, 1, 1
graph, 1, 1, 3
levelingup, 1, 1, 1
disgusting, 3, 3, 39
accounting, 1, 1, 1
answered, 1, 1, 15
charge, 2, 2, 5
snorlax, 3, 3, 40
supplies, 1, 1, 10
810, 1, 1, 2
sunyshore, 2, 2, 28
giga, 3, 3, 54
ride, 1, 1, 14
machamp, 1, 1, 1
brown, 4, 4, 45
romhack, 1, 1, 11
granbull, 1, 1, 1
uploaded, 1, 1, 1
golurk, 2, 1, 1
navigable, 1, 1, 2
imgurcomaahhaoall, 1, 1, 5
keeping, 4, 4, 4
unfamiliar, 1, 1, 1
iimgurcomyljdwhjpg, 1, 1, 25
artwork, 7, 6, 34
cyan, 1, 1, 7
trouble, 1, 1, 252
imgurcomnyn0bjr, 1, 1, 1
exact, 3, 3, 13
423, 1, 1, 36
minute, 2, 2, 26
cool, 22, 21, 92
aggressively, 1, 1, 20
speed, 1, 1, 1
hour, 1, 1, 2
steelpsychic, 1, 1, 2
level, 15, 10, 153
die, 2, 2, 5
rights, 1, 1, -1
dani_skye, 1, 1, 8
accidentally, 1, 1, 34
cloudy, 1, 1, 5
mesprit, 1, 1, 194
leave, 5, 5, 16
p, 7, 7, 415
settle, 1, 1, 1
subtletvcom_r45uhe7, 1, 1, 1
teal, 1, 1, 1
team, 33, 29, 191
quick, 2, 2, 4
guy, 14, 11, 139
convince, 1, 1, 2
round, 22, 14, 123
yall, 1, 1, 7
magfest, 2, 2, 2
stingers, 1, 1, 1
says, 7, 7, 92
talonflame, 18, 9, 84
collage, 1, 1, 43
leafeon, 3, 3, 47
cost, 1, 1, 38
chopping, 2, 2, 16
crescent, 1, 1, 1
zorua, 3, 2, 4
run, 7, 6, 24
pedo, 1, 1, 14
frustratingly, 1, 1, 2
unleashing, 1, 1, 2
fear, 2, 2, 2
substitute, 3, 3, 18
boosh, 1, 1, 1
appear, 3, 2, 4
candle, 1, 1, 1
imagined, 1, 1, 2
melt, 1, 1, 1
iimgurcomuzgriqmjpg, 1, 1, 2
current, 9, 8, 116
rub, 1, 1, 12
iimgurcomoe4zvrtpng, 1, 1, 26
suspect, 1, 1, 2
arceus, 1, 1, 1
goes, 6, 6, 104
shared, 3, 3, 15
dressup, 2, 1, 1
badge, 1, 1, 38
529, 1, 1, 36
kecleon, 2, 2, 2
phonetablet, 1, 1, 4
creepiest, 2, 2, 19
symphonic, 1, 1, 44
pose, 1, 1, 2
explosion, 4, 4, 12
heeeeeeey, 1, 1, 1
eyepleasing, 1, 1, 1
learn, 2, 2, 11
hoopa, 2, 2, 42
agreement, 1, 1, 4
water, 7, 7, 144
downloaded, 1, 1, 4
unsactioned, 1, 1, 2
slow, 1, 1, 1
issued, 1, 1, 2
seasons, 2, 2, 3
elses, 1, 1, 14
soulsiverheartgold, 1, 1, 8
along, 5, 5, 35
appears, 3, 2, 25
change, 9, 9, 43
wait, 11, 11, 45
box, 10, 8, 27
boy, 6, 5, 10
461g3z, 1, 1, 1
pokebank, 6, 2, 2
flames, 2, 2, 30
battling, 4, 4, 17
brilliant, 4, 4, 20
onix, 4, 3, 109
woop, 1, 1, 3
bot, 3, 3, 2
dixon, 1, 1, 1
bow, 1, 1, 54
dedenne, 2, 2, 5
imgurcoman5h2tall, 1, 1, 5
usually, 3, 3, 6
majeearna, 1, 1, 3
434, 1, 1, 36
435, 2, 1, 36
evangelion, 1, 1, 1
bearable, 1, 1, 0
genuinely, 1, 1, 1
regenerator, 1, 1, 21
teenage, 1, 1, 1
esport, 1, 1, 1
useful, 3, 3, 25
os, 1, 1, 1
extra, 4, 4, 38
merely, 1, 1, 55
elixir, 1, 1, 2
prefer, 4, 4, 15
sableye, 1, 1, 1
bloody, 1, 1, 9
999, 1, 1, 5
graduated, 1, 1, 2
paralyzed, 1, 1, 5
pleasantly, 1, 1, 4
fake, 3, 2, 2
compete, 1, 1, 3
wwwtensocomen, 1, 1, 38
crisis, 1, 1, 5
market, 1, 1, 12
challenging, 1, 1, 2
preo, 6, 3, 8
towards, 4, 4, 14
voices, 1, 1, 1
handled, 1, 1, 14
working, 4, 4, 8
bury, 1, 1, 65
dude, 3, 3, 7
insides, 2, 2, 36
ashgray, 4, 4, 22
live, 4, 4, 95
slog, 1, 1, 0
https, 108, 35, 755
memory, 2, 2, 31
cuter, 1, 1, 43
angels, 1, 1, 1
today, 4, 4, 78
introducing, 1, 1, 1
sharing, 1, 1, 1
donamp, 1, 1, 1
parks, 1, 1, 2
afford, 2, 1, 1
dislikes, 1, 1, 55
apparent, 1, 1, -1
ooh, 1, 1, 1
hypno, 4, 4, 32
fuel, 1, 1, 1
visual, 1, 1, 137
everywhere, 1, 1, 1
bandannas, 1, 1, 3
sit, 3, 3, 27
imgurcom2juk08c, 1, 1, 25
prophecy, 1, 1, 2
effort, 2, 2, 8
fly, 4, 4, 158
graphic, 1, 1, 21
left, 27, 26, 71
servers, 1, 1, 1
flygon, 5, 5, 47
sbbook, 1, 1, 2
soul, 4, 4, 10
tenouttaten, 1, 1, 1
vega, 1, 1, 1
9th, 1, 1, 8
following, 3, 3, 8
making, 15, 14, 94
bites, 1, 1, 2
dollars, 1, 1, 7
heart, 5, 5, 13
dedicated, 4, 3, 60
valentines, 1, 1, 5
figure, 1, 1, -7
mudkip, 3, 3, 3
awesome, 33, 31, 196
friggen, 1, 1, 2
fuck, 14, 13, 39
topic, 1, 1, 2
heard, 5, 5, 59
posing, 1, 1, 1
dropped, 1, 1, 7
allowed, 3, 2, 258
236, 1, 1, 36
clothing, 1, 1, 2
katsu, 1, 1, 2
competitively, 3, 3, 24
pink, 12, 10, 79
banette, 2, 2, 3
zetaomnicron, 1, 1, 3
discussion, 2, 2, 2
watching, 11, 10, 14
brand, 1, 1, 3
giveaways, 1, 1, 10
pine, 1, 1, 2
brain, 1, 1, 6
1, 57, 41, 543
till, 6, 2, 253
eeveelutions, 2, 2, 21
fourth, 1, 1, 6
unsettling, 1, 1, 13
tile, 1, 1, 8
ensure, 1, 1, 252
l0t0orzr5d4, 1, 1, 15
eight, 2, 2, 2
dope, 1, 1, 2
preorder, 2, 2, 2
belongs, 1, 1, 1
junichi, 1, 1, 3
unbeatable, 1, 1, 15
ballroom, 1, 1, 2
huge, 6, 6, 23
may, 15, 13, 115
max, 6, 6, 41
clone, 1, 1, 2
fed, 1, 1, 13
spot, 3, 3, 5
lucky, 3, 3, 3
4th, 5, 4, 5
newer, 6, 6, 7
designed, 3, 3, 18
date, 3, 3, -4
endgame, 3, 3, 11
guys, 15, 15, 89
man, 14, 14, 68
120, 1, 1, 1
wwwyoutubecomwatch, 19, 8, 78
natural, 2, 2, 0
remember, 22, 18, 119
liquid, 2, 2, 9
recognized, 1, 1, 5
whenever, 4, 4, 7
maybe, 13, 11, 94
malamar, 1, 1, 1
majorly, 1, 1, 2
irwin, 1, 1, 7
awww, 1, 1, 2
ttar, 1, 1, 1
q, 2, 2, 42
complaining, 2, 2, 2
switch, 1, 1, 3
sh, 1, 1, 21
evolutionary, 1, 1, 1
tall, 2, 2, 9
lugia, 3, 3, 35
pulled, 2, 2, 53
manga, 1, 1, 15
se, 1, 1, 2
typical, 1, 1, 9
imagining, 1, 1, 100
exclusive, 1, 1, 38
tagged, 1, 1, 5
bush, 1, 1, 5
sexually, 1, 1, 2
kong, 1, 1, 1
arcanine, 1, 1, 36
episodes, 7, 6, -5
nbsp, 1, 1, 28
spinoff, 1, 1, 8
whats, 3, 3, 3
cold, 2, 2, 3
still, 42, 38, 805
birds, 1, 1, 1
revenge, 1, 1, 1
preevolutions, 1, 1, 8
thank, 10, 10, 72
wallace, 1, 1, 7
acknowledge, 1, 1, 25
lackluster, 1, 1, 0
interesting, 7, 7, 59
torn, 1, 1, 1
hot, 5, 5, 37
faves, 1, 1, 0
mahgearna, 1, 1, -1
forms, 3, 3, 11
platform, 1, 1, 2
sinfully, 1, 1, 137
gts, 3, 2, 4
nessie, 2, 1, 6
thant, 1, 1, 5
main, 10, 7, 40
norway, 1, 1, 1
galewings, 1, 1, 2
souls, 3, 1, 1
happened, 7, 7, 17
ketchum, 2, 1, 2
battleready, 1, 1, 5
non, 1, 1, 1
lonely, 1, 1, 2
versionexclusive, 1, 1, 1
gray, 3, 2, 5
moms, 1, 1, 2
conversations, 1, 1, 14
sooner, 1, 1, 3
toxic, 2, 2, 3
ustitchmond, 1, 1, 1
safari, 1, 1, 1
half, 3, 3, 9
discuss, 1, 1, 14
halo, 1, 1, 3
matched, 1, 1, 24
mrayquaza, 1, 1, 28
goodbye, 2, 2, 6
name, 25, 20, 156
kink, 1, 1, 2
january, 3, 2, 7
awkwardly, 1, 1, 0
drop, 2, 2, 9
locked, 1, 1, 9
twittercomevegurumi, 2, 1, 3
intrigued, 1, 1, 0
fisherman, 1, 1, 5
rangers, 1, 1, 15
thisparticipate, 1, 1, 43
entirely, 3, 2, 5
repaired, 1, 1, 7
7zbs3xcpuy, 1, 1, 3
imgurcomaapnqaall, 1, 1, 5
turtle, 1, 1, 9
square, 1, 1, 2
psyduck, 2, 2, 46
lowkey, 1, 1, 2
gaming, 1, 1, 3
revised, 1, 1, 13
yeah, 5, 5, 15
porygonz, 4, 4, 47
eb, 3, 1, 1
challenges, 3, 2, 14
challenger, 1, 1, 3
gaylord, 1, 1, 2
persian, 3, 2, 23
ex, 1, 1, 1
iimgurcomyxeze89png, 1, 1, 3
year, 26, 21, 245
eu, 1, 1, 6
gtfo, 1, 1, 2
happen, 6, 6, 76
teams, 17, 14, 40
ep, 1, 1, 2
aiming, 1, 1, 1
intended, 1, 1, 10
canada, 1, 1, 1
living, 6, 6, 8
shown, 3, 3, 14
10rubk4lwpo, 1, 1, 15
opened, 2, 2, 39
factors, 2, 1, 0
profit, 1, 1, 1
spawning, 1, 1, 2
dredd, 1, 1, 5
lawyers, 1, 1, 4
looking, 19, 18, 112
mess, 1, 1, 1
seriously, 8, 8, 53
milotiptop, 1, 1, 1
hacked, 1, 1, 1
internet, 4, 4, 12
formula, 2, 2, 9
receiving, 2, 2, 2
viable, 2, 2, 7
shows, 2, 2, 22
eagle, 1, 1, 1
hula, 1, 1, 2
impressed, 2, 2, 4
miltank, 2, 2, 3
satanic, 1, 1, 11
contain, 1, 1, 95
seventh, 1, 1, 0
unown, 1, 1, 1
hulk, 1, 1, 17
quite, 8, 8, 31
poliwhirl, 1, 1, 2
mime, 2, 2, 7
besides, 2, 2, 3
20reportamp, 3, 3, 6
e4, 1, 1, 1
cough, 2, 1, 14
orb, 1, 1, 2
explorers, 3, 2, 45
card, 2, 2, 44
care, 6, 5, 79
partner, 1, 1, 15
advance, 2, 2, 4
training, 4, 3, 3
eons, 1, 1, 3
nidorino, 1, 1, 34
discussing, 1, 1, 6
souce, 1, 1, 12
honest, 5, 5, 44
hypnosis, 4, 3, 30
holographic, 1, 1, 1
place, 15, 12, 42
lucarion, 1, 1, 2
jolteon, 4, 4, 41
routes, 3, 2, 6
promotion, 1, 1, 1
sugimori, 9, 9, 95
think, 57, 51, 259
516, 1, 1, 36
mucha, 1, 1, 1
note, 1, 1, 2
curiosity, 1, 1, 1
xl, 1, 1, 3
guessing, 1, 1, 0
xd, 1, 1, 6
bluish, 1, 1, 25
nativity, 1, 1, 67
walkthrough, 2, 1, 1
insist, 1, 1, 6
xy, 23, 19, 142
specifically, 6, 6, 445
directly, 1, 1, 2
suing, 1, 1, 6
vote, 9, 6, 93
impossible, 6, 5, 22
message, 4, 4, 12
forwarding, 1, 1, 4
pokemon, 312, 200, 1310
tomorrow, 2, 2, 3
trynna, 1, 1, 3
city, 2, 2, 17
given, 7, 6, 269
necessarily, 2, 2, 8
bianca, 1, 1, 0
silent, 1, 1, 54
pixelmon, 1, 1, 1
caught, 2, 2, 4
iimgurcomt9mmeyvpng, 1, 1, 2
weekdays, 1, 1, 2
response, 1, 1, 4
anyone, 25, 25, 192
mackerel, 1, 1, 3
2, 65, 48, 564
terrifying, 2, 2, 14
ld3a3qcpxd4, 1, 1, 1
giaru, 1, 1, 10
white, 37, 27, 214
preregistered, 1, 1, 1
friend, 16, 14, 63
gives, 3, 3, 10
hue, 1, 1, 13
eyes, 5, 5, 26
gliscor, 3, 3, 4
way, 37, 37, 318
mostly, 5, 5, 41
huh, 1, 1, 2
boba, 4, 4, 115
stylized, 1, 1, 6
released, 8, 7, 29
dudes, 1, 1, 2
ridiculous, 2, 2, 15
dittos, 1, 1, 1
firered, 6, 6, 10
specialpokepoint8124, 1, 1, 38
eliminated, 6, 5, 129
copy, 6, 6, 16
unlearn, 1, 1, 1
11, 4, 4, 48
10, 12, 9, 74
13, 1, 1, 1
12, 5, 5, 7
rugged, 1, 1, 6
lmao, 2, 2, 2
17, 1, 1, 1
16, 1, 1, 3
18, 1, 1, 1
require, 1, 1, 5
summary, 1, 1, 1
snakewood, 2, 2, 17
poken, 1, 1, 1
future, 5, 4, 4
glossy, 1, 1, 3
cubone, 4, 3, 46
college, 6, 5, 7
synthesis, 1, 1, 21
wandering, 1, 1, 3
damned, 2, 2, 3
ost, 1, 1, 5
buries, 1, 1, 1
ana, 1, 1, 1
nicer, 2, 2, 4
appreciate, 1, 1, 43
fuckyoubirds, 2, 1, 2
turned, 2, 2, 11
imgurcomajzcc5all, 1, 1, 5
crossover, 2, 2, 42
woah, 1, 1, 5
say, 16, 16, 187
suspense, 1, 1, 1
recovory, 1, 1, 1
tylenol, 1, 1, 6
sells, 1, 1, 1
lanturn, 2, 2, 2
saw, 14, 13, 95
sat, 1, 1, 2
iimgurcomg4zmu8ujpg, 1, 1, 2
micromania, 1, 1, 1
fucking, 14, 11, 75
ideas, 5, 5, 8
masse, 1, 1, 4
emphasis, 1, 1, 21
pdon, 1, 1, 1
take, 22, 22, 365
6up, 1, 1, 10
online, 12, 8, 56
creatively, 1, 1, 4
destroy, 1, 1, 14
1st, 1, 1, 1
grammys, 1, 1, 1
channel, 4, 4, 29
201, 1, 1, 36
200, 4, 4, 56
handing, 1, 1, 1
sure, 22, 21, 375
pain, 2, 2, 4
eoftgm5rtymamp, 1, 1, 2
normal, 10, 10, 173
209, 1, 1, 36
price, 1, 1, 2
knew, 7, 7, 11
paid, 1, 1, 38
short, 1, 1, 2
coworker, 1, 1, 3
bleurgh, 1, 1, 1
beta, 1, 1, 2
endure, 1, 1, 1
clusterfuck, 1, 1, 2
tracy, 1, 1, 1
america, 1, 1, 4
rmysterydungeon, 1, 1, 43
espurr, 2, 2, 2
overwhelming, 1, 1, 2
forever, 1, 1, 6
democratic, 1, 1, 63
massacred, 1, 1, 1
especially, 10, 10, 30
surprising, 2, 2, 7
considered, 1, 1, 1
gyro, 4, 3, 18
graphics, 3, 3, 4
later, 14, 13, 83
implications, 1, 1, 2
drive, 2, 2, 7
lowleveled, 1, 1, 3
inuniverse, 1, 1, 22
zero, 1, 1, 1
wind, 1, 1, 7
butchered, 1, 1, 1
crank, 1, 1, 1
typically, 2, 2, 39
shop, 8, 2, 40
delphox, 1, 1, 1
walking, 4, 4, 6
drastically, 1, 1, 2
reply, 1, 1, 1
tron, 1, 1, 14
show, 8, 8, 45
parental, 1, 1, 10
mkangaskhan, 1, 1, 28
cheap, 5, 5, 12
simplicityadventure, 1, 1, 4
discovered, 1, 1, 2
bright, 5, 4, 28
welp, 1, 1, 1
teamed, 1, 1, 1
hack, 2, 2, 9
flack, 1, 1, 5
corner, 1, 1, 17
aggressive, 1, 1, 1
data, 1, 1, 1
fireredleafgreen, 1, 1, 1
fifth, 2, 2, 11
ground, 2, 1, 2
removed, 11, 11, 174
title, 4, 3, 31
imgurcomagvehtall, 1, 1, 5
daily, 1, 1, 2
enough, 18, 18, 498
shimmer, 1, 1, 1
crime, 1, 1, 34
going, 43, 39, 583
black, 53, 37, 204
daaa, 1, 1, 5
stain, 1, 1, 1
iimgurcomvkhhmhjpg, 1, 1, 25
abruptly, 1, 1, 1
awareness, 1, 1, 5
bruno, 1, 1, 4
1amp, 1, 1, 6
creeps, 1, 1, 1
get, 87, 70, 741
ffs, 1, 1, 1
vgcbird, 1, 1, 28
lug, 1, 1, 2
begging, 7, 2, 253
emulators, 2, 2, 2
truly, 3, 3, 12
cursing, 1, 1, 2
tailor, 1, 1, -7
nearly, 3, 3, 17
bracelets, 1, 1, 1
watchinh, 1, 1, 1
whaaat, 1, 1, 2
thisgt, 1, 1, 2
gen, 152, 69, 276
gem, 1, 1, 8
originals, 1, 1, 13
nouveau, 1, 1, 7
regarding, 3, 3, 8
20something, 1, 1, 10
imgurcomfroyte1jpg, 1, 1, 25
artist, 2, 2, 52
seemed, 2, 2, 4
ushinx_fucker, 2, 2, 83
borrow, 1, 1, 1
fainted, 3, 3, 279
worried, 1, 1, 2
stupid, 3, 3, 2
losers, 3, 2, 38
flaunt, 1, 1, 1
finishing, 1, 1, 43
stumbled, 1, 1, 1
affordable, 1, 1, 10
goodra, 2, 2, 13
metapod, 1, 1, 32
trevanent, 1, 1, 2
ucolinw0805, 1, 1, 0
imposter, 1, 1, 1
spore, 1, 1, 21
replies, 2, 2, 3
comparable, 1, 1, 2
relative, 1, 1, 3
asleep, 4, 4, 133
anyways, 4, 4, 21
japan, 10, 6, 54
apologies, 1, 1, 43
unaltered, 3, 3, 6
ruined, 3, 3, 25
aroused, 1, 1, 2
squidward, 1, 1, 12
wonder, 6, 6, 55
fails, 1, 1, 3
leaning, 1, 1, 1
vertical, 1, 1, 1
lumiose, 1, 1, 2
ways, 1, 1, 4
avenue, 2, 2, 2
shiva, 1, 1, 1
colours, 3, 3, 41
movepool, 1, 1, 3
3, 45, 35, 478
moldy, 1, 1, 2
ginyu, 1, 1, 7
kindle, 1, 1, 2
graphically, 2, 1, 3
reading, 2, 2, 253
across, 4, 4, 9
wouldve, 1, 1, 7
tux, 1, 1, -7
imanukani, 1, 1, 5
notice, 1, 1, 1
swinub, 1, 1, 1
august, 1, 1, 38
parent, 1, 1, 1
25, 3, 3, 6
comp, 1, 1, 1
screen, 3, 3, 8
style, 14, 12, 177
guitar, 1, 1, 15
surrounded, 1, 1, 11
pent, 1, 1, 190
implemented, 2, 2, 10
jk, 3, 3, 3
article, 1, 1, 1
showerthought, 1, 1, 6
xerneas, 6, 6, 85
twelve, 1, 1, 1
reaction, 3, 3, 101
barcraft, 1, 1, 1
talented, 2, 2, 3
mona, 1, 1, 5
many, 26, 22, 165
region, 17, 14, 306
trades, 2, 2, 7
according, 1, 1, 1
personal, 1, 1, 3
concentrate, 1, 1, 4
mons, 6, 6, 22
20155063, 1, 1, 2
remake, 2, 2, 3
awkward, 1, 1, 1
gba, 7, 6, 12
traded, 3, 3, 3
comes, 9, 9, 100
yeaah, 1, 1, 10
unshuckwitable, 1, 1, 6
key, 2, 2, 18
cancer, 1, 1, -1
iimgurcomt3uhbuejpg, 1, 1, 3
period, 1, 1, 23
football, 1, 1, 14
satisfaction, 1, 1, 3
pole, 1, 1, 6
guysgals, 1, 1, 2
anti, 1, 1, -1
pok, 67, 45, 730
cyanlightblue, 1, 1, 5
zapdos, 1, 1, 36
68, 2, 1, 2
ordered, 1, 1, 4
poll, 2, 1, 10
considers, 1, 1, 52
logic, 2, 2, 11
considering, 1, 1, 4
save, 4, 4, 13
combines, 2, 2, 2
marriland, 1, 1, 27
capable, 2, 1, 21
come, 11, 11, 23
envision, 1, 1, 1
edits, 1, 1, 15
mark, 2, 2, 2
cared, 1, 1, 1
subscription, 1, 1, 1
legit, 2, 2, 2
508, 1, 1, 36
technical, 1, 1, 2
featuring, 1, 1, 1
502, 1, 1, 36
bullshit, 3, 3, 142
regionals, 1, 1, 1
engine, 1, 1, 38
wonderful, 1, 1, 2
direction, 1, 1, 1
searches, 1, 1, 1
cresselia, 2, 2, 30
beltcenterpiece, 1, 1, 1
breloom, 5, 5, 49
offered, 1, 1, 2
tangela, 1, 1, 9
connections, 2, 2, 4
gaaah, 1, 1, 1
photos, 1, 1, 1
external, 1, 1, 1
hardcore, 2, 2, 83
careful, 1, 1, 21
ruby, 11, 8, 83
former, 1, 1, 1
missions, 2, 1, 2
paying, 2, 2, 14
disconnected, 1, 1, 6
2ds, 3, 3, 4
autumnlike, 1, 1, 42
mount, 1, 1, 25
cash, 1, 1, 1
tournies, 1, 1, 2
trick, 3, 2, 16
cast, 1, 1, 2
diverse, 6, 6, 139
ongoing, 1, 1, 38
reposts, 1, 1, 28
promising, 1, 1, 11
knowing, 3, 3, 7
groudon, 6, 6, 13
shops, 1, 1, 38
pushed, 1, 1, 1
unusual, 1, 1, -1
ive, 2, 2, 3
vest, 1, 1, 1
fuckle, 2, 2, 179
eventually, 4, 4, 8
im, 8, 7, 14
canon, 1, 1, 20
duplicating, 1, 1, 1
bros, 1, 1, 8
cookiecutter, 1, 1, 1
middle, 5, 5, 6
good, 51, 43, 283
galore, 1, 1, 1
dangerously, 1, 1, 86
gamerom, 1, 1, 8
heels, 1, 1, 1
somebody, 1, 1, 3
protein, 1, 1, 1
obnoxious, 1, 1, 2
stickers, 1, 1, 1
everyday, 2, 2, 44
helmet, 2, 2, 2
different, 28, 23, 169
bans, 2, 1, 63
april, 5, 2, 39
pay, 4, 3, 43
granted, 3, 3, 21
seeking, 1, 1, 1
bowl, 1, 1, 57
check, 7, 7, 107
nimbasa, 1, 1, 14
figuring, 1, 1, 6
speech, 1, 1, 26
priorities, 2, 1, 1
weakness, 3, 2, 5
struggling, 1, 1, 2
events, 6, 4, 31
mane, 2, 2, 37
week, 4, 3, -3
visually, 1, 1, 2
compositions, 2, 1, 2
finish, 5, 5, 49
raichu, 1, 1, 1
closest, 1, 1, 1
singapore, 1, 1, 1
downloads, 1, 1, 2
alrighty, 1, 1, 2
drives, 1, 1, 4
wtfu, 3, 3, 53
running, 8, 8, 165
favorites, 8, 8, 22
changing, 2, 2, 36
oceans, 1, 1, 1
totally, 5, 5, 31
cartoon, 1, 1, 9
vowed, 1, 1, 4
break, 6, 6, 8
1ha6ydkisc, 1, 1, 15
youtubers, 1, 1, 1
dying, 2, 2, 14
kangashan, 1, 1, 3
plasma, 1, 1, 1
floor, 2, 2, 7
mods, 1, 1, 137
465j8m, 1, 1, 2
buggers, 1, 1, 2
without, 27, 21, 49
relief, 1, 1, 2
inability, 1, 1, 3
model, 2, 2, 25
hospital, 1, 1, 2
amazed, 1, 1, 6
216, 1, 1, 36
gates, 1, 1, 11
214, 1, 1, 36
213, 1, 1, 36
211, 2, 1, 36
captures, 2, 2, 18
tahk0, 1, 1, 1
neon, 1, 1, 5
valuable, 4, 3, 60
clefable, 2, 2, 3
relevant, 3, 3, 31
kill, 3, 3, 5
wifey, 1, 1, -2
aspect, 3, 3, 8
touch, 1, 1, 1
dududuh, 1, 1, 1
afterwards, 1, 1, 1
announcement, 4, 4, 26
death, 3, 3, 105
legitimately, 1, 1, 2
hint, 1, 1, 2
thinking, 7, 7, 89
seems, 18, 15, 421
except, 5, 5, 82
desktop, 2, 2, 2
color, 19, 15, 86
dipper, 2, 2, 4
setting, 1, 1, -4
4, 36, 29, 223
versa, 1, 1, 2
hind, 2, 1, 43
gible, 2, 2, 8
ross, 1, 1, 1
real, 7, 7, 37
aspects, 2, 2, 6
around, 22, 22, 156
kills, 2, 2, 6
read, 14, 13, 86
trubbish, 1, 1, -1
regis, 1, 1, 2
dark, 16, 14, 62
psy, 1, 1, 12
traffic, 1, 1, 1
mon, 66, 45, 660
mom, 3, 3, 20
world, 12, 11, 37
backstory, 1, 1, 1
execution, 1, 1, 15
disappointed, 6, 6, 27
vague, 1, 1, 1
dare, 1, 1, 1
mod, 1, 1, 2
60, 1, 1, 32
rebreeding, 1, 1, 1
fossils, 1, 1, 2
intel, 1, 1, 1
earthy, 1, 1, 6
cradily, 1, 1, 2
oddly, 1, 1, 54
facing, 1, 1, 2
benefit, 1, 1, 46
vgcs, 1, 1, 6
either, 13, 11, 84
retailers, 2, 2, 5
fully, 2, 2, 20
creeped, 1, 1, 1
brleker, 1, 1, 1
65, 2, 2, 54
damage, 4, 4, 29
sparkles, 1, 1, 1
interest, 5, 5, 28
joking, 1, 1, 1
doll, 2, 2, 14
pronounce, 2, 2, 4
battlemaisonhax, 1, 1, 14
competition, 2, 2, 5
hacks, 1, 1, 1
supplementary, 1, 1, 1
replay, 2, 2, 4
iimgurcomdvwcej4jpg, 1, 1, 216
kings, 1, 1, 2
images, 3, 3, 8
diving, 1, 1, 0
drove, 2, 1, 3
divine, 1, 1, 1
d00giap, 1, 1, 1
thinks, 3, 3, 7
reasons, 2, 2, 3
imgurcomaagnb1all, 1, 1, 5
pichu, 1, 1, 2
provided, 1, 1, 1
passions, 1, 1, 6
gamestop, 7, 4, 6
magicarp, 1, 1, 1
calculating, 1, 1, 2
noob, 2, 2, 215
confirm, 1, 1, 4
sewaddle, 2, 1, 2
memories, 3, 3, 5
nazi, 2, 2, 148
hype, 3, 3, 6
googled, 2, 2, 44
legal, 1, 1, 4
moon, 2, 2, 22
flow, 2, 2, 3
voice, 3, 3, 23
volcanion, 1, 1, 2
lunar, 1, 1, 1
critiques, 2, 1, -4
victory, 1, 1, 4
biased, 1, 1, 10
welcome, 3, 3, 9
22starburstpikachu, 2, 2, 42
power, 6, 6, 77
asap, 1, 1, 2
lmfao, 1, 1, 1
sixth, 1, 1, 6
nails, 1, 1, 2
arts, 1, 1, 6
imgurcomatxhfq, 1, 1, 3
credits, 1, 1, 2
fuuuuuuuuuuuuuuuuuu, 1, 1, 2
inherent, 1, 1, 15
tweetposteramp, 6, 3, 6
yay, 3, 3, 108
roaming, 1, 1, 1
exciting, 1, 1, 2
throw, 3, 3, 26
_, 3, 3, 298
scarfactor, 1, 1, 1
conducting, 1, 1, 4
ol, 1, 1, 1
ok, 2, 2, 58
ace, 2, 1, 1
oh, 25, 25, 140
od, 1, 1, 1
favorite, 45, 38, 250
bonding, 4, 3, 32
tremendous, 1, 1, 1
demonic, 1, 1, 1
journey, 1, 1, 5
stand, 3, 3, 20
gengar, 17, 15, 127
swampert, 6, 5, 54
quilava, 4, 3, 38
bond, 3, 3, 25
deranged, 1, 1, 22
road, 1, 1, 4
op, 8, 8, 60
bike, 2, 1, 7
quietly, 1, 1, 8
referenced, 2, 2, 1
devito, 2, 2, 20
followed, 4, 4, 6
noting, 1, 1, 1
bouffalants, 1, 1, 1
wobbafatt, 1, 1, -5
copies, 1, 1, 1
struggle, 1, 1, 2
accounts, 1, 1, 28
shock, 1, 1, 2
strip, 2, 2, -1
elementary, 1, 1, 1
annoys, 3, 2, 16
conceptually, 1, 1, 2
nowadays, 1, 1, 2
technically, 2, 2, 19
stare, 1, 1, 17
breath, 1, 1, 1
fast, 4, 4, 43
fill, 2, 2, 8
area, 1, 1, 1
fanart, 2, 2, 16
weekend, 2, 2, 7
ctrlf, 2, 2, 7
hey, 15, 15, 118
lol, 7, 7, 42
start, 6, 6, 56
stealth, 1, 1, 5
low, 2, 2, 97
lot, 18, 17, 43
valley, 1, 1, 2
annihilated, 1, 1, 9
combined, 1, 1, 2
iimgurcomdm0ys8hjpg, 1, 1, 25
complete, 13, 9, 22
jun, 1, 1, 2
d00k0pd, 1, 1, 1
cloned, 1, 1, 1
20160213, 1, 1, 3
wiping, 1, 1, 3
porygon, 1, 1, 0
ended, 4, 4, 13
survived, 7, 1, 21
elimination, 2, 2, 46
happier, 1, 1, 2
trying, 9, 9, 30
buying, 4, 4, 8
happening, 3, 3, 5
traveled, 1, 1, 1
pull, 2, 2, 2
solosis, 1, 1, 2
rage, 1, 1, 3
default, 1, 1, 3
hardly, 2, 2, 6
vice, 1, 1, 2
spamming, 2, 2, 29
722, 1, 1, 3
steven, 1, 1, 25
tiny, 1, 1, 9
grass, 4, 3, 24
agree, 1, 1, 63
connect, 2, 1, 6
gone, 5, 5, 32
chesnaught, 2, 2, 37
ad, 1, 1, 10
videos, 9, 7, 103
af, 2, 2, 19
ai, 3, 3, 19
certain, 5, 5, 24
describe, 3, 3, 553
sales, 1, 1, 0
general, 2, 2, 3
maxed, 1, 1, 1
leafgreen, 5, 5, 6
ar, 1, 1, 1
moonblast, 1, 1, 3
drawin, 1, 1, 5
girlfriend, 1, 1, 2
diversity, 6, 6, 274
moves, 10, 9, 111
hospitals, 1, 1, 1
statuses, 1, 1, 21
cream, 2, 2, 3
spice, 1, 1, 5
beyond, 1, 1, 2
edibility, 1, 1, 5
bored, 4, 4, 6
storage, 1, 1, 1
zelda, 2, 2, 75
magnezone, 2, 2, 4
field, 3, 3, 8
prism, 2, 2, 33
valid, 1, 1, 38
5, 36, 30, 113
someones, 1, 1, 2
announcements, 2, 2, 21
forcing, 3, 3, 57
immunity, 1, 1, 2
poor, 3, 3, 3
requested, 1, 1, 5
poop, 1, 1, 5
spoilery, 1, 1, 2
charizard, 11, 11, 80
vocabulary, 1, 1, 6
students, 1, 1, 1
translated, 1, 1, 67
finale, 1, 1, 2
reached, 1, 1, 4
includes, 1, 1, 10
waving, 1, 1, 10
important, 1, 1, 2
poof, 1, 1, 2
zigzagoon, 2, 2, 15
chris, 1, 1, 1
harsh, 2, 1, 1
crappy, 2, 1, 4
finals, 2, 2, 45
tricky, 1, 1, 38
rcrossstitch, 1, 1, 1
oras, 31, 26, 92
difficulties, 1, 1, 1
cyndaquil, 3, 3, 39
easytocatch, 1, 1, 3
odds, 3, 2, 2
pokemart, 1, 1, 24
mask, 1, 1, 13
unsee, 1, 1, 2
moonlight, 2, 2, 3
posts, 1, 1, 5
nidoran, 2, 1, 34
iimgurcomqwjqxh8png, 1, 1, 25
alright, 2, 2, 3
uelstrawfedora, 1, 1, 1
songs, 2, 2, 7
starting, 10, 9, 12
original, 16, 16, 107
imgurcomaazq1n, 1, 1, 1
demo, 2, 1, 22
represent, 2, 2, 4
noooooooooo, 1, 1, 1
consider, 5, 5, 22
nerdrage, 1, 1, -4
wartortle, 1, 1, 1
reposting, 2, 2, 6
lack, 2, 2, 3
month, 3, 2, 3
litwick, 3, 3, 5
gsc, 2, 1, 0
togetic, 1, 1, 1
gt, 52, 18, 510
subtle, 1, 1, 67
zinc, 1, 1, 34
dish, 3, 1, 1
follow, 3, 3, 15
faster, 1, 1, 1
children, 3, 2, 11
carpet, 1, 1, 1
glimpse, 1, 1, 1
berry, 1, 1, 6
chain, 1, 1, 2
hunting, 1, 1, 2
homage, 1, 1, 15
tv, 2, 2, 4
tt, 1, 1, 1
whoever, 1, 1, 2
black2white2, 1, 1, 1
sparkling, 1, 1, 1
removal, 1, 1, 252
gary, 1, 1, 1
tl, 3, 3, 10
program, 1, 1, 2
wants, 4, 4, 100
spain, 1, 1, 1
dressing, 1, 1, 1
swallow, 1, 1, 3
enjoying, 1, 1, 1
hideous, 1, 1, 1
mandela, 1, 1, 4
case, 4, 4, 14
cynthia, 1, 1, 7
wigglytuff, 1, 1, 2
worse, 3, 3, 51
straightforward, 1, 1, 17
returning, 2, 2, 43
faq, 9, 7, 23
angriest, 1, 1, 8
overdone, 1, 1, 6
coloured, 2, 2, 6
aware, 1, 1, 4
smartphones, 1, 1, 0
fan, 21, 18, 159
hatching, 1, 1, 1
fall, 3, 3, 17
awful, 4, 4, 20
ticket, 1, 1, 2
difference, 2, 2, 8
undersaturated, 1, 1, 1
exclusives, 1, 1, 1
motor, 1, 1, 2
scrafty, 1, 1, 2
karmabot, 2, 2, 42
list, 7, 7, 40
joined, 1, 1, 1
sawsbuck, 1, 1, 3
large, 2, 2, 97
outtaken, 1, 1, 1
vibes, 1, 1, 7
adjust, 1, 1, 24
small, 6, 6, 49
lisa, 1, 1, 5
hurt, 1, 1, 1
dedication, 1, 1, 95
20th, 4, 4, 119
teh, 1, 1, 2
altaria, 1, 1, 0
approximately, 1, 1, 4
andor, 2, 2, 2
ten, 1, 1, 2
olds, 1, 1, 5
rekindled, 1, 1, 1
grabs, 1, 1, 1
nearing, 1, 1, 3
manliness, 2, 2, 2
past, 6, 6, 20
rate, 3, 3, 48
design, 8, 8, 17
perspective, 1, 1, 1
lawyer, 1, 1, 24
meganium, 2, 2, 37
casual, 3, 3, 17
breeder, 1, 1, 1
jesus, 2, 2, 5
chalk, 1, 1, 1
indicator, 1, 1, 2
imported, 1, 1, 10
opted, 1, 1, 7
pictwittercom, 1, 1, 1
dataspeed, 1, 1, 43
wrecked, 1, 1, 2
cheesey, 1, 1, 1
stool, 1, 1, 74
anniversary, 4, 4, 119
gj, 1, 1, 2
boneylove, 1, 1, 2
version, 17, 14, 125
worrisome, 1, 1, 9
coronet, 1, 1, 4
nurse, 1, 1, 190
pkmnreorch, 1, 1, 2
plush, 2, 2, 9
handy, 3, 3, 9
boldore, 1, 1, 2
5000, 3, 1, 38
roggenrola, 1, 1, 9
gastly, 1, 1, 2
settings, 1, 1, 9
modify, 1, 1, 2
answers, 1, 1, 1
forgive, 1, 1, 3
hours, 7, 7, 21
ranger, 1, 1, 15
threads, 1, 1, 6
infernape, 3, 3, 53
concluding, 1, 1, 2
method, 1, 1, 1
strong, 4, 4, 156
legend, 1, 1, 2
rbeadsprites, 1, 1, 0
punchline, 1, 1, -4
ingame, 4, 4, 26
search, 2, 2, 39
3000, 1, 1, 4
kyuremwhite, 1, 1, 95
14, 1, 1, 21
identifiable, 1, 1, 16
inspired, 1, 1, 2
goldsilver, 1, 1, 8
slave, 1, 1, 2
experience, 1, 1, 6
youngster, 2, 2, 11
amount, 6, 5, 361
246, 2, 1, 36
kyurem, 4, 3, 19
pick, 11, 10, 62
action, 2, 2, 7
luck, 6, 6, 14
smushed, 1, 1, 3
weirder, 1, 1, 59
scraping, 1, 1, 2
giveaway, 2, 2, 253
trainer, 20, 19, 276
via, 1, 1, 1
shuffle, 1, 1, 6
family, 2, 2, 39
suddenly, 1, 1, 6
imagine, 4, 4, 18
cosmetic, 1, 1, 3
put, 18, 16, 67
semester, 1, 1, 1
gallade, 3, 3, 7
zubat, 2, 2, 18
trained, 1, 1, 1
pokemans, 1, 1, 1
smogonbird, 1, 1, 28
genwunner, 2, 2, 3
pelipper, 1, 1, 2
zetaomicron, 2, 2, 9
rises, 1, 1, 17
eye, 1, 1, 3
0, 2, 2, 5
contains, 1, 1, 38
determined, 1, 1, 1
two, 33, 26, 156
shite, 1, 1, 1
iimgurcomx4ug1hjpg, 1, 1, 25
pearl, 9, 8, 30
ballgown, 3, 3, 8
archives, 1, 1, 1
imgurcoma1sft8all, 1, 1, 5
6, 20, 18, 104
taken, 4, 4, 13
kick, 1, 1, 6
printer, 1, 1, 1
emoticon, 1, 1, 20
flat, 1, 1, 2
diamond, 9, 9, 30
fellow, 1, 1, 5
knows, 3, 3, 71
blaine, 1, 1, 1
company, 7, 7, 53
damnscizor, 1, 1, 5
surprisingly, 2, 2, 2
eeveelution, 1, 1, 7
discovering, 3, 3, 12
flag, 3, 2, 5
leads, 1, 1, 1
stick, 2, 2, 7
broke, 2, 2, 13
particular, 4, 4, 1
atk, 1, 1, 1
suction, 1, 1, 3
glad, 7, 7, 93
dex, 13, 10, 29
evolves, 2, 2, 7
none, 3, 3, 4
macho, 3, 1, 1
iimgurcomrpqsrp6jpg, 1, 1, 25
phrasing, 1, 1, 7
specializes, 1, 1, 1
sucks, 2, 2, 3
dew, 1, 1, 57
arrangements, 1, 1, 2
messagecompose, 6, 3, 6
evolved, 4, 4, 29
v, 34, 18, 115
knocked, 2, 2, 1
male, 4, 2, 58
iimgurcomztn2a0vpng, 1, 1, 1
def, 2, 1, 2
history, 3, 3, 99
beautiful, 15, 15, 85
stubborn, 1, 1, 1
morty, 2, 2, -3
seviper, 1, 1, 36
ss, 3, 2, 19
quaza, 1, 1, 6
division, 1, 1, 2
pkmn, 1, 1, 5
ivs, 4, 2, 2
share, 8, 7, 304
ps, 1, 1, 3
accept, 1, 1, 13
states, 2, 2, 3
sphere, 1, 1, 1
numbers, 2, 2, 3
purchased, 3, 3, 6
sense, 8, 8, 84
dress, 19, 18, 184
species, 1, 1, 15
bonded, 1, 1, 1
concept, 1, 1, 1
information, 6, 5, 107
needs, 8, 8, 51
googlformsthxayf1j9l, 1, 1, 43
messing, 2, 2, 5
legenday, 1, 1, 1
rather, 7, 7, 47
breaking, 1, 1, 252
thumbs, 1, 1, 1
renew, 3, 1, 1
fame, 1, 1, 2
occasionally, 1, 1, 1
tsuruno, 1, 1, 1
freshly, 1, 1, 8
motels, 1, 1, 5
clink, 1, 1, 1
iimgurcomyxwi6fejpg, 1, 1, 25
inline, 1, 1, 1
grind, 2, 2, 2
glaceon, 8, 8, 67
wonderguard, 1, 1, 1
okay, 4, 4, 57
tried, 3, 3, 19
rude, 1, 1, 9
advice, 2, 2, 3
weaknesses, 2, 2, 16
616, 1, 1, 36
shuckle, 8, 8, 228
soundtrack, 3, 3, 23
reupload, 1, 1, 2
fc, 2, 1, 3
lighting, 1, 1, 2
blood, 1, 1, 3
coming, 9, 9, 71
appealed, 1, 1, 2
compulsory, 1, 1, 1
sp, 1, 1, 2
refuse, 1, 1, 4
imagery, 1, 1, 137
awakened, 1, 1, 3
hypnotized, 1, 1, 13
onto, 1, 1, 1
tshirt, 1, 1, 2
rooting, 3, 3, 16
katsucon, 7, 7, 103
eats, 1, 1, 6
supervision, 1, 1, 10
dragon, 3, 3, 13
perhaps, 4, 4, 5
wishes, 1, 1, 2
dread, 1, 1, 1
shade, 2, 2, 10
media, 1, 1, 1
redwhite, 1, 1, 1
specialbox6290, 1, 1, 38
mlu0pf8gbpu, 1, 1, 3
dream, 3, 3, 86
playing, 36, 30, 114
photoshop, 1, 1, 2
help, 14, 12, 69
conversation, 2, 2, 1
september, 1, 1, 1
reminded, 2, 2, 9
flowers, 1, 1, 8
kitten, 1, 1, 7
sooo, 1, 1, 11
soon, 5, 5, 22
comply, 1, 1, 4
trade, 14, 10, 23
soos, 2, 2, 4
held, 2, 2, 2
isnt, 1, 1, 1
clipon, 1, 1, 3
iimgurcomeynppjpg, 1, 1, 25
makeup, 1, 1, 1
494, 1, 1, 36
hell, 8, 8, 177
itt, 1, 1, 1
amiibo, 2, 2, 11
490, 1, 1, 36
24, 4, 4, 299
messed, 2, 2, 45
26, 1, 1, 1
27, 1, 1, 38
20, 7, 7, 114
probability, 1, 1, 3
22, 7, 3, 46
23, 2, 2, 3
volcarona, 4, 4, 46
29, 4, 3, 62
handheld, 2, 2, 4
actually, 32, 30, 567
clashes, 1, 1, 34
resort, 1, 1, 1
absence, 1, 1, 3
parts, 4, 4, 11
poketubers, 1, 1, 1
determine, 1, 1, 4
release, 3, 3, 4
bout, 1, 1, 1
ritzy, 1, 1, 3
might, 19, 18, 161
thereafter, 1, 1, 4
told, 2, 2, 16
fool, 1, 1, 21
cartman, 1, 1, 2
someone, 27, 26, 402
return, 4, 4, 40
prechew, 1, 1, 1
reordered, 1, 1, 1
ya, 1, 1, 74
imgurcomdo8wgeo, 1, 1, 16
pokewalker, 2, 1, 2
orre, 1, 1, 8
noticing, 1, 1, 9
anticipated, 1, 1, 2
lite, 2, 2, 3
matchups, 1, 1, 3
mrmime, 1, 1, 7
rank, 4, 1, 1
iimgurcomhpmppjnpng, 1, 1, 15
wally, 2, 1, 4
ninja, 1, 1, 2
skuntank, 1, 1, 9
animation, 1, 1, 1
sucked, 2, 2, 72
mystery, 6, 6, 58
ixvi, 1, 1, 9
gabite, 1, 1, 3
always, 49, 45, 187
2x, 1, 1, 2
buffing, 1, 1, 60
payed, 1, 1, 15
courses, 1, 1, 4
stopped, 19, 15, 83
nonshiny, 1, 1, 34
experiencing, 1, 1, 4
found, 14, 14, 117
shocking, 1, 1, 6
friendship, 2, 2, 3
monrelated, 1, 1, 15
trailer, 3, 2, 2
downside, 1, 1, 1
heavy, 1, 1, 1
reactions, 1, 1, 4
everyone, 12, 11, 227
england, 1, 1, 1
customization, 1, 1, 3
imgurcoma3kpkaall, 1, 1, 5
needless, 1, 1, 2
generation, 22, 17, 43
hundred, 1, 1, 1
energy, 1, 1, 431
hard, 20, 19, 249
idea, 16, 16, 81
20samplejpg, 1, 1, 2
brother, 4, 4, 5
expect, 1, 1, 1
lore, 2, 2, 3
advertisers, 1, 1, 28
dub, 1, 1, 10
event, 8, 4, 264
really, 104, 90, 772
hooray, 1, 1, 1
lovers, 1, 1, 5
missed, 9, 9, 15
wondered, 1, 1, 1
item, 5, 4, 48
schuckle, 1, 1, 72
miss, 8, 6, 42
childish, 1, 1, 2
since, 36, 33, 121
inducer, 1, 1, 3
acting, 1, 1, 3
health, 2, 2, 22
hood, 1, 1, 3
salamence, 4, 4, 45
eccentric, 1, 1, 1
print, 1, 1, 1
flame, 2, 2, 2
guesses, 1, 1, 2
issue, 4, 4, 8
catchy, 1, 1, 23
ass, 6, 6, 28
pum, 1, 1, 5
pun, 4, 4, 10
etsy, 1, 1, 2
circumstance, 1, 1, -1
timeline, 1, 1, 22
gut, 1, 1, 4
iimgurcomxjkheygjpg, 1, 1, 4
guess, 20, 17, 93
diploma, 1, 1, 1
difficulty, 2, 2, 8
reason, 8, 8, 86
base, 3, 3, 6
imaging, 1, 1, 11
members, 1, 1, 15
smogon, 3, 3, 85
ask, 7, 6, 59
approach, 1, 1, 3
ash, 12, 10, 51
beginning, 2, 2, 4
wall, 2, 2, 16
sentret, 1, 1, 8
evs, 3, 2, 2
playergt, 1, 1, 100
revival, 6, 4, 84
thread, 11, 8, 280
frlg, 2, 2, 1
finland, 1, 1, 1
excluding, 2, 2, 44
prefairy, 1, 1, 3
spoilered, 1, 1, 2
american, 1, 1, 2
apple, 3, 1, 2
expecting, 2, 2, 16
burner, 1, 1, 2
ninetales, 1, 1, 4
continent, 1, 1, 22
apricorns, 2, 2, 5
fallen, 3, 3, 80
throws, 1, 1, 54
commericals, 1, 1, 2
giggles, 1, 1, 1
drooling, 1, 1, 6
dont, 6, 6, 53
hydreigon, 4, 4, 69
3ds, 22, 17, 33
feel, 15, 14, 154
aggron, 1, 1, 36
patience, 1, 1, 1
number, 9, 8, 50
fancy, 2, 2, 9
linking, 2, 2, 56
feet, 4, 1, 43
fucked, 3, 2, 2
pop, 2, 2, 4
rmildlyinfuriating, 1, 1, 5
done, 18, 18, 128
stigma, 1, 1, 0
ethereal, 1, 1, 11
6florges, 1, 1, 1
cups, 1, 1, 3
zoidberg, 1, 1, 216
scraggyscrafty, 1, 1, 1
tf2, 1, 1, 2
razor, 1, 1, 2
story, 15, 15, 52
heads, 1, 1, 2
obtainable, 1, 1, 3
introduction, 1, 1, 1
leading, 1, 1, 2
5th, 3, 3, 5
pms, 1, 1, 2
revive, 1, 1, 43
least, 16, 16, 57
183, 1, 1, 36
whoops, 2, 2, 11
steelix, 1, 1, 4
passed, 1, 1, -2
sigh, 1, 1, 1
breed, 2, 2, 2
ton, 3, 3, 46
scheme, 2, 2, -5
store, 3, 3, 8
mini, 1, 1, 1
selling, 1, 1, 1
landorustherian, 1, 1, 2
option, 9, 8, 74
behind, 6, 6, 44
snowpoint, 1, 1, 4
maximized, 1, 1, 2
assumption, 1, 1, 1
part, 34, 14, 209
cartridges, 1, 1, 1
boredom, 1, 1, 2
airy, 1, 1, 5
translation, 2, 2, 257
believe, 8, 8, 141
convinced, 2, 2, 5
nailed, 1, 1, 2
reflection, 1, 1, 33
serene, 1, 1, 2
king, 1, 1, 21
kind, 15, 14, 212
grew, 2, 2, 25
squeaky, 1, 1, 4
fold, 1, 1, 0
double, 6, 6, -3
existed, 1, 1, 4
grey, 7, 7, 126
levels, 1, 1, 1
stall, 1, 1, 1
contrary, 1, 1, 4
supposed, 8, 8, 72
battering, 1, 1, 2
dang, 1, 1, 2
sister, 3, 3, 5
listen, 1, 1, 13
klink, 1, 1, 10
outta, 1, 1, 2
uncomfortable, 1, 1, 60
zeldathon, 1, 1, 1
igor, 1, 1, 24
fights, 9, 4, 87
ages, 2, 2, 20
suicune, 2, 2, 3
crazy, 3, 3, 6
biggest, 2, 1, 7
randomly, 1, 1, 1
licenses, 2, 1, 2
murder, 1, 1, 1
confirms, 3, 3, 32
orders, 3, 2, 42
previews, 1, 1, 2
sell, 1, 1, 5
mountain, 1, 1, 57
koala, 1, 1, 1
koiking, 2, 2, 69
depending, 3, 3, 8
self, 1, 1, 4
reddiquette, 1, 1, 252
solrock, 1, 1, 1
consequentially, 1, 1, 1
walk, 1, 1, 2
also, 70, 64, 970
entirety, 1, 1, 2
maison, 1, 1, 2
useless, 1, 1, 1
kangaskhan, 5, 5, 57
finding, 5, 5, 8
wobbafett, 1, 1, 1
kim, 2, 2, 9
encountering, 2, 2, 4
brace, 3, 1, 1
dewott, 1, 1, 1
pldhnetgallerythe493, 1, 1, 6
play, 29, 27, 147
added, 3, 3, 44
intervened, 1, 1, 1
eater, 3, 3, 86
sets, 1, 1, 5
reach, 1, 1, 43
chart, 3, 3, 66
compare, 1, 1, 3
tophalf, 2, 2, 7
value, 1, 1, 1
charm, 4, 3, 6
plan, 5, 5, 10
position, 1, 1, 3
nothing, 8, 7, 89
alpha, 7, 6, 9
faint, 2, 2, 443
wisdom, 1, 1, 3
extremely, 4, 4, 51
78, 3, 1, 2
highkarma, 1, 1, 28
iimgurcomrz3pggrjpg, 1, 1, 25
muscle, 1, 1, 1
tpc, 7, 3, 39
plushies, 1, 1, 1
pliable, 1, 1, 1
sturdy, 4, 4, 18
mobile, 6, 6, 61
clear, 2, 2, 262
popularity, 1, 1, 43
cover, 4, 4, 27
salt, 1, 1, 12
delcatty, 2, 2, 8
satirical, 1, 1, 1
exp, 1, 1, 1
tpp, 3, 2, 26
azumarill, 2, 2, 37
notch, 1, 1, 55
shoutout, 1, 1, 25
pkyogre, 1, 1, 28
stones, 3, 3, 3
belle, 1, 1, 1
packs, 1, 1, 1
ugh, 1, 1, 0
particularly, 1, 1, 2
iimgurcomhuwcrsqpng, 1, 1, 2
gold, 15, 14, 98
aaaaand, 1, 1, 3
commissions, 1, 1, 1
fins, 1, 1, 67
meloetta, 1, 1, 1
hyped, 2, 2, 16
protean, 1, 1, 5
underdog, 1, 1, 1
fine, 5, 5, 9
find, 27, 26, 48
shits, 3, 3, 8
completion, 1, 1, 2
access, 4, 3, 6
giant, 2, 2, 20
appearing, 1, 1, 2
prephysicalspecial, 1, 1, 0
nicknames, 1, 1, 7
copyright, 1, 1, 6
justice, 1, 1, 1
ruin, 3, 3, 18
discord, 1, 1, 137
distributed, 4, 4, 263
waiting, 8, 6, 43
grace, 1, 1, 2
starters, 6, 5, 23
ftttttbbb, 1, 1, 0
pretty, 32, 31, 360
factor, 2, 2, 39
8, 8, 5, 34
circle, 1, 1, 1
physicalspecial, 2, 2, 4
tyrantrum, 2, 2, 36
randowis, 2, 2, 26
briefly, 1, 1, 1
hit, 6, 6, 117
freaks, 1, 1, 1
yells, 1, 1, 33
albeit, 1, 1, 1
banned, 3, 3, 4
heroes, 1, 1, 15
magikarp, 6, 5, 136
trees, 2, 2, 433
bug, 2, 2, 34
feels, 3, 3, 3
b, 2, 2, 2
hitmonchan, 1, 1, 36
international, 2, 2, 13
wooooooo, 1, 1, 2
referencing, 1, 1, 2
banner, 1, 1, 1
target, 1, 1, 15
catcher, 1, 1, 32
frankly, 1, 1, 1
sleeve, 1, 1, 4
sources, 1, 1, 15
hmnjust, 1, 1, 2
1010, 3, 3, 96
generally, 1, 1, 34
remove, 1, 1, 2
blackgrey, 1, 1, 1
watched, 4, 3, 8
truely, 1, 1, 5
stored, 2, 2, 3
glover, 2, 2, 94
gotten, 3, 3, 6
switzerland, 1, 1, 1
x, 19, 17, 57
poisoned, 1, 1, 21
wrote, 1, 1, 1
cartoony, 1, 1, 6
bulky, 3, 3, 121
set, 11, 10, 81
ses, 1, 1, 4
glameow, 1, 1, 13
throwing, 1, 1, 9
310, 1, 1, 36
vine, 1, 1, 5
314, 1, 1, 36
stylization, 1, 1, 1
see, 38, 35, 543
defense, 4, 3, 18
dumb, 4, 4, 5
sea, 1, 1, 1
biologist, 1, 1, 16
close, 8, 8, 97
preformed, 1, 1, 11
materially, 1, 1, 100
acts, 1, 1, 1
regularly, 1, 1, 95
cosplay, 13, 13, 228
eminently, 1, 1, 5
0aplease, 3, 3, 6
pictures, 3, 2, 48
wow, 11, 10, 189
currently, 6, 6, 32
please, 18, 16, 366
terrified, 1, 1, 1
weirds, 1, 1, 67
fans, 2, 2, 18
various, 3, 3, 14
probably, 21, 19, 101
burned, 1, 1, 0
nope, 1, 1, 12
iimgurcom5ue3mpmjpg, 1, 1, 25
spd, 1, 1, 1
europe, 1, 1, 1
marowak, 1, 1, 0
rosie, 1, 1, 17
recently, 8, 8, 39
takeshi, 1, 1, 1
missing, 2, 2, 4
initially, 1, 1, 1
attention, 4, 4, 23
amoongus, 2, 2, 49
untouched, 1, 1, 2
fishermen, 1, 1, 5
chansey, 1, 1, 2
french, 2, 1, 4
rarer, 1, 1, 14
franchise, 5, 5, 16
official, 4, 4, 19
rehashing, 1, 1, 15
claydol, 1, 1, 1
last, 13, 11, 87
mega, 25, 22, 345
celebrate, 1, 1, 95
solely, 2, 2, 8
barely, 4, 4, 7
torchic, 1, 1, 1
lapras, 2, 2, 37
became, 3, 3, 11
8am, 2, 2, 4
alot, 2, 2, 38
mankey, 1, 1, 20
focused, 1, 1, 0
mean, 15, 14, 201
whole, 10, 9, 50
blaze, 1, 1, 11
cynic, 1, 1, 10
load, 1, 1, 4
utheunclebob, 1, 1, 4
liked, 13, 12, 59
gentlemon, 1, 1, 25
gloat, 1, 1, 1
typhlosion, 4, 4, 58
simple, 8, 8, 114
tauros, 2, 2, 101
address, 2, 2, 5
sweep, 1, 1, 2
community, 4, 4, 83
coincidence, 2, 2, 3
alone, 4, 4, 5
simply, 3, 3, 6
likes, 6, 6, 98
sexy, 1, 1, 0
cofagrigus, 2, 1, 2
throughout, 4, 4, 43
expensive, 1, 1, 2
belt, 2, 2, 26
duh, 4, 1, 1
nealry, 1, 1, 72
consuming, 1, 1, 2
xpost, 2, 2, 1
pokemon20com, 1, 1, 2
raise, 4, 3, 21
chick, 1, 1, 5
monthly, 1, 1, 2
gravity, 1, 1, 2
cheats, 1, 1, 5
creativity, 1, 1, 2
lets, 4, 4, 45
mikey, 1, 1, 2
whos, 1, 1, 2
pc, 3, 3, 11
damn, 13, 13, 160
silkier, 1, 1, 100
territory, 1, 1, 4
meeting, 2, 2, 8
druddigon, 1, 1, 1
empty, 1, 1, 4
pm, 6, 4, 264
dialogue, 1, 1, -1
ram, 1, 1, 2
partly, 1, 1, 14
champion, 5, 5, 72
gay, 2, 1, -1
assorted, 1, 1, 6
fire, 10, 10, 40
remaster, 1, 1, 5
transferring, 1, 1, 1
math, 1, 1, 1
39, 5, 1, 1
dragonair, 9, 9, 71
else, 10, 10, 93
yesi, 1, 1, 5
whatever, 9, 8, 54
minoreh, 1, 1, 3
lives, 2, 2, 72
whitney, 1, 1, 2
demand, 1, 1, 6
yaaaaassss, 1, 1, -2
chasing, 1, 1, 1
despite, 3, 3, 65
fandom, 1, 1, 1
imgurcoma0r2y2all, 1, 1, 5
sixer, 1, 1, 2
unova, 11, 10, 30
fur, 5, 3, 68
look, 44, 42, 134
solid, 1, 1, 3
pickup, 1, 1, 9
reliable, 2, 2, 25
twenty, 1, 1, 2
roserade, 1, 1, 6
hilariously, 1, 1, 1
healthy, 1, 1, 1
replaced, 1, 1, 1
houndoom, 5, 5, 44
involved, 1, 1, 3
fun, 14, 14, 200
gmt, 1, 1, 6
pokedex, 12, 5, 17
radio, 1, 1, 1
theres, 1, 1, 3
swim, 1, 1, 22
89s, 1, 1, 1
hoping, 6, 6, 28
portugal, 1, 1, 1
voters, 1, 1, 43
37, 1, 1, 3
rip, 3, 3, 20
gens, 6, 5, 27
jpy, 1, 1, 38
iimgurcomevcypsapng, 1, 1, 25
msalamence, 1, 1, 28
ready, 1, 1, 17
limit, 4, 4, 18
rid, 2, 2, 5
barney, 1, 1, 2
italy, 1, 1, 1
anymore, 5, 5, 10
concoction, 1, 1, 34
belong, 1, 1, 2
butcher, 1, 1, 10
itchs, 1, 1, 2
rules, 7, 7, 307
soulsilver, 3, 3, 3
virtually, 2, 2, 74
copying, 1, 1, 28
9, 2, 2, 24
resulting, 1, 1, 2
blastoise, 5, 4, 9
higher, 1, 1, -12
campains, 1, 1, 38
shorts, 3, 1, 100
used, 25, 22, 166
temporary, 4, 1, 252
fatty, 1, 1, 2
cartridge, 5, 4, 8
lie, 4, 4, 19
keys, 1, 1, 1
pikachu, 24, 22, 186
defeat, 1, 1, 3
rayquaza, 3, 3, 9
replaying, 1, 1, 1
froakie, 3, 3, 42
holidays, 2, 2, 9
lati, 1, 1, 4
436, 1, 1, 1
moment, 3, 3, 42
000, 1, 1, 38
uses, 10, 7, 70
user, 4, 3, 257
bees, 1, 1, 1
nickname, 3, 3, 9
weird, 9, 8, 27
recent, 2, 2, 4
early, 8, 7, 21
lower, 3, 3, 24
net, 1, 1, 1
everstone, 2, 1, 1
older, 7, 7, 16
bitter, 1, 1, 22
kyuremw, 1, 1, 28
poland, 1, 1, 1
regice, 1, 1, 5
obviously, 8, 8, 348
zoarack, 1, 1, 2
person, 9, 9, 23
cheer, 1, 1, 3
gen2, 1, 1, 1
flags, 1, 1, 1
oneway, 1, 1, 3
imgurcom18b2y9t, 1, 1, 1
nline, 1, 1, 1
know, 51, 48, 193
depth, 1, 1, 1
abilities, 7, 7, 38
competitive, 11, 7, 137
zygarde, 2, 2, 3
questions, 6, 3, 26
amp, 17, 12, 95
love, 58, 53, 880
iimgurcomapcqhobpng, 1, 1, 41
suplexed, 1, 1, 1
prince, 1, 1, 66
fairy, 2, 2, 7
move, 9, 9, 135
tables, 1, 1, 2
cut, 6, 6, 497
tablet, 4, 3, 6
cup, 1, 1, 38
hated, 3, 3, 9
violated, 1, 1, 4
imgurcomgalleryt1ky9, 1, 1, 209
romhacks, 2, 2, 19
source, 5, 5, 66
cue, 1, 1, 12
pronouncing, 1, 1, 1
parents, 2, 2, 3
plateau, 1, 1, 4
crying, 1, 1, 1
7, 4, 4, 26
absorbed, 1, 1, 11
excited, 10, 10, 19
surprised, 4, 4, 27
steve, 1, 1, 1
ridiculously, 1, 1, 21
shove, 1, 1, 1
customers, 1, 1, 2
australia, 1, 1, 1
march, 2, 2, 46
format, 2, 2, 7
big, 10, 10, 109
showing, 3, 3, 103
overworld, 1, 1, 1
mageerna, 1, 1, 3
matters, 2, 2, 5
game, 89, 64, 189
boost, 1, 1, 3
guide, 4, 2, 3
cuteness, 1, 1, 3
shading, 2, 2, 5
bit, 12, 12, 107
torterra, 9, 8, 93
dppt, 1, 1, 8
indiscernible, 1, 1, 4
helpful, 1, 1, 1
knock, 2, 1, 1
ursaring, 2, 2, 15
university, 2, 2, 2
admittedly, 1, 1, 2
signal, 1, 1, 23
staravia, 1, 1, 3
twittercompkmnreorch, 1, 1, 2
wheather, 1, 1, 1
continue, 6, 5, 11
hackmons, 1, 1, 1
fnac, 1, 1, 1
a9mon, 2, 2, 110
sketch, 2, 2, 6
google, 4, 4, 88
often, 1, 1, 3
absolutely, 7, 7, 26
goddamn, 1, 1, 1
creation, 1, 1, 3
back, 72, 53, 315
iimgurcomwpltiwvjpg, 1, 1, 25
ah, 2, 2, 7
streaming, 3, 1, 2
strongest, 1, 1, 1
caliber, 1, 1, 9
mighty, 1, 1, 1
pricing, 1, 1, 2
curious, 2, 2, 45
alphonse, 1, 1, 2
yknow, 2, 1, 7
talonflames, 1, 1, 14
pronounced, 2, 2, 45
horde, 1, 1, 2
rarely, 1, 1, 1
eshop, 2, 2, 2
storygraphics, 1, 1, 4
mareep, 1, 1, 1
affects, 1, 1, 1
decision, 3, 3, 65
shall, 3, 3, 18
per, 7, 6, 68
commented, 1, 1, 2
modest, 1, 1, 1
customize, 1, 1, 3
retro, 1, 1, 3
ticking, 1, 1, 72
bronzongs, 1, 1, 2
epic, 3, 3, 6
t_t, 1, 1, 2
308, 1, 1, 36
bg, 1, 1, 1
patient, 1, 1, 1
norther, 1, 1, 1
remembered, 2, 2, 3
303, 1, 1, 36
continuing, 1, 1, 3
305, 1, 1, 36
uncropped, 1, 1, 43
step, 2, 2, 4
bw, 7, 7, 28
nowhere, 1, 1, 1
br, 2, 1, 1
putting, 3, 3, 9
crap, 2, 2, 12
major, 4, 4, 6
jellicent, 1, 1, 1
dictated, 1, 1, 3
intense, 4, 4, 13
previewed, 1, 1, 5
troops, 1, 1, 1
goods, 5, 1, 38
wrecking, 1, 1, 21
anything, 18, 17, 67
netflix, 1, 1, 1
completing, 2, 2, 7
20em, 1, 1, 1
browntan, 1, 1, 2
35, 1, 1, 21
idk, 1, 1, -1
experiences, 1, 1, 1
wonders, 1, 1, 1
shiny, 64, 42, 306
shinx, 15, 11, 171
silence, 1, 1, 36
channeling, 1, 1, 1
seeing, 7, 7, 47
garbage, 2, 2, 23
inbattle, 1, 1, 13
visit, 1, 1, 2
within, 1, 1, 1
pokemmo, 1, 1, 1
nonsense, 1, 1, 1
towersubway, 1, 1, 1
yti36biajau, 1, 1, 2
services, 2, 2, 9
nidoking, 4, 4, 113
cerulean, 1, 1, 0
france, 1, 1, 1
risk, 3, 3, 7
toxicroak, 3, 3, 41
gouge, 1, 1, 12
spam, 1, 1, 3
ew, 1, 1, 3
manginas, 1, 1, -1
question, 8, 8, 121
submit, 1, 1, 43
custom, 2, 2, 40
complain, 1, 1, 1
platinium, 1, 1, 1
barfed, 1, 1, 17
bruh, 1, 1, 124
forward, 4, 3, 14
frlghgssdpptbw, 1, 1, 2
translate, 1, 1, 2
superupvoted, 1, 1, -27
opponent, 1, 1, 1
wondering, 9, 9, 57
derpmon, 1, 1, 25
registered, 1, 1, 5
said, 12, 11, 134
ancient, 1, 1, 11
searching, 2, 2, 4
boys, 1, 1, 1
tranquill, 1, 1, 1
link, 11, 11, 335
transmitter, 1, 1, 1
countyhunter, 1, 1, 2
line, 17, 14, 95
buizel, 1, 1, 2
alas, 1, 1, 2
raising, 2, 2, 6
posted, 5, 4, 51
info, 3, 3, 10
hair, 8, 8, 22
pokebankany, 1, 1, 0
gardivoir, 1, 1, 43
redeemed, 1, 1, 4
us, 10, 8, 33
ur, 1, 1, -17
um, 2, 2, 2
paired, 2, 2, 57
uh, 4, 4, 97
uk, 3, 3, 9
sum, 1, 1, 1
z, 11, 10, 28
similar, 8, 8, 75
called, 10, 7, 180
stormsilver, 1, 1, 11
uber, 3, 3, 3
possession, 1, 1, 2
sometimes, 4, 4, 17
freak, 2, 2, 4
adults, 1, 1, 14
metal, 1, 1, 7
nightmares, 2, 2, 8
haunt, 3, 1, 2
package, 1, 1, 4
single, 12, 11, 83
warning, 1, 1, 43
ingredients, 1, 1, 34
chat, 1, 1, 137
rally, 1, 1, 10
serebii, 2, 2, 16
takedown, 1, 1, 2
bracket, 1, 1, 3
brethren, 1, 1, 36
loyal, 1, 1, 4
codes, 17, 6, 260
pangoro, 2, 2, 8
ragequit, 1, 1, 2
creeper, 1, 1, 5
resistances, 1, 1, 14
invalid, 1, 1, 1
scares, 3, 2, 10
bulbasaur, 1, 1, 6
definitely, 10, 10, 34
electrical, 1, 1, 1
highpaid, 1, 1, 4
trait, 1, 1, 21
swirl, 1, 1, 1
nice, 30, 30, 251
iimgurcoml9hoxu7, 1, 1, 25
jojo, 1, 1, 20
draw, 2, 2, 2
users, 5, 5, 299
intensifies, 2, 2, 11
favourite, 13, 11, 40
groundon, 1, 1, 1
koga, 1, 1, 1
luxurious, 1, 1, 4
replace, 2, 2, 4
meaning, 1, 1, 38
allowing, 1, 1, 1
unfunny, 1, 1, 5
disarming, 1, 1, 2
combination, 1, 1, 1
actress, 1, 1, 10
mood, 1, 1, 1
ago, 5, 5, 9
lane, 1, 1, 1
destinies, 1, 1, 15
metagross, 3, 3, 38
ohko, 2, 2, 16
rescued, 1, 1, 2
required, 1, 1, 10
youtube, 12, 8, 18
amused, 1, 1, 1
pokemaniac, 1, 1, 1
2003, 1, 1, 1
delta, 1, 1, 22
hella, 1, 1, 124
hiei, 1, 1, 6
far, 14, 14, 134
palettes, 2, 2, 36
2009, 1, 1, 3
scroll, 1, 1, 1
2125, 1, 1, 2
cinccino, 1, 1, 1
code, 29, 16, 312
rubbish, 1, 1, -1
avalugg, 1, 1, 1
jirachi, 3, 3, 255
scratch, 1, 1, 0
plusle, 1, 1, 1
results, 4, 4, 99
ds, 11, 9, 25
existing, 2, 2, 13
totes, 1, 1, -6
gf, 3, 2, 4
helped, 1, 1, 1
efficient, 1, 1, 2
gb, 6, 5, 63
go, 53, 46, 275
psycho, 1, 1, 3
charmander, 1, 1, 2
disintegration, 1, 1, 1
cases, 1, 1, 1
issues, 6, 6, 57
forest, 3, 2, 35
unforgiving, 1, 1, 2
terms, 3, 3, 9
imgurcomauzl8yall, 1, 1, 5
vietnamese, 2, 2, 18
laptkmu6anu, 1, 1, 2
reckoned, 1, 1, 1
send, 5, 3, 52
friggin, 1, 1, 6
1379349204, 1, 1, 1
helps, 2, 2, 7
actions, 1, 1, 4
late, 3, 3, 5
weather, 1, 1, 1
brutally, 1, 1, 1
harden, 1, 1, 32
include, 3, 3, 12
dramatically, 1, 1, 0
sent, 6, 4, 16
ingredient, 1, 1, 34
overlaps, 1, 1, 1
postgame, 1, 1, 2
boatload, 1, 1, 21
confirmation, 3, 2, 2
wobbuffet, 4, 4, 15
outside, 3, 3, 10
bernsteinberenstain, 1, 1, 4
equivalent, 1, 1, 13
deeper, 1, 1, 1
cemeteries, 1, 1, 1
balls, 2, 2, 19
facebook, 4, 2, 9
llama, 1, 1, 1
bosses, 1, 1, 1
telling, 1, 1, 1
remade, 1, 1, 5
looooove, 1, 1, 2
entire, 6, 6, 26
magic, 1, 1, 6
magia, 1, 1, 1
evo, 1, 1, 2
harbor, 1, 1, 2
gender, 2, 2, 77
marry, 3, 3, -12
megaevolving, 1, 1, 21
hive, 1, 1, 1
try, 15, 15, 50
skipped, 1, 1, 2
podunk, 1, 1, 1
smug, 1, 1, 3
imgur, 3, 3, 215
havent, 1, 1, 1
whoevers, 1, 1, 2
originally, 1, 1, 0
joey, 1, 1, 9
someday, 1, 1, 9
metagame, 2, 2, 2
shedinja, 3, 3, 9
grasspoison, 1, 1, 21
crop, 2, 2, 12
filled, 1, 1, 1
jump, 1, 1, 0
redone, 1, 1, 7
video, 7, 6, 21
kadabra, 1, 1, 1
picked, 12, 9, 61
plead, 1, 1, 2
download, 2, 2, 4
golems, 1, 1, 2
odd, 3, 3, 15
click, 1, 1, 43
sausage, 1, 1, 9
poke, 7, 6, 30
plays, 2, 2, 2
hissy, 1, 1, 1
giving, 5, 4, 260
kingdom, 1, 1, 1
vivian, 1, 1, 0
tridentbeak, 1, 1, 1
pumped, 1, 1, 1
iimgurcomorbikfypng, 2, 2, 79
seconds, 2, 2, 3
19th, 1, 1, 38
tyranitar, 3, 3, 39
eating, 2, 2, 6
kyoto, 1, 1, 1
acually, 1, 1, 5
delving, 1, 1, 0
tournaments, 2, 2, 2
bird, 2, 2, 8
originalpostsearcher, 2, 2, 1
3d, 2, 2, 3
body, 2, 2, 12
impact, 5, 5, 59
449, 1, 1, 36
led, 2, 2, 2
degree, 1, 1, 4
matches, 2, 2, 3
442, 1, 1, 36
pushing, 1, 1, 4
commercial, 4, 3, 78
446, 1, 1, 36
handedly, 1, 1, 1
highly, 1, 1, 3
growing, 2, 1, 2
explore, 1, 1, 1
let, 12, 11, 89
healing, 1, 1, 6
euro, 1, 1, 2
others, 5, 4, 71
bellossom, 8, 5, 155
mangina, 2, 2, 31
props, 1, 1, 2
hm07, 1, 1, 60
depended, 1, 1, 1
settling, 1, 1, 2
great, 44, 41, 275
_lt, 1, 1, 9
talent, 1, 1, 1
mash, 1, 1, 1
receive, 1, 1, 2
32, 1, 1, 3
31, 6, 2, 2
30, 6, 3, 5
shades, 1, 1, 7
tentacruel, 3, 3, 38
shinyonly, 1, 1, 5
leaving, 2, 1, 3
colouration, 2, 1, 13
products, 3, 2, 42
romanization, 1, 1, 10
redblueyellow, 1, 1, 0
opinion, 3, 3, 17
makes, 18, 18, 142
honor, 1, 1, 2
alex, 1, 1, 2
thats, 4, 4, 97
reds, 1, 1, 25
named, 3, 3, 10
thunderwave, 1, 1, 3
firefox, 1, 1, 1
338, 1, 1, 36
claim, 1, 1, 2
win, 14, 12, 205
app, 1, 1, 2
336, 1, 1, 36
331, 1, 1, 36
330, 1, 1, 36
volt, 1, 1, 11
ran, 4, 4, 10
aboard, 2, 1, 6
names, 1, 1, 9
espeonscizor, 1, 1, 0
kancolle, 1, 1, 6
apply, 2, 2, 5
resets, 1, 1, 1
sugar, 1, 1, 5
route, 4, 3, 9
egg, 4, 3, 3
kingdra, 3, 2, 39
mageearna, 1, 1, 3
use, 43, 35, 208
fee, 3, 2, 39
tar, 1, 1, 1
footage, 1, 1, 3
pidgeotto, 1, 1, 1
theme, 8, 8, 24
frog, 1, 1, 2
next, 22, 20, 386
camera, 3, 2, 40
scariest, 3, 3, 40
eevee, 6, 6, 38
jonathan, 1, 1, 1
watchog, 12, 3, 11
pq8piqbybjq, 1, 1, 15
convoluted, 1, 1, 1
sort, 8, 7, 342
scizorumbreon, 1, 1, 1
popped, 2, 2, 3
clever, 5, 5, 20
shipwreck, 1, 1, -1
upcoming, 2, 2, 2
started, 16, 15, 40
becomes, 1, 1, 3
rarest, 1, 1, 1
furret, 2, 2, 4
confused, 4, 4, 81
cyndaquillugia, 1, 1, 15
opposing, 1, 1, 2
absol, 5, 5, 52
ashamed, 1, 1, 3
bidoof, 1, 1, 3
baby, 2, 2, 6
rare, 2, 2, 3
iii, 10, 4, 28
starter, 3, 3, 5
women, 2, 1, 2
sexbang, 1, 1, -3
account, 8, 6, 126
cresellia, 1, 1, 8
mythical, 5, 5, 22
becoming, 1, 1, 13
f, 2, 2, 5
challenge, 2, 2, 4
stablized, 1, 1, 1
strategically, 1, 1, 5
anywhere, 1, 1, 43
obvious, 1, 1, 252
lucario, 13, 11, 82
meet, 1, 1, 1
drops, 1, 1, 3
coffin, 1, 1, 3
donphan, 1, 1, 2
borrowed, 1, 1, 3
imagineing, 1, 1, 1
links, 1, 1, 8
process, 1, 1, 2
hiatus, 1, 1, 2
purposes, 1, 1, 1
high, 8, 8, 54
tag, 2, 2, 14
pulling, 1, 1, 3
something, 32, 28, 99
triangle, 1, 1, 21
serial, 2, 2, 42
paws, 1, 1, 43
onions, 1, 1, 14
tan, 1, 1, 1
native, 1, 1, 1
gastrodon, 1, 1, 1
fett, 4, 4, 115
varied, 1, 1, 2
falls, 1, 1, 2
bronzong, 5, 2, 16
weavile, 6, 6, 54
protect, 2, 2, 4
six, 3, 3, 33
blob, 1, 1, 1
regions, 6, 6, 17
chandelure, 3, 3, 39
varies, 1, 1, 1
winners, 5, 4, 86
clair, 1, 1, 5
animal, 1, 1, 1
instead, 13, 12, 179
haxorus, 1, 1, 36
somehow, 1, 1, 4
quests, 1, 1, 2
gurl, 1, 1, -2
yellowish, 1, 1, 9
express, 1, 1, 4
thee, 1, 1, 5
emolgadedenne, 1, 1, 2
stop, 5, 5, 19
wallpaper, 5, 5, 68
tact, 1, 1, 8
4636ij, 1, 1, 3
collection, 2, 2, 12
bothered, 1, 1, 5
stars, 2, 2, 6
tier, 1, 1, 8
spelling, 2, 2, 2
lotad, 1, 1, 1
ou, 1, 1, 1
imgurcoma4lwr8all, 1, 1, 5
status, 1, 1, 21
fakemon, 1, 1, 11
realized, 3, 3, 9
introduced, 2, 2, 2
purely, 2, 1, 63
iiiiiiiit, 1, 1, 2
22nd, 2, 1, 38
light, 11, 9, 76
subreddits, 1, 1, 15
lines, 1, 1, 2
vibe, 3, 3, 42
gameboy, 3, 3, 11
honestly, 15, 15, 61
allow, 1, 1, 2
favourites, 2, 1, 5
disrespecting, 1, 1, 57
divided, 1, 1, 1
fastest, 1, 1, 49
redditors, 1, 1, 1
sidekick, 1, 1, 72
sanctioned, 1, 1, 1
farming, 1, 1, 1
wedding, 3, 3, 20
sunyshorecomstore, 1, 1, 2
umbreon, 6, 6, 71
symbols, 1, 1, 1
joohwan, 3, 3, 18
mathematicians, 1, 1, 1
including, 5, 4, 86
costume, 5, 4, 167
mentioned, 2, 2, 49
dorm, 1, 1, 1
youtubecomwatch, 3, 1, 1
horny, 1, 1, 1
badges, 6, 6, 22
bunch, 3, 3, 15
brleksaker, 1, 1, 1
chemical, 1, 1, 34
outer, 1, 1, 3
treat, 1, 1, 4
chosen, 2, 2, 40
jetsons, 1, 1, 17
ships, 1, 1, 38
belleawesome, 1, 1, 7
winning, 3, 3, 59
age, 1, 1, 3
lt, 3, 3, 102
willing, 2, 2, 17
lr, 1, 1, 2
choose, 8, 7, 88
undergraduate, 1, 1, 4
shy, 1, 1, 4
2015, 3, 3, 14
2014, 2, 2, 31
spontaneously, 1, 1, 1
holiday, 1, 1, 8
2010, 2, 2, 4
2013, 1, 1, 1
2012, 1, 1, 3
dad, 1, 1, 2
designs, 4, 4, 17
tears, 1, 1, 1
pure, 2, 2, 81
pgroudon, 1, 1, 28
repeats, 1, 1, 1
unclear, 1, 1, 2
colored, 2, 2, 3
material, 1, 1, 9
earn, 1, 1, 6
ship, 4, 4, 10
blessed, 1, 1, -2
emulator, 2, 2, 3
mention, 4, 4, 34
legendary, 5, 5, 261
emerald, 9, 9, 23
front, 3, 3, 4
milotic, 4, 4, 45
law, 1, 1, 4
terrible, 4, 3, 27
day, 20, 18, 105
minimalist, 1, 1, 2
february, 11, 4, 257
kabutops, 2, 2, 37
greninja, 10, 10, 67
thrill, 1, 1, 2
toes, 1, 1, 5
profound, 1, 1, 2
edit, 19, 19, 308
poffins, 1, 1, 7
mockery, 1, 1, 5
doesnt, 2, 2, 5
mode, 1, 1, 2
crossing, 1, 1, 1
rising, 3, 3, 12
dratini, 2, 2, 4
flair, 3, 2, 8
wraaaaaa, 1, 1, 1
pokeathelon, 1, 1, 1
kannnutumblrcom, 1, 1, 9
gallademega, 1, 1, 0
wobafett, 1, 1, 1
map, 2, 2, 3
chunk, 3, 3, 23
heated, 1, 1, 1
specialakamidori2154, 1, 1, 38
related, 6, 5, 29
meta, 6, 5, 21
variety, 2, 2, 8
patch, 1, 1, 2
en, 1, 1, 4
special, 6, 6, 66
butch, 1, 1, 5
sacredgold, 1, 1, 11
sobs, 1, 1, 8
frontier, 3, 2, 15
armor, 1, 1, 1
res, 1, 1, 15
playlistamp, 1, 1, 1
reboot, 2, 2, 1
googlformsos2fxczxfn, 1, 1, 43
manectric, 1, 1, 1
hilarious, 2, 2, 2
registeel, 1, 1, 36
cause, 8, 7, 9
dive, 1, 1, 60
announced, 6, 5, 49
catched, 2, 1, 5
emolga, 1, 1, 2
shut, 2, 2, 3
philosophy, 1, 1, 14
perish, 1, 1, 2
580, 1, 1, 5
terminated, 1, 1, 2
daycare, 1, 1, 1
n3dsxl, 2, 2, 4
greedy, 1, 1, 6
promptly, 1, 1, 1
rsmogoncirclejerk, 1, 1, 14
ban, 5, 2, 253
completely, 4, 4, 32
ect, 1, 1, 1
tied, 1, 1, 0
doubles, 3, 3, 18
sitting, 1, 1, 1
bellawesome, 5, 4, 63
business, 1, 1, 1
princess, 1, 1, 0
2831, 1, 1, 1
legends, 1, 1, 2
scary, 2, 2, 8
steak, 1, 1, 5
g, 2, 1, 42
dubbed, 1, 1, 10
could, 50, 44, 307
latest, 4, 3, 3
kiss, 1, 1, 2
times, 9, 6, 13
veeeeeeery, 1, 1, 9
explored, 1, 1, 35
coolice, 1, 1, 2
binging, 1, 1, 3
npc, 1, 1, 431
ears, 2, 2, 35
myoutubecomwatch, 1, 1, 3
south, 2, 2, 55
mad, 2, 2, 2
pinkpurple, 1, 1, 16
pokeacademy, 1, 1, 1
third, 2, 2, 8
453, 1, 1, 36
tributes, 1, 1, 9
scene, 3, 3, 3
owned, 1, 1, 1
strategic, 1, 1, 263
embarrassed, 1, 1, 1
fits, 1, 1, 2
318, 1, 1, 36
bitch, 2, 2, 4
b2w2, 3, 3, 6
owner, 3, 3, 16
art, 19, 18, 121
quality, 3, 3, 32
straight, 3, 3, 8
utc, 4, 3, 6
realizedmisty, 1, 1, 0
bois, 1, 1, 9
playlist, 1, 1, 1
long, 20, 18, 197
sadly, 2, 2, 44
monkey, 1, 1, 22
maklinka, 1, 1, 10
ferris, 2, 2, 51
revealed, 2, 2, 4
boring, 3, 2, 7
buffet, 1, 1, 2
accent, 1, 1, 11
system, 5, 3, 45
unspecified, 1, 1, 38
attack, 8, 5, 37
showdown, 4, 4, 6
perfectly, 2, 2, 8
final, 4, 4, 28
misunderstood, 1, 1, 1
shuckles, 2, 2, 2
agility, 2, 2, 3
electabuzz, 1, 1, 1
gear, 7, 7, 63
nuzlock, 1, 1, 13
crobat, 7, 5, 49
reversed, 1, 1, 4
exactly, 6, 5, 56
lists, 1, 1, 12
megas, 3, 3, 9
randowiscom, 2, 2, 38
larger, 3, 3, 12
regards, 1, 1, 22
manipulation, 1, 1, 28
sigilyph, 1, 1, 3
pragoffestu, 1, 1, 1
elite, 9, 8, 53
varieties, 1, 1, 2
steel, 1, 1, 7
wooper, 1, 1, 13
regiriddle, 1, 1, 1
ben, 1, 1, 1
slack, 1, 1, 2
blew, 1, 1, 1
split, 4, 4, 6
6yr, 1, 1, 1
evegurumi, 2, 1, 3
bed, 1, 1, 1
iimgurcom5i726wxjpg, 1, 1, 2
cards, 8, 5, 10
sweden, 1, 1, 1
arc, 2, 1, 3
moto, 1, 1, 2
loves, 3, 3, 14
6th, 2, 2, 2
visited, 1, 1, 2
providing, 1, 1, 137
steep, 1, 1, 12
torrent, 1, 1, 1
devotion, 2, 2, 101
w2, 2, 2, 3
collecting, 1, 1, 1
counter, 4, 3, 8
unchanged, 1, 1, 8
overboard, 1, 1, 3
grayish, 1, 1, 1
portals, 1, 1, 5
marshtomp, 2, 2, 2
howww, 1, 1, 1
pixiv, 1, 1, 3
slugma, 1, 1, 1
miserable, 1, 1, 13
need, 20, 20, 117
curved, 1, 1, 5
turn, 4, 4, 10
apparently, 2, 2, 38
clearly, 1, 1, 1
dropdown, 1, 1, 2
template, 2, 1, 2
screw, 2, 2, 3
bastard, 1, 1, 72
angle, 1, 1, 11
pupils, 1, 1, 1
stream, 2, 1, 2
congrats, 1, 1, 137
flareon, 3, 3, 8
forgotten, 1, 1, 1
able, 9, 7, 88
happinyblissey, 1, 1, 2
battles, 7, 6, 110
322, 1, 1, 36
mix, 1, 1, 2
320, 1, 1, 36
dug, 2, 2, 12
327, 1, 1, 36
_masuda, 1, 1, 3
truck, 2, 2, 36
iimgurcomqnfhkh1gifv, 1, 1, 1
viridian, 1, 1, 32
baaaaad, 1, 1, 1
rotom, 1, 1, 6
accuracy, 1, 1, 2
2016, 3, 3, 9
56, 1, 1, 2
unless, 6, 6, 40
clash, 1, 1, 6
scenes, 1, 1, 4
mewtwo, 6, 4, 49
cipher, 2, 2, 3
connected, 2, 1, 6
grats, 1, 1, 1
rollout, 5, 3, 6
learnt, 1, 1, 9
cleverest, 1, 1, 7
sceptile, 2, 2, 15
urn, 1, 1, 2
gather, 1, 1, 1
brought, 5, 5, 7
face, 7, 7, 112
looked, 11, 10, 62
everstones, 2, 1, 1
talk, 2, 2, 2
movie, 2, 2, 11
20160216, 2, 2, 3
skunk, 1, 1, 9
painting, 1, 1, 6
08, 1, 1, 3
fact, 6, 5, 33
imgurcomewpjhvu, 1, 1, 38
son, 2, 2, 8
selection, 1, 1, 0
gardevoirher, 1, 1, 74
20160214, 1, 1, 3
cute, 12, 12, 65
violation, 1, 1, 4
text, 2, 2, 10
agreed, 2, 2, 7
anyway, 4, 4, 107
centralized, 1, 1, 14
watchface, 1, 1, 2
wins, 1, 1, 4
bring, 10, 9, 36
reference, 2, 2, 3
planning, 4, 4, 48
rough, 1, 1, 2
darkest, 1, 1, 5
teaming, 1, 1, 3
promote, 1, 1, 1
based, 7, 7, 21
yveltal, 1, 1, 36
upvote, 2, 2, 60
dragonite, 12, 11, 82
winner, 3, 3, 17
brighten, 1, 1, 3
piplup, 2, 2, 25
verbs, 1, 1, 60
reign, 1, 1, 1
notes, 1, 1, 4
combo, 1, 1, 2
employee, 1, 1, 24
riding, 1, 1, 0
partially, 1, 1, 5
local, 2, 1, 2
hope, 7, 7, 39
pitfall, 1, 1, 2
meant, 4, 4, 80
heartgoldsoulsilver, 1, 1, 1
krabby, 1, 1, 5
handle, 1, 1, 2
camerupt, 1, 1, 36
means, 3, 3, 46
beat, 13, 12, 139
familiar, 4, 4, 35
chandelurelilligant, 1, 1, 1
hopefully, 2, 2, 2
overall, 4, 4, 5
ko, 1, 1, 2
bear, 2, 2, 10
likely, 5, 4, 13
watercolor, 4, 4, 21
tbh, 1, 1, -2
bean, 1, 1, 2
ones, 19, 18, 113
perfection, 1, 1, 6
words, 4, 4, 555
tcgs, 1, 1, 0
smeragle, 1, 1, 6
tactics, 1, 1, 4
years, 24, 18, 95
scrolling, 1, 1, 1
sorts, 1, 1, 1
areas, 3, 3, 4
smash, 3, 3, 105
evolution, 12, 9, 321
gbc, 2, 2, 2
course, 5, 5, 51
denmark, 1, 1, 1
intersting, 1, 1, 5
cryptic, 1, 1, 1
misdreavusmismagius, 2, 2, 3
taxes, 1, 1, 2
calling, 1, 1, -2
kingler, 2, 1, 5
stuff, 19, 15, 76
swole, 1, 1, 1
fixed, 1, 1, 7
exude, 1, 1, 1
generations, 7, 7, 16
looks, 55, 53, 533
available, 7, 7, 149
btw, 1, 1, 1
temporarily, 1, 1, 0
sunk, 1, 1, 1
national, 4, 4, 11
cruise, 1, 1, 3
humans, 1, 1, 5
reddit, 4, 3, 216
computer, 1, 1, 1
usefulness, 1, 1, 5
9654, 1, 1, 1
victini, 1, 1, 10
ftil, 1, 1, 3
progressive, 1, 1, 4
battery, 2, 2, 3
unlimited, 1, 1, 1
dungeon, 5, 4, 49
error, 4, 4, 10
stats, 6, 6, 12
destiny, 2, 2, 15
placed, 1, 1, 3
pattern, 1, 1, 3
horribly, 1, 1, 1
gyarados, 2, 2, 9
finally, 4, 3, 4
spotify, 3, 1, 2
vaporeon, 8, 7, 50
genius, 2, 2, 2
state, 1, 1, 252
supersonic, 1, 1, 2
froslass, 4, 4, 47
closed, 1, 1, -1
horrible, 3, 3, 3
kalospangoro, 1, 1, 1
progress, 3, 3, 82
neither, 1, 1, 1
email, 1, 1, 4
mainly, 3, 3, 3
bought, 18, 16, 23
ken, 2, 2, 63
ends, 3, 3, 8
johto, 14, 14, 44
poisoning, 1, 1, 2
opening, 2, 2, 10
joy, 1, 1, 2
zoroark, 5, 5, 49
maker, 1, 1, 4
onetime, 1, 1, 3
cake, 1, 1, 1
magi, 2, 2, 73
p2p, 1, 1, 14
spoil, 1, 1, 6
synced, 1, 1, 2
w, 1, 1, 1
boss, 2, 2, 2
problem, 2, 2, 14
mage, 1, 1, 1
monitor, 1, 1, 2
1645, 1, 1, 21
restrictions, 1, 1, 2
figured, 2, 2, 5
sniff, 1, 1, 1
aerodactyl, 3, 1, 2
coarse, 1, 1, 100
money, 7, 7, 72
joke, 3, 3, 206
taking, 5, 4, 52
ramp, 2, 2, 9
incident, 1, 1, 13
boulders, 1, 1, 60
darkmom, 1, 1, 25
etc, 11, 10, 23
admit, 1, 1, 2
figures, 1, 1, 10
atleast, 1, 1, -4
slitted, 1, 1, 1
puff, 1, 1, 34
passing, 2, 2, 3
darker, 4, 3, 10
kinds, 1, 1, 6
shedninja, 1, 1, 1
otherwise, 1, 1, 2
comment, 5, 4, 256
gorgeous, 2, 2, 11
578, 1, 1, 36
co, 1, 1, 1
573, 1, 1, 36
ca, 39, 37, 130
clues, 2, 2, 2
576, 1, 1, 36
nostalgia, 3, 3, 4
reborn, 1, 1, 13
pounced, 1, 1, 0
slyveon, 1, 1, 2
laugh, 2, 2, 8
gave, 6, 6, 41
ty, 1, 1, 3
nostalgic, 1, 1, 0
iimgurcom6adlv4rgif, 1, 1, 4
lilligantwhimsicott, 1, 1, 1
singing, 1, 1, 1
almia, 1, 1, 8
lyin, 1, 1, 0
preevs, 1, 1, 8
kenobi, 1, 1, 2
rusty, 1, 1, 2
swimmer, 2, 2, 91
addition, 1, 1, 1
decent, 6, 5, -5
charts, 1, 1, 43
chronicles, 1, 1, 10
literal, 1, 1, 219
cry, 3, 3, 31
slowly, 1, 1, 2
yah, 1, 1, -3
equation, 1, 1, 1
mahgiarna, 1, 1, -1
license, 4, 2, 6
copied, 2, 2, 19
waste, 3, 3, 14
troopers, 1, 1, 2
spoiling, 1, 1, 6
username, 1, 1, 2
juggler, 1, 1, 7
controlled, 1, 1, 14
lp, 1, 1, 1
powerful, 1, 1, 1
league, 1, 1, 1
udani_skye, 1, 1, 2
graveler, 1, 1, 6
essentially, 3, 3, 9
hms, 3, 3, 156
bulk, 1, 1, 14
orange, 3, 3, 11
finished, 3, 3, 25
ensuring, 1, 1, 1
covered, 2, 2, 0
c3, 2, 2, 110
agiwrap, 1, 1, 2
tenso, 8, 5, 55
discarded, 1, 1, 1
bye, 3, 2, 143
abandoned, 2, 2, 24
rby, 3, 3, 4
90s, 1, 1, 3
brat, 1, 1, 1
appearance, 1, 1, 22
britain, 1, 1, 1
whiff, 1, 1, 65
stunning, 3, 3, 100
endured, 1, 1, 2
fault, 1, 1, 4
wild, 3, 3, 17
ultra, 2, 2, 27
frustrating, 2, 1, 3
screenreflect, 1, 1, 2
randomizer, 1, 1, 1
supply, 1, 1, 4
mkhan, 1, 1, 1
almost, 17, 16, 152
vi, 5, 3, 24
ink, 1, 1, 1
thus, 3, 3, 81
site, 1, 1, 2
aicontrolled, 2, 2, 16
rnintendo, 2, 2, 6
draining, 1, 1, 2
vs, 8, 8, 63
turns, 1, 1, 2
claimed, 1, 1, 7
bucks, 1, 1, 1
restrict_sr, 2, 2, 42
greater, 1, 1, 13
summarize, 1, 1, 2
capture, 2, 2, 106
ing, 1, 1, 4
generic, 1, 1, 65
juan, 1, 1, 3
civilian, 1, 1, 11
indistinguishable, 4, 4, 85
unite, 1, 1, 2
campus, 1, 1, 3
member, 3, 3, 3
4ikvea42xcu, 1, 1, 2
strange, 1, 1, 2
speaker, 1, 1, 1
kingswise, 1, 1, 67
starcrossed, 1, 1, 5
party, 2, 2, 7
android, 2, 1, 2
gets, 10, 10, 189
difficult, 1, 1, 14
niece, 1, 1, 2
ball, 12, 11, 95
http, 103, 61, 1582
context, 6, 4, 67
solved, 2, 2, 2
dusk, 1, 1, 1
promo, 1, 1, 2
absorb, 1, 1, 2
retarded, 1, 1, 5
upon, 3, 3, 29
effect, 4, 4, 119
bannette, 1, 1, 3
phd, 1, 1, 4
tropiuscastform, 1, 1, 1
colouring, 1, 1, 2
student, 1, 1, 1
sisters, 3, 2, 10
build, 1, 1, 2
collar, 1, 1, 2
diabetes, 2, 2, 6
sauce, 1, 1, 22
center, 6, 2, 41
eli5, 1, 1, 2
colour, 2, 1, 2
contest, 1, 1, 43
well, 45, 43, 431
fighting, 8, 8, 87
thought, 34, 33, 214
sheer, 3, 3, 4
touching, 1, 1, 2
english, 10, 9, 169
conquer, 1, 1, 2
diversify, 1, 1, 2
breaker, 1, 1, 6
d00af7g, 1, 1, 1
drawing, 3, 3, 17
draconian, 1, 1, 34
escavalier, 1, 1, 3
stores, 2, 1, 1
bananas, 1, 1, 38
rocket, 2, 2, 19
less, 10, 10, 101
moments, 1, 1, 2
accurate, 3, 3, 36
hands, 1, 1, 3
flies, 1, 1, 6
mistaken, 1, 1, 4
43, 1, 1, 2
azelf, 1, 1, 194
futurama, 1, 1, 2
distant, 2, 2, 32
fishing, 3, 2, 17
mfw, 1, 1, 4
tcg, 4, 4, 8
rest, 6, 6, 72
lately, 2, 2, 6
happiness, 3, 3, 4
mysterious, 1, 1, 6
web, 1, 1, 2
generous, 1, 1, 1
console, 5, 5, 5
scent, 1, 1, 65
common, 1, 1, 1
gmb, 1, 1, 9
point, 21, 18, 104
sky, 4, 4, 83
upvoted, 2, 2, -25
realize, 4, 4, 19
289, 1, 1, 36
288, 1, 1, 36
add, 4, 4, 25
raikou, 1, 1, 36
sweet, 4, 4, 22
usage, 1, 1, 1
astronaut, 1, 1, 25
282, 1, 1, 36
285, 1, 1, 36
match, 4, 3, 50
286, 1, 1, 36
identical, 2, 2, 16
washing, 1, 1, 6
saturation, 1, 1, 1
meteor, 1, 1, 1
worlds, 3, 2, 7
checking, 3, 3, 5
evenings, 1, 1, 1
fairies, 1, 1, 5
masters, 1, 1, 2
262, 1, 1, 36
ducklett, 2, 1, 1
260, 1, 1, 36
266, 1, 1, 36
iimgurcomcbc5faojpg, 1, 1, 135
belgium, 1, 1, 1
immediately, 3, 3, 18
nvm, 2, 2, 9
tick, 1, 1, 6
latios, 2, 1, 4
imgurcoma42qsmall, 1, 1, 5
like, 191, 158, 1312
lost, 6, 6, 33
safest, 1, 1, 2
lilligant, 4, 4, 59
pokemons, 9, 5, 14
candy, 1, 1, 1
loses, 3, 3, 47
fiddly, 1, 1, 2
x1000, 1, 1, 2
lose, 3, 3, 15
become, 7, 6, 66
works, 6, 6, 42
soft, 3, 3, 44
page, 5, 5, 16
regardless, 1, 1, 2
italian, 1, 1, 42
shed, 1, 1, 3
himi, 1, 1, 2
twitter, 1, 1, 8
dusknior, 1, 1, 7
bmaison, 1, 1, 2
stat, 3, 3, 4
alive, 1, 1, 4
tumblr, 2, 2, 56
platforms, 1, 1, 2
schoolrelated, 1, 1, 0
growth, 1, 1, 3
choosing, 1, 1, 1
iimgurcomtxyou0ejpg, 1, 1, 2
home, 3, 3, 40
liking, 1, 1, 9
118, 1, 1, 36
happens, 2, 2, 38
bullylike, 1, 1, 4
staraptor, 3, 3, 49
leaf, 7, 7, 16
obsessed, 1, 1, 1
lead, 2, 1, 1
0a, 3, 3, 6
literally, 7, 7, 20
avoid, 2, 2, 48
worthless, 1, 1, 1
rewarding, 1, 1, 5
passion, 1, 1, 4
wendy, 2, 2, 4
assuming, 2, 2, 11
capability, 1, 1, 2
leader, 5, 5, 15
locate, 1, 1, 1
platinum, 7, 7, 13
noise, 2, 2, -3
obey, 1, 1, 5
buddah, 1, 1, 1
slight, 1, 1, 13
rock, 8, 7, 153
pp, 1, 1, 34
commend, 1, 1, 10
ability, 6, 5, 8
pressure, 1, 1, 2
aaaaaaahhhhhhhhhh, 1, 1, 1
although, 5, 5, 263
worthy, 2, 2, 4
instinct, 1, 1, 3
dustox, 1, 1, 1
stage, 2, 2, 3
gained, 1, 1, 1
gifts, 1, 1, 1
actual, 6, 6, 74
asks, 1, 1, 69
extension, 1, 1, 1
getting, 29, 24, 232
ahead, 2, 2, 4
shipping, 6, 2, 42
surge, 3, 3, 7
ahhhhh, 1, 1, 1
carries, 1, 1, 13
swear, 1, 1, 57
20catch, 1, 1, 1
customizing, 1, 1, 1
yvetal, 1, 1, -1
balllike, 1, 1, 2
swimming, 4, 2, 82
em, 1, 1, 1
eternal, 1, 1, 2
fresh, 1, 1, 5
bw1, 1, 1, 2
owe, 1, 1, 1
primal, 3, 3, 4
due, 5, 5, 8
guard, 1, 1, 1
imgurcomatrwqkall, 1, 1, 5
shinies, 12, 10, 77
female, 4, 3, 56
artists, 1, 1, 35
negate, 2, 2, 16
additions, 1, 1, 6
strategy, 3, 3, 4
ralts, 5, 2, 5
eh, 1, 1, 1
starmie, 2, 2, 2
t38denjxjksamp, 1, 1, 1
additional, 1, 1, 4
transfer, 7, 6, 21
outline, 2, 2, 5
celebration, 1, 1, 1
noticed, 6, 5, 56
much, 51, 49, 981
beedril, 2, 1, 1
ambipom, 2, 1, 2
zvqfamotwai, 2, 2, 18
breeding, 2, 2, 2
vivillon, 1, 1, 1
706, 1, 1, 2
naturally, 3, 3, 17
rhythmic, 1, 1, 5
building, 1, 1, 1
iimgurcomelvaljpg, 1, 1, 25
buy, 13, 9, 75
north, 1, 1, 4
iimgurcompqdaqxlhjpg, 1, 1, 43
chatting, 1, 1, 2
funds, 1, 1, 0
hp, 7, 5, 7
sequel, 1, 1, 0
stories, 1, 1, 1
567, 1, 1, 36
reminds, 4, 4, 21
neutral, 1, 1, 13
hi, 2, 2, 3
ho, 1, 1, 3
hm, 3, 3, 100
counterparts, 1, 1, 22
competetive, 1, 1, 6
ha, 3, 3, 7
eat, 1, 1, 1
count, 4, 4, 61
misty, 11, 10, 43
made, 44, 40, 750
wise, 1, 1, 2
metronome, 1, 1, 2
places, 2, 2, 7
whether, 3, 3, 2
wish, 12, 12, 92
wife, 3, 2, -2
variations, 2, 2, 17
inopportune, 1, 1, 5
waddles, 1, 1, 2
roam, 1, 1, 3
excitement, 3, 3, 10
record, 1, 1, 9
catching, 3, 3, 9
roundcurrently, 1, 1, 43
hand, 4, 4, 7
721, 2, 2, 46
sparkleeffect, 1, 1, 13
burtonmon, 1, 1, 25
distribution, 3, 2, 254
piece, 5, 5, 34
gligar, 1, 1, 2
mechanics, 3, 3, 4
approaching, 1, 1, 0
wifi, 3, 2, 3
curve, 1, 1, 1
tally, 1, 1, 1
pic, 2, 2, 45
upsets, 1, 1, 7
eon, 1, 1, 2
consumed, 1, 1, 4
lived, 1, 1, 3
8bit, 1, 1, 15
q_q, 1, 1, 6
sinnoh, 15, 13, 34
negated, 1, 1, 1
shooting, 1, 1, 2
girl, 4, 4, 19
squirrel, 1, 1, 16
zubats, 2, 2, 4
compared, 3, 3, 12
48, 1, 1, 2
incredible, 5, 5, 29
dressed, 2, 2, 92
45, 2, 2, 6
offensive, 1, 1, 3
cave, 2, 2, 45
virtual, 2, 2, 2
41, 1, 1, 1
blown, 2, 2, 9
kantojohto, 1, 1, 2
details, 3, 3, 6
sick, 2, 2, 6
quantities, 1, 1, 10
mass, 1, 1, 2
imgurcomaxphje, 1, 1, 43
outlines, 1, 1, 5
adjustments, 1, 1, 1
album, 4, 4, 57
fodder, 1, 1, 98
gifted, 1, 1, 1
star, 3, 3, 4
class, 2, 2, 0
raping, 1, 1, 11
lillycove, 1, 1, 1
stay, 1, 1, 4
chance, 7, 6, 62
monokuma, 2, 2, 4
kinda, 16, 15, 132
nintendo, 7, 6, 322
stan, 1, 1, 1
badass, 5, 5, 32
gap, 1, 1, 4
friends, 13, 13, 84
needed, 5, 5, 8
coloration, 2, 2, 6
inspiration, 1, 1, 34
ghost, 4, 3, 6
animes, 1, 1, 10
sphinx, 1, 1, 5
using, 23, 20, 138
gooooooo, 1, 1, 2
skitty, 2, 2, 8
earthquake, 1, 1, 1
rule, 4, 3, 7
hiker, 2, 2, 39
magmar, 1, 1, 25
write, 2, 1, -4
zangoose, 1, 1, 8
villainous, 1, 1, 1
understand, 1, 1, 4
smugleaf, 1, 1, -2
blackwhite, 5, 4, 7
prebattle, 1, 1, 26
