Word, Frequency, Comment Frequency, Net Score
ohiogt, 1, 1, 578
searchable, 1, 1, 13
saves, 1, 1, 3
appetite, 1, 1, 93
hate, 3, 3, 16
relationships, 1, 1, 115
calculate, 1, 1, 5
stinky, 1, 1, 1
12001400, 1, 1, 1
162, 1, 1, 1
lord, 1, 1, 2
sorry, 8, 8, 59
worth, 4, 4, 19
0_o, 1, 1, 1
digit, 1, 1, 41
stole, 1, 1, 11
lurk, 1, 1, 3
fingers, 1, 1, 1
every, 13, 13, 177
affect, 1, 1, 14
school, 9, 5, 279
progression, 1, 1, 6
skills, 1, 1, 8
obsessive, 1, 1, 1
commenter, 1, 1, 1
honor, 1, 1, -21
crotch, 1, 1, 32
cholesterol, 1, 1, 1
297, 1, 1, 1
294, 1, 1, 4
295, 1, 1, 1
ups, 2, 2, 64
clothes, 5, 4, 88
enjoy, 1, 1, 10
10m, 1, 1, 2
consistent, 1, 1, 2
guidelines, 1, 1, 13
bacon, 1, 1, 32
270, 1, 1, 7
elegant, 1, 1, 2
second, 6, 6, 81
273, 1, 1, 30
274, 2, 2, 2
277, 1, 1, 1
rigorous, 1, 1, 2
n, 1, 1, 2
amazballs, 1, 1, 2
even, 30, 27, 301
hide, 1, 1, -6
new, 22, 21, 782
tips, 5, 5, 11
increasing, 1, 1, 3
ever, 8, 8, 79
told, 4, 3, 139
med, 1, 1, 49
bi, 1, 1, 1
4xl, 1, 1, 32
hero, 1, 1, 4
shocked, 3, 3, 66
brutha, 1, 1, 1
boobs, 1, 1, 1
never, 25, 21, 240
178, 1, 1, 2
china, 1, 1, 578
active, 3, 3, 15
path, 1, 1, 1
100, 3, 3, 3
walnuts, 1, 1, 1
106, 1, 1, 2
dork, 1, 1, 1
buddy, 1, 1, 2
slices, 1, 1, 32
kudos, 6, 6, 15
elaborate, 2, 2, 3
changed, 9, 9, 143
lugging, 1, 1, 3
credit, 1, 1, 2
jogging, 2, 2, 33
changes, 10, 10, 25
tweet, 1, 1, 1
eyebrows, 1, 1, 1
fantastic, 35, 35, 158
chancefate, 1, 1, 2
mobility, 1, 1, 588
169lbs, 2, 1, 13
feelings, 1, 1, -3
bro, 4, 4, 5
patience, 1, 1, 13
specifics, 1, 1, 3
pound, 1, 1, 4
meats, 2, 2, 40
dietexercise, 1, 1, 5
total, 3, 2, 16
bra, 1, 1, 11
plot, 1, 1, -14
would, 39, 33, 515
double, 1, 1, 11
hospital, 2, 2, 9
cals, 1, 1, 1
arms, 9, 9, 91
insult, 1, 1, 0
call, 3, 2, -20
typo, 2, 2, 14
recommend, 4, 4, 120
25th, 1, 1, 16
type, 4, 3, 10
pleateued, 1, 1, -1
kgs, 4, 1, 1
posting, 8, 5, 20
holy, 24, 24, 238
successful, 1, 1, 1
7510, 1, 1, 0
haha, 5, 5, 70
underwear, 1, 1, 47
aware, 1, 1, 1
99, 1, 1, 1
excellent, 10, 10, 20
91, 1, 1, 3
hold, 2, 2, 64
94, 1, 1, 1
must, 21, 20, 112
intake, 5, 4, 274
shoop, 1, 1, 2
room, 1, 1, 75
173, 1, 1, 3
wowza, 1, 1, 2
work, 190, 175, 1355
roof, 1, 1, 1
movies, 1, 1, 3
imgurcomas3rpx, 1, 1, 2
mr, 1, 1, 1
seeya, 1, 1, 11
example, 5, 4, 50
addictive, 1, 1, 12
saturday, 1, 1, 1
iimgurcom0qinqu3jpg, 1, 1, 102
give, 18, 18, 515
foods, 3, 3, 18
caused, 1, 1, 2
want, 23, 19, 783
veggy, 3, 1, 32
135lb, 1, 1, 2
absolute, 1, 1, 20
ones, 1, 1, -10
end, 7, 6, 924
recovery, 2, 2, 5
thing, 12, 12, 317
provide, 1, 1, 13
verify, 1, 1, 13
3346, 1, 1, 114
machine, 1, 1, 2
completley, 1, 1, 81
hot, 18, 16, 48
dangerfield, 2, 2, 2
answer, 1, 1, 30
beach, 2, 2, 67
pizza, 2, 2, 62
funny, 1, 1, 2
earlier, 3, 2, 29
abdomen, 1, 1, 1
lab, 1, 1, 115
wrong, 7, 7, 146
curiosity, 3, 3, 7
timelines, 1, 1, 2
baseline, 1, 1, 2
calves, 1, 1, 1
appreciate, 3, 3, 18
lost, 79, 74, 1183
greek, 2, 1, 32
maintain, 6, 5, 15
green, 1, 1, 2
usuit_dota, 1, 1, 1
goodbye, 1, 1, 5
suggest, 2, 2, 2
fan, 3, 3, 18
first, 37, 33, 736
order, 1, 1, 13
feedback, 46, 46, 256
office, 1, 1, -1
consent, 1, 1, 13
slimmed, 1, 1, 2
8441012, 1, 1, 1
awful, 1, 1, 16
nsfw, 3, 2, 115
responsive, 1, 1, 1
ima, 1, 1, 2
heritage, 1, 1, -3
symmetry, 1, 1, 1
fit, 11, 10, 200
personal, 3, 1, 13
cle, 2, 1, 1
fix, 1, 1, 10
socialmedia, 1, 1, 13
expectations, 1, 1, 2
denver, 1, 1, 578
better, 26, 24, 119
colts, 1, 1, 2
differently, 1, 1, 2
osgood, 1, 1, 8
weeks, 16, 13, 191
easier, 2, 2, 18
belly, 3, 3, -10
workout, 8, 8, 599
safe, 1, 1, 49
break, 5, 5, 73
genderageheight, 2, 1, 13
qualify, 1, 1, 115
meat, 2, 2, 156
fitness, 5, 5, 616
371, 1, 1, 1
370, 1, 1, 4
went, 17, 14, 693
meal, 2, 2, 15
mean, 8, 6, 56
expectancy, 1, 1, 1
lifted, 2, 2, 66
209, 2, 2, 3
bowls, 1, 1, 25
carry, 2, 2, 3
leangaining, 1, 1, 10
forgot, 2, 2, 132
aids, 1, 1, -7
sounds, 5, 5, 85
sprints, 1, 1, 578
reminding, 1, 1, 16
gon, 5, 5, 18
goi, 1, 1, 3
driving, 1, 1, 11
newyears, 1, 1, 11
restricted, 1, 1, 12
crucial, 2, 2, 11
forty, 1, 1, 5
angular, 1, 1, 2
content, 2, 1, 13
encourage, 2, 1, 1
bellybutton, 1, 1, 2
got, 29, 28, 338
perception, 1, 1, 14
turning, 2, 2, 10
overweight, 2, 2, 103
shlaters, 1, 1, 8
given, 2, 2, 9
free, 6, 6, 55
244, 1, 1, 1
246, 1, 1, 1
240, 1, 1, 57
grapes, 1, 1, 32
skeletal, 1, 1, -8
estimate, 1, 1, 3
wanted, 11, 10, 245
249, 42, 42, 102
dammit, 1, 1, 32
ate, 9, 6, 849
logging, 1, 1, 3
dayum, 1, 1, 2
atm, 2, 2, 16
days, 12, 10, 801
trite, 1, 1, 1
weightloss, 1, 1, 578
ish, 2, 2, 34
atp, 1, 1, 10
soda, 5, 4, 204
loud, 2, 2, 3
fuckin, 3, 3, 8
already, 11, 11, 61
wasp, 1, 1, 9
coding, 1, 1, 13
primary, 1, 1, 115
hearing, 2, 2, 84
creamhalf, 1, 1, 3
kfc, 1, 1, 56
another, 8, 8, 133
5pounds, 1, 1, 11
neighborhood, 1, 1, 3
calorie, 11, 10, 643
174, 1, 1, 2
caloric, 1, 1, 200
170, 6, 4, 11
nomakeup, 1, 1, 2
100lbs, 2, 2, 2
olds, 1, 1, 10
173ish, 1, 1, 2
service, 1, 1, 13
10lbs, 1, 1, 2
top, 5, 4, 11
night, 1, 1, 1
girls, 2, 2, 2
attack, 1, 1, 2
approximately, 1, 1, 1
heights, 1, 1, 1
needed, 2, 2, 13
master, 1, 1, 49
tom, 4, 4, 8
rockin, 2, 2, 5
imgurcomefutvar, 1, 1, 10
40th, 1, 1, 115
listen, 1, 1, 1
062, 1, 1, 1
067, 1, 1, 1
predictably, 1, 1, 3
bouncing, 1, 1, 1
gym, 16, 14, 653
realization, 1, 1, 1
took, 13, 11, 313
rejected, 1, 1, 13
robyn, 1, 1, 1
wardrobe, 1, 1, 1
intakediet, 1, 1, 1
begins, 3, 3, 5
perfectly, 2, 2, 21
target, 1, 1, 3
showed, 1, 1, 5
271, 1, 1, 2
hwsw, 2, 1, 114
zero, 1, 1, 4
matter, 2, 2, 3
classes, 3, 2, 125
speaking, 1, 1, 1
hottie, 1, 1, 8
imgurcomfkhj49t, 1, 1, 49
threadbare, 1, 1, 4
feeling, 7, 6, 91
solely, 1, 1, 1
lbs, 26, 23, 415
failing, 1, 1, 49
ran, 6, 4, 784
mind, 5, 5, 137
spectrum, 1, 1, 102
278, 1, 1, 2
stalls, 1, 1, 2
seen, 7, 7, 202
seem, 5, 4, 17
mins, 1, 1, 32
relatively, 2, 2, 11
nipples, 1, 1, 6
strength, 7, 6, 33
unmotivated, 2, 1, 1
specs, 1, 1, 1
okie, 1, 1, 2
fitting, 1, 1, 200
rome, 1, 1, 2
laughed, 1, 1, 1
tipstricks, 1, 1, 2
panties, 2, 2, 3
clunky, 1, 1, 3
blue, 1, 1, 7
though, 19, 18, 221
thrilled, 1, 1, 57
doin, 1, 1, 2
exercised, 1, 1, 4
21yearold, 2, 2, 4
regular, 1, 1, 81
mouth, 1, 1, 14
plenty, 1, 1, 0
exercises, 1, 1, 3
sub, 4, 4, 11
011915, 1, 1, 2
fitter, 1, 1, 2
medical, 2, 1, 8
dog, 3, 2, 4
missed, 1, 1, 2
definitely, 17, 17, 113
lossfitness, 1, 1, 1
er, 2, 2, 3
annoyed, 1, 1, 4
came, 4, 4, 624
incorporate, 1, 1, 3
simultaneously, 1, 1, 4
inspire, 3, 3, 54
htwt, 1, 1, 3
53125, 1, 1, 15
subreddit, 50, 49, 934
stepping, 1, 1, 49
july, 3, 2, 116
toast, 1, 1, 32
iimgurcomwfwi3tepng, 1, 1, 102
submit, 1, 1, 115
resemblance, 1, 1, 2
25kg, 1, 1, 11
menu, 1, 1, 3
weekends, 2, 1, 10
bust, 1, 1, 65
sugar, 3, 3, 278
yea, 2, 2, 4
updating, 1, 1, 11
photo, 8, 8, 30
folks, 2, 2, 5
adequate, 1, 1, 5
rice, 1, 1, 8
beforeafters, 1, 1, 203
wearing, 2, 2, 4
stop, 5, 5, 131
foremost, 1, 1, 1
postition, 1, 1, 1
wedding, 5, 3, 68
haiti, 1, 1, 102
dr, 1, 1, 1
net, 1, 1, 4
14, 3, 3, 20
runs, 2, 2, 78
bar, 2, 1, 10
nicely, 4, 4, 20
rowing, 1, 1, 2
guns, 2, 2, 3
twice, 2, 2, 23
bad, 12, 11, 67
410, 2, 2, 1
steak, 1, 1, 32
steal, 1, 1, 3
appendectomy, 1, 1, 2
thanks, 25, 25, 105
headed, 1, 1, 65
blew, 2, 2, 132
fair, 1, 1, 3
habit, 1, 1, 2
depends, 1, 1, 1
decided, 11, 9, 277
result, 1, 1, 1
fail, 1, 1, 1
miserable, 2, 2, 77
normalfit, 1, 1, 7
yes, 5, 5, 110
best, 16, 16, 906
subject, 46, 46, 230
said, 9, 9, 56
onto, 1, 1, 2
04, 2, 1, 3
lots, 6, 6, 149
away, 7, 7, 11
6080g, 1, 1, 32
yet, 5, 5, 279
dayumn, 1, 1, 2
future, 3, 3, 116
finger, 1, 1, 1
props, 3, 3, 3
approach, 1, 1, 14
363, 1, 1, 2
360, 1, 1, 8
side, 1, 1, 1
letting, 1, 1, 3
relatable, 1, 1, 2
terms, 1, 1, 3
bookmarked, 1, 1, 1
wo, 5, 5, 603
weak, 1, 1, 14
however, 3, 3, 160
otherwise, 1, 1, 1
wear, 11, 8, 609
wtf, 1, 1, 1
387, 1, 1, 3
dedication, 3, 3, 8
20yearold, 3, 3, 2
convertible, 1, 1, 29
improve, 4, 3, 17
referral, 1, 1, 115
cow, 1, 1, 7
bachelorette, 1, 1, 578
country, 1, 1, 115
ill, 1, 1, 32
amazing, 123, 121, 467
achieve, 2, 2, 23
lookin, 2, 2, 4
brah, 1, 1, 8
asked, 2, 2, 8
tone, 2, 2, 13
vain, 2, 2, 78
28year, 1, 1, 1
height, 23, 20, 85
tons, 1, 1, 11
252, 1, 1, 1
diff, 1, 1, 2
trust, 1, 1, 31
254, 1, 1, 2
255, 2, 2, 4
bingo, 1, 1, 1
bathroom, 1, 1, 3
targeting, 2, 2, 11
beef, 1, 1, 1
cureall, 1, 1, 115
three, 4, 4, 15
quickly, 3, 3, 8
twain, 1, 1, 2
confident, 1, 1, 1
beer, 1, 1, 4
much, 56, 48, 1191
fry, 1, 1, 11
lovely, 10, 10, 103
toning, 2, 2, 133
fatlogic, 1, 1, 32
life, 28, 20, 520
easy, 12, 12, 193
sag, 1, 1, 1
25f, 1, 1, 1
speeches, 2, 1, 8
lift, 4, 4, 612
169, 3, 3, 5
child, 1, 1, 8
165, 3, 3, 3
worked, 6, 6, 655
167, 1, 1, 13
160, 1, 1, 2
cunt, 1, 1, 8
exception, 1, 1, 13
definetly, 1, 1, 1
tank, 1, 1, 7
ahead, 1, 1, 2
woah, 1, 1, 5
excited, 5, 5, 705
near, 3, 3, 14
formatting, 1, 1, 13
depp, 1, 1, 2
stopping, 1, 1, 3
aid, 1, 1, 1
voice, 1, 1, 2
108kg, 1, 1, 1
cab, 1, 1, 2
seven, 1, 1, 2
220lbs, 1, 1, 1
073, 1, 1, 1
rprogresspicsbotamp, 45, 45, 217
rmyfitnesspal, 1, 1, 13
defeated, 1, 1, 3
skipping, 1, 1, 3
im, 7, 6, 16
creepy, 2, 2, 4
motivating, 6, 6, 20
id, 1, 1, 4
kettlebell, 1, 1, 2
stickied, 1, 1, 13
imgurcoma2v7gg, 1, 1, 49
things, 10, 9, 114
make, 17, 17, 714
split, 3, 3, 33
several, 1, 1, 4
couple, 10, 10, 154
entitled, 1, 1, 10
20002500, 1, 1, 15
swell, 1, 1, 8
pick, 3, 3, 92
hand, 1, 1, 10
tuna, 1, 1, 32
felder, 1, 1, 2
kept, 7, 6, 35
21416, 1, 1, 115
programs, 2, 2, 123
1600, 2, 2, 610
min, 1, 1, 588
smokes, 1, 1, 2
tho, 3, 3, 5
contact, 1, 1, 49
f2355, 2, 1, 13
mother, 2, 2, 6
om, 1, 1, 1
left, 9, 8, 400
slutty, 1, 1, -10
8177971amp, 1, 1, 1
kale, 1, 1, 75
athletic, 2, 2, 112
able, 5, 4, 620
farther, 1, 1, 10
human, 1, 1, 2
yep, 1, 1, -7
kcalday, 1, 1, 10
230240, 1, 1, 7
repost, 3, 2, 14
thyroid, 1, 1, 8
adding, 3, 3, 94
unique, 1, 1, 2
imgurcomoquxw8x, 2, 1, 30
hills, 1, 1, 588
sizeage, 1, 1, 3
45yo, 1, 1, 57
spread, 1, 1, 11
transformed, 1, 1, 3
5k, 10, 10, 787
gave, 2, 2, 127
maya, 2, 2, 4
possible, 4, 4, 204
possibly, 1, 1, 3
wanting, 1, 1, 3
firmed, 1, 1, 2
apart, 1, 1, 8
burns, 1, 1, 11
sicem, 1, 1, 3
vanity, 1, 1, 11
shoulder, 3, 3, 7
vivosmart, 1, 1, 11
58, 2, 2, 3
visible, 1, 1, 2
mirin, 1, 1, 1
54, 5, 5, 127
57, 4, 4, 17
56, 5, 5, 10
customizations, 1, 1, 13
50, 12, 11, 996
53, 2, 2, 17
52, 2, 2, 1
steps, 3, 2, 663
arbitrary, 1, 1, 2
beneficial, 1, 1, 1
right, 31, 27, 1170
old, 18, 17, 244
deal, 2, 2, 76
people, 37, 33, 1208
51, 1, 1, 1
successfully, 1, 1, 2
somehow, 1, 1, 4
202, 1, 1, 6
flatten, 1, 1, 2
205, 2, 2, 3
advertise, 1, 1, 11
creep, 1, 1, 6
confusing, 1, 1, 2
ignore, 1, 1, 1
cocaine, 1, 1, 15
tracked, 2, 2, 11
6510, 1, 1, 1
phenomenal, 1, 1, 3
opposite, 1, 1, 3
ice, 1, 1, 4
everything, 10, 8, 686
asking, 2, 2, 4
treadmill, 1, 1, 578
umm, 1, 1, 1
beating, 1, 1, 8
core, 3, 3, 2
shakes, 2, 2, 34
deleted, 3, 3, 5
pose, 1, 1, 1
disappeared, 1, 1, 3
losing, 23, 21, 807
talking, 2, 2, 55
post, 20, 14, 217
super, 16, 13, 174
eat, 25, 16, 935
attacks, 1, 1, 32
months, 42, 38, 953
dinner, 3, 3, 91
phyiscal, 1, 1, 11
plus, 2, 2, 42
stoked, 1, 1, 3
steadily, 1, 1, 3
efforts, 2, 2, 116
slightly, 3, 3, 1
automatically, 2, 2, 14
stretch, 2, 2, 13
whats, 1, 1, 2
lied, 1, 1, 8
float, 1, 1, 7
profession, 1, 1, 2
soo, 1, 1, 1
son, 1, 1, 1
aww, 1, 1, 1
stagnating, 1, 1, 6
awe, 1, 1, 2
wan, 4, 4, 0
amazingly, 2, 2, 13
initial, 1, 1, 102
class, 2, 2, 33
avail, 1, 1, 1
absolutely, 9, 9, 187
fought, 1, 1, 32
imgurcomay6nl5, 1, 1, 130
metabolism, 2, 2, 11
imgurcomah9wm0, 1, 1, 39
lowest, 2, 2, 22
head, 4, 4, 37
diggity, 1, 1, 2
becoming, 1, 1, 1
differences, 1, 1, 12
tendon, 1, 1, 8
failure, 1, 1, 49
hear, 2, 2, 8
imgurcomanoeop, 1, 1, 75
229, 1, 1, 3
225, 1, 1, 1
removed, 3, 2, 14
true, 2, 2, 3
221, 1, 1, 2
220, 1, 1, 1
congratulations, 82, 82, 303
builds, 1, 1, 10
happen, 3, 3, 3
rfitness, 1, 1, 13
tell, 15, 15, 56
daddy, 1, 1, 1
151, 2, 2, 2
153, 1, 1, 6
later, 5, 5, 122
155, 4, 4, 21
sticks, 2, 2, 13
157, 3, 3, 5
lowering, 1, 1, 2
religiously, 3, 3, 12
promised, 1, 1, 11
tubby, 1, 1, 12
trip, 2, 1, 578
shit, 19, 19, 115
physical, 2, 2, 13
agingbackwards, 1, 1, 1
na, 9, 9, 18
commercials, 1, 1, 8
rketo, 1, 1, 13
power, 1, 1, 75
interested, 1, 1, 2
holding, 3, 3, 629
test, 1, 1, 7
realize, 1, 1, 22
picture, 36, 29, 244
081, 1, 1, 1
felt, 3, 3, 118
polite, 1, 1, 13
diet, 32, 29, 410
brief, 1, 1, 21
fell, 2, 2, 97
hurt, 2, 2, 2
weekend, 3, 3, 132
lunge, 1, 1, 1
younger, 15, 14, 87
longer, 4, 4, 50
potato, 1, 1, 1
assume, 1, 1, 15
5ks, 1, 1, 1
daily, 7, 7, 807
time, 45, 34, 617
push, 2, 2, 44
serious, 7, 7, 27
backward, 1, 1, 18
126, 1, 1, 1
hiit, 1, 1, 578
stick, 4, 4, 57
measurements, 1, 1, 1
managed, 1, 1, 93
chain, 1, 1, 0
switched, 1, 1, 2
skip, 1, 1, 3
focus, 2, 2, 20
exceeding, 1, 1, 115
comments, 1, 1, 9
grateful, 1, 1, 49
skin, 17, 14, 171
row, 1, 1, 22
certainly, 2, 2, 72
shrinkage, 1, 1, -1
swoon, 1, 1, 1
0, 5, 3, 120
finally, 2, 2, 44
marks, 2, 2, 22
810, 1, 1, 1
96, 1, 1, 1
recommended, 1, 1, 115
grill, 1, 1, 4
gravitate, 1, 1, 200
choice, 1, 1, 1
vegas, 1, 1, 36
artwork, 1, 1, 1
trouble, 1, 1, 6
exact, 5, 4, 17
minute, 1, 1, 22
cool, 3, 3, 15
aggressively, 1, 1, 4
epic, 1, 1, 2
impressive, 27, 27, 93
level, 7, 7, 37
turns, 1, 1, 11
whoopstotally, 1, 1, 8
posts, 9, 7, 58
hawaii, 2, 2, 77
leave, 1, 1, 2
rprogresspics, 2, 1, 13
soooo, 1, 1, 1
team, 1, 1, 13
guy, 34, 34, 240
yall, 2, 2, 5
189lbs, 2, 1, 13
accomplishment, 2, 2, 4
says, 2, 2, 2
309, 1, 1, 2
trend, 1, 1, 203
bravo, 1, 1, 1
sheer, 1, 1, 1
bf, 2, 2, 4
cost, 1, 1, 13
shirts, 6, 4, 305
upped, 2, 2, 202
run, 6, 4, 65
230, 2, 2, 2
drinks, 1, 1, 56
distaste, 1, 1, 200
melt, 1, 1, 2
current, 6, 6, 145
rub, 2, 2, 33
goes, 5, 5, 18
301, 1, 1, 1
thereabouts, 1, 1, 2
scar, 2, 2, -13
filled, 2, 2, 2
exercisediet, 1, 1, 3
slower, 2, 2, 4
envy, 1, 1, 8
understanding, 1, 1, 13
water, 8, 7, 223
downloaded, 1, 1, 32
snack, 1, 1, 56
groups, 1, 1, 8
along, 5, 5, 599
43mph, 2, 1, 578
change, 32, 31, 358
wait, 5, 5, 72
handle, 1, 1, -1
boy, 2, 2, 4
incoming, 1, 1, 1
noticeable, 3, 3, 6
140ish, 1, 1, 13
healthy, 64, 62, 535
wherever, 1, 1, 102
hydrostatic, 1, 1, 7
brazilian, 1, 1, 11
accomplished, 1, 1, 114
franklin, 3, 3, 3
usually, 2, 1, 3
weird, 2, 2, 8
bod, 2, 2, 5
regardless, 2, 2, 238
extra, 3, 3, 10
problematic, 1, 1, 2
prefer, 1, 1, 5
tuesday, 1, 1, 1
rarely, 1, 1, 32
everybody, 2, 2, 101
comps, 1, 1, -1
sharper, 1, 1, 3
prove, 1, 1, 3
perk, 1, 1, 1
positive, 2, 2, 3
visit, 2, 2, 584
sports, 2, 2, 89
live, 3, 3, 277
wood, 1, 1, 1
iphone, 1, 1, 4
wondering, 1, 1, 49
criteria, 1, 1, 13
checkout, 1, 1, 3
prep, 2, 2, 128
today, 13, 13, 102
loving, 3, 3, 10
sharing, 17, 17, 72
145150, 1, 1, 1
suggestions, 46, 46, 218
phillies, 3, 3, 7
racewalking, 1, 1, 5
chocolate, 1, 1, 56
slinky, 1, 1, 9
everywhere, 1, 1, 75
effort, 5, 5, 7
anything, 8, 8, 348
confucius, 3, 3, 5
hardest, 2, 2, 4
sour, 1, 1, 3
growing, 1, 1, 5
making, 5, 5, 38
42yearold, 2, 2, 47
heart, 1, 1, 1
crazy, 7, 7, 40
valentines, 1, 1, 1
nursing, 2, 2, 201
figure, 1, 1, 2
mirrors, 1, 1, 8
december, 3, 2, 35
awesome, 101, 100, 1138
sense, 3, 3, 11
fuck, 5, 5, 212
topic, 1, 1, 1
heard, 1, 1, 1
chin, 1, 1, 1
dropped, 1, 1, 2
235, 3, 3, 60
236, 1, 1, 0
counting, 8, 8, 670
cardio, 7, 7, 802
231, 2, 2, 31
productive, 2, 1, 10
monitoring, 1, 1, 3
winter, 2, 1, 1
tilt, 2, 2, 14
harmed, 1, 1, -1
moves, 1, 1, 22
magazine, 1, 1, 2
1, 15, 10, 726
till, 2, 2, 19
fourth, 1, 1, 1
optimal, 1, 1, 1
094, 1, 1, 2
unbelievable, 2, 2, 9
140, 1, 1, 44
141, 1, 1, 1
may, 7, 7, 84
cranky, 1, 1, 11
shortsunderwear, 1, 1, 0
spot, 2, 2, 589
57330215, 1, 1, 14
birthday, 2, 2, 116
mad, 1, 1, -1
date, 1, 1, 1
suck, 2, 2, 68
guys, 14, 13, 222
grow, 1, 1, 2
lifting, 8, 8, 19
times, 4, 3, 580
surfing, 1, 1, 49
natural, 4, 4, 19
remember, 8, 8, 81
grandson, 1, 1, 8
whenever, 3, 3, 21
maybe, 4, 4, 73
sw, 3, 3, 71
bean, 1, 1, 1
progresspic, 2, 1, 13
switch, 1, 1, 7
sh, 1, 1, 1
sm, 1, 1, 200
april, 1, 1, 32
representation, 1, 1, 3
2530, 1, 1, 75
pulled, 2, 2, 10
regimen, 3, 3, 3
talk, 3, 3, 4
typical, 2, 2, 5
cute, 8, 8, 14
5x5, 3, 2, 25
shoes, 1, 1, 8
feb, 1, 1, 56
indeed, 2, 2, 10
mainly, 3, 3, 53
years, 29, 23, 279
course, 4, 4, 55
nbsp, 2, 2, 13
cold, 1, 1, 1
still, 30, 24, 1315
benjamin, 3, 3, 3
group, 1, 1, 8
thank, 19, 19, 129
interesting, 3, 3, 6
sexiest, 1, 1, 1
clubbing, 1, 1, 578
jiu, 2, 2, 86
celebrate, 1, 1, 6
2400, 1, 1, 0
mail, 1, 1, 11
mimgurcomaigytu, 1, 1, 75
main, 1, 1, 115
happened, 1, 1, 1
nom, 2, 1, 1
killer, 2, 2, 43
136, 3, 3, 4
elasticity, 2, 2, 1
underneath, 1, 1, 11
lunch, 2, 2, 88
adrenaline, 1, 1, 10
conquer, 3, 3, 3
half, 10, 9, 188
killed, 1, 1, 1
maintaining, 3, 3, 594
wagon, 1, 1, 32
term, 1, 1, 1
chuckled, 1, 1, 2
january, 7, 6, 131
drop, 4, 4, 12
proteins, 2, 1, 32
realistic, 1, 1, 2
accomplishments, 1, 1, 22
realise, 2, 2, 33
rock, 5, 4, 88
veins, 1, 1, 2
entirely, 1, 1, 1
em, 2, 2, 8
prompted, 1, 1, 200
revised, 1, 1, 115
yeah, 7, 7, 19
reoccured, 1, 1, 1
ex, 2, 2, 79
begun, 1, 1, 2
year, 28, 25, 1635
halfhour, 2, 1, 3
girl, 29, 29, 56
morning, 3, 2, 5
salads, 1, 1, 3
pills, 2, 2, 9
tried, 3, 3, 120
album, 2, 2, 13
100m, 1, 1, 1
accomplish, 1, 1, 3
opened, 2, 2, 131
3rd, 1, 1, 2
170lbs, 1, 1, 3
looking, 46, 45, 1599
fatgt, 1, 1, 0
seriously, 13, 11, 256
stuff, 2, 2, 116
internet, 2, 2, 15
suggesting, 1, 1, 1
objectivity, 1, 1, 3
correct, 4, 3, 15
shows, 6, 6, 535
theory, 1, 1, 6
cars, 1, 1, 1
million, 1, 1, 3
divergence, 1, 1, 3
quite, 6, 5, 48
m23510, 1, 1, 2
bumps, 1, 1, 10
carb, 2, 2, 30
ore, 1, 1, 8
care, 5, 5, 120
thinks, 1, 1, 102
advance, 1, 1, 10
training, 11, 9, 310
mimgurcomrz6cbog, 1, 1, 36
language, 1, 1, 10
224, 1, 1, 3
transition, 1, 1, 12
calories, 24, 22, 254
honest, 2, 2, 114
236lbs, 1, 1, 65
turn, 3, 3, 53
place, 2, 2, 14
massive, 2, 2, 3
thina, 1, 1, -14
511, 3, 3, 5
510, 6, 4, 50
orchids, 1, 1, 8
think, 31, 30, 573
frequent, 1, 1, 10
1000, 2, 2, 60
cheese, 4, 3, 67
constantly, 1, 1, -1
saving, 1, 1, 2
xl, 1, 1, 200
one, 37, 31, 424
xx, 1, 1, 1
fast, 5, 4, 7
15000, 1, 1, 3
hairstyles, 1, 1, 3
impossible, 1, 1, 8
message, 1, 1, 13
tomorrow, 1, 1, 2
size, 10, 7, 217
little, 19, 17, 253
necessarily, 1, 1, 30
checked, 2, 2, 13
stuck, 3, 3, 5
bite, 1, 1, 3
plastic, 1, 1, 102
anyone, 9, 6, 73
encourages, 1, 1, 14
2, 23, 19, 353
typing, 2, 2, 9
white, 1, 1, 0
friend, 2, 2, 107
gives, 3, 3, 18
nutrition, 1, 1, 5
eyes, 2, 2, 1
way, 58, 51, 627
mostly, 6, 5, 55
season, 3, 3, 5
suit, 7, 6, 54
proving, 1, 1, 3
hut, 1, 1, 56
ridiculous, 1, 1, 10
butt, 5, 5, 60
lazy, 2, 1, 6
copy, 1, 1, 1
boyfriend, 3, 2, 18
11, 3, 3, 36
10, 17, 14, 144
13, 2, 2, 4
12, 10, 7, 218
15, 14, 13, 16
unfortunately, 1, 1, 1
17, 5, 5, 190
16, 4, 4, 20
19, 1, 1, 1
18, 5, 5, 60
rationalize, 1, 1, 10
boobie, 1, 1, 1
cutbulk, 1, 1, 1
venture, 1, 1, 102
fruits, 3, 2, 40
happy, 20, 19, 330
register, 1, 1, 5
nicer, 1, 1, 1
215lbs, 1, 1, 12
turned, 7, 4, 77
sad, 1, 1, 3
rmealprepsunday, 1, 1, 13
say, 10, 9, 171
bulking, 3, 3, 27
deadlifts, 2, 2, 23
lurking, 2, 1, 13
breakfast, 5, 4, 123
recover, 1, 1, 2
saw, 7, 6, 38
marathon, 1, 1, 3
elsewhere, 3, 2, 19
squat, 2, 2, 23
160lbs, 1, 1, 114
imgurcomazycyix, 1, 1, 114
efficient, 1, 1, 10
155lbs, 1, 1, 578
note, 1, 1, 14
equipment, 1, 1, 3
ideal, 2, 2, 13
take, 21, 18, 307
sorority, 1, 1, 578
flattered, 1, 1, 4
200, 3, 2, 122
sure, 19, 19, 200
pain, 8, 5, 245
204, 1, 1, 1
normal, 2, 2, 580
track, 5, 5, 216
208, 1, 1, 2
knew, 3, 3, 791
paid, 1, 1, 1
importantly, 1, 1, 1
mimgurcom9ajsmcp, 1, 1, 36
knee, 1, 1, 8
cleared, 1, 1, 2
envying, 1, 1, 1
forever, 1, 1, 588
especially, 6, 6, 85
surprising, 1, 1, 11
feminine, 1, 1, 2
montage, 1, 1, -8
average, 2, 2, 21
proud, 26, 26, 142
steady, 2, 2, 589
tooth, 2, 2, 83
professional, 3, 3, 184
senior, 1, 1, 10
typically, 2, 2, 4
landry, 3, 3, 6
shrieking, 1, 1, 3
walking, 12, 12, 917
92kg, 1, 1, 1
show, 8, 7, 18
cheat, 4, 4, 18
moderator, 1, 1, 13
questionare, 1, 1, 1
slow, 4, 4, 181
title, 10, 4, 25
3, 15, 14, 820
92g, 1, 1, 22
defecit, 1, 1, 1
going, 34, 30, 805
black, 1, 1, 1
chicky, 1, 1, 1
get, 71, 60, 1811
admiration, 1, 1, 13
truly, 4, 4, 584
nearly, 4, 4, 7
freaking, 3, 3, 3
regarding, 1, 1, 2
1820, 1, 1, 200
worried, 1, 1, 588
naked, 1, 1, 1
miles, 8, 8, 844
bought, 1, 1, 1
6kg, 1, 1, 11
honesty, 1, 1, 1
physically, 4, 4, 248
college, 2, 2, 59
anyways, 1, 1, 1
parking, 1, 1, 1
surgery, 15, 6, 233
ruined, 1, 1, 8
encouraged, 2, 2, 5
clips, 1, 1, -5
compounds, 1, 1, 1
ways, 2, 2, 13
dietworkout, 2, 2, 3
daaaaaamn, 1, 1, 1
forecast, 1, 1, 115
outside, 3, 2, 77
cardiovascular, 2, 2, 3
across, 1, 1, 12
notice, 7, 6, 88
august, 6, 3, 212
vertical, 1, 1, 1
26, 3, 3, 10
killing, 3, 3, 7
concentrate, 1, 1, -8
spare, 1, 1, 2
tum, 1, 1, 1
jk, 1, 1, 102
rapidly, 1, 1, 12
come, 10, 10, 726
many, 10, 10, 29
region, 2, 2, 39
sodium, 1, 1, 1
rintermittentfasting, 1, 1, 13
somewhere, 1, 1, 1
175, 3, 3, 6
wheels, 1, 1, 5
comes, 1, 1, 200
stretches, 1, 1, 10
cancer, 2, 1, 8
avocado, 1, 1, 3
jeans, 4, 3, 37
period, 6, 5, 17
pop, 2, 2, 200
60, 1, 1, 1
maintained, 2, 2, 16
63, 3, 3, 12
65, 3, 3, 14
comeback, 1, 1, 14
68, 1, 1, 7
endeavor, 2, 2, 7
assign, 1, 1, 1
154, 1, 1, 1
turkey, 2, 2, 33
110g, 1, 1, 22
245lbs, 1, 1, 65
cycling, 1, 1, 1
exerting, 1, 1, 38
47year, 1, 1, 1
capable, 1, 1, 578
gynecomastia, 2, 1, 8
vacation, 1, 1, 10
mark, 5, 5, 24
breath, 1, 1, 56
almighty, 1, 1, 4
24yearold, 8, 8, 13
lmao, 1, 1, 1
staring, 1, 1, 1
eyesbrows, 1, 1, 2
wants, 1, 1, 12
direction, 1, 1, 65
1214, 1, 1, 41
thousand, 3, 3, 5
bmi, 87, 45, 684
iimgurcomqukzc6hjpg, 1, 1, 49
dangerous, 1, 1, 8
photos, 10, 8, 120
dramatic, 1, 1, 12
hardcore, 1, 1, 200
countless, 1, 1, 2
paying, 6, 6, 91
50g, 1, 1, 32
yisss, 1, 1, 1
reposts, 1, 1, 13
coco, 1, 1, 3
finemaybe, 1, 1, 71
girth, 1, 1, 2
ive, 3, 2, 50
conferences, 1, 1, 8
eventually, 5, 5, 24
rubbing, 1, 1, 32
coffee, 2, 2, 84
according, 2, 2, 10
jitsu, 2, 2, 86
middle, 2, 2, -11
someone, 12, 11, 51
hike, 1, 1, 0
dangerously, 1, 1, 0
motivated, 6, 6, 10
protein, 3, 3, 169
everyday, 2, 2, 586
worry, 2, 2, 114
johnnygizmo, 1, 1, 2
different, 16, 16, 152
develop, 1, 1, 5
harsh, 1, 1, 71
rooting, 1, 1, 2
pay, 1, 1, 5
bowl, 1, 1, 1
admit, 1, 1, 32
check, 4, 4, 48
its_annabelle, 1, 1, 18
stepped, 1, 1, 65
pal, 1, 1, 2
status, 2, 2, 24
extended, 1, 1, 1
disadvantages, 1, 1, 3
driver, 1, 1, 4
50kg, 1, 1, 22
running, 6, 6, 22
fruit, 1, 1, 75
changing, 3, 3, 93
totally, 12, 12, 108
p90x, 1, 1, 8
mentally, 3, 3, 118
fasting, 4, 3, 26
170ish, 2, 2, 103
intermittent, 2, 2, 13
purposeful, 1, 1, 3
floor, 2, 2, 86
roughly, 1, 1, 22
severe, 1, 1, 200
without, 6, 6, 32
armspiration, 1, 1, 1
bariatric, 2, 1, 115
reward, 1, 1, 1
bodies, 1, 1, 13
summer, 6, 5, 42
214, 3, 3, 5
215, 1, 1, 2
213, 1, 1, 1
210, 2, 2, 4
211, 2, 2, 1
125lbs, 1, 1, 588
rest, 8, 7, 161
wifes, 1, 1, 1
flavor, 1, 1, 4
speed, 2, 2, 23
congratssss, 1, 1, 1
halfway, 1, 1, 6
200lbs, 1, 1, 1
death, 1, 1, 8
mcdonald, 1, 1, 56
seems, 3, 3, -10
except, 2, 2, 84
improvement, 4, 4, 11
blog, 1, 1, 1
quitters, 3, 3, 4
4, 16, 12, 289
heavier, 3, 3, 17
pill, 1, 1, 8
real, 1, 1, 1
around, 24, 19, 1042
spectacular, 1, 1, 1
rules, 2, 1, 13
275lbs, 1, 1, 1
early, 1, 1, 3
mom, 2, 1, -1
audibly, 1, 1, 5
amp, 7, 7, 167
aiming, 5, 5, 74
lady, 4, 4, 14
rocky, 4, 4, 33
sensational, 1, 1, 1
towel, 1, 1, 6
stranger, 3, 3, 8
pounds, 116, 65, 384
gyms, 1, 1, 200
either, 3, 3, 10
fully, 1, 1, 2
workschoolshopping, 1, 1, 75
reduced, 2, 2, 215
accidentally, 1, 1, 8
100150g, 1, 1, 32
joking, 1, 1, 1
2x, 1, 1, 3
depressed, 1, 1, 32
table, 1, 1, 1
images, 3, 2, 20
waiterswaitresses, 1, 1, 4
guesstimate, 1, 1, 14
gross, 1, 1, 115
genetics, 1, 1, 2
2xl, 1, 1, 75
150shigh, 1, 1, 10
shirtless, 4, 3, 234
stops, 3, 3, 6
outa, 1, 1, -1
jiggly, 1, 1, 1
deficit, 3, 3, 13
quitting, 4, 4, 6
knife, 1, 1, 1
hustle, 1, 1, 1
considering, 2, 2, 13
business, 1, 1, 578
nonperv, 1, 1, -21
seconds, 2, 2, 58
nails, 1, 1, 3
specifially, 1, 1, 1
update, 1, 1, 1
maintainence, 1, 1, 1
52waist, 1, 1, 8
27lbs, 1, 1, 65
postsdiscussion, 1, 1, 13
beaches, 1, 1, 102
comparison, 4, 4, 145
stone, 3, 1, 56
ol, 1, 1, 4
ok, 3, 3, 5
oh, 11, 9, 33
oe, 3, 1, 14
favorite, 4, 4, 93
shrimp, 1, 1, 11
bbg, 1, 1, 2
journey, 16, 14, 368
luck, 4, 4, 7
road, 3, 3, 14
op, 9, 9, 31
heavy, 1, 1, 578
30lbs, 2, 2, 115
burning, 1, 1, 4
whiter, 1, 1, 1
image, 2, 2, 128
1455672264, 1, 1, 1
noone, 1, 1, 0
dumbbells, 2, 2, 2
annoys, 1, 1, 8
happening, 1, 1, 12
log, 1, 1, 115
area, 1, 1, 0
strictly, 1, 1, 2
hey, 5, 5, 21
lol, 5, 5, 92
yoouuuu, 1, 1, 2
start, 23, 23, 951
low, 9, 8, 81
lot, 26, 26, 377
worst, 2, 2, 11
fish, 2, 2, 43
756, 1, 1, 14
enough, 4, 4, 7
brain, 1, 1, 4
strenuous, 1, 1, 1
ahhh, 1, 1, 1
trying, 16, 14, 48
handsome, 30, 28, 67
toned, 1, 1, 75
rush, 1, 1, 10
improved, 1, 1, 2
swole, 1, 1, -8
scoliosis, 1, 1, 3
peeking, 1, 1, 1
agree, 3, 3, 5
darker, 2, 2, 3
gone, 9, 8, 627
ab, 1, 1, 1
videos, 1, 1, 1
ai, 1, 1, 93
certain, 3, 2, 591
12001500, 1, 1, 32
moved, 4, 4, 600
1200, 6, 4, 807
deep, 1, 1, 65
tshirt, 2, 2, 3
aw, 1, 1, 4
walks, 4, 2, 78
girlfriend, 4, 3, 10
crease, 1, 1, -8
ohr, 1, 1, 22
cream, 2, 1, 3
resonating, 1, 1, 4
stumbled, 1, 1, 12
120ish, 1, 1, 114
deserve, 3, 3, 17
creditcard, 1, 1, 3
tight, 3, 2, -3
12pounds, 1, 1, 11
1114, 1, 1, 115
stomachwell, 1, 1, 4
trash, 1, 1, 8
deviation, 1, 1, 1
c25k, 2, 1, 3
symbol, 1, 1, 2
teeth, 1, 1, 1
includes, 1, 1, 3
a1, 1, 1, 1
10001100, 1, 1, 1
60g, 1, 1, 32
imgurcomsabxdi4, 1, 1, 81
peak, 1, 1, 1
lipstick, 1, 1, 1
building, 3, 3, 42
imgurcomactajn, 1, 1, 65
carbs, 3, 3, 33
wife, 2, 2, -5
curve, 2, 1, 2
hardon, 1, 1, 1
hello, 4, 4, 7
exhausting, 1, 1, 115
mass, 5, 5, 112
hugely, 1, 1, 2
god, 5, 5, 17
rgiii, 1, 1, 1
rightsee, 1, 1, -3
resolution, 1, 1, 11
original, 4, 3, 706
rbodyweightfitness, 2, 2, 14
surrounded, 1, 1, 1
forget, 1, 1, 3
birdcage, 1, 1, 2
secretthat, 1, 1, 4
month, 14, 12, 708
188lbs, 1, 1, 1
code, 1, 1, 13
follow, 5, 5, 22
expressions, 1, 1, 1
faster, 1, 1, 3
dieticians, 1, 1, 4
referring, 1, 1, 8
thursday, 1, 1, 1
program, 8, 4, 135
dairy, 1, 1, 8
500900, 1, 1, 11
smile, 7, 7, 59
enjoying, 2, 2, 13
correcting, 1, 1, 4
ta, 1, 1, 1
sound, 1, 1, 6
christmans, 1, 1, 75
woman, 23, 23, 164
appointment, 1, 1, 115
worse, 2, 2, -4
faq, 45, 45, 217
fat, 19, 17, 121
cadaver, 1, 1, 1
balancing, 1, 1, 2
decide, 2, 2, 76
fall, 2, 2, 3
fab, 1, 1, 3
difference, 19, 18, 243
issue, 3, 3, 8
joined, 2, 2, 20
large, 4, 3, 40
sand, 1, 1, 65
adjust, 1, 1, 13
small, 7, 7, 28
shed, 1, 1, 1
angelou, 2, 2, 4
fantastickeep, 1, 1, 1
199, 1, 1, 1
instagram, 2, 2, 7
ten, 1, 1, 3
wowgreat, 2, 2, 5
harder, 4, 3, 3
191, 1, 1, 1
190, 3, 3, 34
192, 1, 1, 1
past, 7, 7, 223
burger, 1, 1, 56
rate, 2, 2, 14
112lbs, 1, 1, 4
dumbbell, 1, 1, 22
sun, 1, 1, 115
stunning, 10, 10, 172
overload, 1, 1, 2
abs, 5, 5, 40
learned, 1, 1, 1
ifwhen, 1, 1, 1
nonform, 1, 1, 200
public, 2, 2, 208
tattoos, 1, 1, 4
outgoing, 1, 1, 12
full, 4, 4, 686
hash, 1, 1, 32
loose, 11, 9, 274
answers, 1, 1, 15
ranges, 42, 42, 102
favourable, 1, 1, 4
68pm, 1, 1, 3
excess, 4, 4, 7
method, 1, 1, 1
strong, 5, 5, 28
20lbs, 3, 2, 14
search, 2, 2, 16
reshaped, 1, 1, 49
inspired, 3, 3, 62
losses, 1, 1, 1
exceptionally, 1, 1, 6
reason, 2, 2, 116
experience, 2, 1, 3
pics, 23, 18, 328
significantly, 2, 2, 3
amount, 7, 6, 86
healthier, 10, 9, 193
social, 5, 5, 238
inspires, 1, 1, 1
struggle, 4, 3, 266
sticking, 2, 2, 0
lurker, 2, 2, 13
family, 1, 1, 36
suddenly, 1, 1, 1
242, 1, 1, 1
fallholiday, 1, 1, 1
hunching, 1, 1, 1
ask, 10, 8, 156
pulls, 1, 1, 8
suits, 1, 1, 1
huzzah, 1, 1, 2
damnnice, 1, 1, -21
eye, 2, 2, 50
takes, 1, 1, 2
beginning, 5, 5, 639
toughi, 1, 1, 2
two, 21, 19, 328
lowfat, 1, 1, 1
6, 9, 8, 272
taken, 8, 8, 199
wowthat, 1, 1, 2
injury, 1, 1, 2
entails, 1, 1, 10
minor, 1, 1, 30
flat, 3, 3, 7
bulgarian, 1, 1, 22
81kg, 1, 1, 12
door, 1, 1, 3
knows, 1, 1, 65
basically, 6, 6, 114
broke, 1, 1, 30
particular, 4, 4, 17
190s, 1, 1, 2
glad, 4, 3, 4
town, 1, 1, 200
helped, 5, 5, 335
keeping, 2, 2, 66
hour, 5, 5, 711
paragraph, 1, 1, 2
learn, 1, 1, 4
male, 1, 1, 1
beautiful, 25, 25, 93
joints, 1, 1, 1
share, 9, 8, 100
deadlift, 2, 2, 579
pushed, 1, 1, 49
numbers, 4, 4, 20
bucks, 1, 1, 3
hourlong, 1, 1, 3
149lbs, 1, 1, 2
dress, 11, 7, 81
lucked, 1, 1, 20
huge, 13, 12, 94
needs, 2, 2, 13
goal, 31, 28, 1052
1056, 1, 1, 3
rather, 2, 2, 31
comfort, 1, 1, 75
stayed, 1, 1, 1
50ish, 1, 1, 1
menus, 1, 1, 1
browns, 1, 1, 32
stir, 1, 1, 11
acknowledging, 1, 1, 1
sandwich, 1, 1, 32
okay, 6, 5, 74
seoul, 1, 1, 578
bags, 1, 1, 8
advice, 1, 1, 39
flattening, 1, 1, 1
lighting, 1, 1, 8
blood, 1, 1, 3
plateuing, 1, 1, 30
coming, 5, 5, 77
710, 1, 1, 1
response, 1, 1, 1
150lbs, 1, 1, 1
refuse, 1, 1, 8
short, 13, 13, 265
brady, 1, 1, 2
iimgurcom2y3pfmjjpg, 1, 1, 102
coat, 2, 2, 3
doctor, 2, 1, 115
overnight, 1, 1, 2
32yearold, 1, 1, 1
65lbs, 1, 1, 22
generic, 1, 1, -10
ego, 1, 1, -5
reshape, 1, 1, 49
egg, 1, 1, 32
photoshop, 1, 1, 1
elijah, 1, 1, 1
help, 15, 13, 70
pant, 2, 2, 3
september, 3, 3, 82
oblique, 1, 1, 1
soon, 6, 6, 30
held, 1, 1, 7
imgurcomavcgc8, 1, 1, 11
hikingzipliningetc, 1, 1, 578
signs, 1, 1, 8
hell, 4, 4, 13
smiling, 1, 1, 2
dont, 3, 3, 101
24, 4, 4, 20
25, 6, 5, 40
style, 4, 4, 17
27, 2, 2, 1
20, 8, 8, 127
21, 3, 3, 108
22, 4, 4, 5
23, 1, 1, 1
28, 2, 2, 12
29, 2, 2, 116
actually, 8, 8, 160
late, 2, 2, 4
absence, 1, 1, 3
strange, 1, 1, 1
cutie, 1, 1, 3
might, 6, 6, 19
upping, 1, 1, 1
good, 129, 127, 547
somebody, 3, 2, 8
sucking, 1, 1, 3
yo, 1, 1, 1
food, 13, 7, 210
socially, 1, 1, 8
noticing, 1, 1, 1
slight, 1, 1, 32
r1200isplenty, 1, 1, 13
motivates, 2, 2, 3
imgurcomt4l3mxr, 2, 1, 30
kripparian, 1, 1, 1
bigger, 9, 9, 14
tuurible, 1, 1, 9
easily, 2, 2, 4
pregnant, 1, 1, 26
always, 26, 19, 821
loosely, 1, 1, 3
swimsuit, 1, 1, 1
habits, 2, 2, 1
stopped, 3, 3, 5
die, 1, 1, 1
found, 9, 7, 610
contextualize, 1, 1, 10
week, 69, 60, 1013
everyone, 12, 11, 235
mental, 4, 3, 119
weight, 160, 101, 2502
house, 3, 3, 13
energy, 7, 7, 670
hard, 54, 48, 268
reduce, 1, 1, 2
idea, 3, 3, 79
democrat, 1, 1, 3
finish, 2, 2, 45
expect, 2, 2, 116
operation, 1, 1, 1
beyond, 1, 1, 578
thick, 3, 2, -3
really, 71, 60, 716
hooray, 1, 1, 1
alcohol, 3, 3, 100
p, 3, 3, 9
iimgurcomfs0yb0vpng, 1, 1, 588
bullied, 1, 1, 12
since, 12, 10, 133
health, 7, 5, 1285
7, 7, 5, 319
evaluation, 1, 1, 11
restraraunt, 1, 1, 1
ass, 8, 8, 58
definately, 1, 1, 2
wisconsin, 2, 2, 579
quads, 2, 2, 4
timeline, 1, 1, 2
enforcing, 1, 1, 13
gut, 2, 2, 11
guess, 2, 2, 9
turkeychicken, 1, 1, 32
base, 1, 1, 39
imagine, 1, 1, 2
put, 12, 11, 64
mma, 1, 1, 75
thrown, 1, 1, 8
definition, 1, 1, 1
bring, 1, 1, 12
thread, 1, 1, 47
launch, 1, 1, 32
terrible, 4, 4, 76
terribly, 1, 1, 16
american, 1, 1, -3
w, 3, 1, 32
5th, 1, 1, -6
major, 3, 3, 74
unhealthy, 1, 1, 75
worn, 1, 1, 16
feel, 46, 38, 384
relate, 1, 1, 1
jogs, 1, 1, 75
number, 2, 2, 40
feet, 1, 1, 4
weaklagging, 1, 1, 1
talked, 1, 1, 115
done, 50, 46, 885
notify, 1, 1, 13
climbing, 2, 1, 3
undoes, 1, 1, 1
miss, 2, 2, 76
2fr, 1, 1, 13
story, 6, 6, 214
heads, 1, 1, 10
together, 3, 3, 4
57676687, 1, 1, 14
least, 8, 8, 252
obligatory, 2, 2, 12
waistline, 1, 1, 1
180, 1, 1, 1
wonderful, 5, 5, 12
pains, 3, 2, 35
185, 46, 45, 103
ton, 3, 3, 87
188, 1, 1, 49
banana, 1, 1, 32
muscles, 1, 1, 11
passed, 1, 1, 3
relationship, 1, 1, 30
relieved, 1, 1, 4
hotel, 2, 2, 76
part, 10, 9, 756
cheekbones, 1, 1, 0
doctors, 3, 1, 8
focusing, 1, 1, 578
albums, 1, 1, 12
midseptember, 2, 1, 3
stairs, 2, 2, 256
king, 1, 1, 56
kind, 10, 10, 35
rebound, 1, 1, 1
kindly, 1, 1, 13
gotten, 3, 3, 5
unmistakeable, 1, 1, 3
25yearold, 4, 4, 34
plateaus, 2, 2, 3
ungodly, 1, 1, 203
tummy, 2, 2, 5
determined, 2, 2, 145
outdoors, 1, 1, 1
dang, 1, 1, 2
toward, 2, 2, 213
mickey, 1, 1, 2
motivation, 11, 11, 654
picked, 1, 1, 6
heaviest, 2, 2, 84
5x, 1, 1, 8
biggest, 2, 2, 6
juice, 1, 1, 2
selling, 1, 1, 11
sport, 1, 1, 1
nights, 1, 1, 10
built, 2, 2, 3
depending, 1, 1, 1
self, 5, 5, 203
couch, 1, 1, 11
majority, 1, 1, 2
recognizing, 1, 1, 8
lifts, 2, 2, 2
build, 4, 4, 593
finding, 2, 2, 1
tool, 2, 1, 115
gutted, 1, 1, 2
added, 5, 5, 9
eggs, 1, 1, 3
sets, 2, 1, 0
reach, 5, 5, 30
75, 2, 2, 4
perkier, 1, 1, 2
plan, 9, 9, 184
progresspics, 3, 3, 63
70, 4, 3, 3
nothing, 8, 8, 198
extremely, 3, 3, 39
achievement, 3, 3, 12
phils, 2, 2, 4
kg, 4, 3, 100
180lbs, 1, 1, 65
clear, 1, 1, 2
sometimes, 5, 5, 96
cover, 1, 1, 115
amazed, 1, 1, 578
weigh, 4, 3, 80
barrel, 1, 1, 588
notch, 1, 1, 2
blend, 1, 1, 75
hips, 2, 2, 1
ugh, 1, 1, 1
stunned, 1, 1, 5
journeys, 1, 1, 49
excessive, 1, 1, 2
fine, 4, 4, 664
find, 8, 6, 52
giant, 1, 1, 8
believe, 2, 2, 9
nervous, 1, 1, 22
exersise, 1, 1, 1
pretty, 22, 20, 175
factor, 3, 3, 636
8, 12, 11, 324
bernstein, 1, 1, -1
hit, 11, 9, 591
gains, 7, 7, 15
iimgurcomjkyaunkjpg, 1, 1, 32
underboob, 1, 1, 11
gainz, 2, 2, 4
grocery, 1, 1, 3
feels, 4, 4, 25
anxiety, 1, 1, 32
competing, 1, 1, -1
workouts, 6, 5, 20
enemy, 1, 1, 3
progressive, 1, 1, 2
1010, 1, 1, 1
generally, 1, 1, 3
remove, 2, 2, 107
1012, 1, 1, 0
activity, 1, 1, 3
sustainable, 1, 1, 2
imo, 1, 1, 2
insane, 1, 1, 8
bars, 1, 1, 11
set, 5, 5, 17
achieved, 1, 1, 1
sex, 2, 2, 5
see, 56, 47, 750
individual, 1, 1, 13
sec, 1, 1, 8
close, 3, 3, 106
arm, 5, 4, -6
knees, 2, 1, 1
vitamins, 2, 2, 117
mine, 4, 4, 89
pictures, 23, 18, 963
wow, 71, 69, 242
currently, 15, 15, 729
please, 11, 4, 17
formatted, 1, 1, 13
captured, 1, 1, 1
probably, 8, 8, 319
f28, 1, 1, 5
441, 1, 1, 115
compliment, 1, 1, 1
knowing, 4, 3, 591
korea, 1, 1, 578
recently, 3, 3, 18
initially, 2, 2, 138
attention, 1, 1, 1
outfit, 2, 2, 4
succeed, 1, 1, 115
pepsi, 1, 1, 115
pull, 2, 2, 1
selfconscious, 1, 1, 12
zipper, 1, 1, 65
c, 1, 1, 1
last, 28, 25, 1489
reverse, 1, 1, 1
license, 1, 1, 4
thou, 1, 1, 1
barely, 3, 3, 90
205lbs, 1, 1, 1
thinking, 3, 3, 22
became, 2, 2, 201
focused, 3, 3, 4
approve, 1, 1, 13
picswe, 1, 1, 5
liked, 1, 1, 1
point, 7, 6, 17
simple, 2, 2, 590
sweet, 6, 6, 675
community, 1, 1, 3
mimgurcomonmptg1, 1, 1, 36
fashion, 2, 2, 10
crisps, 1, 1, 56
throughout, 2, 2, 83
moisturizer, 1, 1, 1
expensive, 1, 1, 32
belt, 1, 1, 3
kernels, 1, 1, 8
transformations, 3, 3, 160
create, 2, 2, 15
due, 2, 2, 201
appears, 1, 1, 13
hitting, 2, 2, 579
runner, 1, 1, 1
secret, 1, 1, 2
dropping, 1, 1, 0
damn, 24, 22, 82
coarse, 2, 1, 8
maintenance, 4, 4, 17
mindset, 2, 2, 42
meeting, 1, 1, 8
whoa, 4, 4, 22
pm, 1, 1, 13
firm, 1, 1, 1
resting, 1, 1, 578
flight, 1, 1, 200
champion, 4, 4, 33
39, 2, 2, 111
else, 7, 7, 24
moderation, 2, 2, 12
understand, 2, 1, 13
specifically, 1, 1, 6
gah, 1, 1, 2
despite, 1, 1, 1
politician, 2, 1, 3
look, 275, 257, 1214
situationexact, 1, 1, 1
solid, 5, 4, -1
straight, 2, 2, 202
rope, 1, 1, 32
bikini, 2, 2, 581
replaced, 1, 1, 2
error, 1, 1, 13
fun, 4, 4, 78
biking, 1, 1, 1
swim, 1, 1, 16
sizeable, 1, 1, 65
hoping, 8, 8, 80
proteincarbsfat, 1, 1, 6
beautifully, 1, 1, 3
ready, 2, 2, 117
caloriesday, 1, 1, 1
leaving, 1, 1, 2
nowjust, 1, 1, -10
aches, 1, 1, 3
shirt, 5, 5, 84
anymore, 5, 5, 109
bombshells, 1, 1, 20
16lb, 1, 1, 8
shorter, 3, 3, 9
read, 1, 1, 4
9, 3, 3, 42
ruth, 2, 2, 2
composition, 1, 1, 2
higher, 3, 3, 35
used, 11, 10, 757
flowy, 1, 1, 200
fatty, 1, 1, 3
bonus, 1, 1, 1
comprehensive, 1, 1, 115
lowcal, 1, 1, 13
yesterday, 1, 1, 3
holidays, 1, 1, 32
interpersonal, 1, 1, 115
popcorn, 1, 1, 8
moment, 1, 1, 16
walmart, 1, 1, 75
moving, 4, 4, 134
recent, 3, 3, 5
lower, 11, 10, 81
older, 9, 8, 59
3548, 1, 1, 114
analysis, 2, 1, 115
obviously, 2, 2, 29
person, 15, 15, 238
inspirational, 7, 7, 68
spend, 2, 2, 1
weakest, 1, 1, 22
dieting, 4, 4, 246
echoing, 1, 1, 2
beforeafter, 3, 3, 54
competitive, 1, 1, 102
shape, 6, 6, 87
questions, 5, 5, 65
using, 9, 4, 32
love, 34, 33, 212
alternative, 1, 1, 1
sidebar, 1, 1, 1
apple, 1, 1, 32
discipline, 3, 3, 6
cut, 16, 10, 1018
readers, 1, 1, 13
hated, 4, 1, 75
jobsi, 1, 1, 49
exercising, 5, 4, 62
source, 2, 2, -2
deliberately, 1, 1, 2
plateau, 2, 2, 4
transformation, 22, 20, 209
march, 4, 4, 128
format, 10, 2, 14
big, 8, 8, 31
showing, 3, 3, 4
middecember, 1, 1, 3
shitty, 2, 2, 124
expecially, 1, 1, 57
quest, 2, 2, 50
bit, 18, 14, 40
wings, 1, 1, 1
helpful, 2, 2, 6
knock, 1, 1, 3
bulked, 1, 1, 3
calsday, 2, 1, 588
continue, 4, 4, 121
stylish, 3, 2, 78
disorder, 1, 1, 2
essential, 1, 1, 32
partying, 1, 1, 10
often, 2, 2, 14
fucking, 8, 7, 14
spring, 4, 4, 17
back, 36, 33, 370
runningexercising, 1, 1, 2
towards, 4, 4, 225
mmmmm, 1, 1, -31
sight, 1, 1, 2
mirror, 6, 5, 163
curious, 3, 3, 20
30g, 1, 1, 11
gradually, 1, 1, 588
scale, 10, 9, 153
broppl, 1, 1, 10
benefit, 1, 1, 16
per, 54, 52, 950
prom, 1, 1, 1
jawline, 2, 2, 6
thighs, 3, 3, 6
iimgurcomvbrqw0ljpg, 1, 1, 56
patient, 2, 2, 17
bc, 1, 1, 2
300, 1, 1, 4
salmon, 1, 1, 3
302, 1, 1, 75
304, 1, 1, 1
confidence, 3, 3, 798
bowflex, 1, 1, 8
refused, 5, 5, 148
step, 3, 3, 5
chick, 1, 1, 0
excersses, 1, 1, 4
crap, 6, 6, 64
cautious, 1, 1, 5
working, 28, 25, 235
deserved, 1, 1, 2
wore, 4, 3, 15
yearold, 1, 1, 1
iimgurcomuhdsswojpg, 1, 1, 115
5080g, 1, 1, 32
range, 1, 1, 578
idk, 1, 1, 1
plateauing, 2, 2, 3
72, 1, 1, 3
anterior, 2, 2, 14
seeing, 15, 15, 361
significant, 2, 2, 3
unnoticed, 1, 1, 1
dude, 22, 22, 74
within, 1, 1, 75
programdiet, 2, 2, 2
appropriate, 2, 1, 13
rolls, 1, 1, 5
logged, 1, 1, 2
impressed, 3, 3, 4
loseit, 2, 2, 4
goin, 1, 1, 1
question, 4, 4, 10
sneaks, 1, 1, 1
long, 26, 24, 413
bruh, 1, 1, 7
forward, 1, 1, 1
twitter, 1, 1, 1
https, 149, 50, 443
inches, 1, 1, 1
filet, 1, 1, 3
poster, 2, 2, 21
relaxed, 2, 2, 35
motivational, 2, 2, 2
slump, 1, 1, 1
boys, 1, 1, 1
properly, 3, 3, 50
link, 2, 1, 13
myfitnesspalled, 1, 1, -1
line, 3, 3, 47
raising, 1, 1, 2
posted, 6, 5, 190
info, 1, 1, 1
tumblr, 1, 1, 4
2fprogresspics, 1, 1, 13
circuits, 1, 1, 22
us, 9, 8, -40
daaaaang, 1, 1, 5
homo, 2, 2, 36
accustomed, 1, 1, 3
wicked, 1, 1, 6
similar, 18, 18, 62
called, 1, 1, 1
figured, 1, 1, 4
single, 5, 5, 68
warning, 1, 1, 130
curb, 1, 1, 3
bicep, 1, 1, 4
babe, 3, 3, 25
kidney, 2, 2, 34
echo, 1, 1, 1
smidge, 1, 1, 3
200g, 1, 1, 32
peach, 1, 1, 1
amounts, 1, 1, 6
endurance, 1, 1, 2
200m, 1, 1, 1
excuses, 2, 2, 33
respectfully, 1, 1, 13
eerily, 1, 1, 1
nice, 59, 56, 423
iimgurcomvf73mlwjpg, 1, 1, 49
explaining, 1, 1, 1
115, 2, 2, 3
potion, 1, 1, 11
problems, 1, 1, 13
helping, 1, 1, 56
validity, 1, 1, 4
posters, 1, 1, 9
meals, 4, 3, 218
mood, 3, 3, 35
ago, 15, 14, 295
happier, 9, 9, 212
sore, 1, 1, 2
contender, 4, 4, 33
postexercise, 1, 1, -8
age, 10, 10, 616
required, 2, 1, 13
holes, 2, 1, 32
walked, 2, 2, 593
admiring, 1, 1, 5
25lbs, 2, 1, 3
hella, 1, 1, 1
weights, 6, 5, 584
fitted, 3, 3, 29
far, 19, 18, 883
requires, 1, 1, 12
creamsugar, 1, 1, 81
gw, 3, 3, 120
183lbs, 1, 1, 3
gt, 26, 5, 27
squats, 6, 3, 35
results, 13, 13, 135
enjoyable, 1, 1, 10
013, 1, 1, 2
freakin, 1, 1, -5
go, 62, 56, 1165
girlserious, 1, 1, 8
r1200isplentyketo, 1, 1, 13
issues, 6, 6, 977
imgurcoma61f0d, 1, 1, 200
imgurcomaqp26w, 1, 1, 2
26yearold, 4, 4, 89
young, 5, 5, 211
nose, 1, 1, 1
woohoo, 1, 1, 2
helps, 5, 5, 14
saying, 3, 3, 0
kitty, 1, 1, 2
avalon, 1, 1, 2
tradeoffs, 1, 1, 3
putting, 2, 2, 103
telling, 2, 2, 2
drinking, 6, 5, 160
continued, 3, 3, 196
posture, 3, 3, 18
entire, 5, 5, 31
fastfood, 1, 1, 81
magic, 1, 1, 11
meant, 2, 2, 0
eva, 1, 1, 2
f, 2, 2, 15
michael, 1, 1, 5
lombardi, 3, 3, 4
imgurcomafa68v, 1, 1, 2
try, 9, 9, 120
threat, 1, 1, 8
race, 2, 2, 45
dealt, 2, 1, 32
imgur, 1, 1, 65
shannonkim, 1, 1, 5
rack, 1, 1, 1
joey, 1, 1, 2
smaller, 5, 5, -3
nutribullet, 1, 1, 75
wrestling, 1, 1, 1
jump, 2, 2, 33
uncomfortable, 3, 3, 73
sleeve, 1, 1, 2
depression, 4, 3, 79
sizei, 1, 1, 7
3x, 1, 1, 3
sweats, 1, 1, 75
giving, 3, 3, 31
tuesdays, 1, 1, 10
assisted, 1, 1, 2
eyepatch, 1, 1, 2
valet, 2, 1, 1
consistently, 2, 2, 4
waiting, 1, 1, 2
experiment, 1, 1, 13
eating, 18, 17, 116
crossed, 1, 1, 1
1400, 2, 2, 11
exercise, 23, 18, 791
body, 37, 29, 1006
leg, 4, 4, 33
bonesand, 1, 1, 1
beasts, 1, 1, 2
pushing, 3, 3, 40
let, 10, 8, 59
conceited, 1, 1, 75
others, 6, 6, 68
sexy, 15, 15, 99
afterbefore, 1, 1, 1
extreme, 1, 1, 1
leggings, 1, 1, 1
great, 244, 228, 1677
38, 1, 1, 3
33, 2, 2, 13
30, 7, 7, 913
rxxfitness, 1, 1, 13
36, 1, 1, 3
35, 5, 5, 12
34, 2, 2, 18
suggests, 1, 1, 3
defeat, 1, 1, 1
140s, 1, 1, 10
rdl, 1, 1, 22
implement, 1, 1, 1
makes, 8, 8, 40
underpants, 1, 1, 2
thats, 4, 4, 22
338, 2, 2, 2
slogging, 1, 1, 65
scales, 1, 1, 12
win, 3, 3, 4
app, 2, 1, 3
manage, 2, 2, 17
331, 1, 1, 1
333, 1, 1, 1
imgurcomgre1fsz, 2, 1, 30
standing, 4, 3, 13
use, 13, 10, 149
breakup, 1, 1, 2
next, 2, 2, 4
duplicate, 1, 1, 1
camera, 1, 1, 3
pelvic, 2, 2, 14
binges, 1, 1, 10
panel, 1, 1, 1
imgurcomecmkthw, 1, 1, 10
sort, 4, 4, 36
micronutrients, 1, 1, 6
formally, 1, 1, 10
started, 49, 39, 1029
becomes, 2, 2, 86
infection, 2, 2, 34
confused, 3, 3, -5
rloseit, 3, 3, 94
baby, 3, 2, 83
rare, 1, 1, 1
starter, 1, 1, 1
women, 4, 4, 221
tad, 1, 1, 1
account, 1, 1, 12
salad, 1, 1, 32
embarked, 1, 1, 10
challenge, 4, 4, 7
anywhere, 3, 3, 14
obvious, 3, 3, 8
thin, 1, 1, 3
posing, 1, 1, 10
control, 4, 4, 100
bittersweet, 1, 1, 4
geez, 1, 1, 1
process, 6, 6, 22
lock, 1, 1, 6
high, 3, 3, 211
cuisine, 1, 1, 11
something, 16, 15, 1468
slip, 2, 2, 34
protip, 1, 1, 1
186lbs, 1, 1, 1
sir, 1, 1, 15
lame, 1, 1, 1
clothing, 3, 2, 202
boxing, 3, 1, 75
sic, 1, 1, 3
winners, 3, 3, 4
instead, 3, 3, 119
struggled, 1, 1, 14
gurl, 1, 1, 1
profile, 2, 2, 13
tdee, 1, 1, 0
highs, 1, 1, 8
collection, 1, 1, 13
men, 3, 3, -7
requirements, 1, 1, 115
spelling, 1, 1, 1
realized, 4, 3, 117
twins, 1, 1, 5
light, 1, 1, 9
subreddits, 1, 1, 13
lines, 2, 2, 3
honestly, 2, 2, 2
jeez, 1, 1, 1
counted, 1, 1, 1
six, 3, 3, 25
poking, 1, 1, -16
move, 1, 1, 1
fizzy, 1, 1, 56
133, 1, 1, 6
132, 1, 1, 1
131, 1, 1, 5
including, 2, 2, 117
looks, 37, 37, 122
135, 4, 4, 322
48ish, 1, 1, 2
mentioned, 2, 2, 7
139, 3, 3, 7
138, 1, 1, 3
glen, 1, 1, 3
write, 1, 1, 2
lb, 1, 1, 1
233lbs, 1, 1, 6
lt, 1, 1, 1
2015, 6, 6, 266
2014, 5, 4, 256
2016, 2, 2, 66
defining, 1, 1, 3
2013, 2, 2, 57
dad, 1, 1, 29
whilst, 1, 1, 1
pure, 1, 1, 6
dam, 1, 1, 2
spell, 1, 1, 9
functional, 1, 1, 2
dat, 1, 1, -31
sweets, 1, 1, 2
cutting, 5, 5, 598
1455672033, 1, 1, 1
hands, 1, 1, 2
front, 2, 1, 8
documented, 1, 1, 49
republican, 1, 1, 3
day, 44, 33, 985
arewow, 1, 1, 8
february, 2, 2, 13
urge, 1, 1, 2
edit, 5, 5, 23
mode, 1, 1, 32
cocoon, 1, 1, 3
bills, 2, 2, 10
glasses, 4, 3, -6
related, 1, 1, 13
society, 1, 1, 4
88, 1, 1, 1
frequency, 1, 1, 200
f2252, 1, 1, 2
kids, 4, 2, 30
behaviours, 1, 1, 2
mate, 4, 4, 18
brilliantly, 1, 1, 1
cause, 1, 1, 5
red, 3, 3, 188
achievements, 1, 1, 12
dictionary, 1, 1, -3
watermark, 1, 1, 5
semijoking, 1, 1, 8
completely, 7, 7, 225
ect, 1, 1, 4
heartbreaker, 1, 1, 2
comrade, 1, 1, 5
backwards, 2, 2, 204
musculature, 1, 1, 12
could, 25, 20, 350
keep, 148, 144, 661
keen, 1, 1, 1
length, 1, 1, 1
regaining, 1, 1, 3
hence, 1, 1, 39
uniqlo, 1, 1, 1
south, 1, 1, 578
34ff, 1, 1, 11
collagen, 1, 1, 1
powerful, 1, 1, 13
cico, 1, 1, 6
jesus, 1, 1, 4
needscravings, 1, 1, 3
outfits, 1, 1, 578
fella, 6, 6, 36
10x, 1, 1, 3
strict, 2, 2, 68
bears, 2, 2, 6
unknown, 24, 24, 158
1500, 2, 2, 60
allows, 1, 1, 1
man, 44, 41, 221
painful, 3, 3, 155
vid, 1, 1, -5
stomach, 10, 9, 58
gear, 1, 1, 32
discovered, 1, 1, 2
reversed, 1, 1, 1
exactly, 7, 6, 52
myfitnesspal, 3, 3, 62
reflecting, 1, 1, 49
grandpa, 1, 1, 8
fuzzy, 1, 1, 1
reaffirm, 1, 1, 65
kilos, 2, 1, 12
bodyweight, 1, 1, 578
waist, 5, 5, 31
loved, 2, 2, 87
bodyguard, 1, 1, 102
slack, 1, 1, 1
29yearold, 4, 4, 5
limiting, 1, 1, 578
cravings, 1, 1, 3
visited, 1, 1, 578
300lbs, 1, 1, 57
naturally, 1, 1, 3
bet, 7, 6, 11
enforced, 1, 1, 13
avoided, 1, 1, 12
sweeteners, 1, 1, 8
comfortable, 4, 4, 56
need, 27, 24, 832
clearly, 1, 1, 47
complete, 3, 1, 115
afraid, 2, 2, 4
congrats, 64, 64, 343
50yearold, 1, 1, 1
physique, 1, 1, 30
daymostly, 1, 1, 3
instance, 3, 3, 78
327, 1, 1, 1
328, 2, 2, 2
cardigan, 2, 2, 6
persistence, 3, 3, 3
unless, 3, 3, 31
combat, 1, 1, 75
tshirts, 1, 1, 75
fashionable, 1, 1, 1
swimsuitbra, 1, 1, 3
01, 1, 1, 2
grats, 1, 1, 2
highschool, 1, 1, 5
stereo, 1, 1, 75
32d, 1, 1, 114
stronger, 1, 1, 2
face, 16, 16, 23
looked, 10, 9, 33
lowered, 1, 1, 8
wot, 1, 1, 1
skinny, 6, 6, 92
fowley, 1, 1, 5
fact, 2, 2, 76
goals, 4, 4, 41
32ddd, 1, 1, 114
terrific, 1, 1, 2
31lbs, 1, 1, 2
cognitively, 1, 1, 3
anyway, 6, 5, 21
purely, 1, 1, 3
planning, 1, 1, 12
weekly, 1, 1, 115
yowza, 1, 1, 2
chicken, 4, 3, 75
pleased, 1, 1, 1
decade, 1, 1, 3
inspiring, 19, 18, 97
coloring, 1, 1, 2
tire, 1, 1, 2
earned, 1, 1, 2
jaw, 2, 2, 86
winner, 4, 4, 7
hopeful, 1, 1, 5
jan, 1, 1, 30
unable, 1, 1, 2
fuel, 2, 1, 3
local, 1, 1, 8
hope, 21, 18, 63
regularly, 2, 2, 4
trainingactivities, 1, 1, 32
fabulous, 4, 4, 6
means, 2, 2, 6
beat, 3, 3, 4
familiar, 1, 1, 1
dope, 1, 1, 2
hopefully, 3, 3, 5
overall, 1, 1, 1
lucky, 1, 1, 56
bear, 1, 1, 1
120, 1, 1, 15
joint, 1, 1, 200
122, 2, 1, 1
dmc, 1, 1, 2
125, 7, 6, 715
words, 1, 1, 5
128, 1, 1, 1
chips, 1, 1, 81
areas, 1, 1, 1
smash, 3, 3, 12
ended, 1, 1, 4
362, 1, 1, 1
130, 3, 3, 74
swear, 1, 1, 3
cycles, 1, 1, 578
grad, 1, 1, 11
view, 1, 1, 3
btw, 8, 8, 29
illinoisgt, 1, 1, 578
frame, 5, 5, 24
cruise, 1, 1, 32
reddit, 1, 1, 13
038, 1, 1, 3
computer, 1, 1, 130
130lbs, 1, 1, 16
omg, 2, 2, 3
packed, 1, 1, 12
closer, 1, 1, 65
stats, 14, 13, 134
destiny, 1, 1, 2
closet, 1, 1, 75
nightmare, 1, 1, 65
superb, 1, 1, 1
30yearold, 1, 1, 2
macros, 4, 4, -2
fantasically, 1, 1, 1
routine, 19, 19, 133
progress, 113, 103, 949
pantsdresses, 1, 1, 200
frustrated, 1, 1, 3
pants, 3, 2, 7
perfect, 1, 1, 2
23yearold, 3, 3, 4
scrolls, 1, 1, 1
kicking, 5, 5, 25
job, 121, 119, 739
attachmentid, 2, 1, 1
jog, 2, 2, 634
monitor, 1, 1, 1
keto, 8, 5, 132
diligent, 1, 1, 578
imgurcomarmqpn, 1, 1, 578
taking, 7, 6, 128
bodyfat, 4, 3, 56
etc, 4, 4, 36
moderators, 2, 1, 13
rodney, 3, 2, 2
chest, 4, 3, 37
comment, 1, 1, 1
gorgeous, 7, 7, 22
statues, 1, 1, 2
wall, 1, 1, 3
ca, 18, 18, 356
4050g, 1, 1, 32
walk, 5, 4, 699
respect, 3, 3, 7
cw, 4, 4, 123
picking, 1, 1, 8
amigo, 1, 1, 2
quit, 4, 4, 36
yay, 2, 2, 203
johnny, 1, 1, 2
addition, 2, 2, 4
automoderator, 3, 2, 14
immense, 1, 1, 3
slowly, 5, 3, 69
treat, 1, 1, 1
ah, 2, 2, 3
iimgurcomxtyejoujpg, 1, 1, 56
username, 3, 3, 0
shoulders, 2, 2, 77
puberty, 1, 1, 1
empowering, 1, 1, 3
vince, 3, 3, 4
1350, 1, 1, 1
bulk, 2, 2, 580
finished, 2, 2, 14
iimgurcomjm9wenkjpg, 1, 1, 102
angles, 1, 1, 8
decreased, 1, 1, 1
smoking, 1, 1, 2
fellow, 2, 2, 3
garmin, 1, 1, 11
novel, 1, 1, 3
appearance, 1, 1, 1
choices, 1, 1, 15
hovering, 1, 1, 65
wild, 1, 1, 1
imgurcomxgamm2q, 1, 1, 1
________________, 1, 1, 13
almost, 12, 12, 44
accountabilibuddies, 1, 1, 1
240lbs, 1, 1, 65
weighed, 3, 3, 192
dieted, 2, 2, 13
partner, 1, 1, 2
regression, 1, 1, -8
tattoo, 3, 3, 4
denial, 1, 1, 65
perhaps, 1, 1, 588
began, 4, 1, 32
cross, 1, 1, -1
foxy, 1, 1, 4
parts, 1, 1, 3
largest, 2, 2, 38
inch, 1, 1, 1
party, 3, 3, 611
gets, 5, 3, 6
http, 39, 23, 2256
drink, 4, 4, 147
beast, 4, 4, 43
leangains, 1, 1, 14
student, 1, 1, 11
discouraged, 2, 2, 14
dust, 1, 1, 2
eatinglifestyle, 1, 1, 3
collar, 1, 1, 1
steals, 1, 1, -14
diabetes, 1, 1, 588
arse, 1, 1, 2
whole, 7, 7, 126
colour, 1, 1, 6
contest, 1, 1, 1
well, 58, 54, 602
fighting, 1, 1, 1
thought, 8, 8, 115
amends, 1, 1, 49
354, 1, 1, 2
flexing, 1, 1, 38
19yearold, 3, 3, 3
english, 1, 1, 11
position, 1, 1, 0
muscle, 13, 13, 838
taller, 5, 5, 11
cutesque, 1, 1, 1
stores, 1, 1, 11
023, 1, 1, 1
less, 4, 4, 26
accurate, 3, 3, 44
mfp, 17, 15, 1206
fishing, 1, 1, 2
tough, 1, 1, 1
lately, 1, 1, 11
happiness, 1, 1, 1
sworkit, 1, 1, 3
wee, 3, 1, 102
drunk, 1, 1, 56
demographic, 1, 1, 1
bench, 4, 3, 25
reasons, 2, 2, 653
add, 5, 5, 10
8177961amp, 1, 1, 1
attractive, 1, 1, 6
crack, 1, 1, 1
281, 1, 1, 3
5, 20, 17, 983
283, 1, 1, 3
buuuddddy, 1, 1, 3
kick, 1, 1, 75
286, 1, 1, 3
identical, 1, 1, 1
gods, 1, 1, 2
increased, 1, 1, 2
crushed, 1, 1, 578
five, 2, 2, 5
know, 33, 28, 469
265, 2, 2, 2
press, 3, 2, 23
269, 1, 1, 44
268, 1, 1, 1
loss, 29, 27, 545
necessary, 2, 2, 21
like, 105, 96, 758
success, 4, 4, 7
sizes, 4, 3, 5
miami, 1, 1, 578
258, 1, 1, 1
candy, 1, 1, 81
loses, 1, 1, 6
sized, 2, 2, 14
130140, 1, 1, 1
lose, 42, 38, 559
become, 6, 5, 152
works, 3, 2, 15
fuckkk, 1, 1, 5
wonders, 2, 2, 79
gaining, 3, 3, 9
576a0584, 1, 1, 14
scared, 2, 2, 25
searching, 1, 1, 1
hair, 10, 10, 10
114, 1, 1, 1
growth, 1, 1, 13
110, 3, 3, 8
recommendation, 1, 1, 115
proper, 1, 1, 13
home, 4, 3, 49
119, 1, 1, 2
happens, 1, 1, 3
51yearold, 1, 1, 1
steaming, 1, 1, 1
literally, 6, 6, 86
imgurcomamloql, 1, 1, 75
lean, 4, 4, 32
bang, 1, 1, 3
balboa, 4, 4, 33
ripped, 3, 3, 34
grrr, 1, 1, 3
ps, 4, 4, 12
astounding, 2, 2, 3
journal, 1, 1, 115
paper, 2, 2, 16
pressure, 1, 1, 38
although, 2, 2, 14
abdominal, 1, 1, 38
hiding, 1, 1, 2
gained, 4, 4, 116
sister, 1, 1, 578
lifestyle, 5, 5, 108
carried, 2, 2, 80
getting, 20, 19, 766
3500, 1, 1, 0
weightsresistance, 1, 1, 3
madame, 1, 1, 1
rodeo, 1, 1, 1
important, 3, 3, 10
reatcheapandhealthy, 1, 1, 13
flair, 1, 1, 1
outset, 1, 1, 3
rgainit, 1, 1, 13
owe, 1, 1, 12
tag, 1, 1, 1
commitment, 2, 2, 132
tiny, 2, 1, 5
female, 1, 1, 1
27yearold, 3, 3, 4
additions, 1, 1, 1
56g, 1, 1, 22
boost, 1, 1, -5
2k15, 1, 1, 32
vegetables, 2, 2, 19
elastin, 1, 1, 1
congradulations, 1, 1, 2
noticed, 2, 2, 24
overestimate, 1, 1, 200
notices, 1, 1, 3
yrs, 1, 1, 49
iimgurcomvlklfyyjpg, 1, 1, 102
tricky, 1, 1, 2
buy, 5, 4, 11
gluten, 1, 1, 6
triggered, 1, 1, -10
hr, 2, 1, 11
gastric, 1, 1, 2
timesw, 2, 1, 32
hi, 3, 3, 82
gain, 4, 4, 17
hm, 1, 1, 1
highest, 1, 1, 2
bug, 1, 1, 13
count, 3, 3, 6
also, 38, 33, 1511
made, 15, 13, 359
wise, 2, 2, 1
whether, 1, 1, 1
wish, 11, 11, 10
official, 1, 1, 65
record, 1, 1, 6
wowhow, 1, 1, 3
stories, 1, 1, 75
pumped, 1, 1, 2
cake, 2, 2, 3
distribution, 1, 1, 4
piece, 1, 1, 1
minutes, 2, 2, 118
crossfit, 1, 1, 3
rightly, 1, 1, 115
whatever, 3, 3, 46
pic, 18, 17, 121
pig, 1, 1, 56
twist, 1, 1, -14
periods, 1, 1, 30
ink, 1, 1, 2
fitbit, 4, 3, 16
6ish, 1, 1, 6
compared, 1, 1, 114
48, 1, 1, 1
incredible, 20, 20, 55
47, 1, 1, 44
44, 1, 1, 4
45, 3, 3, 18
42, 3, 3, 3
40, 9, 9, 165
41, 3, 3, 116
details, 1, 1, 8
sick, 2, 2, 64
u, 4, 3, 8
boob, 1, 1, -1
incredibly, 1, 1, 1
motivator, 1, 1, 1
stat, 1, 1, 5
traumatic, 1, 1, 49
shredded, 2, 2, 18
june, 2, 2, 121
stay, 6, 6, 16
chance, 2, 2, 118
badass, 2, 2, 4
gap, 2, 2, 34
friends, 2, 2, 3
vein, 1, 1, -16
inspiration, 16, 16, 103
searches, 1, 1, 13
22yearold, 5, 5, 7
190lbs, 2, 2, 115
starting, 23, 21, 55
rule, 4, 1, 13
portion, 1, 1, 2
cinched, 1, 1, 3
lives, 1, 1, 1
iimgurcomozimvvpjpg, 1, 1, 56
