Word, Frequency, Comment Frequency, Net Score
limited, 2, 2, 7
valve, 3, 1, 14
oxygenation, 1, 1, 85
alleles, 1, 1, 13
hats, 1, 1, 45
child, 3, 3, 5
dynamic, 15, 2, 2
crtd, 1, 1, 157
four, 1, 1, 1
intakes, 1, 1, 1
influenza, 1, 1, 13
sleep, 5, 4, 35
controversial, 1, 1, 0
consists, 1, 1, 133
hazard, 2, 1, 1
oldest, 1, 1, 45
hate, 2, 1, 14
aggression, 1, 1, 1
consider, 7, 6, 623
trolley, 1, 1, 184
looking, 4, 4, 907
replacements, 1, 1, 14
2030, 1, 1, 6
electricity, 2, 2, 5
crises, 1, 1, 4239
segments, 1, 1, 2
swan, 2, 2, 12
seriously, 5, 5, 81
james, 1, 1, 114
moisture, 1, 1, 2
striking, 1, 1, 7
communitywise, 1, 1, 17
investigation, 1, 1, 0
teaching, 1, 1, 4
sorry, 2, 2, 7
worth, 6, 5, 537
improves, 1, 1, 6
hormone, 1, 1, 3
stayed, 1, 1, 1
risk, 20, 17, 4785
compassion, 1, 1, 21
winnower, 1, 1, 6
chromatin, 1, 1, 7
001, 1, 1, 1
smack, 1, 1, 11
every, 16, 16, 1576
updates, 1, 1, 1
affect, 12, 9, 533
wash, 1, 1, 1
bringing, 2, 2, 96
vast, 2, 2, 35
believed, 1, 1, 4
school, 23, 16, 1921
basics, 1, 1, 209
legalization, 3, 3, 26
called, 3, 3, 93
crops, 1, 1, 10
desertlike, 1, 1, 1
conceive, 1, 1, 756
solution, 6, 5, 162
viable, 1, 1, 18
roadblock, 1, 1, 2
awarenessalertness, 1, 1, 1
debris, 1, 1, 2
notifying, 1, 1, 17
math, 1, 1, 8
cholesterol, 18, 10, 4360
enhance, 1, 1, 1
byphone, 1, 1, 8
ethicists, 1, 1, 4526
stating, 3, 3, 29
straight, 3, 3, 68
xmmnewton, 1, 1, 1
methane, 2, 1, 1
enjoy, 3, 3, 53
farmhouse, 1, 1, 2
force, 1, 1, 1
disciplines, 1, 1, 2890
tired, 2, 2, 22
52000, 1, 1, 2
welfare, 1, 1, 95
bacon, 1, 1, 11
direct, 1, 1, 7
kiva, 3, 2, 268
approximation, 1, 1, -10
surrounding, 1, 1, 2
likely, 20, 13, 631
street, 1, 1, 1
rigorous, 1, 1, 114
air, 1, 1, 2
machines, 5, 5, 5026
monster, 1, 1, 22
even, 17, 16, 6138
aim, 3, 3, 26
hide, 2, 2, 154
polyelectrolytes, 7, 5, 1494
organisms, 1, 1, 2
tiered, 1, 1, 263
saved, 2, 2, -3
581, 1, 1, 1
near, 2, 2, 51
children, 8, 7, 421
handleavoid, 1, 1, 2
unskilled, 1, 1, 460
establishes, 1, 1, 2890
conduct, 5, 4, 2900
new, 30, 29, 11033
net, 3, 1, 1
increasing, 6, 6, 4572
ever, 13, 10, 2121
consisting, 1, 1, 154
seeks, 1, 1, 1
told, 2, 2, 3
micro, 1, 1, 1
agreement, 1, 1, 1
kicked, 1, 1, 13
hero, 1, 1, 13
evaluating, 1, 1, 154
whose, 1, 1, 17
interstate, 2, 2, 20
never, 11, 8, 142
weirdly, 1, 1, 17
hundreds, 4, 4, 1510
met, 2, 2, 3
fairly, 4, 4, 53
feeding, 2, 2, 2
china, 1, 1, 19
represented, 2, 2, 2901
path, 3, 3, 161
100, 7, 6, 639
101, 1, 1, 1
107, 1, 1, 1
interpret, 2, 2, 8
105, 4, 2, 2
culling, 1, 1, 7
daughter, 1, 1, 3
tapes, 1, 1, 1483
jams, 1, 1, 38
glycolipids, 1, 1, 10
elaborate, 1, 1, 20
changed, 1, 1, 3
approaches, 1, 1, 1
reports, 2, 2, 306
crock, 1, 1, 10
published, 9, 7, 541
tolerance, 2, 2, 14
jogging, 2, 2, 20
smoke, 3, 3, 2
browsing, 1, 1, 51
6371, 1, 1, 1
suitable, 1, 1, 13
changes, 12, 10, 4328
changer, 1, 1, 1
consumers, 2, 2, 74
criticism, 1, 1, 15
fantastic, 1, 1, 7
poorest, 1, 1, 1
canola, 1, 1, 6
elaborated, 1, 1, 209
geography, 1, 1, 8
proximal, 1, 1, 6
graders, 1, 1, 154
replace, 3, 3, 4535
psychological, 2, 2, 761
visible, 4, 3, 8
specifics, 1, 1, 8
undesirable, 1, 1, 6
guests, 3, 3, 3
achievable, 1, 1, 1
socioeconomic, 1, 1, 122
rsat, 3, 1, 1
total, 6, 5, 27
unit, 1, 1, 1
analogies, 1, 1, 2
madrid, 1, 1, 2
plow, 1, 1, 86
criminals, 1, 1, 19
dna, 3, 1, 7
would, 113, 71, 6364
army, 3, 1, 95
imgurcomcegh84d, 1, 1, 6
hospital, 2, 2, 4
achieve, 2, 2, 219
negative, 7, 7, 164
lessening, 1, 1, 460
distributing, 1, 1, 3
leaks, 1, 1, 21
sample, 1, 1, 154
ws2, 1, 1, 4
call, 6, 6, 116
bedrock, 1, 1, 0
spike, 1, 1, 6
survive, 4, 4, 50
implicates, 1, 1, 1
e2, 2, 1, 1
type, 5, 5, 42
breathe, 1, 1, 85
modification, 2, 1, 7
coupled, 1, 1, 1
posting, 3, 3, 16
holy, 1, 1, 8
cardiology, 1, 1, 3
successful, 7, 4, 878
conclusions, 6, 6, 2531
expose, 2, 2, 45
364377, 1, 1, 1
wars, 1, 1, 6
aware, 3, 3, 255
phone, 1, 1, 2890
berlin, 1, 1, 1
warm, 1, 1, 196
adult, 1, 1, 82
former, 1, 1, 54
fluro, 1, 1, 45
90, 1, 1, 2
hole, 17, 2, 2
2200000, 1, 1, 7
outdated, 2, 2, 14
blocking, 2, 2, 3
trait, 1, 1, 2
circumstances, 2, 2, 2893
md, 2, 2, 4270
intake, 4, 4, 4262
1994, 1, 1, 1
cheapest, 1, 1, 3
1999, 1, 1, 1
hideous, 1, 1, 45
famed, 1, 1, 42
work, 31, 25, 925
mi, 1, 1, 3
biosphere, 1, 1, 10
oxide, 1, 1, 9
era, 3, 3, 30
transparency, 9, 6, 206
concepts, 1, 1, 64
im, 4, 4, 60
example, 18, 12, 3106
aaas, 1, 1, 4526
transition, 1, 1, 4
wang, 1, 1, 0
give, 20, 19, 477
days, 7, 7, 20
relativistic, 1, 1, 1
household, 1, 1, 1
organized, 2, 1, 1483
indicates, 1, 1, 1
foods, 6, 5, 51
generator, 1, 1, 2
want, 29, 21, 7363
pharmaceutic, 1, 1, 2
organizer, 1, 1, 10
keep, 8, 6, 4286
smoked, 1, 1, 7
autonomy, 1, 1, 8
end, 5, 5, 1070
turn, 2, 2, 12
provide, 4, 4, 35
verify, 4, 4, 8
travel, 2, 2, 1484
sitting, 1, 1, 2
nuts, 2, 1, 184
feature, 1, 1, 518
machine, 1, 1, 3
methodology, 2, 2, 12
salivate, 1, 1, 1483
conn, 1, 1, 4526
accusations, 1, 1, 19
answer, 12, 8, 10257
symposium, 1, 1, 5
flow, 1, 1, 2
antidepressants, 1, 1, 4
likability, 2, 2, 419
roboflatbed, 1, 1, 2
biofilms, 3, 1, 5
aboard, 1, 1, 2
horoscope, 1, 1, 2
replacing, 1, 1, 2
ladder, 1, 1, 3
copays, 1, 1, 1
confirmed, 1, 1, 1
lab, 2, 2, 4
diagram, 1, 1, 8
dinosaurs, 2, 2, 3
wrong, 6, 6, 236
ova, 1, 1, 1
overdone, 1, 1, 6
curiosity, 1, 1, 10
youtubeptyg0mzb1yg, 1, 1, 9
summarize, 1, 1, 98
law, 7, 5, 87
meaningful, 1, 1, 15
parallel, 2, 2, 124
types, 4, 4, 524
2025, 1, 1, 1
walk, 1, 1, 8
attempt, 1, 1, 1483
anymore, 1, 1, 1
third, 2, 2, 37
grant, 1, 1, 1
appreciate, 3, 3, 196
capitalism, 2, 1, 38
cigarettes, 3, 3, 35
complexity, 2, 2, 4
maintain, 3, 3, 264
algorithms, 5, 1, 3
ultimate, 1, 1, 30
correlation, 5, 5, 104
preventive, 1, 1, 4239
1000, 1, 1, 104
order, 3, 2, 24
wind, 1, 1, 1
wine, 1, 1, 41
arterial, 3, 2, 21
feedback, 1, 1, 17
toxin, 1, 1, 3
cheese, 1, 1, 19
fall, 1, 1, 14
encounter, 1, 1, 2
satisfied, 1, 1, 24
barrett, 1, 1, 1
presence, 3, 2, 2
suspend, 1, 1, 10
japan, 4, 3, 245
budding, 1, 1, 114
pseudoleader, 1, 1, 398
scoring, 1, 1, 935
manuscript, 17, 3, 3
fit, 6, 6, 1127
somewhere, 1, 1, 20
highlights, 1, 1, 14
occupations, 2, 2, 18
writing, 1, 1, 7
better, 21, 21, 4934
metabolize, 2, 2, 6
magnetic, 2, 1, 2
production, 4, 4, 40
differently, 3, 3, 2894
leakage, 1, 1, 1
goose, 1, 1, 1
drops, 1, 1, 8
easier, 1, 1, 1483
phenotype, 1, 1, 1
versus, 3, 2, 13
affected, 1, 1, 19
diseases, 1, 1, 1
interdisciplinary, 2, 2, 4535
onlineamp, 2, 1, 0
naturecom, 1, 1, 2
exhaling, 1, 1, 85
safe, 4, 3, 11
birth, 2, 2, 124
elementary, 1, 1, 154
break, 3, 2, 7
band, 1, 1, 4
bang, 1, 1, 5
buyoptiontobuyamp, 1, 1, 154
therapy, 4, 4, 72
effects, 11, 9, 461
mgmt, 1, 1, 4
schools, 7, 6, 197
singularity, 4, 4, 8
one, 61, 54, 5182
smoking, 2, 2, 20
ethicist, 1, 1, 4526
niches, 1, 1, 6
14851488, 1, 1, 1
principals, 1, 1, 20
40c, 1, 1, 1
meat, 1, 1, 1
oxygen, 1, 1, 10
randomized, 1, 1, 154
regularly, 4, 4, 33
abritrary, 1, 1, 1
40k, 1, 1, 54
l, 2, 1, 1
gcvw, 1, 1, 2
skills, 3, 3, 57
redditscienceflair, 1, 1, 2890
component, 3, 3, 201
conflict, 2, 2, 22
reasonable, 4, 2, 47
americans, 2, 2, 75
went, 4, 4, 579
side, 5, 5, 113
bone, 2, 2, 7
mean, 18, 16, 884
diatryma, 1, 1, 6
covered, 1, 1, 4
evolve, 1, 1, 14
unsurprising, 1, 1, 2
principles, 1, 1, 1
subglacial, 2, 1, 0
swaths, 1, 1, 3
comprises, 1, 1, 10
taught, 5, 5, 443
gave, 1, 1, 9
phosphorylation, 2, 1, 7
gating, 1, 1, 7
doug, 1, 1, 1
meetingsaaasorg, 1, 1, 4526
sounds, 4, 4, 14
brings, 1, 1, 8
phosphatases, 1, 1, 7
gon, 1, 1, 2
literature, 1, 1, 3
network, 1, 1, 3
driving, 7, 5, 4559
rs, 20, 2, 2
god, 7, 3, 408
00am, 1, 1, 1483
bat, 3, 2, 508
whoosh, 1, 1, 7
vessels, 1, 1, 1
content, 4, 4, 67
encourage, 1, 1, 1
safety, 2, 1, 2
gasses, 2, 1, 1
rare, 1, 1, 6
banning, 3, 1, 17
leaves, 1, 1, 1
medicine, 8, 7, 5753
got, 7, 7, 27
newly, 1, 1, 10
size, 5, 5, 13
forth, 1, 1, 1
peerreviewed, 1, 1, 1
mistakes, 1, 1, 2
gate, 3, 3, 18
perception, 2, 2, 20
barrier, 2, 2, 62
written, 1, 1, 507
avrs, 1, 1, 3
given, 16, 12, 2406
free, 4, 3, 1583
standard, 6, 5, 2897
admits, 1, 1, 17
smacking, 1, 1, 11
ancient, 2, 2, 15
formation, 4, 4, 13
skeletal, 1, 1, 1
lifecritical, 1, 1, 3
estimate, 2, 2, 72
wanted, 5, 5, 581
venus, 2, 2, 10
certified, 1, 1, 6
iimgurcomp3vyee2jpg, 1, 1, 282
159165, 1, 1, 1
competes, 1, 1, 1
ok, 5, 5, 71
shipper, 1, 1, 2
exposing, 1, 1, 1483
created, 2, 2, 19
undxed, 1, 1, 1
starts, 4, 4, 11
longterm, 1, 1, 4239
moment, 3, 2, 28
local, 1, 1, 19
filter, 2, 2, 17
quintessence, 1, 1, 1
shipped, 1, 1, 2
heck, 1, 1, 4
triumph, 1, 1, 4
dosage, 2, 2, 2
moving, 1, 1, 4239
onto, 1, 1, 4
user, 6, 3, 2936
already, 6, 6, 4536
tight, 1, 1, 7
ownership, 1, 1, 19
economists, 2, 1, 5
receptors, 1, 1, 3
grade, 1, 1, 154
reassure, 1, 1, 86
primary, 5, 4, 60
rank, 1, 1, 8
hearing, 2, 2, 16
channels, 1, 1, 7
hook, 1, 1, 2
closest, 1, 1, 3
obesity, 8, 6, 189
another, 12, 12, 3265
drones, 2, 2, 4710
pulsar, 2, 2, 2
175, 1, 1, 5
plastic, 1, 1, 15
173, 1, 1, 1
researched, 1, 1, 184
mercury, 2, 2, 17
136152, 1, 1, 1
behavioralmental, 1, 1, 2
rated, 1, 1, 2035
service, 1, 1, 1
similarly, 1, 1, 20
top, 4, 4, 537
struts, 1, 1, 1
regulator, 1, 1, 7
attack, 15, 10, 4435
approximately, 1, 1, 30
fiction, 1, 1, 64
needed, 5, 5, 91
confirming, 1, 1, 43
master, 1, 1, 7
observations, 13, 4, 7
hypothetical, 1, 1, 22
cuff, 1, 1, 6
ordered, 1, 1, 8
john, 3, 2, 4245
eats, 1, 1, 47
ranging, 1, 1, 1483
glucose, 11, 6, 137
wander, 1, 1, 1
butter, 1, 1, 173
ceiling, 1, 1, 21
guidelines, 1, 1, 7
collapse, 2, 2, 42
128137, 1, 1, 1
estimates, 1, 1, 1
relative, 3, 2, 10
101257jep293, 1, 1, 5
serve, 2, 2, 4
took, 5, 4, 411
satisfaction, 1, 1, 935
japanese, 2, 2, 8
silicon, 1, 1, 8
inspires, 1, 1, 1
somewhat, 3, 3, 229
glcnac, 2, 1, 7
practiced, 1, 1, 1
requisite, 1, 1, 1
white, 3, 2, 10
symptom, 1, 1, 3
flightless, 4, 3, 206
coverages, 1, 1, 263
distance, 1, 1, 1
anxiety, 4, 3, 64
target, 1, 1, 10
showed, 1, 1, 1
disciplined, 1, 1, 114
forensic, 1, 1, 4
heshe, 1, 1, 1
second, 4, 4, 8
cite, 2, 2, 9
project, 2, 2, 10
matter, 12, 8, 129
exwife, 1, 1, 4
classes, 5, 2, 8
friend, 5, 3, 143
iron, 3, 1, 1
feeling, 6, 6, 216
solely, 2, 2, 136
brilliant, 1, 1, 132
bridge, 2, 2, 3
fashion, 1, 1, 5
microscope, 1, 1, 10
enforcement, 1, 1, 1
ran, 4, 4, 8
modern, 3, 3, -11
mind, 7, 7, 17
mine, 3, 3, 13
deprived, 1, 1, 6
anybody, 3, 3, 29
talking, 7, 6, 36
adhd, 1, 1, 97
thx, 1, 1, 394
seen, 7, 7, 155
seem, 9, 9, 765
churn, 1, 1, 6
seek, 2, 1, 21
lbl, 2, 2, 1487
believers, 1, 1, 935
relatively, 3, 3, 272
forced, 1, 1, 460
estimated, 2, 2, 3
genuine, 1, 1, 4
mostly, 2, 2, 22
broadly, 1, 1, 13
convenient, 2, 2, 2933
latter, 1, 1, 5
responsible, 2, 2, 1019
isolated, 1, 1, 18
thorough, 1, 1, 17
predominantly, 1, 1, 1
oriented, 1, 1, 6
sound, 1, 1, 1
fitting, 1, 1, 4526
causing, 5, 4, 60
absorbed, 1, 1, 2
acetaminophen, 1, 1, 3
academy, 1, 1, 4
ptype, 1, 1, 9
flags, 1, 1, 507
effectiveness, 3, 3, 288
rider, 1, 1, 2
nobody, 2, 2, 5
prohibition, 1, 1, 1
committing, 1, 1, 21
though, 10, 9, 1299
viscosity, 1, 1, 1
wells, 1, 1, 2
accurately, 3, 3, -8
complexes, 2, 1, 1483
regular, 5, 5, 2423
mouth, 5, 3, 98
rpsychology, 1, 1, 132
plenty, 1, 1, 7
hearts, 1, 1, 46
assessed, 2, 2, 155
cellular, 2, 2, 13
laughing, 1, 1, 751
zealand, 1, 1, 29
mitigate, 1, 1, 19
doi, 1, 1, 5
thoughtdo, 1, 1, 3
doc, 1, 1, 7
professor, 7, 6, 13201
impostor, 1, 1, 4
dog, 1, 1, 5
spend, 2, 2, 401
missed, 4, 3, 16
points, 2, 2, 11
tech, 3, 1, 8
principle, 2, 2, 757
deeply, 1, 1, 2
haha, 1, 1, 1
detriment, 1, 1, 17
suspending, 1, 1, 4
consumer, 1, 1, 1
responded, 1, 1, 19
came, 3, 3, 21
saying, 10, 10, 350
cooking, 1, 1, 6
reactor, 1, 1, 1
pack, 1, 1, 1
pugachova, 1, 1, 0
random, 1, 1, 2890
sexist, 1, 1, 21
subreddit, 5, 3, 54
soluble, 1, 1, 4
radii, 3, 2, 2
ibs, 2, 2, 137
solutions, 4, 3, 103
sexism, 1, 1, 398
hungary, 1, 1, 8
lessons, 2, 2, 1491
chaos, 1, 1, 1
emtparamedic, 1, 1, 6
finally, 3, 3, 118
proposed, 1, 1, 1483
lights, 1, 1, 1
headline, 1, 1, 2
situations, 4, 3, 29
explain, 7, 5, 44
layman, 1, 1, 5
bipolar, 1, 1, 1
instrumentalism, 1, 1, 9
sugar, 20, 13, 3009
deteriorated, 1, 1, 2
theme, 1, 1, 6
screening, 2, 2, 47
rich, 8, 6, 198
folks, 1, 1, 64
constant, 5, 2, 7
rice, 4, 3, 4537
glycolysis, 1, 1, 7
scrubbing, 1, 1, 1
personality, 5, 4, 60
wearing, 1, 1, 45
wide, 4, 4, 30
sequencing, 1, 1, 10
foodgymsex, 1, 1, 4
de, 1, 1, 1
stop, 7, 7, 763
dc, 1, 1, 1483
preferred, 1, 1, 3
coast, 1, 1, 2
redditor, 1, 1, 17
anxious, 1, 1, 4
vaccinations, 1, 1, 1
altogether, 1, 1, 38
report, 20, 14, 3761
illegality, 1, 1, 6
nasty, 1, 1, 5
dr, 12, 11, 4496
unfortunately, 2, 2, 6
youngish, 1, 1, 30
earn, 1, 1, 3
spots, 1, 1, 2
bar, 2, 2, 547
understandings, 2, 2, 18
greens, 1, 1, 5
covering, 1, 1, 209
fields, 11, 7, 1524
16, 1, 1, 1
suggested, 1, 1, 1
evening, 1, 1, 1
method, 4, 4, 200
twice, 1, 1, 1
bad, 19, 19, 1478
24x7, 1, 1, 177
release, 2, 2, 206
bam, 2, 2, 5
steal, 1, 1, 18
steam, 1, 1, 3
ears, 1, 1, 1
respond, 1, 1, 3
ethical, 3, 3, 4551
blew, 1, 1, 2
decides, 1, 1, 9
victim, 4, 3, 35
reference, 3, 3, 13
spincoating, 1, 1, 1483
testing, 1, 1, 154
niche, 1, 1, 1
reporting, 1, 1, 8
observed, 4, 4, 8
depends, 1, 1, 3
radius, 16, 2, 2
result, 13, 12, 698
nontraditional, 1, 1, 6
reviewer, 1, 1, 1
fail, 2, 2, 18
yes, 3, 3, 10
best, 6, 6, 151
subject, 2, 2, 4
00, 1, 1, 1483
said, 8, 7, 1087
capacity, 1, 1, 52
profession, 1, 1, 48
ambitions, 1, 1, 4526
lots, 1, 1, 2
away, 6, 6, 810
09, 1, 1, 2
appealing, 1, 1, 30
artificial, 9, 8, 4887
r, 8, 3, 2
pets, 1, 1, 45
hopefully, 1, 1, 1
104046trd2015784463, 1, 1, 1
drawn, 1, 1, 5
92, 1, 1, 1
marketduring, 1, 1, 1
approach, 4, 4, 20
coming, 1, 1, 1
discovery, 1, 1, 6
preserve, 1, 1, 6
wage, 1, 1, 5
reddit, 11, 11, 8605
shills, 1, 1, 173
terms, 8, 7, 45
paywall, 3, 3, 9
nature, 7, 6, 711
wo, 5, 5, 346
confusion, 1, 1, 6
however, 5, 5, 2996
religious, 2, 2, 956
wh, 1, 1, 1
rscienceabouttraffic, 1, 1, 79
enters, 1, 1, 1
motoric, 1, 1, 1
creates, 1, 1, 2
wtf, 1, 1, 7
contamination, 1, 1, 3
95, 4, 2, 2
news, 2, 2, 4242
carnivorous, 1, 1, 6
debt, 1, 1, 54
improve, 4, 4, 315
adapting, 1, 1, 3
hours, 1, 1, 19
essentially, 1, 1, 5
technologists, 1, 1, 5
sunflower, 1, 1, 6
lgbt, 1, 1, 2
resistant, 1, 1, 4239
fault, 2, 2, 35
ill, 1, 1, 5
infinitely, 3, 3, 3
deposition, 1, 1, 1
gotten, 1, 1, 111
selective, 1, 1, 6
brag, 1, 1, 5
mildly, 1, 1, 7
receiver, 1, 1, 2
distinction, 1, 1, 8
argue, 2, 1, 132
asked, 3, 3, 403
supplementation, 3, 2, 8
suggest, 7, 7, 719
tough, 1, 1, 5
freakish, 1, 1, 7
appeared, 2, 2, 2
connection, 2, 2, 23
troublesome, 1, 1, 1
2nd, 1, 1, 1
gmrc2, 1, 1, 1
active, 1, 1, 17
tons, 1, 1, 6
canned, 1, 1, 2
comprehension, 1, 1, 6
applicability, 1, 1, 1
pregnancy, 1, 1, 3
worsley, 4, 1, 1
250, 1, 1, 5
trust, 2, 2, 35
heals, 1, 1, 3
speak, 2, 2, 86
broadening, 1, 1, 1
miristic, 1, 1, 54
basis, 2, 2, 31
patrolling, 1, 1, 45
three, 6, 6, 145
quickly, 2, 2, 17
confident, 2, 2, 41
beer, 1, 1, 1
trigger, 3, 3, 24
detrimental, 1, 1, 54
ungulates, 1, 1, 6
interest, 4, 4, 28
basic, 4, 3, 51
expected, 3, 3, 2974
basin, 1, 1, 6
ann, 2, 1, 1
washed, 1, 1, 2
website, 1, 1, 2
obese, 2, 2, 8
life, 22, 18, 9245
cardiologists, 2, 2, 295
efficacy, 1, 1, 2
publisher, 1, 1, 507
drugs, 4, 4, 12
25c, 1, 1, 1
bladder, 2, 2, 5
stoichiometric, 1, 1, 1483
sprinkle, 1, 1, 3
kids, 8, 5, 144
paranormal, 2, 1, 114
stellarator, 1, 1, 7
personally, 2, 2, 24
immersive, 1, 1, 4
worked, 3, 2, 399
sad, 1, 1, 2
spin, 2, 2, 2
civilization, 1, 1, 1
chill, 1, 1, 1
applied, 10, 8, 2
nutrient, 1, 1, 2
inhibit, 1, 1, 5
subfield, 1, 1, 2890
epigenetics, 1, 1, 7
plasma, 2, 2, 3
toxoplasma, 1, 1, 2
metaanalysis, 2, 2, 20
professionally, 1, 1, 8
n, 5, 3, 5
employ, 1, 1, 1
risco, 1, 1, 1
lizard, 2, 1, 21
neat, 1, 1, 4
teachers, 9, 7, 215
gnd, 2, 1, 8
applies, 6, 5, 124
stopping, 1, 1, 21
aid, 2, 1, 0
balance, 2, 2, 4247
study, 29, 24, 859
procedure, 1, 1, 1
buried, 1, 1, 6
associations, 1, 1, 1
stratified, 1, 1, 122
2491661, 1, 1, 3
gmrs, 1, 1, 1
mexico, 1, 1, 1
weaning, 1, 1, 10
lurking, 1, 1, 13
explanation, 1, 1, 3
emanating, 1, 1, 1
ii, 3, 2, 20
throat, 3, 2, 9
cant, 1, 1, 3
experts, 1, 1, 8
akt, 1, 1, 7
ie, 4, 4, 520
id, 3, 3, 6
trusted, 1, 1, 5
grown, 2, 2, 4
containing, 2, 2, 149
grandiose, 1, 1, 2
ighv, 2, 1, 13
perform, 2, 2, 16
things, 14, 13, 557
make, 31, 26, 13762
demands, 1, 1, 65
112, 4, 2, 2
linked, 4, 4, 538
speculating, 1, 1, 64
bags, 1, 1, 15
complex, 1, 1, 209
potentially, 4, 4, 340
split, 2, 2, 10
babies, 1, 1, 2
amounted, 1, 1, 1
filtered, 1, 1, 133
several, 4, 4, 2904
youtubeu8fzglgvgdo, 1, 1, 3
couple, 6, 6, 1521
meets, 1, 1, 2
satellite, 5, 2, 1
commonsense, 1, 1, 4239
peaks, 1, 1, 1
welsh, 1, 1, 394
pick, 3, 3, 17
evil, 1, 1, 4
hand, 4, 4, 117
pubs, 2, 2, 5
moore, 2, 2, 1
fuse, 1, 1, 41
characters, 2, 1, 133
positives, 1, 1, 20
smarter, 1, 1, 2
overt, 1, 1, 756
opportunity, 1, 1, 1
thoughts, 6, 5, 73
kid, 1, 1, 4
mentioning, 1, 1, 19
prescribed, 1, 1, 97
kept, 2, 2, 2880
scenario, 2, 2, 195
selfdisatisfaction, 1, 1, 100
spacetime, 2, 2, 2
tht, 1, 1, 30
1973, 1, 1, 1
game, 2, 2, 2
reactors, 1, 1, -10
academic, 1, 1, 507
savings, 1, 1, 1
materials, 15, 11, 1511
igh, 1, 1, 3
youtube7pqs557xqu, 1, 1, 209
indigestion, 2, 1, 1
claims, 3, 3, 14
adventists, 1, 1, 184
cure, 3, 3, 210
investments, 1, 1, 1
left, 4, 4, 80
translational, 1, 1, 7
opinions, 2, 2, 2
spurred, 1, 1, 6
facto, 1, 1, 1
capitol, 1, 1, 1483
unemployment, 3, 1, 5
photo, 3, 2, 2908
sporting, 1, 1, 184
distribute, 1, 1, 2
aside, 1, 1, 1
wasps, 1, 1, 2
serthr, 2, 1, 7
thicker, 1, 1, 8
thanks, 24, 24, 6649
human, 15, 12, 4839
facts, 1, 1, 3
plight, 1, 1, 154
undertstand, 1, 1, 2
yet, 9, 8, 59
functionally, 1, 1, 8
previous, 2, 2, 1
cured, 1, 1, 1
adding, 3, 3, 120
progresses, 1, 1, 8
candidate, 1, 1, 1483
equipment, 2, 2, 5
cornell, 1, 1, 4526
stent, 1, 1, 44
thick, 1, 1, 0
strains, 2, 2, 3
advancement, 2, 2, 4533
spread, 1, 1, 2
sterile, 1, 1, 2
board, 4, 3, 23
easy, 6, 6, 237
technological, 6, 3, 515
allele, 1, 1, 13
fares, 3, 2, 1493
hat, 1, 1, 3
humanity, 1, 1, 8
suited, 1, 1, 2
bpa, 1, 1, 2
healthier, 2, 2, 2
paleontology, 1, 1, 6
malnourish, 1, 1, 1
advances, 1, 1, 1
survival, 1, 1, 8
ideai, 1, 1, 3
possible, 19, 16, 408
possibly, 6, 5, 77
cultural, 1, 1, 7
background, 3, 3, 2895
appearing, 1, 1, 21
unique, 2, 2, 12
advanced, 16, 4, 20
vanity, 1, 1, 507
desire, 4, 4, 1694
brought, 2, 2, 4
populations, 1, 1, 2
sciencey, 1, 1, 4
intertwined, 1, 1, 4
semi, 2, 2, 5
uncivil, 3, 3, 3
cooler, 1, 1, 8
54, 2, 1, 7
57, 1, 1, 2
dishonest, 1, 1, 30
50, 4, 4, 388
jerk, 1, 1, 398
specific, 7, 7, 89
majored, 1, 1, 11
533, 1, 1, 1
2d, 3, 3, 21
caloric, 1, 1, 2
night, 3, 3, 26
security, 2, 2, 11
fileid, 2, 1, 0
dentition, 1, 1, 6
beneficial, 2, 2, 12
right, 9, 9, 150
old, 11, 10, 286
696107, 2, 1, 1
deal, 4, 4, 37
people, 106, 68, 13985
animals, 3, 3, 12
successfully, 2, 2, 757
classically, 1, 1, 1
dead, 3, 1, 30
10th, 1, 1, 2
born, 1, 1, 14
linearly, 1, 1, 2
commonplace, 1, 1, 8
meters, 1, 1, 12
dear, 2, 2, 134
harassment, 1, 1, 518
jep, 1, 1, 5
separately, 1, 1, -10
toxic, 2, 2, 9
dense, 2, 2, 2
ear, 1, 1, 15
opposite, 3, 3, 52
immunization, 2, 1, 1
comments, 14, 9, 3662
contributing, 4, 4, 149
everything, 10, 9, 219
asking, 5, 5, 45
modlog, 1, 1, 104
ucsd, 8, 2, 2
steps, 1, 1, 8
beating, 1, 1, 6
participation, 1, 1, 1483
vdd, 3, 1, 8
core, 1, 1, 71
plt, 2, 1, 1
bold, 1, 1, 2
fish, 22, 15, 273
deleted, 2, 2, 2894
k, 4, 2, 4
burn, 1, 1, 1
archived, 1, 1, 6
costs, 6, 2, 2
noncontributive, 1, 1, 30
translated, 1, 1, 1
evaporate, 1, 1, 2
peer, 1, 1, 1
eye, 4, 4, 801
post, 6, 6, 1500
super, 3, 2, 15
emits, 1, 1, 41
biosensor, 1, 1, 7
takes, 4, 4, 278
oreo, 1, 1, 1
benches, 1, 1, 65
eat, 14, 12, 355
opinionsviewpoints, 1, 1, 51
attacks, 7, 6, 229
dollars, 1, 1, 2
citizens, 1, 1, 95
essential, 2, 2, 8
misleading, 3, 3, 12
ensure, 2, 1, 2
horizon, 7, 3, 3
logistical, 1, 1, 8
mgxr, 1, 1, 97
efforts, 3, 3, 135
observation, 1, 1, 1
slightly, 1, 1, 30
malt, 1, 1, 1
automatically, 3, 3, 3
wildcards, 1, 1, 2351
fundies, 1, 1, 20
soc, 1, 1, 1
prilosec, 2, 2, 3
statements, 1, 1, 7
subs, 2, 2, 5
reaping, 1, 1, 4526
civil, 1, 1, 95
dichalcoginides, 1, 1, 4
upnewell, 1, 1, 5
bound, 1, 1, 1
obscene, 2, 1, 518
combine, 1, 1, 6
rendering, 2, 2, 3
beings, 1, 1, 20
ecology, 2, 2, 160
bats, 1, 1, 2
trafficked, 2, 2, 8
dean, 1, 1, 44
refined, 1, 1, 3
reducing, 3, 3, 179
tunneling, 1, 1, 1
often, 16, 16, 1582
existed, 1, 1, 6
rely, 1, 1, 5
shiftworker, 1, 1, 19
infections, 1, 1, 2
support, 5, 3, 14
constantly, 1, 1, 21
52907, 1, 1, 1
iter, 1, 1, 1
class, 6, 4, 569
stuck, 1, 1, 6
accordingly, 1, 1, 2
joseph, 3, 2, 1489
editor, 1, 1, 1483
fraction, 1, 1, 17
15rs, 1, 1, 1
astrophysics, 2, 2, 55
bodies, 1, 1, 1
war, 2, 2, 133
happy, 5, 5, 25
lowest, 1, 1, 45
multiscale, 1, 1, -10
medium, 3, 2, 7
form, 9, 9, 5762
forming, 1, 1, 10
becoming, 3, 3, 5284
differences, 2, 2, 7
removes, 1, 1, 7
noon, 1, 1, 1
taken, 4, 3, 135
heat, 4, 3, 1492
hear, 7, 7, 4780
elderly, 1, 1, 2
bighorn, 2, 1, 6
patient, 5, 4, 164
removed, 68, 67, 3513
true, 5, 5, 1214
eocene, 1, 1, 6
9999, 1, 1, 30
responding, 1, 1, 17
mandelkern, 1, 1, 1483
inside, 2, 2, 1484
morning, 3, 3, 7
bounds, 1, 1, 12
devices, 2, 2, 4534
smashes, 1, 1, 2
knowing, 1, 1, 1
economic, 6, 6, 572
complications, 1, 1, 7
submitting, 1, 1, 1
adoption, 1, 1, 1
faking, 1, 1, 114
delete, 2, 2, 2905
straumann, 3, 2, 2
150, 1, 1, 1
adopt, 1, 1, 7
liberal, 1, 1, 2
sticks, 2, 2, 2
classic, 2, 2, 7
knees, 1, 1, 17
abstract, 8, 8, 191
novel, 1, 1, 1
advancements, 2, 2, 20
proven, 3, 3, 50
evidence, 6, 6, 1089
somebody, 1, 1, 132
frompage, 2, 1, 0
stanford, 1, 1, 114
expertise, 3, 3, 3
prayer, 1, 1, 0
exist, 2, 2, 493
tooth, 3, 3, 11
prophylactic, 1, 1, 5
indirect, 1, 1, 1
shit, 11, 8, 92
physical, 7, 6, 112
willingly, 1, 1, 2
radically, 1, 1, 7
melanoma, 1, 1, 1
lungs, 1, 1, 0
eventual, 1, 1, 8
na, 2, 2, 3
alerts, 1, 1, 518
handed, 1, 1, 7
reality, 7, 5, 28
til, 2, 2, 66
ny, 1, 1, 4526
build, 2, 2, 70
interested, 9, 8, 1812
role, 10, 10, 1272
holding, 1, 1, 935
papers, 2, 2, 4
test, 12, 11, 233
tie, 3, 3, 2896
implant, 1, 1, 157
realize, 1, 1, 1
potency, 3, 2, 7
node, 1, 1, 8
picture, 5, 5, 2961
delivered, 1, 1, 85
models, 4, 2, 2
leak, 2, 2, 22
081, 1, 1, 1
felt, 2, 2, 2
eluded, 1, 1, 2
update, 1, 1, 2
diet, 24, 22, 5314
healthiest, 1, 1, 36
trailers, 2, 1, 2
brief, 1, 1, 4
intent, 1, 1, 2890
genocide, 1, 1, 0
rising, 1, 1, -3
climate, 7, 7, 146
rolling, 2, 1, 2
hurt, 1, 1, 3
died, 3, 1, 7
avians, 1, 1, 2
younger, 3, 3, 86
longer, 6, 6, 78
bullet, 1, 1, 1
glass, 2, 2, 22
assume, 2, 2, 282
moved, 1, 1, 289
interval, 2, 1, 19
pseudo, 1, 1, 4
daily, 3, 3, 191
cohesion, 3, 1, 30
aerobic, 1, 1, 7
chemically, 1, 1, 9
time, 82, 36, 5939
crosssectional, 2, 1, 8
conferred, 1, 1, 3
dust, 1, 1, 3
neighbors, 1, 1, 86
peacock, 1, 1, 1
concept, 3, 3, 10
stressed, 2, 2, 12
rom, 1, 1, 8
skip, 2, 2, 31
contradictive, 1, 1, 15
varying, 1, 1, 2
focus, 8, 4, 4267
invent, 1, 1, 1
urban, 1, 1, 1
leads, 3, 3, 978
roy, 1, 1, 1
mild, 1, 1, 4239
mile, 1, 1, 2
asymptomatic, 1, 1, 3
skin, 2, 2, 3
remarkably, 1, 1, 7
milk, 3, 2, 73
devoted, 1, 1, 5
certainly, 2, 2, 9
amplification, 1, 1, 1
clarification, 1, 1, 17
graph, 5, 4, 552
technique, 6, 5, 2004
father, 3, 2, 12
nonverified, 1, 1, 2890
passage, 1, 1, 1
environment, 4, 3, 17
0, 4, 3, 19
charge, 1, 1, 1483
oz, 2, 2, 228
dissatisfied, 1, 1, 2
text, 1, 1, 20
stabilizing, 1, 1, 1
must, 3, 3, 3000
verbally, 1, 1, 82
protective, 1, 1, 184
deforming, 1, 1, 1
flatbed, 1, 1, 2
advantage, 4, 4, 11
yeast, 1, 1, 4
construction, 1, 1, 7
32, 1, 1, 5
seemingly, 1, 1, 8
choice, 2, 2, 11
liability, 1, 1, 18
capacitances, 1, 1, 8
advised, 1, 1, 4
cook, 2, 1, 1
word, 6, 5, 178
trouble, 3, 2, 40
86400, 1, 1, 1
exact, 4, 4, 42
wildcaught, 1, 1, 3
minute, 1, 1, 2
governments, 2, 2, 72
pixie, 1, 1, 3
discovered, 2, 2, 1493
perceived, 1, 1, 256
immediately, 1, 1, 1
level, 13, 10, 3161
12th, 1, 1, 6
dig, 2, 2, 8
posts, 4, 4, 26
brother, 7, 5, 130
gum, 1, 1, 9
standards, 1, 1, 17
leave, 2, 2, 45
p, 1, 1, 1
excessively, 1, 1, 1
scores, 2, 1, 2
team, 3, 3, 37
quick, 1, 1, 6
movie, 1, 1, 114
loads, 2, 1, 2
tortoises, 1, 1, 196
yall, 1, 1, 4
prevent, 5, 5, 41
revolution, 1, 1, 460
says, 8, 8, 148
verifiable, 2, 2, 2891
findings, 7, 6, 133
insignificant, 1, 1, 17
trend, 1, 1, 8
dealing, 1, 1, 1
periodically, 1, 1, 1
repetitive, 1, 1, 3
prediction, 1, 1, 1
cyber, 1, 1, 3
sign, 5, 5, 63
slowed, 3, 2, 2
cost, 2, 2, 39
sexually, 1, 1, 2
eating, 21, 16, 2624
langmuir, 3, 2, 1484
chicken, 1, 1, 6
substitute, 1, 1, 5
plebs, 1, 1, -2
cargo, 2, 1, 18
stressful, 1, 1, 3
appear, 3, 3, 757
metaphysical, 2, 2, 120
uniform, 1, 1, 1483
current, 19, 12, 208
concurrentsubsequent, 1, 1, 3
ibtimes, 1, 1, 2
axel, 1, 1, 2
goes, 8, 7, 256
reply, 2, 2, 23
falling, 1, 1, 5
ground, 2, 2, 17
1010, 5, 1, 1
thc, 1, 1, 20
processing, 1, 1, 4
transportation, 1, 1, 20
prescriptions, 1, 1, 3
compound, 1, 1, 5
genes, 3, 1, 7
victimized, 3, 1, 154
speculation, 1, 1, 4
french, 1, 1, 8
understanding, 4, 4, 31
shortened, 1, 1, 6
downloaded, 8, 2, 2
slow, 2, 2, 3
esophagus, 1, 1, 1
6pm, 1, 1, 7
address, 3, 3, 2910
alone, 1, 1, 11
along, 3, 3, 26
engineer, 1, 1, 4
taylor, 1, 1, 1
appears, 3, 3, 540
change, 17, 15, 4650
wait, 4, 4, 190
box, 2, 1, 2
boy, 1, 1, -3
52f, 1, 1, 157
tokamaks, 1, 1, 2
pmos, 1, 1, 8
discount, 1, 1, 1
institute, 1, 1, 4526
impacted, 2, 2, 38
rethink, 1, 1, 38
studied, 2, 2, 151
guilty, 1, 1, 22
finnish, 2, 2, 268
bacteria, 6, 3, 5
husband, 1, 1, 6
diagnosed, 2, 2, 9
jaw, 2, 1, 1
usually, 5, 5, 523
weird, 5, 4, 236
automaton, 1, 1, 20
navigation, 1, 1, 1
influx, 1, 1, 95
biomarkers, 1, 1, 5
lowers, 1, 1, 85
emerge, 1, 1, 1
love, 11, 11, 768
morals, 1, 1, 4526
extra, 4, 4, 11
problematic, 1, 1, 1
merely, 2, 2, 24
742, 1, 1, 1
lifealtering, 1, 1, 4239
bloody, 1, 1, 11
otherhand, 1, 1, 2
preventing, 3, 3, 8
individuals, 2, 2, 8
fake, 1, 1, 21
smallish, 1, 1, 9
rybnikova, 1, 1, 2
unhealthily, 1, 1, 2
market, 3, 2, 4527
sky, 2, 2, 6
everybody, 2, 2, 4277
wealth, 1, 1, 38
working, 12, 12, 491
prove, 3, 3, 18
senile, 1, 1, 3
positive, 5, 5, 479
nonpsychologists, 1, 1, 756
vitamins, 1, 1, 2
ppis, 2, 2, 2
predictions, 2, 2, -9
optimize, 1, 1, 1
live, 6, 5, 130
prey, 1, 1, 2
opposed, 3, 3, 61
https, 20, 15, 6479
criteria, 3, 2, 36
films, 4, 1, 1483
believing, 2, 2, 134
associated, 4, 3, 174
theoretical, 1, 1, 14
today, 2, 2, 53
scratched, 1, 1, 3
conductor, 1, 1, 8
sessions, 1, 1, 2
afford, 1, 1, 2
outputs, 1, 1, 6
acceptable, 1, 1, 3
apparent, 1, 1, 1
ruffini, 1, 1, 1
symptomatic, 2, 2, 9
chocolate, 1, 1, 2
whatever, 4, 4, 13
interacted, 1, 1, 10
department, 1, 1, 114
everywhere, 1, 1, 6
degrade, 1, 1, 1
acceptably, 1, 1, 8
cases, 5, 4, 47
effort, 2, 2, 569
easiest, 1, 1, 1
insights, 1, 1, 1
fly, 1, 1, 2
cows, 1, 1, 1
gastornis, 1, 1, 6
imgurcomtbibmbv, 1, 1, 6
backdoors, 1, 1, 491
avoiding, 1, 1, 4526
facilitating, 1, 1, 154
reflux, 4, 2, 2
modified, 3, 2, 8
believer, 1, 1, 334
believes, 1, 1, 132
purge, 1, 1, 15
values, 2, 2, 2
ppisshit, 1, 1, 1
growing, 2, 2, 6
making, 9, 9, 2698
metal, 2, 2, 13
dispute, 1, 1, 30
ribs, 1, 1, 6
cad, 1, 1, 3
claim, 5, 5, 2950
dedicated, 1, 1, 2
months, 4, 4, 5
cloneable, 1, 1, 1
figure, 1, 1, 114
downfall, 1, 1, 95
predict, 3, 2, 4
awesome, 5, 5, 31
arise, 1, 1, 1
fuck, 1, 1, 7
topic, 8, 7, 4458
heard, 9, 7, 497
stroke, 6, 4, 4255
slows, 1, 1, 1
palpitations, 2, 2, 15
battered, 1, 1, 95
council, 1, 1, 15
allowed, 4, 4, 5731
peptide, 1, 1, 13
orbits, 2, 1, 1
occur, 1, 1, 5
osmosis, 1, 1, 2
haploid, 1, 1, 9
quivilant, 1, 1, 1
rays, 1, 1, 1
normies, 1, 1, 16
plantbased, 1, 1, 206
discussion, 6, 5, 7
watching, 1, 1, 2
bmis, 1, 1, 1
1, 30, 15, 4751
deruelle, 2, 1, 1
salts, 1, 1, 1
fourth, 2, 2, 270
grossed, 1, 1, 2
plus, 3, 3, 10
allowable, 1, 1, 6
parameter, 1, 1, 1
dominance, 17, 5, 876
paranasal, 1, 1, 85
economy, 7, 5, 221
map, 1, 1, 2
product, 1, 1, 7
145, 1, 1, 1
142, 1, 1, 1
stoked, 1, 1, 3
140, 1, 1, 7
huge, 5, 5, 46
may, 35, 24, 1826
sno, 2, 2, 12
fed, 1, 1, 7
southern, 1, 1, 6
residues, 3, 1, 7
applications, 5, 5, 12
produce, 3, 3, 6
tipped, 1, 1, 507
designed, 4, 3, 157
improving, 1, 1, 4239
fusion, 2, 2, 17
data, 11, 11, 267
eighth, 1, 1, 2
lifting, 1, 1, 7
man, 6, 5, 504
stress, 11, 7, 226
natural, 5, 5, 24
remember, 9, 9, 7211
sectors, 2, 1, 19
conscious, 1, 1, 206
whenever, 2, 2, 402
maybe, 9, 8, 918
thorne, 1, 1, 1
utero, 1, 1, 2
inform, 4, 2, 2907
switch, 4, 4, 140
deposit, 1, 1, 1483
representation, 2, 2, 8
arrived, 1, 1, 2
pulled, 1, 1, 1
tumblrinas, 2, 2, 15
talk, 6, 5, 4410
typical, 4, 3, 24
extrusionprocessing, 1, 1, 6
cute, 2, 2, 26
tagged, 3, 1, 2890
removals, 1, 1, 20
words, 3, 3, 9
canberra, 1, 1, 45
repair, 1, 1, 65
mds, 1, 1, 3
indeed, 2, 2, 936
undersupported, 1, 1, 5
displayed, 1, 1, 2890
consulting, 1, 1, 154
years, 29, 25, 828
stability, 1, 1, 35
course, 6, 6, 2921
nbsp, 2, 1, 3
statistical, 1, 1, 1
cuts, 1, 1, 5
differs, 2, 2, 6
dilemma, 1, 1, 85
cold, 3, 3, 7
still, 26, 26, 246
birds, 6, 4, 205
colorado, 1, 1, 196
farmed, 1, 1, 3
sinus, 1, 1, 6
group, 7, 7, 32
thank, 17, 16, 6565
interesting, 12, 12, 1196
comic, 1, 1, 2
wallach, 1, 1, 4526
amazing, 5, 5, 24
forms, 3, 3, 39
platform, 2, 2, 1489
gtr, 1, 1, 1
writers, 1, 1, 13
pons, 1, 1, 1
listing, 1, 1, 19
policy, 9, 6, 1526
mail, 1, 1, 54
main, 2, 2, 5
decades, 3, 3, 1491
conquest, 1, 1, 95
texas, 1, 1, 4526
choline, 1, 1, 9
theorized, 1, 1, 3
non, 1, 1, 30
halt, 1, 1, 2
disparate, 1, 1, 7
3, 11, 6, 23
nod, 1, 1, 5
obtaining, 3, 3, 3
killer, 2, 2, 4532
socialcyberneering, 1, 1, 9
gbd, 1, 1, 1
introduce, 2, 2, 6
nation, 3, 2, 23
smelling, 1, 1, 1
warranted, 1, 1, 7
qualified, 1, 1, 14
genuinely, 2, 2, 6
heavenlike, 1, 1, 3
half, 4, 4, 92
discuss, 3, 3, 4633
matched, 1, 1, 5
wont, 1, 1, 5
term, 9, 8, 422
workload, 1, 1, 17
name, 14, 10, 3445
deconditioning, 1, 1, 3
january, 1, 1, 6
prophylaxis, 1, 1, 5
drop, 3, 2, 32
proteins, 10, 2, 118
13090, 1, 1, 3
charging, 1, 1, 8
bursts, 1, 1, 3
obviated, 1, 1, 1
entirely, 3, 3, 123
quarter, 1, 1, 2
85, 1, 1, 1
realism, 1, 1, 9
multiply, 1, 1, 2
em, 1, 1, 1
sugary, 1, 1, 7
domain, 1, 1, 13
square, 1, 1, 3
retrieve, 2, 2, 3
significantly, 4, 4, 277
busts, 1, 1, 1
ed, 1, 1, 507
eg, 5, 4, 209
sugars, 4, 4, 26
yeah, 2, 2, -11
uberzipcar, 1, 1, 19
manifests, 1, 1, 2
challenges, 2, 2, 21
fires, 1, 1, 1
yield, 1, 1, 1
entering, 1, 1, 7
year, 15, 13, 1840
falsepositives, 1, 1, 133
happen, 6, 6, 417
worried, 2, 2, 9
eq, 6, 2, 2
presupposes, 1, 1, 5
wheelers, 1, 1, 5
canada, 1, 1, 196
living, 10, 9, 4971
ultimately, 2, 1, 30
accomplish, 1, 1, 256
socialized, 3, 2, 24
factors, 5, 5, 325
transistor, 7, 2, 9
concert, 1, 1, 1
forgetting, 1, 1, 1
discrepancies, 1, 1, -10
increase, 13, 9, 40
contradiction, 2, 1, 21
contained, 1, 1, 5
stupid, 2, 2, 257
rational, 3, 3, 50
dioxide, 2, 1, -3
lifespan, 2, 2, 48
kuopio, 1, 1, 1
rscience, 19, 14, 3138
correct, 2, 2, 210
shows, 7, 7, 116
inevitably, 1, 1, 3
creating, 2, 2, 3
arthritis, 1, 1, 2
reformulation, 2, 1, 1
theory, 7, 5, 18
wan, 1, 1, 1
cars, 7, 6, 5033
million, 3, 3, 202
mechanisms, 2, 2, 11
punks, 1, 1, 2
quite, 13, 11, 395
advantages, 2, 2, 17
lump, 1, 1, 2
besides, 2, 2, 1487
carb, 1, 1, 22
upon, 2, 2, 7
card, 1, 1, 2890
care, 3, 3, 12
advance, 1, 1, 1
training, 5, 2, 84
language, 3, 3, 24
methylation, 1, 1, 7
amyloid, 1, 1, 1
flare, 2, 2, 11
sneaky, 2, 1, 2
calories, 1, 1, 2351
pandemic, 1, 1, 2
british, 1, 1, 21
10mg, 1, 1, 9
thing, 17, 17, 473
place, 12, 11, 885
massive, 2, 2, 613
routes, 3, 1, 2
router, 1, 1, 491
warned, 1, 1, 1
global, 1, 1, 1
think, 52, 36, 1614
frequent, 1, 1, 10
reposts, 1, 1, 17
blind, 1, 1, 11
52, 1, 1, 5
201603231001, 1, 1, 154
shears, 1, 1, 2
surviving, 1, 1, 1
revenue, 1, 1, 38
discharges, 1, 1, 8
variables, 2, 2, 10
faculty, 1, 1, 10
nutritional, 1, 1, 7
multiplying, 1, 1, 1
simplified, 1, 1, 1
long, 23, 22, 811
directly, 5, 5, 24
specificity, 1, 1, 4
vote, 3, 3, 3
impossible, 1, 1, 5
message, 3, 2, 2895
fight, 1, 1, 38
open, 7, 6, 532
millions, 4, 4, 4534
received, 2, 2, 2
little, 7, 7, 988
necessarily, 6, 6, 153
checked, 1, 1, 1
silent, 1, 1, 518
capacitance, 5, 1, 8
response, 6, 6, 536
anyone, 11, 11, 549
indicate, 1, 1, 2
teacher, 4, 4, 71
2, 25, 15, 3111
chem, 2, 2, 6
tell, 4, 4, 189
escort, 1, 1, 2
amphetamines, 1, 1, 97
returns, 2, 1, 1
structures, 1, 1, 10
west, 1, 1, 2
speaking, 4, 3, 10
gives, 6, 4, 125
bear, 1, 1, 1
nutrition, 1, 1, 7
eyes, 1, 1, 65
correlations, 1, 1, 12
way, 34, 29, 2738
femur, 1, 1, 6
schwarzschild, 11, 2, 2
brains, 1, 1, 2
kcald, 1, 1, 1
universe, 4, 3, 4
proving, 1, 1, 10
refuse, 2, 2, 44
alan, 1, 1, 2
released, 1, 1, 2890
populationrange, 1, 1, 6
estrogen, 1, 1, 3
occurring, 2, 2, 1
copy, 8, 2, 2
population, 3, 3, 500
11, 7, 4, 1487
10, 16, 8, 19
13, 6, 1, 1
12, 11, 7, 10272
15, 9, 4, 125
14, 13, 3, 4
17, 2, 2, 3
accordance, 1, 1, 1
depressed, 2, 2, 6
18, 1, 1, 5
require, 4, 4, 16
frontier, 1, 1, 507
metabolism, 5, 3, 13
rehab, 1, 1, 3
future, 21, 18, 9037
psychic, 4, 4, 1108
apples, 1, 1, 3
venture, 1, 1, 21
cards, 1, 1, 1
outcome, 1, 1, 3
nonbinary, 1, 1, 2
addressing, 1, 1, 5
legalizing, 1, 1, 6
san, 8, 2, 2
correction, 1, 1, 1
turned, 5, 3, 449
marijuana, 3, 3, 26
dynamically, 1, 1, 2
simulating, 1, 1, -10
say, 28, 26, 3391
relevantly, 1, 1, 8
rent, 1, 1, 19
academics, 1, 1, 507
anger, 1, 1, 8
breakfast, 1, 1, 1
recover, 2, 2, 4242
saw, 2, 2, 106
invite, 1, 1, 1
confirmation, 1, 1, 935
offering, 1, 1, 4239
efficient, 1, 1, 3
transcription, 1, 1, 7
editing, 8, 2, 2
answering, 3, 2, 1484
upgrading, 1, 1, 8
ideas, 4, 4, 78
shocked, 1, 1, 9
note, 2, 2, 14
sciences, 4, 4, 317
potential, 4, 3, 7
transcribed, 1, 1, 7
take, 28, 24, 4005
online, 5, 3, 1488
objective, 1, 1, 154
green, 1, 1, 45
wonder, 11, 11, 337
switching, 1, 1, 10
channel, 1, 1, 7
jungle, 1, 1, 82
200, 1, 1, 2
begin, 2, 2, 1498
sure, 20, 20, 724
pain, 2, 2, 4
207, 1, 1, 157
normal, 3, 3, 4248
arguing, 1, 1, 52
knew, 5, 4, 5
molecule, 1, 1, 0
paid, 1, 1, 2035
reach, 1, 1, 98
shake, 1, 1, 1
visitors, 1, 1, 7
assault, 1, 1, 82
1rs, 1, 1, 1
importantly, 4, 2, 2
pure, 1, 1, 2
rationale, 1, 1, 30
formulae, 1, 1, 1
pair, 1, 1, 45
knee, 1, 1, 398
america, 1, 1, 2
precludes, 1, 1, 122
damage, 4, 2, 98
latex, 1, 1, 1886
forever, 1, 1, 1
radioactive, 1, 1, 2
especially, 7, 7, 104
surprising, 4, 4, 12
breakthroughs, 1, 1, 3
considered, 5, 5, 106
yogurt, 1, 1, 19
average, 7, 7, 31
later, 11, 10, 53
implications, 4, 4, 4531
drive, 1, 1, 263
wing, 1, 1, 398
federal, 1, 1, 2
compartmentalization, 1, 1, 132
properly, 1, 1, 2
mri, 1, 1, 1
slaves, 2, 1, 95
arguably, 1, 1, 1
professional, 2, 2, 221
senior, 1, 1, 1483
salt, 10, 7, 6535
fascinated, 1, 1, 20
influences, 1, 1, 3
laws, 1, 1, 10
shot, 3, 3, 1526
solar, 2, 2, 2
regulated, 1, 1, 7
show, 7, 7, 2076
hustled, 1, 1, 398
kinds, 3, 3, 155
contemporary, 2, 2, 4
friction, 2, 1, 8
sites, 2, 2, 1489
moderator, 2, 2, 62
wwwaaasorg, 1, 1, 4526
ama, 22, 19, 9098
inconsistent, 1, 1, 7
coq10, 1, 1, 5
computers, 1, 1, 8
gloss, 1, 1, 935
reallife, 1, 1, 15
california, 1, 1, 1
hustler, 1, 1, 398
atherogenicity, 1, 1, 54
ulcers, 1, 1, 1
upgrade, 1, 1, 3
ratio, 4, 3, 26
title, 6, 6, 22
conduction, 2, 1, 8
bonks, 1, 1, 2
proportion, 1, 1, 3
outside, 2, 2, 13
alternative, 1, 1, 2
junior, 1, 1, 10
going, 23, 20, 5116
black, 27, 3, 7
smell, 1, 1, 9
penguin, 2, 2, 22
awareness, 1, 1, 3
first, 15, 14, 7308
info, 1, 1, 5
quasiparticles, 1, 1, 2
unsure, 1, 1, 4
policies, 1, 1, 122
get, 45, 36, 2013
vary, 1, 1, 154
tissues, 1, 1, 2
parenting, 1, 1, 1
framing, 1, 1, 30
distinctly, 1, 1, 1
hooper, 1, 1, 1
primates, 1, 1, 6
unethical, 1, 1, 17
secondary, 1, 1, 48
regarding, 7, 6, 743
resource, 2, 2, 67
sharpest, 1, 1, 1
artist, 2, 2, 3
ketogenic, 2, 2, 162
summary, 1, 1, 394
planned, 1, 1, 2
subtype, 1, 1, 2
miles, 2, 2, 23
predicted, 2, 2, 3
liable, 1, 1, 756
pants, 1, 1, 10
functionality, 1, 1, 7
vision, 2, 2, 10
ignored, 2, 2, 38
mess, 1, 1, 1
pane, 2, 1, 17
burst, 1, 1, 14
supramolecular, 1, 1, 1
modmail, 2, 2, 535
maximum, 1, 1, 6
phoneauto, 1, 1, 207
lightatnight, 1, 1, 2
college, 4, 4, 147
42001, 1, 1, 1
ignores, 1, 1, 17
existence, 1, 1, 9
progress, 3, 3, 110
surgery, 2, 2, 3
b12, 3, 1, 1
concern, 3, 3, 4551
trollharasser, 1, 1, 19
fails, 1, 1, 30
hireability, 1, 1, 21
corroboration, 1, 1, 1
enlightening, 1, 1, 10
farmers, 1, 1, 95
ways, 7, 7, 4536
alarming, 1, 1, 1
review, 4, 3, 135
wantneed, 1, 1, 132
justifies, 1, 1, 19
label, 2, 2, 76
vaccines, 4, 3, 8
enough, 11, 11, 191
postcomment, 1, 1, 7
affecting, 1, 1, 4526
justified, 1, 1, 17
reading, 5, 5, 566
across, 5, 5, 168
oversized, 1, 1, 2
uh, 1, 1, 2
cabsensor, 1, 1, 2
notice, 1, 1, 9
infrastructure, 1, 1, 2
jobs, 11, 8, 4730
cortisol, 3, 2, 9
parent, 1, 1, 20
messed, 2, 2, 4
originated, 1, 1, 1
screen, 1, 1, -13
112014, 1, 1, 157
revealed, 1, 1, 2
blame, 1, 1, 1
arteries, 1, 1, 6
spare, 1, 1, 3
algebraic, 1, 1, 1
30pm, 1, 1, 5
insecure, 1, 1, 1
spark, 1, 1, 9
cities, 2, 2, 104
come, 13, 12, 90
ja, 2, 1, 1
motivations, 1, 1, 2
reaction, 1, 1, 398
preventative, 3, 2, 100
perceptions, 2, 1, 154
many, 25, 23, 13051
region, 1, 1, 3
ballpark, 1, 1, 71
biocycle, 1, 1, 1
according, 3, 3, 3
circuses, 1, 1, 95
enabling, 1, 1, 2890
personal, 15, 8, 976
aura, 1, 1, 21
jh, 1, 1, 1
expression, 1, 1, 3
scope, 1, 1, 507
comes, 9, 8, 439
stance, 3, 3, 23
profs, 1, 1, 4
betablockers, 1, 1, 9
debunks, 1, 1, 40
cancer, 9, 8, 57
effective, 4, 3, 248
period, 4, 4, 196
poly, 2, 1, 7
biofilm, 1, 1, 5
60, 5, 5, 33
61, 1, 1, 7
homosexuality, 1, 1, 2
medication, 5, 4, 4267
learning, 2, 2, 116
article, 25, 21, 1868
additionally, 1, 1, 7
moreover, 2, 2, 40
pharmacists, 1, 1, 4
laudable, 1, 1, 5
adults, 2, 2, 93
caring, 1, 1, 154
destroyed, 1, 1, 95
arts, 1, 1, 3
antibullying, 2, 1, 154
capable, 1, 1, 21
stretch, 1, 1, 18
upublicmodlogs, 1, 1, 43
computing, 2, 2, 8
informed, 1, 1, 29
toxins, 1, 1, 3
tropical, 1, 1, 2
springerverlag, 1, 1, 1
samples, 1, 1, 1
deposited, 1, 1, 4
kinases, 1, 1, 7
dangers, 1, 1, 8
conceptualized, 1, 1, 756
staring, 1, 1, 756
psychics, 1, 1, 4
disclosed, 1, 1, 19
wants, 3, 3, 251
currentfinal, 1, 1, 6
direction, 1, 1, 5
educated, 4, 4, 2946
frontiers, 1, 1, 507
1214, 1, 1, 1
restrictions, 2, 2, 11
societally, 1, 1, 8
thousand, 1, 1, 2
formed, 1, 1, 1
layperson, 1, 1, 1
dangerous, 1, 1, 3
observers, 1, 1, 1
offers, 3, 2, 7
geothermal, 1, 1, 1
figured, 3, 3, 122
wake, 2, 2, 6
zwiterions, 1, 1, 4
champions, 1, 1, 1483
pilot, 1, 1, 20
case, 10, 9, 549
macromolecules, 1, 1, 1483
developing, 2, 2, 185
harrassment, 1, 1, 82
fianc, 1, 1, 1
cash, 1, 1, 18
admired, 1, 1, 398
ethnicities, 1, 1, 6
goto, 1, 1, 3
associates, 2, 2, 17
hack, 1, 1, 2
pizza, 1, 1, 6
editorial, 1, 1, 17
promising, 1, 1, 1
newspaper, 1, 1, 5
situation, 3, 3, 507
hdl, 2, 1, 5
margin, 1, 1, 1
supplements, 1, 1, 13
buzz, 1, 1, 1
polymer, 4, 3, 1487
magicians, 1, 1, 114
adds, 1, 1, 7
eventually, 3, 3, 534
park, 1, 1, 6
soil, 2, 1, 2
ethically, 2, 2, 4543
bulshit, 2, 1, 8
coffee, 2, 1, 6
coryphodon, 1, 1, 6
middle, 5, 4, 120
good, 33, 29, 7223
minds, 2, 2, 16
iowa, 1, 1, 184
protein, 4, 4, 404
reverythingscience, 3, 3, 3
technology, 10, 6, 4617
everyday, 1, 1, 17
worry, 1, 1, 4
binary, 3, 2, 2
different, 17, 15, 1866
verified, 3, 2, 2895
bans, 4, 4, 572
doctor, 6, 6, 4251
pay, 3, 3, 524
admit, 1, 1, 7
trip, 1, 1, 1
shifts, 2, 2, 479
speech, 1, 1, 1
weakness, 5, 1, 21
lite, 1, 1, 1
streams, 1, 1, 0
reminder, 1, 1, 5
document, 2, 2, 2
events, 1, 1, 20
tried, 3, 2, 3
week, 6, 6, 54
productive, 1, 1, 8
finish, 1, 1, 116
biocompatible, 2, 2, 1487
screenshot, 1, 1, 7
disadvantages, 1, 1, 14
applaud, 1, 1, 17
past, 3, 3, 5
arctic, 2, 2, 197
driver, 1, 1, 2
drives, 1, 1, 21
weed, 1, 1, 1
director, 1, 1, 4526
altitude, 1, 1, 1
anecdotal, 1, 1, 12
favorites, 2, 2, 30
deficiency, 2, 1, 1
changing, 4, 4, 212
alligators, 1, 1, 196
prenatal, 2, 2, 5
totally, 4, 2, 410
psychiatrists, 1, 1, 2
implements, 1, 1, 21
fasting, 1, 1, 1
antibodies, 1, 1, 13
awesomeness, 1, 1, 4
largely, 1, 1, 5
charges, 1, 1, 8
floor, 1, 1, 1
apolipoprotein, 1, 1, 1
magical, 1, 1, 9
methyl, 1, 1, 16
useable, 1, 1, 8
severe, 3, 3, 134
without, 15, 13, 3183
alleviate, 1, 1, 154
aphasia, 1, 1, 1
model, 2, 2, 2
otherwise, 3, 3, 9
researchers, 4, 4, 129
charged, 1, 1, 1483
taxi, 2, 2, 4531
sequenced, 1, 1, -1
stake, 1, 1, 20
clogging, 1, 1, 9
predicting, 2, 2, 7
among, 2, 1, 154
money, 12, 7, 397
multiplied, 1, 1, 1
milestone, 1, 1, 1
wwwashusorg, 1, 1, 4239
ci, 4, 2, 2
actions, 3, 2, 20
risking, 1, 1, 65
kill, 5, 5, 523
greetings, 1, 1, 7
aspect, 1, 1, 5
differentiation, 1, 1, 5
impractical, 1, 1, 111
guys, 10, 8, 203
multiples, 1, 1, 1
blow, 1, 1, 2
heuristic, 6, 1, 3
mosfet, 1, 1, 1
death, 1, 1, 3
clueless, 1, 1, 14
crop, 1, 1, 1
application, 2, 2, 4
thinking, 5, 5, 448
preventatively, 2, 1, 3
conclude, 2, 2, 6
seems, 21, 20, 510
improvement, 2, 2, 9
blog, 1, 1, 1483
hexosamine, 2, 1, 7
saver, 1, 1, 5
setting, 1, 1, 8
4, 7, 5, 1527
versa, 1, 1, 8
republic, 2, 1, 95
extensive, 1, 1, 2
bread, 1, 1, 95
i225, 1, 1, 2
careers, 2, 2, 4574
surgeries, 1, 1, 3
real, 17, 16, 2256
sinuses, 1, 1, 85
starving, 1, 1, 38
consumption, 5, 5, 617
aspects, 1, 1, 3
around, 23, 23, 5236
kills, 2, 2, -2
rules, 5, 5, 28
options, 2, 2, 12
molybdenun, 1, 1, 1
electrolytes, 1, 1, 10
early, 14, 13, 130
warehouse, 1, 1, 8
soda, 1, 1, 1
traffic, 4, 4, 55
mon, 1, 1, 1
mom, 1, 1, 1
confined, 1, 1, 1
credentials, 1, 1, 5
moa, 1, 1, 1
accepted, 9, 3, 10
pst, 3, 3, 10248
mod, 1, 1, 24
vertically, 1, 1, 6
autoclave, 1, 1, 1
1988, 1, 1, 1
fossils, 1, 1, 6
heightened, 1, 1, 1
electronic, 2, 2, 16
kennedy, 1, 1, 4526
scythe, 1, 1, 86
paleogene, 1, 1, 1
collective, 2, 2, 15
brightness, 1, 1, 3
salmon, 2, 2, 19
serves, 1, 1, 30
portnov, 1, 1, 2
audience, 2, 2, 18
fully, 4, 3, 16
output, 8, 1, 8
reduced, 2, 2, 10
instantly, 1, 1, 7
immersing, 1, 1, 1
intervene, 2, 2, 35
66, 1, 1, 1
misner, 1, 1, 1
exposed, 1, 1, 10
pushy, 1, 1, 398
67, 1, 1, 1
cabg, 1, 1, 3
competition, 4, 1, 1483
presentation, 1, 1, 13
calculated, 1, 1, 1
elements, 1, 1, 3
potencies, 1, 1, 6
table, 4, 3, 4
duration, 1, 1, 19
root, 1, 1, 1
matching, 1, 1, 2890
reasons, 2, 2, 29
conventionally, 1, 1, 1
provided, 2, 2, 2892
beginnings, 1, 1, 1
confirm, 1, 1, 4
cw, 1, 1, 1
highest, 1, 1, 2035
filling, 2, 2, 7
stops, 2, 2, 3
conservative, 1, 1, 2
tots, 1, 1, 17
cannabis, 2, 1, 3
critical, 2, 2, 16
inject, 1, 1, 3
expressing, 1, 1, 756
happened, 2, 2, 10
thorsett, 1, 1, 1
refer, 1, 1, 3
terrifies, 1, 1, 30
considering, 3, 3, 97
biased, 1, 1, 13
masses, 1, 1, 8
assembly, 2, 2, 5
scientific, 12, 10, 90
business, 3, 3, 2900
securement, 1, 1, 2
selfdriving, 4, 4, 4586
sixth, 2, 1, 154
equivalent, 3, 3, 515
mesonychids, 2, 1, 6
communicate, 1, 1, 5
polyelectrolyte, 7, 3, 1486
hidden, 1, 1, 3
loudest, 1, 1, 14
notably, 1, 1, 1
broken, 2, 2, 13
intrastate, 1, 1, 2
100000125000, 1, 1, 7
lbbb, 1, 1, 157
inherent, 2, 2, 11
resurrection, 1, 1, 9
exciting, 5, 5, 30
infancy, 1, 1, 1
throw, 3, 3, 907
manufacturer, 1, 1, 263
treating, 1, 1, 2
conducting, 3, 1, 8
central, 1, 1, 100
ace, 2, 2, 27
oh, 2, 2, 16
roar, 2, 2, 15
industry, 2, 2, 264
howard, 1, 1, -10
favorite, 1, 1, 1483
mixer, 1, 1, 13
acs, 4, 3, 1494
yoffe, 1, 1, 0
rested, 1, 1, 2
infection, 1, 1, 5
stand, 2, 2, 24
neighbor, 1, 1, 157
act, 4, 3, 39
predatory, 1, 1, 507
backup, 1, 1, 15
road, 4, 4, 373
op, 1, 1, 1886
amber, 1, 1, -3
outlook, 3, 3, 13
cambridge, 1, 1, 1
aortic, 1, 1, 3
khan, 1, 1, 4
communication, 5, 4, 1491
disrupts, 1, 1, 5
skilled, 1, 1, 13
theoretique, 2, 1, 1
garner, 1, 1, 65
authorities, 1, 1, 16
officially, 1, 1, 518
accounts, 1, 1, 2890
determine, 1, 1, 756
x1, 5, 1, 1
lastly, 1, 1, 8
7010, 1, 1, 154
technically, 6, 3, 7
laypeople, 1, 1, 13
fast, 3, 3, 34
weight, 8, 8, 316
area, 10, 7, 79
removing, 1, 1, 133
strictly, 4, 4, 5
hey, 1, 1, 13
lol, 3, 3, 171
strict, 2, 2, 8
detectable, 1, 1, 5
low, 20, 17, 2541
lot, 31, 23, 1565
unproven, 2, 1, 5
patients, 6, 4, 14
billion, 1, 1, 1
complete, 1, 1, 20
newtonian, 2, 1, 1
mammals, 1, 1, 6
regard, 1, 1, 6
societal, 1, 1, 4526
24h, 1, 1, 1
indicators, 1, 1, 11
singlequote, 1, 1, 5
debunker, 1, 1, 114
cycle, 1, 1, 1
youthful, 1, 1, 1
technologies, 2, 2, 42
promote, 2, 2, 32
buying, 1, 1, 38
happening, 4, 3, 7
pull, 3, 3, 96
prototype, 1, 1, 8
applying, 3, 3, 2908
improved, 1, 1, 122
joint, 1, 1, 1
celebrating, 1, 1, 2
pulsars, 1, 1, 1
imgurcom2fgmdgm, 1, 1, 6
vice, 1, 1, 8
resolving, 1, 1, 1
ruse, 1, 1, 114
dirty, 1, 1, 5
engaging, 2, 2, 12
501, 1, 1, 1
agree, 4, 4, 13
strongly, 1, 1, 1
remedies, 1, 1, 4
intents, 1, 1, 41
vehicles, 2, 2, 24
oxen, 1, 1, 86
uid, 1, 1, 154
ai, 12, 8, 5509
certain, 10, 10, 171
nonmarginal, 1, 1, 6
al, 2, 1, 1
deep, 2, 2, 13
general, 17, 15, 3306
enable, 1, 1, 2890
hypertension, 7, 4, 4335
planets, 1, 1, 1
formulation, 2, 1, 1
diversity, 1, 1, 13
hospitals, 1, 1, 1
film, 1, 1, 28
ice, 2, 2, 2
giantmeaning, 1, 1, 1
scholarly, 3, 1, 6
moniker, 1, 1, 15
national, 1, 1, 1
credibility, 2, 2, 5
drivers, 8, 5, 4735
graduate, 2, 2, 4373
stubborn, 1, 1, 6
field, 20, 10, 3425
valid, 2, 2, 20
zwitterated, 2, 2, 1486
mathematics, 1, 1, 11
forcing, 3, 2, 167
pollutants, 1, 1, 3
preoccupation, 1, 1, 2
poor, 6, 5, 519
polar, 1, 1, 1
bmi, 4, 2, 20
phys, 13, 2, 2
games, 3, 2, 7
regardless, 1, 1, 12
separate, 2, 2, 3
students, 7, 6, 224
cosmetics, 1, 1, 1
symbol, 1, 1, 1
drainage, 2, 1, 0
anywhere, 1, 1, 35
includes, 1, 1, 19
waving, 1, 1, 10
push, 1, 1, 1
oglcnac, 14, 1, 7
important, 11, 11, 4871
recent, 7, 4, 12
coverage, 1, 1, 1
serious, 6, 6, 914
included, 1, 1, 1
overcame, 1, 1, 5
revolve, 1, 1, 1
pool, 1, 1, 17
alcohol, 3, 3, 63
carbs, 1, 1, 4239
codeacademy, 1, 1, 4
calls, 2, 2, 3
12month, 1, 1, 154
acids, 1, 1, 54
curve, 1, 1, 1
hello, 2, 2, 166
exhausting, 1, 1, 8
bystander, 1, 1, 1559
dramatic, 1, 1, 460
mass, 12, 4, 12
wherever, 1, 1, 3
behavioral, 2, 2, 283
alright, 1, 1, 3
upperclassmen, 1, 1, 4
starting, 2, 2, 1484
original, 2, 2, 6
migrated, 1, 1, 95
surrounded, 1, 1, 48
liar, 1, 1, 114
forget, 2, 2, 117
caused, 4, 4, 17
lack, 8, 7, 46
month, 8, 5, 40
cocaine, 1, 1, 3
dissolving, 1, 1, 6
thoughtful, 1, 1, 7
code, 2, 2, 17
cardiologist, 2, 1, 4239
fairness, 1, 1, 17
follow, 2, 2, 34
faster, 3, 1, 8
decisions, 1, 1, 5
reasoning, 1, 1, 518
causes, 5, 5, 28
hmmm, 1, 1, 5
synthetic, 2, 2, 1492
batches, 1, 1, 2
hunting, 1, 1, 1
tv, 1, 1, 2
lining, 1, 1, 1
watch, 1, 1, 424
wyoming, 1, 1, 6
removal, 3, 2, 538
program, 11, 7, 3214
dairy, 3, 2, 23
preserved, 1, 1, 6
barely, 1, 1, 3
sustain, 1, 1, 38
passed, 1, 1, 14
degeneration, 1, 1, 2
weeks, 3, 3, 11
activities, 1, 1, 48
woman, 9, 4, 446
worse, 5, 5, 48
attacksdisease, 1, 1, 1
apoptosis, 1, 1, 3
combustible, 1, 1, 2
fat, 23, 18, 2450
resistance, 5, 2, 93
gou, 1, 1, 1
perihelion, 1, 1, 1
fan, 1, 1, 38
decide, 1, 1, 184
surprise, 1, 1, 48
difference, 5, 4, 13
securely, 1, 1, 15
delivery, 1, 1, 1
fullincome, 1, 1, 1
louis, 1, 1, 3
misinformation, 1, 1, 11
list, 9, 8, 1123
joined, 1, 1, 9
t0, 27, 1, 1
grandfather, 1, 1, 7
large, 12, 11, 215
dinosaur, 1, 1, 2
sand, 1, 1, 2
013, 1, 1, 1
lobbyist, 1, 1, 15
ingest, 1, 1, 111
small, 7, 3, 70
biological, 1, 1, 2
conflicted, 1, 1, 2
cookies, 2, 2, 7
embodying, 1, 1, 6
rats, 5, 4, 2468
andor, 2, 2, 74
ten, 1, 1, 1
153412, 1, 1, 1
appearance, 1, 1, 2
191, 1, 1, 1
healed, 1, 1, 3
translating, 2, 2, 14
zero, 6, 3, 15
design, 2, 2, 10
perspective, 3, 3, 232
lawyer, 1, 1, 132
pass, 1, 1, 4
functioning, 1, 1, 9
falleles, 1, 1, 13
investment, 3, 1, 1
creatures, 1, 1, 2
457, 1, 1, 1
trick, 1, 1, 1
defence, 1, 1, 1
cues, 1, 1, 14
sub, 6, 5, 298
atrophys, 1, 1, 1
skeptic, 1, 1, 35
citations, 1, 1, 3
section, 2, 2, 508
caffeine, 3, 3, 4245
thickness, 1, 1, 1
adiposity, 2, 2, 4
version, 8, 2, 2
attitudes, 1, 1, 154
gi, 1, 1, 7
scientists, 4, 4, 7409
hv169sbnab, 1, 1, 13
learned, 5, 4, 1604
public, 10, 8, 4541
layers, 1, 1, 4
creation, 1, 1, 1
full, 10, 9, 81
mad, 1, 1, 8
nonischemic, 1, 1, 157
modify, 2, 2, 26
supposedly, 1, 1, 6
answers, 3, 2, 2
resulted, 1, 1, 1
behaviour, 1, 1, 184
combating, 1, 1, 1559
suicide, 1, 1, 21
hopelessness, 1, 1, 1
capacitor, 1, 1, 8
excess, 3, 2, 2
directions, 2, 2, 66
strong, 6, 6, 129
equations, 21, 3, 7
hormones, 1, 1, 3
245, 1, 1, 1
search, 2, 2, 98
highfunctioning, 1, 1, 8
substance, 1, 1, 1
teeth, 3, 2, 2
ahead, 1, 1, 4239
vegetarian, 1, 1, 7
allows, 2, 2, 14
experimenting, 1, 1, 86
experience, 7, 7, 2457
omeprazole, 1, 1, 2
prior, 13, 5, 13
amount, 10, 10, 88
ohhhhh, 1, 1, 54
social, 4, 4, 51
action, 2, 2, 2891
pulmonary, 1, 1, 85
extends, 1, 1, 42
pathological, 1, 1, 2
122915, 8, 2, 2
via, 1, 1, 3
predicate, 1, 1, 122
family, 11, 9, 5360
buses, 1, 1, 15
suddenly, 3, 2, 44
semiconductors, 1, 1, 9
imagine, 1, 1, 1
vin, 1, 1, 8
stuffing, 1, 1, 1
thatcher, 1, 1, 21
ask, 9, 9, 6268
semester, 1, 1, 7
indoors, 1, 1, 1
refitting, 1, 1, 6
trained, 2, 2, 2893
pulls, 2, 2, 10
coatings, 1, 1, 1483
extinction, 1, 1, 2
herring, 1, 1, 14
levine, 1, 1, 0
conventional, 2, 1, 8
nauseous, 1, 1, 1
flaws, 2, 2, 500
proceed, 2, 2, 38
chelyabinsk, 1, 1, 5
answered, 2, 2, 1491
distinct, 1, 1, 2
contains, 2, 2, 197
two, 16, 15, 736
damaged, 1, 1, 5
chaotic, 1, 1, 1
compensate, 1, 1, 2
lowfat, 1, 1, 19
selfcompassion, 1, 1, 6
6, 10, 7, 59
jive, 1, 1, 518
transgenderism, 1, 1, 2
breakthrough, 1, 1, 1
injury, 1, 1, 19
achieving, 1, 1, 1
minor, 1, 1, 6
teen, 1, 1, 2
fellow, 1, 1, 2
masculine, 1, 1, 21
coating, 1, 1, 1
company, 2, 2, 499
stable, 2, 2, 3
corrected, 1, 1, 9
tested, 1, 1, 2
antibiotics, 3, 3, 7
nonscientific, 1, 1, 30
basically, 9, 8, 208
subconcious, 1, 1, 14
particular, 3, 3, 51
known, 12, 9, 224
factories, 1, 1, 8
humoral, 1, 1, 13
glad, 1, 1, 54
presumed, 1, 1, 1
antiquity, 1, 1, 1
chemchamps, 3, 1, 1483
keeping, 4, 4, 4245
31day, 1, 1, 7
corpus, 1, 1, 5
hour, 6, 6, 34
cluster, 1, 1, 1
science, 56, 38, 9910
equation, 3, 2, 2
sucks, 1, 1, 10
faced, 3, 3, 19
dramatically, 1, 1, 2
offended, 1, 1, 17
remain, 1, 1, 1
examined, 1, 1, 154
resources, 1, 1, 38
sociocultural, 1, 1, 3
learn, 4, 3, 17
strategies, 1, 1, 4239
adjusted, 1, 1, 1
male, 3, 3, 42
dee, 1, 1, 6
history, 9, 8, 4503
ions, 2, 2, 3
compare, 1, 1, 48
prehistory, 1, 1, 6
stood, 1, 1, 11
challenging, 2, 2, 4242
impacts, 1, 1, 5
scan, 3, 2, 49
share, 1, 1, 4
moon, 1, 1, 3
accept, 1, 1, 184
epicpn, 1, 1, 1
states, 3, 3, 26
unbiased, 1, 1, 5
breathing, 9, 1, 85
numbers, 5, 5, 4279
gallons, 1, 1, 1
sense, 7, 7, 196
herewhich, 1, 1, 6
phrase, 4, 4, 334
species, 5, 4, 11
multilayers, 1, 1, 1483
axis, 1, 1, 1
information, 15, 10, 12555
needs, 5, 5, 219
1054, 1, 1, 1
goal, 2, 2, 51
rather, 10, 10, 973
imminent, 1, 1, 5
utilize, 1, 1, 64
poverty, 1, 1, 95
snippet, 1, 1, 5
ninetyfour, 1, 1, 1
mention, 4, 3, 5
donors, 1, 1, 1
speeding, 1, 1, 8
shoes, 1, 1, 1
explains, 2, 2, 8
elective, 1, 1, 2
simplicity, 1, 1, 2
plant, 4, 4, 40
okay, 1, 1, 28
intended, 1, 1, 6
rude, 4, 4, 22
communicating, 1, 1, 1483
advice, 1, 1, 7
weaknesses, 2, 1, 21
singularities, 5, 3, 7
treatments, 1, 1, 4239
sophistication, 1, 1, 1
reflect, 1, 1, 21
fa, 1, 1, 154
tries, 3, 2, 36
blood, 17, 10, 4675
organism, 1, 1, 3
rampant, 1, 1, 21
popular, 2, 2, 10
develop, 1, 1, 1
ethics, 3, 3, 4550
derives, 1, 1, -1
unprocessable, 1, 1, 1483
apraxia, 1, 1, 1
shortcomings, 1, 1, 30
organization, 1, 1, 15
preferential, 1, 1, 13
enzymes, 2, 1, 7
causation, 3, 3, 52
spectra, 1, 1, 1
hauling, 1, 1, 2
anytime, 1, 1, 1
declining, 1, 1, 2
discussing, 1, 1, 48
responsibility, 1, 1, 2
instuitionalized, 1, 1, 398
media, 1, 1, 5
rentals, 1, 1, 19
discover, 1, 1, 114
egg, 2, 2, 2
playing, 2, 2, 10
drink, 1, 1, 10
corresponded, 1, 1, 1
conducts, 1, 1, 8
help, 11, 10, 584
disables, 1, 1, 2
developed, 6, 6, 38
flowers, 1, 1, 1
soon, 3, 3, 1485
held, 3, 3, 1693
thermal, 1, 1, 1
scientist, 2, 2, 16
filters, 1, 1, 133
signs, 2, 2, 30
strength, 1, 1, 2
hell, 2, 2, 9
cardiovascular, 7, 6, 4285
24, 3, 2, 8
25, 3, 3, 33
26, 2, 2, 225
27, 2, 2, 45
20, 11, 10, 270
champs, 1, 1, 3
22, 1, 1, 1
sodium, 4, 1, 3
misspelled, 1, 1, 1
neutralizing, 1, 1, 13
lateral, 1, 1, 4
solving, 1, 1, 15
actually, 24, 21, 212
symptoms, 4, 4, 23
strange, 3, 2, 9
systems, 17, 8, 4565
nifty, 1, 1, 1
selection, 1, 1, 1
travelling, 1, 1, 5
cool, 5, 5, 53
might, 18, 15, 100
alter, 2, 2, 10
ammounts, 1, 1, 16
someone, 22, 20, 1209
return, 6, 3, 5
intimamedia, 1, 1, 1
aggressively, 1, 1, 73
food, 9, 7, 1688
propose, 1, 1, 1
suggestions, 1, 1, 114
males, 1, 1, 8
socially, 1, 1, 935
lessen, 1, 1, 0
encouraging, 1, 1, 73
bag, 1, 1, 1
penetrate, 1, 1, 1
party, 1, 1, 3
inception, 1, 1, -2
assumptions, 1, 1, 1
semiconducting, 1, 1, 8
complain, 2, 1, 21
association, 3, 3, 4534
instructions, 6, 3, 3
conditionshigh, 1, 1, 289
easily, 5, 5, 210
finite, 1, 1, 1
products, 2, 2, 25
redesign, 1, 1, 2
instances, 1, 1, 1
always, 26, 23, 5029
decimal, 1, 1, 1
presented, 1, 1, 1
capability, 1, 1, 4
courses, 1, 1, 4
inequality, 1, 1, 5
subjugation, 1, 1, 21
turns, 4, 4, 208
saltresponsive, 3, 1, 1
found, 12, 11, 2221
exquisite, 1, 1, 7
referred, 1, 1, 6
heavy, 3, 2, 9
reactions, 1, 1, 1483
harm, 3, 2, 156
everyone, 8, 6, 257
detect, 1, 1, 3
formulate, 1, 1, 1
conflicting, 1, 1, 289
house, 1, 1, 1
energy, 13, 10, 98
hard, 16, 14, 4430
reduce, 5, 5, 4596
idea, 12, 11, 1326
adam, 1, 1, 1
gun, 1, 1, 3
autobiographical, 1, 1, 5
programs, 6, 4, 160
oil, 7, 5, 18
expect, 2, 2, 2891
heartburn, 1, 1, 2
measurement, 1, 1, 2
quantum, 5, 4, 5
carry, 2, 2, 21
beyond, 4, 4, 738
event, 12, 6, 413
really, 39, 31, 1425
stands, 3, 3, 21
wager, 1, 1, 1
psychology, 6, 6, 681
wondered, 1, 1, 10
confounders, 1, 1, 122
bullied, 2, 1, 45
cardiomyopathy, 1, 1, 157
since, 13, 13, 2314
projected, 2, 1, 1
publish, 1, 1, 10
research, 23, 19, 7456
enjoyment, 1, 1, 51
health, 23, 18, 5312
hill, 1, 1, 1483
7, 5, 2, 2
ate, 3, 3, 2359
print, 1, 1, 2
histone, 2, 1, 7
issue, 6, 5, 356
highway, 1, 1, 2
ass, 2, 2, 15
bald, 1, 1, 8
w7x, 1, 1, 7
bully, 8, 4, 326
fulltexttype, 2, 1, 0
dirt, 1, 1, 2
structurally, 1, 1, 6
yale, 1, 1, 4526
story, 2, 2, 120
diploma, 4, 3, 2899
labs, 1, 1, 1
extraordinary, 1, 1, -13
reason, 15, 14, 447
pitfalls, 1, 1, 4526
alzheimer, 1, 1, 7
tiniest, 1, 1, 1
palmitic, 1, 1, 54
put, 8, 8, 205
teach, 4, 4, 403
automation, 10, 9, 5486
beginning, 2, 2, 2
generate, 3, 3, 73
thrown, 2, 2, 3
definition, 2, 2, 21
owners, 1, 1, 3
benefits, 3, 3, 4681
thread, 1, 1, 132
spinach, 1, 1, 5
success, 2, 2, 399
terribly, 1, 1, 8
american, 8, 6, 10278
expecting, 4, 4, 91
exponentially, 1, 1, 1
w, 2, 1, 1
conductors, 1, 1, 4
undergo, 1, 1, 4
proteome, 2, 1, 7
glycosylation, 3, 1, 7
major, 12, 8, 566
mr, 1, 1, 10
unhealthy, 3, 3, 42
feel, 16, 12, 2104
relate, 1, 1, 17
bullies, 1, 1, 11
patience, 1, 1, 85
number, 9, 7, 555
preservation, 1, 1, 6
linking, 1, 1, 5
sympathy, 1, 1, 21
brave, 1, 1, 73
done, 17, 15, 2829
imgurcom1ge57wr, 1, 1, 6
slower, 1, 1, 5
fluxes, 1, 1, 7
miss, 3, 3, 45
propranolol, 1, 1, 9
equating, 1, 1, 35
passes, 1, 1, 2
guess, 1, 1, 2035
introduction, 1, 1, 5
leading, 1, 1, 3
townful, 1, 1, 17
porn, 1, 1, 1
chime, 1, 1, 13
least, 10, 9, 244
lipator, 1, 1, 73
regulation, 1, 1, 2
wonderful, 1, 1, 4239
calculations, 1, 1, 1
esselstyn, 1, 1, 26
levav, 1, 1, 0
analytical, 6, 5, 195
essays, 1, 1, 1
molecular, 1, 1, 7
keto, 1, 1, 157
shifted, 1, 1, 19
figures, 1, 1, 17
muscles, 2, 2, 11
option, 1, 1, 2890
relationship, 3, 3, 22
trapped, 1, 1, 1483
urbanization, 1, 1, 1
payouts, 1, 1, 18
biomass, 1, 1, 1
chips, 2, 2, 9
appreciation, 1, 1, 10
part, 12, 12, 4731
differentiate, 2, 1, 3
doctors, 4, 3, 2968
263, 1, 1, 1
believe, 22, 19, 3348
convinced, 1, 1, 48
188, 1, 1, 1
entropy, 2, 1, 1
obama, 1, 1, 1
diffusion, 2, 1, 1483
king, 1, 1, 9
kind, 15, 14, 4961
b, 4, 4, 1491
critically, 1, 1, 132
mortality, 1, 1, 7
horizons, 1, 1, 2
double, 3, 3, 16
anticipate, 1, 1, 7
grey, 1, 1, 209
levels, 7, 7, 442
immense, 1, 1, 2
greener, 1, 1, 0
marriage, 1, 1, 62
risks, 4, 4, 4536
secday, 2, 1, 1
gps, 6, 2, 2
treated, 1, 1, 3
subsidies, 1, 1, 1
procedural, 1, 1, 17
swerve, 1, 1, 5
outstanding, 1, 1, 16
strengthen, 1, 1, 17
cleveland, 1, 1, 9
defect, 2, 2, 5
roughly, 1, 1, 5
postscarcity, 1, 1, 7
juice, 1, 1, 7
substantial, 2, 2, 23
room, 1, 1, 1
alike, 1, 1, 11
mos2, 1, 1, 4
gall, 1, 1, 2
selling, 1, 1, 1
aged, 1, 1, 2
glycsoylated, 4, 1, 7
remodel, 1, 1, 38
lie, 1, 1, 8
wilson, 1, 1, 40
generic, 4, 2, 2
rochester, 3, 1, 4239
built, 2, 2, 8
discounts, 1, 1, 1
self, 12, 7, 56
poincaire, 2, 1, 1
nexium, 1, 1, 1
reliance, 1, 1, 10
onset, 1, 1, 4
majority, 2, 2, 48
labour, 1, 1, 19
useless, 1, 1, 19
duped, 1, 1, 114
bouncing, 1, 1, 8
finding, 2, 2, 388
extrapolating, 1, 1, 3
stenosis, 1, 1, 3
drinks, 3, 2, 24
confounded, 1, 1, 2
tool, 1, 1, 394
rna, 2, 1, 7
seedless, 1, 1, 3
play, 7, 7, 33
bisognano, 7, 6, 4411
inverter, 1, 1, 8
mentality, 1, 1, 48
eggs, 4, 3, 6
measures, 1, 1, 424
fresco, 1, 1, 9
experiences, 2, 2, 4527
plan, 3, 2, 20
significant, 6, 6, 37
70, 2, 2, 940
nothing, 14, 14, 239
accepting, 1, 1, 3
3055, 1, 1, 1
extremely, 10, 9, 439
smbc, 1, 1, 2
victimization, 3, 1, 154
schlenoff, 3, 2, 1493
unequal, 1, 1, 7
bug, 1, 1, 1
mobile, 2, 2, 4
clear, 4, 4, 578
sometimes, 1, 1, 5
cover, 3, 2, 4
km, 3, 1, 1
ks, 1, 1, 1
giving, 1, 1, 5
permaban, 1, 1, 7
electrons, 4, 2, 9
amazed, 2, 2, 2
clean, 1, 1, 2
kt, 1, 1, 6
brookhaven, 1, 1, 1
narcisst, 1, 1, 2
physics, 10, 6, 237
acepts, 1, 1, 7
sector, 1, 1, 8
willwood, 1, 1, 6
particularly, 5, 3, 158
gold, 1, 1, 2035
consult, 1, 1, 20
randi, 2, 1, 114
prescription, 1, 1, 1
si, 1, 1, 4
businesses, 2, 2, 40
astrophys, 2, 1, 1
excessive, 1, 1, 2
screenshots, 1, 1, 79
find, 18, 16, 201
dilation, 33, 3, 3
occupation, 1, 1, 20
impact, 10, 7, 8815
cell, 1, 1, 7
giant, 13, 8, 261
thinkhope, 1, 1, 6
damour, 2, 1, 1
consistently, 1, 1, 20
justice, 1, 1, 17
stairs, 1, 1, 1
ruin, 1, 1, 20
heavily, 1, 1, 7
distributed, 1, 1, 2
evidencebased, 1, 1, 2
unjustly, 1, 1, 17
betray, 1, 1, 30
pretty, 10, 9, 88
factor, 11, 7, 18
8, 8, 6, 1518
circle, 1, 1, 5
boulder, 1, 1, 196
hit, 5, 5, 106
therefore, 1, 1, -3
dependent, 1, 1, 3
liquid, 1, 1, 1
banned, 18, 13, 3558
express, 1, 1, 21
pregnant, 4, 2, 17
trees, 1, 1, 1
country, 1, 1, 47
somehow, 1, 1, 15
grew, 2, 2, 4
valuable, 3, 2, 5
pretending, 1, 1, 2
international, 1, 1, 10
combinations, 1, 1, 3
dose, 3, 3, 4
enemy, 1, 1, 11
fallible, 1, 1, 184
frankly, 1, 1, 73
progressive, 1, 1, 1
yeesh, 1, 1, 21
childhood, 5, 5, 130
generally, 3, 3, 26
remove, 5, 4, 162
harassing, 1, 1, 82
interviewer, 1, 1, 8
investigate, 1, 1, 30
prescribing, 1, 1, 73
caramel, 1, 1, 2
common, 11, 11, 299
inefficient, 1, 1, 184
activity, 3, 2, 44
sustainable, 1, 1, 38
x, 12, 7, 56
obscure, 1, 1, 4
3d, 4, 2, 9
repulsed, 3, 1, 21
voltage, 4, 1, 8
insane, 1, 1, 18
becher, 1, 1, 0
set, 3, 3, 4269
art, 1, 1, 4
bart, 1, 1, 4526
achieved, 2, 2, 31
intelligence, 8, 6, 4938
disturbed, 1, 1, 7
topics, 1, 1, 20
roc, 1, 1, 157
mantra, 1, 1, 42
see, 37, 35, 5817
individual, 1, 1, 124
dumb, 2, 2, 305
plummeted, 1, 1, 398
mediators, 2, 1, 45
tender, 1, 1, 5
close, 6, 6, 54
geologic, 1, 1, -3
pvl, 1, 1, 3
declined, 1, 1, 2
chose, 1, 1, 6
unrelated, 1, 1, 122
repairs, 1, 1, 2
nsls, 1, 1, 1
gravitation, 6, 2, 2
desires, 1, 1, 756
binds, 1, 1, 3
ithaca, 1, 1, 4526
superseded, 1, 1, 48
currently, 5, 5, 1507
please, 14, 10, 2926
woo, 1, 1, 1
various, 4, 4, 30
consuming, 2, 2, 14
agerelated, 1, 1, 3
probably, 11, 10, 277
hold, 1, 1, 21
donate, 1, 1, 18
conditions, 4, 4, 28
supposed, 5, 4, 696
europe, 1, 1, 8
recently, 7, 7, 418
statistically, 1, 1, 17
missing, 3, 3, 28
initially, 1, 1, 8
processes, 1, 1, 2
interfaces, 1, 1, 1483
attention, 1, 1, 424
confiscated, 1, 1, 1
poorer, 1, 1, 184
spray, 1, 1, 3
poc, 1, 1, 1
distinguish, 2, 2, 2906
printing, 1, 1, 1
delivering, 1, 1, 2
genderneutral, 1, 1, 25
c, 6, 2, 4
toward, 2, 2, 157
last, 9, 9, 1631
reverse, 3, 3, 276
consistent, 2, 2, 20
powers, 5, 4, 985
annual, 2, 2, 4710
explore, 2, 2, 4240
input, 2, 2, 214
sensitive, 1, 1, 124
roman, 2, 1, 95
became, 3, 3, 495
context, 1, 1, 507
retarded, 2, 2, 758
let, 5, 4, 44
autoimmune, 1, 1, 3
whole, 10, 8, 451
finds, 2, 2, 4
experimental, 2, 2, 3
insurance, 4, 3, 282
hacksawing, 1, 1, 1
regulates, 1, 1, 7
distress, 1, 1, 19
luxurious, 1, 1, 3
point, 22, 20, 5562
simple, 4, 4, 31
sweet, 2, 2, 261
acted, 1, 1, 17
fitness, 4, 4, 32
community, 6, 6, 159
except, 1, 1, 3
vardi, 1, 1, 4526
simply, 7, 6, 67
precognition, 1, 1, 5
antibiofilms, 1, 1, 1
volunteered, 3, 3, 3
startling, 1, 1, 1
ensures, 1, 1, 2
roaring, 1, 1, 1
cream, 1, 1, 1
raise, 2, 2, 8
pt, 1, 1, 3
chick, 1, 1, -3
gravity, 21, 2, 2
create, 4, 4, 54
intracellular, 1, 1, 7
political, 5, 4, 64
due, 20, 17, 4873
screened, 1, 1, 4239
hitting, 1, 1, 10
reduction, 1, 1, 154
dropping, 1, 1, 30
complicated, 2, 2, 2
maintenance, 1, 1, 8
ocean, 1, 1, 1
clinical, 2, 2, 155
meeting, 2, 2, 4591
empty, 1, 1, 2
pm, 5, 3, 10248
firm, 1, 1, 334
generating, 1, 1, 3
consume, 1, 1, 2
0001, 1, 1, 1
cosmological, 1, 1, 1
silenced, 1, 1, 17
ages, 1, 1, 2
wheeler, 1, 1, 1
gas, 2, 2, 2
39, 1, 1, 154
modelling, 1, 1, 1
else, 6, 6, 129
adaptable, 1, 1, 3
moderation, 7, 3, 4247
38, 1, 1, 154
understand, 13, 13, 2174
specifically, 9, 9, 723
demand, 2, 2, 26
gag, 1, 1, 518
despite, 3, 3, 12
honest, 1, 1, 114
plants, 3, 3, 16
intriguing, 2, 2, 4
advocating, 1, 1, 3
look, 14, 14, 5292
solid, 1, 1, 5
reliable, 1, 1, 19
tolerate, 1, 1, 82
informing, 1, 1, 2
pill, 3, 3, 77
wasted, 1, 1, 2
healthy, 21, 16, 4894
replaced, 6, 4, 219
behavior, 11, 9, 770
shift, 8, 3, 25
fun, 1, 1, 114
mly, 1, 1, 1
lingo, 1, 1, 1
engineers, 1, 1, 2890
exclude, 1, 1, 1
styles, 1, 1, 1
larger, 3, 3, 2
empathy, 4, 4, 6
ujuhamac, 1, 1, 394
backbone, 1, 1, 95
haunts, 1, 1, 1
rin, 1, 1, 1
terminator, 1, 1, 8
raamp, 2, 1, 0
screws, 1, 1, 14
stoves, 2, 1, 1
rig, 5, 1, 2
carbon, 2, 1, -3
34, 1, 1, 19
saline, 1, 1, 4
funny, 2, 2, 3
regulate, 3, 2, 9
twofold, 1, 1, 17
baseline, 2, 2, 155
glycogen, 1, 1, 10
bioethics, 1, 1, 4526
leafy, 1, 1, 5
smartphones, 1, 1, 8
elevated, 3, 2, 25
read, 19, 16, 2376
muscle, 1, 1, 3
2744, 1, 1, 1
widely, 1, 1, 97
grand, 1, 1, 2
9, 10, 4, 8767
survey, 1, 1, 6
overprescribed, 1, 1, 73
dozen, 1, 1, 491
composition, 8, 2, 2
neutron, 2, 1, 41
higher, 12, 10, 4003
development, 4, 4, 128
fodmap, 1, 1, 5
calculation, 2, 1, 1
used, 19, 18, 886
cartridge, 1, 1, 1
powerdominance, 1, 1, 21
yesterday, 1, 1, 40
viewing, 1, 1, 2
walmart, 1, 1, 2
uses, 5, 5, 2262
purpose, 1, 1, 51
005, 1, 1, 1
contaminants, 1, 1, 3
robust, 1, 1, 2
fabrication, 1, 1, 4
loaded, 1, 1, 5
narcissts, 1, 1, 2
dark, 6, 3, 4
lower, 9, 6, 561
ironically, 1, 1, 1
jbs, 3, 2, 1487
older, 4, 4, 26
percentages, 1, 1, 20
studies, 11, 10, 40
increases, 6, 5, 28
analysis, 4, 4, 10
obviously, 2, 2, 5
phosphorylated, 1, 1, 7
person, 22, 14, 1266
synopsis, 1, 1, 1
edge, 2, 2, 11
systolic, 2, 1, 7
involves, 1, 1, 1
entry, 1, 1, 1
chemistry, 12, 8, 1684
autonomisation, 3, 1, 8
prevention, 3, 3, 83
distances, 1, 1, 1
abilities, 1, 1, 6
exploits, 1, 1, 491
burden, 1, 1, 1
leaking, 1, 1, 21
technicians, 1, 1, 8
ldl, 5, 3, 22
psr, 2, 1, 1
shape, 2, 2, 20
questions, 27, 15, 10373
using, 24, 15, 2457
useful, 4, 4, 20
startups, 1, 1, 10
sidebar, 2, 2, 2895
nutritionally, 1, 1, 3
discipline, 1, 1, 5
tables, 1, 1, 65
metric, 2, 2, 123
cut, 4, 4, 19
corroborated, 1, 1, 1
readers, 4, 4, 4
hated, 1, 1, 116
workers, 1, 1, 460
danger, 1, 1, 6
exercising, 5, 4, 4374
exclusively, 1, 1, 6
snag, 1, 1, 2
makers, 1, 1, 1
source, 9, 9, 47
cue, 1, 1, 6
epigentics, 1, 1, 7
parents, 5, 5, 406
artery, 1, 1, 1
relevance, 4, 4, 223
influencing, 1, 1, 756
nonsmoking, 1, 1, 8
submissions, 1, 1, 2890
excited, 1, 1, 20
surprised, 5, 4, 14
harvesting, 1, 1, 86
narcissism, 8, 6, 38
australia, 2, 2, 47
lacking, 2, 2, 14
format, 1, 1, 2890
big, 13, 13, 364
showing, 1, 1, 17
advocate, 1, 1, 1
displace, 1, 1, 5
regeneration, 1, 1, 1
judgement, 1, 1, 1
suffering, 1, 1, 8
fare, 1, 1, 935
narcissist, 5, 5, 26
bit, 6, 6, 613
332, 1, 1, 1
projects, 2, 2, 15
like, 88, 71, 12761
skeptical, 4, 4, 265
modifications, 1, 1, 7
900, 1, 1, 1
submission, 3, 3, 781
polymers, 3, 1, 1
signal, 2, 2, 6
pounds, 2, 2, 159
gullible, 1, 1, 6
holes, 10, 3, 7
chow, 2, 1, 2351
shapes, 1, 1, 1483
ketogenichigh, 1, 1, 22
continue, 4, 4, 958
yields, 1, 1, 1
nutrients, 1, 1, 9
jolted, 1, 1, 398
reduces, 1, 1, 42
terminology, 1, 1, 3
logically, 2, 1, 132
dietslifestyles, 1, 1, 44
google, 3, 3, 4563
methods, 4, 4, 404
sulfur, 1, 1, 1
absolutely, 2, 2, 15
goddamn, 1, 1, 1
schoolwide, 1, 1, 154
back, 13, 11, 10699
ah, 1, 1, 1
limb, 1, 1, 21
strongest, 1, 1, 154
towards, 10, 9, 92
examples, 2, 1, 133
hadesarchaea, 1, 1, 10
feddiabetichigh, 1, 1, 7
curious, 6, 6, 25
sprint, 1, 1, 7
b153412i, 1, 1, 1
scale, 8, 6, 122
describing, 3, 2, 8
culprit, 1, 1, 1
pet, 1, 1, 5
affects, 2, 2, 4
decision, 2, 2, 32
benefit, 1, 1, 756
per, 6, 5, 1041
pes, 1, 1, 6
religion, 1, 1, 935
behave, 1, 1, 1483
eliminate, 1, 1, 1483
slash, 1, 1, 5
quote, 3, 3, 143
excluding, 1, 1, 3
fragments, 1, 1, 6
anna, 1, 1, 2
either, 5, 5, 115
inserting, 1, 1, 1
run, 6, 5, 180
ba, 3, 3, 37
300, 1, 1, 1
nasal, 6, 1, 85
offenders, 1, 1, 518
use, 32, 21, 2352
stem, 2, 2, 15
erected, 1, 1, 2
step, 6, 6, 4796
nowhere, 1, 1, 2
bs, 6, 4, 18
cgp, 1, 1, 209
sensimilla, 2, 1, 3
vaccine, 2, 2, -3
dormant, 1, 1, 2
lowercost, 1, 1, 10
goods, 5, 2, 5
usa, 2, 2, 8
anything, 21, 20, 8778
nm_flmg_slf_3, 1, 1, 114
simulation, 3, 3, -5
indulgence, 1, 1, 6
range, 4, 3, 13
repulsion, 1, 1, 21
together, 4, 4, 21
messaging, 1, 1, 2890
complimentary, 1, 1, 5
gamma, 2, 1, 1
pollution, 1, 1, 1
credible, 1, 1, 2890
seeing, 8, 8, 8866
skeptics, 1, 1, 935
amas, 5, 4, 13
within, 3, 3, 2897
nonsense, 1, 1, 132
drain, 1, 1, 8
services, 3, 1, 3
appropriate, 4, 4, 2893
primarily, 1, 1, 3
alpha, 3, 1, 1
proportional, 2, 2, 19
lesson, 1, 1, 2
next, 5, 4, 26
downhill, 2, 2, 6
smells, 1, 1, 1
oxidized, 1, 1, 12
statistics, 1, 1, 17
spam, 3, 2, 29
spending, 1, 1, 1
measured, 6, 2, 2
question, 19, 18, 4667
submit, 2, 2, 2891
nonconstructive, 1, 1, 7
suit, 1, 1, 1
forward, 6, 6, 4258
dissertations, 1, 1, 4
bored, 1, 1, 3
1446, 1, 1, 1
forlornly, 1, 1, 6
wondering, 6, 6, 106
inches, 1, 1, -13
driverless, 1, 1, 2
clots, 1, 1, 8
memory, 1, 1, 1
flowing, 1, 1, 2
psychoactive, 1, 1, 2
hoped, 1, 1, 6
encode, 1, 1, 13
larry, 1, 1, 9
link, 12, 11, 3350
multilevel, 1, 1, 154
scales, 3, 2, -9
atom, 2, 1, 0
episode, 2, 2, 4
line, 5, 2, 936
tachycardia, 1, 1, 6
ighv169, 1, 1, 13
posted, 9, 7, 327
directed, 3, 3, 4
utc, 3, 3, 10248
chloresterol, 1, 1, 424
microorganisms, 1, 1, 10
caller, 1, 1, 8
us, 16, 15, 13566
stalking, 1, 1, 82
planet, 2, 2, 29
nostrils, 1, 1, 85
verification, 2, 1, 2890
continuously, 1, 1, 2
nmos, 1, 1, 8
autonomous, 7, 4, 4981
z, 1, 1, 0
similar, 9, 9, 527
medical, 13, 11, 4497
exposures, 1, 1, 3
v, 1, 1, 40
pageviews, 1, 1, 7
reconcile, 1, 1, 491
defined, 1, 1, 1
likewise, 1, 1, 5
elitist, 1, 1, 1
influence, 4, 3, 4998
tarped, 1, 1, 2
single, 6, 5, 55
warning, 5, 2, 36
reservoirs, 1, 1, 1483
modeling, 1, 1, 154
triglycerides, 5, 2, 78
oval, 1, 1, 45
spesific, 2, 1, 2
traditional, 2, 1, 6
immunologist, 1, 1, 13
calm, 1, 1, 3
amounts, 3, 3, 529
water, 4, 3, 18
fracking, 1, 1, 1
thinks, 1, 1, 11
nas, 1, 1, 491
definitely, 3, 3, 28
electrical, 1, 1, 8
genome, 3, 2, 8
income, 4, 4, 86
picking, 1, 1, 8
articuno, 1, 1, 3
nice, 10, 10, 2430
explaining, 2, 2, 403
draw, 1, 1, 2351
wow, 1, 1, 2
users, 9, 3, 536
cram, 1, 1, 3
wrinkly, 1, 1, 1
mismatch, 1, 1, 1
smiley, 1, 1, 20
problems, 11, 8, 263
robots, 6, 4, 4793
pretended, 1, 1, 491
prepared, 2, 2, 4527
helping, 3, 2, 4240
meaning, 3, 3, 534
moderates, 1, 1, 154
allowing, 1, 1, 15
lunch, 1, 1, 45
hair, 2, 2, 2
sides, 2, 2, 9
structure, 1, 1, 1
feasible, 1, 1, 9
ago, 8, 8, 1694
lane, 1, 1, 5
correlated, 2, 2, 1057
e, 5, 3, 3
middleincome, 1, 1, 1
fluorescence, 1, 1, 1
antigens, 2, 1, 1
cavernosum, 1, 1, 5
tubes, 1, 1, 1483
age, 9, 7, 115
required, 1, 1, 20
youtube, 1, 1, 9
orbit, 3, 2, 2
walked, 1, 1, 5
oppress, 1, 1, 21
2002, 1, 1, 1
depth, 1, 1, 8
correlates, 1, 1, 47
karma, 2, 2, 25
2004, 1, 1, 1
literally, 3, 3, 182
far, 4, 3, 124
svt, 1, 1, 4
2009, 1, 1, 1
requires, 3, 3, 17
humandriven, 1, 1, 184
gt, 32, 28, 2590
wire, 2, 1, 8
brainscan, 1, 1, 1
processed, 1, 1, 2
results, 30, 16, 331
existing, 1, 1, 6
graphene, 1, 1, 4
baby, 2, 2, 102
chemistryrelated, 1, 1, 8
legal, 1, 1, 20
broader, 1, 1, 1
go, 13, 12, 4311
furhman, 1, 1, 26
gm, 4, 1, 1
nematodes, 1, 1, 1
contributions, 2, 2, 6
centers, 2, 2, 4241
issues, 8, 8, 4575
seemed, 2, 2, 12
penis, 1, 1, 5
slipseat, 1, 1, 2
hundred, 1, 1, 2
concerned, 3, 3, 126
dissidents, 2, 1, 19
young, 3, 3, 147
send, 4, 3, 2900
nose, 3, 1, 85
intensive, 1, 1, 85
expert, 1, 1, 3
helps, 2, 2, 1568
excluded, 1, 1, 8
late, 3, 3, 52
nonlearning, 1, 1, 8
passion, 2, 1, 10
include, 4, 4, 51
friendly, 1, 1, 206
sent, 1, 1, 5
brigade, 1, 1, 20
locus, 1, 1, 3
probe, 1, 1, 1
wished, 1, 1, 1
provides, 2, 2, 16
dessert, 1, 1, 11
confounding, 2, 2, 186
miners, 1, 1, 3
wave, 1, 1, 5
ed2, 1, 1, 507
ed3, 1, 1, 507
electron, 3, 3, 5
putting, 1, 1, 1
underscore, 1, 1, 154
drinking, 2, 2, 57
ending, 1, 1, 19
continued, 2, 2, 9
cuteweakmanipulate, 1, 1, 21
entire, 3, 2, 405
moderate, 2, 2, 104
magic, 2, 2, 12
gender, 2, 1, 2
array, 1, 1, 2
unusual, 2, 2, 6
attempts, 1, 1, 3
fewer, 1, 1, 3
try, 4, 4, 160
threat, 1, 1, 2
skipped, 2, 2, 7
52yearsold, 1, 1, 1
car, 9, 5, 4831
imgur, 1, 1, 2890
trs, 1, 1, 1
deleting, 2, 2, 18
smaller, 1, 1, 10
overblown, 1, 1, 3
iimgurcomphhmfv5jpg, 1, 1, 6
issuing, 1, 1, 1
flu, 1, 1, 6
carotid, 1, 1, 1
mediterranean, 1, 1, 1
ripped, 1, 1, 18
silly, 1, 1, 3
fold, 1, 1, 7
sextypical, 1, 1, 3
video, 10, 8, 2142
picked, 1, 1, 45
earth, 10, 5, 18
manipulating, 1, 1, 756
dynamics, 1, 1, 1
acid, 3, 2, 2
odd, 1, 1, 2
click, 2, 2, 4
depression, 6, 5, 174
universities, 1, 1, 9
professionalize, 1, 1, 95
plays, 1, 1, 73
power, 6, 3, 802
rate, 8, 8, 208
carthage, 1, 1, 95
fine, 2, 2, 186
marketed, 1, 1, 73
recommendation, 1, 1, 3
networks, 1, 1, 3
access, 6, 5, 537
seconds, 1, 1, 1
waiting, 1, 1, 1
experiment, 5, 3, 116
theres, 2, 2, 12
incidents, 1, 1, 154
bird, 4, 4, 29
exercise, 26, 15, 4547
publications, 4, 4, 11
body, 6, 6, 33
ntype, 1, 1, 9
led, 3, 3, 160
jnc8, 1, 1, 7
degree, 19, 15, 5464
respectively, 1, 1, 21
pushing, 1, 1, 6
commercial, 3, 3, 3
nonexistent, 1, 1, 19
leo, 1, 1, 1483
highly, 3, 2, 134
following, 5, 5, 4373
bachelor, 3, 3, 2929
objects, 5, 3, 4
focused, 4, 4, 1745
healing, 1, 1, 3
separation, 1, 1, 2
others, 16, 16, 2235
consideration, 1, 1, 17
implicit, 3, 3, 93
oglnac, 1, 1, 7
extreme, 6, 4, 5055
cyclist, 1, 1, 38
vinegar, 1, 1, 4
great, 13, 13, 478
biodiversity, 1, 1, 6
talent, 1, 1, 14
skyrocketed, 1, 1, 1
technical, 2, 1, 13
involved, 2, 2, 24
31, 1, 1, 1
30, 14, 8, 225
36, 1, 1, 44
35, 2, 2, 1574
leaving, 1, 1, 2890
gl, 1, 1, 7
suggests, 4, 4, 33
resulting, 1, 1, 17
definitively, 1, 1, 5
nervous, 1, 1, 122
opinion, 12, 12, 3376
climb, 1, 1, 3
gene, 1, 1, 13
makes, 16, 14, 2953
relation, 2, 2, 330
thats, 2, 2, 15
examining, 1, 1, 4526
apple, 1, 1, 4
heart, 77, 54, 7055
335, 1, 1, 1
win, 2, 2, 278
fractured, 1, 1, 1
speed, 8, 3, 14
crazy, 1, 1, 2
private, 1, 1, 19
outcomes, 1, 1, 7
anomalies, 1, 1, 1
buildup, 1, 1, 1483
apply, 2, 2, 1692
tools, 2, 2, 11
manipulate, 4, 4, 824
fracturing, 1, 1, 1
standing, 2, 1, 95
strapped, 1, 1, -13
confidence, 4, 4, 2970
craw, 1, 1, 1
certificate, 1, 1, 4
illegal, 1, 1, 2
ques, 1, 1, 4
cretaceous, 1, 1, 1
nobel, 1, 1, 95
guy, 2, 2, 9
fet, 2, 1, 9
doubt, 2, 2, -11
cheeky, 1, 1, 4
subsidized, 1, 1, 122
oils, 1, 1, 6
3892, 1, 1, 2
toy, 1, 1, 3
dreams, 1, 1, -2
start, 9, 7, 237
sort, 7, 7, 225
clever, 1, 1, 15
upcoming, 1, 1, 1483
salleh, 1, 1, 2
started, 3, 3, 8
becomes, 6, 6, 169
inclined, 1, 1, 25
benchmark, 1, 1, 3
occurred, 1, 1, 6
pfo, 1, 1, 3
ornish, 1, 1, 44
train, 1, 1, 3
ashamed, 1, 1, 9
hardened, 1, 1, 6
eccentricity, 1, 1, 1
lifestyle, 12, 7, 4479
2gm, 1, 1, 1
disabling, 1, 1, 2
appointed, 1, 1, 1
women, 10, 8, 575
tad, 1, 1, 6
account, 10, 8, 2936
excellent, 5, 4, 125
practicing, 1, 1, 4239
extension, 1, 1, 1
f, 1, 1, 9
challenge, 1, 1, 1
averaged, 2, 1, 1
blod, 1, 1, 8
lumber, 1, 1, 2
obvious, 4, 4, 15
thin, 1, 1, 1483
praise, 1, 1, 2
backwards, 2, 2, 5
industrial, 2, 2, 479
inhibitor, 1, 1, 12
didnt, 1, 1, 1
proof, 6, 4, 2909
control, 15, 13, 3031
reserved, 1, 1, 518
speciality, 1, 1, 2890
links, 1, 1, 5
cysts, 1, 1, 2
process, 8, 8, 1613
purposes, 1, 1, 41
high, 36, 28, 4462
effectively, 1, 1, 9
policing, 1, 1, 4
something, 40, 38, 1407
musculature, 1, 1, 1
bones, 3, 3, 8
dominant, 4, 2, 781
rods, 1, 1, 1483
voice, 1, 1, 85
reynolds, 1, 1, 6
practical, 2, 2, 429
educational, 2, 2, 57
schedule, 1, 1, 1
betterworse, 1, 1, 6
six, 2, 2, 3
genomes, 1, 1, 10
awake, 1, 1, 1
serum, 1, 1, 12
regions, 1, 1, 184
varies, 1, 1, 1
attachment, 1, 1, 2
animal, 4, 4, 403
elliptical, 2, 1, 1
instead, 6, 6, 3871
struggled, 1, 1, 5
intelligent, 3, 3, 4722
circular, 2, 2, 2
profile, 2, 1, 3
attend, 1, 1, 1483
npd, 2, 2, 104
philosophy, 2, 1, 9
bacteriophages, 3, 2, 3
collection, 1, 1, 4
nullify, 1, 1, 7
pigs, 1, 1, 3
inst, 2, 1, 1
men, 11, 6, 88
requirements, 1, 1, 2
psychedelic, 1, 1, 3
realized, 1, 1, 12
bind, 2, 2, 102
ordinary, 1, 1, 6
subreddits, 4, 4, 550
lines, 1, 1, 2
robot, 1, 1, 4526
vector, 1, 1, 9
element, 3, 3, 120
thermogenesis, 2, 1, 1
lauric, 1, 1, 54
3fyfznhqqo0amp, 1, 1, 40
honestly, 1, 1, 1
allow, 3, 2, 5
addiction, 1, 1, 22
secured, 1, 1, 2
houston, 1, 1, 4526
selman, 1, 1, 4526
evolutionary, 1, 1, 1
saturated, 4, 3, 10
closely, 1, 1, 47
astronomical, 1, 1, 1
move, 6, 4, 347
reserves, 1, 1, 10
facilitated, 1, 1, 4526
133, 1, 1, 1
132, 1, 1, 1
shiftwork, 1, 1, 19
including, 5, 5, 46
looks, 8, 8, 912
quake, 1, 1, 2
damnit, 1, 1, 1
mentioned, 1, 1, 17
groups, 1, 1, 122
galaxy, 2, 1, 1
jacque, 1, 1, 9
perfect, 1, 1, 6
chemical, 4, 3, 1502
articleid, 1, 1, 3
tavrs, 1, 1, 3
decay, 1, 1, 4
chosen, 1, 1, 29
relativity, 2, 2, 5
remembered, 1, 1, 15
counterargument, 1, 1, 2
labor, 7, 2, 4531
mental, 2, 2, 11
h2, 2, 1, 3
lt, 4, 3, 10
permanent, 1, 1, 751
degrees, 5, 4, 18
choose, 2, 2, 94
primal, 1, 1, 21
orange, 1, 1, 7
2014, 2, 1, 1
criminal, 1, 1, 19
2011, 4, 2, 2
2013, 2, 1, 1
ly, 1, 1, 4
dad, 1, 1, 206
freeman, 2, 2, 96
designs, 1, 1, 2
junction, 1, 1, 1
greater, 5, 4, 17
improbabilities, 1, 1, 2
republicdiscontented, 1, 1, 95
auto, 1, 1, 263
practice, 3, 3, 4245
innermost, 1, 1, 1
runs, 1, 1, 14
controls, 1, 1, 10
eli5, 2, 2, 5
cutting, 2, 2, 25
asprin, 1, 1, 97
diagnosissymptom, 1, 1, 3
hands, 2, 2, 3
satellites, 1, 1, 1
documented, 2, 1, 491
transparent, 3, 3, 37
dielectric, 1, 1, 1
articles, 2, 2, 6
masters, 3, 3, 79
mods, 13, 8, 3334
tiwari, 1, 1, 8
verifying, 1, 1, 2890
cygnus, 6, 1, 1
university, 9, 6, 10453
countries, 3, 2, 3
cider, 1, 1, 4
hemagglutinin, 1, 1, 13
pathway, 2, 1, 7
established, 2, 2, 18
unpredictable, 1, 1, 3
slipping, 1, 1, 7
sneering, 1, 1, 398
mode, 1, 1, 1
truth, 2, 2, 62
references, 1, 1, 1
identifies, 1, 1, 17
bills, 1, 1, 2
experienced, 1, 1, 6
flair, 25, 15, 3295
recommend, 3, 3, 30
boggling, 1, 1, 2
nanometers, 1, 1, 1483
147, 1, 1, 1
artists, 1, 1, 1
700, 1, 1, 3
144, 2, 1, 1
related, 10, 10, 3998
climatic, 1, 1, 6
society, 10, 8, 10828
postscomments, 1, 1, 7
89, 1, 1, 1
static, 1, 1, 2
epgenetics, 1, 1, 7
measure, 2, 2, 208
separating, 1, 1, 1
programmer, 1, 1, 3
differ, 11, 5, 8
agriculture, 1, 1, 1
gmailcom, 1, 1, 2890
special, 2, 2, 9
category, 1, 1, 10
fundamentally, 1, 1, 5
borderline, 2, 2, 35
415, 1, 1, 1
res, 1, 1, 1
shallow, 1, 1, 256
141, 1, 1, 1
rev, 1, 1, 1
jobscareers, 1, 1, 48
stayin, 1, 1, 1
reformulate, 1, 1, 1
dominated, 1, 1, 21
gloves, 1, 1, 1
electronics, 2, 2, 1491
intervention, 5, 1, 154
cause, 13, 11, 156
red, 14, 5, 101
disclose, 1, 1, 30
zonked, 1, 1, 1
thanking, 1, 1, 3
interactions, 2, 2, 66
averted, 1, 1, 1
ecm, 1, 1, 3
withdrawal, 1, 1, 4
70s, 1, 1, 9
inhaling, 1, 1, 85
ban, 8, 6, 593
completely, 8, 8, 289
testosterone, 2, 2, 6
surely, 1, 1, 1
york, 1, 1, 4239
fetal, 2, 1, 122
thrust, 1, 1, 19
likelihood, 3, 3, 98
carbohydrates, 2, 1, 7
interaction, 1, 1, 8
organic, 1, 1, 14
g, 4, 1, 1
exams, 1, 1, 3
peeve, 1, 1, 5
phrases, 5, 4, 75
could, 67, 53, 2417
florida, 1, 1, 1483
times, 15, 13, 4573
conversation, 2, 2, 34
length, 1, 1, 5
wrote, 1, 1, 8
qualification, 1, 1, 14
assumed, 2, 2, 23
timed, 1, 1, 1
footnotes, 1, 1, 4
south, 1, 1, 1
ltl, 1, 1, 2
458, 1, 1, 1
exam, 7, 3, 18
burns, 1, 1, 2
myriad, 1, 1, 7
taskedbased, 1, 1, 8
attest, 1, 1, 21
powerful, 6, 4, 1034
scene, 1, 1, -2
owned, 1, 1, 491
laborslaves, 1, 1, 95
extrude, 1, 1, 1483
intuitively, 1, 1, 4
anecdotally, 1, 1, 48
hurdle, 1, 1, 3
bitch, 2, 2, 90
youngold, 1, 1, 3
owner, 1, 1, 263
reached, 1, 1, 1
1989, 1, 1, 1
quality, 6, 5, 497
disspelling, 1, 1, 17
wwwetrdorgdoixphp, 1, 1, 1
management, 2, 2, 19
fascinating, 1, 1, 10
privacy, 1, 1, 4526
journals, 3, 3, 518
durable, 1, 1, 4
system, 13, 13, 3800
ripples, 1, 1, 8
grow, 2, 2, 11
1500, 1, 1, 17
appl, 1, 1, 1
iirc, 1, 1, 16
rigs, 1, 1, 2
norton, 1, 1, 1
perfectly, 2, 2, 179
final, 8, 2, 2
painful, 1, 1, 132
prone, 1, 1, 8
interests, 2, 2, 132
mandibular, 1, 1, 6
stomach, 3, 3, 4
stars, 1, 1, 1
wendell, 1, 1, 4526
ogt, 1, 1, 7
doomed, 1, 1, 1
exactly, 11, 8, 67
debate, 1, 1, 206
wwwyoutubecomwatch, 1, 1, 40
fleischmann, 1, 1, 1
environmental, 5, 3, 25
chemicals, 1, 1, 2
regards, 2, 2, 27
potent, 1, 1, 3
dnag, 7, 2, 2
morbidity, 1, 1, 7
bulb, 2, 1, 2
permanently, 1, 1, 6
congenital, 1, 1, 3
correlate, 1, 1, 42
bem, 1, 1, 5
lying, 1, 1, 114
bother, 1, 1, 1
schizophrenia, 1, 1, 0
unprovable, 1, 1, 132
inversely, 1, 1, 11
compensation, 1, 1, 1483
ventilation, 1, 1, 1
light, 10, 6, 97
briefing, 1, 1, 1483
negatively, 2, 2, 18
providing, 1, 1, 5
matrix, 1, 1, 3
bet, 1, 1, 8
behaviors, 2, 2, 758
transistors, 5, 2, 9
enforced, 3, 3, 3
counter, 2, 2, 22
false, 3, 3, 779
sea, 3, 2, 2
omega3s, 1, 1, 3
reanalysis, 1, 1, 1
galactic, 5, 1, 1
comfortable, 3, 2, 23
goldberg, 1, 1, 0
defending, 1, 1, 4
need, 21, 20, 466
curved, 1, 1, 1
selfreport, 1, 1, 154
dementia, 5, 3, 4
clearly, 2, 2, 30
necessities, 1, 1, 3
reaches, 1, 1, 8
afraid, 1, 1, 5
2012, 2, 2, 2
oga, 1, 1, 7
studying, 5, 5, 1498
tldr, 1, 1, 19
sopping, 1, 1, 2
able, 14, 13, 2111
accelerated, 1, 1, 95
mechanism, 3, 3, 3
contact, 3, 3, 790
mix, 1, 1, 85
belief, 2, 2, 987
concerns, 3, 3, 30
truck, 4, 1, 2
asshole, 1, 1, 25
brand, 1, 1, 1
vegetation, 1, 1, 0
accuracy, 2, 2, 4
worldwide, 1, 1, 2
2016, 1, 1, 2
fuels, 1, 1, 2
unless, 6, 6, 325
centre, 2, 1, 1
coconut, 1, 1, 6
harmful, 1, 1, 5
intentions, 1, 1, 133
propagate, 1, 1, 8
tall, 2, 1, 12
device, 1, 1, 4
nutraceutical, 1, 1, 1
probable, 1, 1, 19
subjective, 2, 2, 29
consequences, 1, 1, 460
heartening, 1, 1, 11
inappropriate, 1, 1, 2890
upset, 2, 2, 15
disease, 19, 15, 5088
face, 2, 1, -13
looked, 1, 1, 1
microbes, 2, 2, 11
vernacular, 1, 1, 17
se, 1, 1, 1
pictures, 1, 1, 5
normally, 1, 1, 1
26551, 1, 1, 1
fact, 11, 11, 1097
gain, 1, 1, 3
atmosphere, 1, 1, 1
recess, 1, 1, 45
structural, 1, 1, 3
phe54, 1, 1, 13
chances, 3, 3, 12
encrypted, 1, 1, 15
physique, 2, 1, 1
anyway, 4, 3, 111
longevity, 1, 1, 370
bring, 2, 2, 9
ohanian, 1, 1, 1
weightlifters, 1, 1, 1
greenhouse, 1, 1, 1
taxonomic, 1, 1, 6
rough, 2, 2, 47
economist, 1, 1, 5
agrees, 2, 1, 1
decade, 2, 1, 1
principal, 2, 2, 2
hadi, 2, 1, 1483
trying, 1, 1, 30
based, 18, 16, 256
knowledge, 3, 3, 34
ngc, 1, 1, 1
sparks, 1, 1, 10
upvote, 1, 1, 7
winner, 1, 1, 1483
incident, 2, 2, 3
score, 1, 1, 5
meteorite, 1, 1, 5
molecules, 1, 1, 10
printers, 1, 1, 1
fuel, 2, 2, 16
employed, 1, 1, 15
nonspecialised, 1, 1, 184
thousands, 5, 5, 31
mose2, 1, 1, 4
hope, 5, 5, 75
meant, 1, 1, 398
jurassic, 1, 1, 6
handle, 2, 2, 209
meditative, 1, 1, 3
means, 9, 9, 232
intellectually, 1, 1, 30
1920, 1, 1, 1
overall, 2, 2, 2
pave, 1, 1, 7
biosynthetic, 2, 1, 7
120, 2, 2, 8
ones, 1, 1, 65
125, 1, 1, 1
126, 2, 1, 17
acidic, 1, 1, 2
timing, 3, 1, 1
129, 1, 1, 1
quantifies, 1, 1, 1
receive, 3, 2, 7
nearly, 4, 4, 165
areas, 4, 4, 4274
releasesummary, 1, 1, 2
smash, 1, 1, 5
evolution, 2, 2, 22
histones, 1, 1, 7
substrate, 2, 1, 7
behemoth, 1, 1, 1
trucks, 4, 2, 17
brain, 13, 10, 162
aggrivated, 1, 1, 82
h, 4, 2, 4
transposition, 1, 1, 19
undergrad, 1, 1, 1
cells, 7, 6, 21
calling, 2, 2, 3
stuff, 11, 9, 795
26001, 3, 1, 2
drugseeking, 1, 1, 2
ascertain, 1, 1, 10
excesses, 1, 1, 10
humantet, 1, 1, 7
grad, 1, 1, 2890
sediment, 1, 1, 6
view, 4, 4, 89
spotted, 1, 1, 45
available, 7, 5, 2907
btw, 1, 1, 11
j, 12, 2, 2
constructing, 1, 1, 1
exerted, 1, 1, 1
pitch, 1, 1, 20
humans, 10, 9, 344
80000pulls, 1, 1, 2
edition, 2, 2, 1484
intensity, 3, 3, 104
computer, 9, 8, 4695
bisoganano, 1, 1, 3
faces, 1, 1, 1
operated, 1, 1, 5
stack, 2, 2, 7
electrode, 1, 1, 1
battery, 2, 2, 83
responses, 4, 4, 17
closer, 1, 1, 8
phases, 1, 1, 9
diets, 5, 4, 58
stats, 1, 1, 3
insulting, 1, 1, 7
placed, 2, 2, 49
pattern, 3, 2, 2
complementary, 1, 1, 2
bias, 1, 1, 935
tend, 3, 2, 303
xray, 1, 1, 1
oxidation, 1, 1, 3
state, 6, 6, 1544
difficulties, 1, 1, 1
identification, 2, 1, 2890
phased, 1, 1, 133
hyracotherium, 2, 1, 6
tens, 1, 1, 2
rendition, 1, 1, 1
email, 5, 2, 2895
mainly, 1, 1, 7
emissions, 2, 2, 2
sold, 1, 1, 3
ken, 1, 1, 4526
ability, 5, 5, 121
opening, 1, 1, 17
importance, 3, 3, 4256
joy, 1, 1, 6
supernova, 1, 1, 4
notion, 1, 1, 30
deliver, 3, 3, 13
physicist, 1, 1, 3
job, 13, 10, 783
takeover, 1, 1, 491
key, 1, 1, 2
adderall, 1, 1, 97
synced, 3, 3, 3
police, 1, 1, 4
optional, 1, 1, 2890
distribution, 1, 1, 2
legit, 2, 2, 3
monitor, 2, 2, 35
praying, 1, 1, 0
titties, 2, 2, 758
hits, 1, 1, 3
commenting, 1, 1, 2890
20180, 1, 1, 1
career, 1, 1, 20
weaknessmanipulates, 1, 1, 21
taking, 7, 7, 94
samaritan, 1, 1, 108
equal, 1, 1, 518
drug, 6, 6, 86
beliefs, 2, 1, 935
jackasses, 1, 1, 2
etc, 10, 10, 3038
moderators, 4, 4, 4
harvard, 1, 1, 184
grain, 3, 3, 600
utilising, 1, 1, 1
sports, 1, 1, 10
swallow, 1, 1, 41
exhale, 1, 1, 85
invites, 1, 1, 518
glorious, 1, 1, 51
grounds, 3, 1, 17
comment, 16, 14, 6446
mechanics, 1, 1, 7
flaired, 3, 3, 3
relevant, 3, 3, 6
co, 3, 2, 4
extent, 2, 2, 4
illnesses, 1, 1, 1
wall, 2, 2, 25
ca, 15, 15, 1402
cf, 3, 1, 6
undergraduates, 1, 1, 3
vicinity, 6, 2, 2
packaging, 1, 1, 5
genre, 1, 1, 64
jockies, 1, 1, 2
150mb, 1, 1, 9
atherosclerosis, 2, 2, 47
00pm, 3, 1, 1483
respect, 4, 4, 68
2800, 1, 1, 3
li, 1, 1, 2
regenerative, 1, 1, 15
ct, 3, 2, 49
hawkins, 1, 1, 1
inhale, 1, 1, 85
subsurface, 1, 1, 10
addition, 4, 4, 529
automoderator, 1, 1, 20
cent, 1, 1, 935
relying, 1, 1, 154
migrate, 1, 1, 8
genetic, 2, 2, 11
primordial, 2, 1, 1
slowly, 1, 1, 8
treat, 4, 4, 14
recognize, 2, 2, 4
compensating, 1, 1, 22
curtain, 1, 1, 10
copied, 1, 1, 45
waste, 1, 1, 3
louisiana, 1, 1, 6
logic, 5, 3, 10
define, 2, 2, 49
username, 1, 1, 5
bragging, 1, 1, 2
pic, 2, 1, 6
controlled, 1, 1, 184
constitutes, 1, 1, 10
empowering, 1, 1, 4
route, 2, 1, 2
releasing, 1, 1, 518
airplanes, 1, 1, 15
protect, 2, 2, 210
finished, 1, 1, 14
reviewers, 4, 2, 2
lung, 2, 2, 23
astron, 2, 1, 1
c2, 5, 1, 1
otr, 2, 1, 2
fizzy, 1, 1, 2
present, 3, 3, 26
volunteer, 1, 1, 398
homes, 1, 1, 2
absconds, 1, 1, 2
earlyonset, 1, 1, 1
genderspecific, 1, 1, 25
unlike, 1, 1, 3
norway, 1, 1, 16
memorized, 1, 1, 15
harder, 4, 4, 146
examine, 1, 1, 154
value, 4, 4, 56
choices, 1, 1, 3
thewinnowercom, 2, 1, 6
fallacious, 1, 1, 5
wellreasoned, 1, 1, 7
layer, 4, 3, 10
uncertainty, 2, 1, 1
manually, 1, 1, 7
almost, 9, 8, 295
vi, 1, 1, 8
insanely, 1, 1, 6
thus, 6, 3, 758
site, 2, 2, 4258
surface, 7, 6, 28
hardware, 1, 1, 8
bystanders, 2, 2, 118
vr, 4, 3, -6
vs, 6, 5, 4337
properties, 2, 2, 11
perry, 1, 1, 40
sits, 1, 1, 1
orbital, 1, 1, 1
productivity, 1, 1, 5
dobbed, 1, 1, 45
ref_, 1, 1, 114
regulating, 1, 1, 7
perhaps, 4, 4, 19
privileges, 3, 3, 3
administration, 3, 3, 84
cross, 3, 3, 43
coronary, 1, 1, 1
mcdermott, 1, 1, 1
matches, 1, 1, -10
cope, 1, 1, 1
parts, 2, 2, 4241
prices, 1, 1, 1
largest, 1, 1, 7
transformative, 1, 1, 19
gets, 3, 3, 207
feminine, 1, 1, 21
difficult, 9, 8, 105
disc, 1, 1, 2
narcissists, 6, 3, 48
material, 2, 1, 8
http, 61, 51, 6036
unconventional, 1, 1, 1
solved, 1, 1, 1
insomnia, 1, 1, 6
identifying, 1, 1, 1
ecig, 1, 1, 4
effect, 12, 12, 2543
phd, 3, 3, 5726
bullying, 8, 5, 1790
ion, 4, 3, 11
authors, 2, 2, 510
sooner, 2, 2, 5
student, 4, 3, 2898
uni, 1, 1, 1
infinite, 7, 4, 4
frequently, 2, 2, 520
identity, 3, 2, 17
diabetes, 1, 1, 7
insure, 1, 1, 263
polymorphism, 2, 1, 13
center, 4, 3, 8773
wolszczan, 1, 1, 1
neural, 2, 1, 3
shotgun, 4, 1, 2
obstacles, 1, 1, 16
well, 38, 33, 5398
multiresistent, 1, 1, 2
fighting, 1, 1, 38
thought, 19, 18, 2701
patterns, 1, 1, 7
theses, 1, 1, 1
english, 1, 1, 1
firstly, 3, 3, 5
position, 1, 1, 289
sibi, 1, 1, 2
latest, 1, 1, 4239
bending, 1, 1, 1
load, 4, 1, 2
stores, 1, 1, 2
rocket, 1, 1, 3
less, 16, 14, 642
moments, 1, 1, 8
claiming, 2, 2, 55
accurate, 5, 2, 2
obtain, 2, 2, 4373
43, 1, 1, 1
sources, 3, 3, 92
clinic, 2, 2, 12
stored, 1, 1, 2
40, 3, 3, 32
predicts, 1, 1, 1
cardiac, 2, 2, 85
rest, 2, 2, 10
rotation, 2, 2, 2
mysterious, 1, 1, 1
web, 1, 1, 4239
rapid, 2, 2, 4
added, 3, 3, 35
density, 4, 2, 2
absorption, 1, 1, 2
supply, 3, 2, 9
logged, 1, 1, 18
deposits, 1, 1, 1
day, 24, 22, 537
arresting, 1, 1, 19
arrest, 1, 1, 19
add, 3, 3, 1033
book, 4, 3, 9
aruba, 1, 1, 2
halo, 2, 1, 1
wet, 2, 2, 198
5, 8, 6, 8774
hurry, 1, 1, 1
10186621amp, 2, 1, 0
struggling, 1, 1, 6
smart, 2, 2, 7416
resolved, 1, 1, 1
lineage, 1, 1, 2
tests, 3, 3, 36
increased, 5, 4, 7
government, 4, 4, 201
checking, 1, 1, 7
selfesteem, 4, 3, 157
utah, 1, 1, 8
february, 1, 1, 2
elapsed, 1, 1, 1
fats, 3, 3, 4361
haul, 1, 1, 2
caves, 1, 1, 1
know, 51, 45, 5574
facial, 1, 1, 4526
resolves, 1, 1, 1
press, 4, 4, 207
turbulence, 5, 3, -2
nanotechnology, 1, 1, 2
intersection, 1, 1, 5
string, 1, 1, 1
prominent, 2, 2, 120
loss, 6, 6, 9
necessary, 3, 3, 23
helpful, 3, 3, 202
lost, 5, 5, 191
safest, 1, 1, 6
porous, 1, 1, 1
admitted, 1, 1, 22
sized, 1, 1, 1
edit, 20, 17, 4813
exhausted, 1, 1, 2
dietary, 2, 2, 21
lose, 2, 2, 16
become, 3, 3, 7
works, 7, 6, 74
soft, 2, 1, 2
page, 18, 3, 22
accessible, 2, 2, 5
indications, 1, 1, 8
immunizations, 1, 1, 1
thinkers, 1, 1, 2
classical, 7, 2, 2
germline, 1, 1, 13
phenomena, 3, 2, 133
searching, 1, 1, 3
haim, 1, 1, 2
motive, 1, 1, 30
growth, 3, 2, 3
habits, 2, 2, 271
110, 1, 1, 1
trucker, 1, 1, 2
proper, 2, 2, 12
home, 3, 3, 243
fiasco, 1, 1, 1
populationbased, 1, 1, 0
employment, 1, 1, 4526
scares, 1, 1, 7
recognition, 1, 1, 4526
oneself, 1, 1, 1
happens, 2, 2, 13
heroin, 1, 1, 2
est, 2, 2, 8765
167033, 2, 1, 1
lead, 4, 4, 34
esp, 1, 1, 5
broad, 3, 3, 29
avoid, 6, 6, 4337
moderated, 1, 1, 30
inflammation, 2, 2, 436
allegedly, 5, 1, 1
assuming, 5, 5, 373
worthwhile, 1, 1, 1
chains, 1, 1, 1
demonstrated, 1, 1, 1
l3, 1, 1, 1
biology, 8, 5, 2922
crack, 1, 1, 1
ppi, 3, 2, 3
decline, 2, 1, 2
journal, 9, 7, 2168
monetary, 1, 1, 38
expansion, 1, 1, 1
educating, 1, 1, 3
paper, 20, 16, 592
pressure, 13, 8, 4645
edx, 1, 1, 4
although, 1, 1, 30
bicuspid, 1, 1, 3
derived, 1, 1, 1
marketable, 1, 1, 8
supermassive, 1, 1, 1
publishing, 3, 2, 16
actual, 9, 9, 902
justin, 8, 2, 2
world, 19, 17, 4938
getting, 11, 11, 4401
processors, 1, 1, 8
introduces, 1, 1, 5
lowcarbhighfat, 1, 1, 5
shipping, 2, 1, 8
hot, 1, 1, 8
compatible, 1, 1, 1
carries, 1, 1, 3
seeds, 1, 1, 3
introduced, 2, 2, 536
documentary, 1, 1, 114
predictor, 1, 1, 424
unlikable, 1, 1, 398
software, 1, 1, 2
equally, 1, 1, 1
letters, 1, 1, 17
pretrip, 1, 1, 2
unwind, 1, 1, 1
previously, 4, 4, 64
bioapplicability, 2, 2, 1487
washington, 1, 1, 1483
commitment, 1, 1, 4239
chemists, 1, 1, 15
immune, 1, 1, 13
anniversary, 1, 1, 2
receptor, 1, 1, 3
esteem, 4, 4, 35
female, 2, 2, 35
registration, 1, 1, 2890
roads, 2, 2, 40
strategy, 2, 1, 756
stellerators, 1, 1, 2
eh, 1, 1, 104
1986, 1, 1, 1
behind, 10, 10, 1061
1985, 1, 1, 1
networking, 1, 1, 3
additional, 5, 5, 1398
crave, 2, 1, 10
pc, 1, 1, 491
daryl, 1, 1, 5
transfer, 1, 1, 5
vegetables, 2, 2, 22
kilometers, 1, 1, 10
cdrh2, 1, 1, 13
disapproval, 1, 1, 20
noticed, 4, 4, 497
tails, 1, 1, 10
much, 23, 18, 1002
inner, 1, 1, 1
frustration, 1, 1, 17
biggest, 6, 5, 16
breeding, 1, 1, 6
exposure, 6, 5, 13
touted, 1, 1, 19
naturally, 2, 2, 22
function, 5, 3, 11
buy, 3, 3, 266
jury, 1, 1, 21
terraform, 1, 1, 1
terrific, 1, 1, 5
hr, 1, 1, 14
bus, 6, 6, 4971
hazardous, 1, 1, 2
bitches, 2, 1, 256
author, 1, 1, 1
volume, 1, 1, 19
selfoperating, 1, 1, 5
hi, 11, 11, 6092
goals, 1, 1, 30
automated, 3, 2, 30
technician, 2, 1, 8
hc, 1, 1, 1
ha, 2, 1, 51
hf, 4, 2, 1487
ray, 1, 1, 1
bud, 1, 1, 20
count, 9, 9, 275
also, 58, 42, 6278
made, 11, 11, 358
wise, 1, 1, 2
prevalent, 1, 1, 3
places, 4, 4, 8
begins, 1, 1, 8
whether, 14, 11, 9748
wish, 1, 1, 4239
gravitational, 36, 3, 3
official, 9, 3, 520
junkie, 1, 1, 7
distract, 2, 2, 8
calcium, 2, 2, 63
record, 9, 3, 2892
convince, 2, 2, 68
limit, 5, 5, 32
demonstrate, 2, 2, 3
problem, 7, 6, 215
piece, 3, 2, 21
minutes, 8, 4, 90
display, 5, 4, 806
chip, 1, 1, 8
duro, 1, 1, 1
bearing, 1, 1, 4
cmon, 1, 1, 2
yeas, 1, 1, 8
deaths, 1, 1, 1
nurses, 1, 1, 2890
inadequate, 3, 2, 23
universal, 2, 2, 43
contribute, 2, 2, 5
condition, 2, 2, 34
irobot, 1, 1, 8
pig, 1, 1, 14
resolve, 1, 1, 1
consumed, 1, 1, 1
beats, 1, 1, 6
periods, 1, 1, 1
adapt, 1, 1, 2
et, 7, 2, 1484
education, 8, 6, 4385
plaques, 2, 2, 20
80, 2, 2, 50
cmos, 2, 1, 8
poorlywritten, 1, 1, 17
mice, 1, 1, 10
diego, 8, 2, 2
compared, 5, 5, 21
intending, 1, 1, 2
diplomas, 1, 1, 5
s0033291715002354, 2, 1, 0
percenta, 1, 1, 2
operating, 1, 1, 1
44, 4, 4, 4
45, 3, 3, 7
percent, 5, 4, 47
treatment, 4, 3, 8
virtual, 7, 5, 14
cashes, 1, 1, 15
automod, 7, 4, 668
hla, 1, 1, 13
sick, 3, 3, 3
u, 1, 1, 3
overwhelms, 1, 1, 1
incredibly, 1, 1, 756
clicks, 1, 1, 17
chemist, 2, 1, 1483
conclusion, 2, 2, 3
drugtaking, 1, 1, 2
stat, 1, 1, 4
star, 5, 2, 55
truckers, 4, 2, 20
shown, 6, 4, 206
inherently, 2, 1, 21
margaret, 1, 1, 21
chance, 5, 5, 25
kinda, 2, 2, 2
rural, 1, 1, 2
animosity, 1, 1, 1
gap, 1, 1, 52
friends, 4, 4, 950
rrunning, 1, 1, 85
accidents, 3, 3, 286
breaks, 1, 1, 7
amp, 8, 5, 14
atheist, 2, 1, 35
space, 6, 6, 91
rule, 1, 1, 8
ischaemic, 1, 1, 1
portion, 1, 1, 8
write, 1, 1, 3
diagnosis, 4, 3, 12
layerbylayer, 1, 1, 1483
lives, 7, 6, 44
moshe, 1, 1, 4526
rep, 1, 1, 45
omega3, 3, 2, 138
liver, 1, 1, 10
