Word, Frequency, Comment Frequency, Net Score
stock, 1, 1, 9
limited, 1, 1, 16
valve, 1, 1, 8
vimmersivebedsesp, 1, 1, 1
hats, 1, 1, 8
saves, 7, 5, 19
atmora, 1, 1, 10
yellow, 1, 1, 0
timerelated, 1, 1, 1
four, 1, 1, 2
164, 1, 1, 1
woods, 1, 1, 2
sleep, 1, 1, 3
spiders, 2, 2, 12
perverted, 1, 1, 1
hanging, 1, 1, 29
wageless, 1, 1, 6
ridiculous, 1, 1, 1
captain, 1, 1, 1
saved, 5, 5, 85
166, 1, 1, 1
aggression, 1, 1, 3
consider, 1, 1, 3
drinkin, 1, 1, 69
increase, 3, 3, 14
167, 1, 1, 1
violate, 1, 1, 9
reaperhusk, 1, 1, 1
dragonbone, 3, 1, 0
ttym, 1, 1, 1
created, 1, 1, 2
brighteresp, 1, 1, 1
346, 1, 1, 1
brilliant, 1, 1, 40
dragonbornesp, 1, 1, 1
lore, 5, 5, 11
lord, 4, 4, 8
sorry, 4, 4, 23
pride, 1, 1, 20
sway, 1, 1, -4
worth, 6, 6, 17
wondrous, 1, 1, 1
fists, 2, 2, 3
mudcrabs, 1, 1, 11
rescue, 2, 2, 19
subbed, 1, 1, 9
armorweapons, 2, 2, 8
rise, 2, 2, 27
blackreach, 1, 1, 10
exception, 1, 1, 3
spellwardshield, 1, 1, 2
handling, 1, 1, 1
every, 26, 22, 276
politician, 1, 1, 2
levelling, 5, 3, 95
multiple, 2, 2, 2
dlc2esp, 1, 1, 1
encounter, 3, 3, 14
fus, 4, 3, 38
disturb, 1, 1, 9
sunk, 1, 1, 7
skills, 10, 9, 18
pinch, 1, 1, 3
ysolda, 1, 1, 3
patchusmaximusesp, 1, 1, 1
solution, 1, 1, 10
janusfoerbes, 1, 1, 5
learnote, 1, 1, 1
unrelated, 3, 2, 266
math, 1, 1, 32
216, 1, 1, 1
diversity, 1, 1, 1
barracks, 1, 1, 17
monologue, 1, 1, 6
shows, 1, 1, 1
heading, 2, 2, 6
clothes, 5, 5, 10
enjoy, 8, 8, 123
3770, 1, 1, 26
force, 6, 5, 20
leaders, 1, 1, 20
superiors, 1, 1, 3
construed, 1, 1, 230
direct, 4, 4, 243
conjuring, 1, 1, 1
second, 5, 4, 13
persuade, 1, 1, 3
217, 1, 1, 1
49, 2, 1, 1
taverngoers, 1, 1, 3
air, 1, 1, 11
almsivi, 1, 1, 3
specs, 2, 2, 2
armor_trueorcishamp, 1, 1, 1
even, 38, 31, 388
spouses, 1, 1, 2
hide, 2, 2, 12
christ, 1, 1, 1
tiered, 1, 1, 1
hate, 4, 3, 32
beaten, 1, 1, 2
liberty, 1, 1, 2
8b, 1, 1, 1
bonuses, 2, 2, 12
guildmates, 1, 1, 1
new, 31, 27, 105
adelaisa, 1, 1, 5
ihudesp, 1, 1, 1
ever, 16, 15, 152
lollygagging, 1, 1, 8
told, 4, 3, 14
textures, 7, 6, 119
neeson, 2, 2, 9
presets, 1, 1, 2
cloaksesp, 1, 1, 1
join, 9, 8, 22
never, 34, 33, 314
hundreds, 2, 2, 20
met, 2, 1, 230
108, 1, 1, 1
protection, 3, 3, 31
governing, 2, 2, 0
active, 2, 2, 3
path, 1, 1, 1
100, 20, 15, 37
101, 1, 1, 1
106, 1, 1, 1
107, 1, 1, 1
104, 1, 1, 1
patches, 1, 1, 2
kudos, 4, 4, 4
daughter, 1, 1, 9
iiesp, 1, 1, 1
forum, 1, 1, 2
items, 18, 13, 37
closes, 1, 1, 2
reports, 1, 1, 8
tv, 1, 1, 3
donning, 1, 1, 0
chilling, 1, 1, 6
smoke, 2, 2, 4
browsing, 1, 1, 26
startinvest, 1, 1, 1
military, 1, 1, 10
theres, 1, 1, 2
changes, 2, 2, 17
punishment, 1, 1, 20
e8, 1, 1, 1
appropriately, 1, 1, 1
prints, 1, 1, 230
9a, 1, 1, 1
9c, 1, 1, 1
9b, 1, 1, 1
9e, 1, 1, 1
9d, 1, 1, 1
charred, 1, 1, 17
highly, 6, 6, 243
brought, 2, 2, 12
encountering, 1, 1, 1
undesirable, 1, 1, 3
dump, 1, 1, 1
meats, 1, 1, 2
hunterexplorer, 1, 1, 2
requiem17esp, 1, 1, 1
counts, 1, 1, 23
total, 3, 3, 9
___, 1, 1, -1
ebony, 2, 2, 2
morag, 3, 2, 13
summer, 1, 1, 1
plot, 2, 2, 13
extracareful, 1, 1, 1
cheating, 3, 3, 7
would, 123, 50, 487
army, 8, 5, 23
achieve, 1, 1, 10
negative, 1, 1, 26
sweari, 1, 1, 2
insult, 2, 2, 24
smelted, 1, 1, 11
music, 8, 5, 14
draugr, 1, 1, 2
raids, 1, 1, 10
recommend, 12, 10, 46
survive, 2, 2, 19
e2, 1, 1, 1
assessment, 2, 2, 1
wabbajack, 1, 1, 1
1000, 3, 3, 56
morthal, 1, 1, 3
mantle, 1, 1, 1
posting, 2, 2, 37
holy, 4, 3, 16
relax, 1, 1, 26
174, 1, 1, 1
ee, 1, 1, 1
haha, 1, 1, 0
wars, 1, 1, 12
reign, 1, 1, 10
hurt, 1, 1, 16
99, 3, 2, 4
glass, 2, 2, 3
uhiphopopotamus5782, 1, 1, 2
ultraall, 1, 1, 1
frenzy, 1, 1, 6
rip, 1, 1, 3
excellent, 3, 3, 9
91, 2, 1, 1
90, 4, 3, 3
midst, 1, 1, 3
encountered, 2, 2, 25
casualties, 1, 1, 3
94, 2, 1, 1
97, 2, 1, 1
must, 7, 7, 38
bunnies, 1, 1, 29
outtrolled, 1, 1, 2
room, 6, 5, 15
err, 1, 1, 2
shame, 3, 3, 6
dawngaurd, 1, 1, 2
boardesp, 1, 1, 1
b7, 1, 1, 1
work, 20, 14, 42
ruckus, 1, 1, 6
worn, 2, 2, 11
mt, 1, 1, 4
era, 6, 5, 24
transparency, 1, 1, 39
mr, 1, 1, 3
mages, 10, 8, 25
modders, 1, 1, 2
fking, 1, 1, 8
example, 8, 8, 93
merchant, 3, 3, 11
transition, 1, 1, 2
io, 1, 1, 2
estate, 1, 1, 1
give, 10, 9, 59
fnis_pcea2esp, 1, 1, 1
unreadable, 1, 1, 10
dragons, 16, 13, 88
involve, 1, 1, 10
currency, 1, 1, 55
fixesesp, 1, 1, 1
smth, 1, 1, 26
want, 55, 39, 364
organizer, 1, 1, 2
keep, 20, 17, 159
answers, 1, 1, 2
worse, 1, 1, 2
ceremony, 1, 1, 3
jtrhnbr, 1, 1, 3
enb, 5, 5, 6
end, 7, 7, 17
devotion, 1, 1, 10
thing, 20, 19, 218
respected, 1, 1, 2
verify, 1, 1, 1
travel, 2, 2, 4
kid, 1, 1, 10
damage, 24, 15, 74
whiterun, 21, 15, 91
machine, 1, 1, 1
amazing, 10, 10, 17
loreesp, 1, 1, 1
toxic, 1, 1, 9
gate, 1, 1, 1
ordinary, 1, 1, 9
faulty, 1, 1, 10
charging, 1, 1, 3
backpedaled, 1, 1, 3
gaming, 6, 5, 17
beauty, 2, 1, 3
darkfall, 1, 1, 3
gildergreen, 1, 1, 1
warm, 1, 1, 2
apocrypha, 2, 2, 17
complicated, 1, 1, 1
blacksmith, 2, 2, 12
wrong, 5, 5, 12
mesh, 2, 2, 4
ready, 3, 3, 10
law, 1, 1, 3
arch, 1, 1, 3
lesbian, 1, 1, 1
types, 5, 5, 14
badddd, 1, 1, 1
collecting, 1, 1, 2
attempt, 3, 3, 76
harkon, 6, 4, 11
third, 4, 3, 6
skoomainduced, 1, 1, 8
ormarvakesp, 1, 1, 1
tapinella, 1, 1, 2
appreciate, 2, 2, 136
greet, 1, 1, 1
wandererarmoresp, 1, 1, 1
dualwielding, 1, 1, 1
complexity, 1, 1, 26
rogue, 2, 2, 3
green, 2, 2, 2
waited, 1, 1, 3
things, 29, 22, 555
vampwolf, 1, 1, 1
first, 37, 32, 340
order, 10, 8, 16
wind, 2, 2, 2
feedback, 1, 1, 2
spellsword, 2, 2, 4
fam, 1, 1, 15
satisfied, 1, 1, 0
parts, 2, 2, 3
hidden, 4, 4, 28
fortify, 15, 4, 6
ideologies, 1, 1, 10
affect, 2, 2, 14
captions, 1, 1, 230
218, 1, 1, 1
animated, 1, 1, 1
activating, 1, 1, 7
subterranean, 1, 1, 1
rnd_animallootesp, 1, 1, 1
difference, 2, 1, 2
fit, 2, 2, 8
personal, 9, 6, 265
highlights, 1, 1, 230
fix, 13, 12, 64
xp32, 1, 1, 3
imo, 3, 3, 5
writing, 2, 2, 5
better, 30, 23, 269
wsco, 3, 1, 1
vast, 1, 1, 30
400, 1, 1, 2
savory, 1, 1, 1
potentially, 1, 1, 6
dragonscale, 1, 1, 0
easier, 4, 4, 14
virtually, 1, 1, 1
diseases, 1, 1, 6
bans, 1, 1, 230
khajiit, 6, 5, 26
prevented, 1, 1, 16
weakness, 2, 1, 2
2fmoddescription, 1, 1, 3
peoples, 1, 1, 2
school, 23, 2, 16
trail, 1, 1, 2
bane, 1, 1, 3
detachment, 1, 1, 1
hiring, 1, 1, 1
effects, 4, 4, 18
schools, 5, 5, 34
werewolfesp, 1, 1, 1
simplyknockesp, 1, 1, 1
silver, 2, 1, 11
smoking, 1, 1, 1
shadows, 3, 3, 4
playstyle, 2, 2, 8
meat, 1, 1, 3
7e, 1, 1, 1
brough, 1, 1, 5
regularly, 2, 2, 2
godhood, 1, 1, 3
arrested, 2, 2, 3
l, 2, 1, -4
rocks, 2, 2, 9
filling, 1, 1, 1
mead, 4, 4, 113
arrow, 3, 3, 9
mounts, 1, 1, 1
pepperoni, 1, 1, 1
went, 9, 8, 150
e0, 1, 1, 1
side, 9, 7, 294
bone, 3, 2, 6
luck, 4, 4, 4
akatosh, 1, 1, 1
burial, 1, 1, 19
misinformation, 1, 1, 2
independent, 1, 1, 4
series, 1, 1, 1
crimes, 3, 2, 24
hhos, 1, 1, 1
upload, 2, 2, 2
crit, 1, 1, 2
f0, 1, 1, 1
390, 2, 2, 2
395, 1, 1, 6
forgot, 6, 5, 29
shitpost, 1, 1, 3
dawn, 3, 3, 18
ward, 2, 2, 7
message, 1, 1, 10
overwrite, 1, 1, 7
merchants, 2, 2, 10
gon, 3, 2, 5
rp, 1, 1, 55
896, 1, 1, 8
driving, 1, 1, 2
god, 5, 5, 6
views, 1, 1, 2
trainers, 1, 1, 1
tomorrow, 2, 2, 2
content, 9, 8, 91
laid, 1, 1, 6
loathe, 1, 1, 3
rare, 1, 1, 3
banning, 2, 2, 6
reader, 1, 1, 5
got, 47, 38, 334
ro, 1, 1, 32
forth, 1, 1, 1
twice, 1, 1, 1
growable, 1, 1, 2
hang, 2, 1, 29
overhaulesp, 8, 1, 1
given, 3, 3, 8
standard, 3, 2, 137
245, 1, 1, 1
244, 1, 1, 1
247, 1, 1, 1
delphine, 1, 1, 1
241, 1, 1, 1
struggle, 2, 2, 3
243, 1, 1, 1
242, 1, 1, 1
seceded, 2, 2, 5
sadly, 1, 1, 64
estimate, 1, 1, 9
wanted, 9, 8, 69
gameplay, 2, 2, 1
248, 1, 1, 1
dammit, 1, 1, 1
sods, 1, 1, 29
weaponsspells, 1, 1, 6
83, 2, 1, 1
starts, 3, 3, 17
refugee, 1, 1, 8
ritual, 1, 1, 0
days, 6, 6, 162
steward, 4, 2, 8
bears, 1, 1, 1
thanking, 1, 1, 1
100000, 1, 1, 2
isc, 1, 1, 1
arrived, 1, 1, 1
potions, 26, 18, 186
loud, 3, 3, 5
cleaning, 2, 2, 6
bgamepadenable, 2, 1, 5
already, 14, 14, 203
chronologically, 1, 1, 1
features, 2, 2, 14
render, 1, 1, 2
pipesmokingesp, 1, 1, 1
primary, 1, 1, 1
rank, 1, 1, 3
fantasy, 1, 1, 1
meshes, 1, 1, 2
another, 18, 16, 93
178, 1, 1, 1
177, 1, 1, 1
176, 1, 1, 1
175, 1, 1, 1
ditch, 1, 1, 8
15e, 1, 1, 1
172, 1, 1, 1
42, 2, 1, 1
170, 1, 1, 1
inovedawe, 1, 1, 2
1a, 1, 1, 1
coop, 1, 1, 0
2we, 1, 1, 2
fence, 2, 2, 16
optionsgt, 1, 1, 5
quicksave, 1, 1, 2
top, 11, 9, 62
tired, 1, 1, 35
1500, 1, 1, 1
a0, 1, 1, 1
fiction, 1, 1, 16
frummond, 6, 1, 2
needed, 3, 3, 7
1b, 1, 1, 1
master, 24, 19, 82
percentage, 1, 1, 2
iscompendium, 1, 1, 1
sassiest, 1, 1, 89
brighter, 1, 1, 1
labyrinthian, 1, 1, 10
wander, 2, 2, 3
urban, 1, 1, 2
rewards, 1, 1, 2
direction, 1, 1, 2
happily, 1, 1, 10
bounty, 6, 5, 96
archers, 2, 2, 2
took, 8, 8, 47
significant, 1, 1, 14
7we, 1, 1, 2
somewhat, 1, 1, 6
kept, 2, 2, 2
dragonplate, 1, 1, 0
dragonsreach, 1, 1, 3
summon, 5, 3, 18
begins, 1, 1, 3
mercy, 1, 1, 29
circlets, 3, 3, 9
guild, 29, 13, 59
target, 3, 3, 5
frankly, 1, 1, 29
tavern, 2, 2, 6
bloated, 1, 1, 0
older, 3, 2, 3
tree, 3, 3, 18
scenes, 2, 1, 0
tagline, 1, 1, 2
project, 2, 2, 3
matter, 5, 5, 9
classes, 1, 1, 3
flame, 1, 1, 3
iron, 17, 8, 103
swordamp, 1, 1, 1
kajit, 1, 1, 2
feeling, 1, 1, 29
powers, 3, 3, 52
possessed, 1, 1, 5
desperate, 1, 1, 1
perspective, 1, 1, 2
monk, 1, 1, 1
meme, 2, 2, 34
failing, 1, 1, 2
sees, 1, 1, 230
bards, 2, 2, 4
palace, 2, 1, 3
enchanter, 2, 2, 2
ran, 4, 4, 19
approaching, 1, 1, 131
mind, 4, 4, 236
mine, 8, 8, 26
ginger, 1, 1, 4
spent, 2, 2, 3
talking, 3, 3, 9
belts, 1, 1, 4
vassal, 1, 1, 1
rap, 1, 1, 1
seen, 5, 5, 118
seem, 6, 6, 40
grind, 2, 2, 3
seek, 2, 2, 13
tells, 1, 1, 8
gear, 8, 6, 19
forced, 1, 1, 3
hood, 1, 1, 1
horde, 1, 1, 2
realm, 3, 3, 24
unobtainable, 1, 1, 3
magnus, 4, 1, 3
hauled, 1, 1, 1
convenient, 2, 2, 4
deconstruct, 1, 1, 1
snow, 6, 1, 10
investment, 1, 1, 2
chest, 10, 6, 34
causing, 3, 3, 10
absorbed, 1, 1, 2
hords, 1, 1, 18
206, 1, 1, 1
refinding, 1, 1, 1
thundering, 1, 1, 1
pilgrimage, 1, 1, 16
aela, 1, 1, 1
reversed, 1, 1, -2
theeyesofbeautyesp, 1, 1, 1
5001000, 1, 1, 2
circles, 1, 1, 3
blue, 7, 4, 8
exactly, 4, 4, 23
thumb, 1, 1, 2
philadelphia, 1, 1, 5
optimizer, 1, 1, 1
though, 18, 17, 109
object, 1, 1, 2
cinematic, 2, 2, 3
accurately, 2, 2, 15
mario, 2, 2, 4
regular, 5, 5, 17
209, 1, 1, 1
plenty, 2, 2, 1
bromjunaar, 1, 1, 9
grave, 1, 1, 6
trapping, 1, 1, 6
menus, 1, 1, 2
800, 3, 3, 8
special, 5, 5, 18
consumed, 1, 1, 49
camp, 4, 4, 27
dog, 4, 2, 11
treaty, 1, 1, -4
orderly, 1, 1, 3
definitely, 5, 4, 139
macerestoalto, 1, 1, 6
sun, 2, 2, 2
questline, 5, 4, 16
entertaining, 1, 1, 1
epa, 1, 1, 1
mating, 1, 1, 102
responded, 1, 1, 3
came, 11, 11, 75
reserve, 2, 2, 235
saying, 3, 3, 9
roleplaying, 3, 3, 3
sanctuary, 4, 3, 48
marvel, 1, 1, 1
bretonredguard, 1, 1, 1
retire, 1, 1, 26
subreddit, 5, 5, 268
attempts, 1, 1, 10
sovngarde, 6, 3, 46
solutions, 2, 2, 6
guilds, 1, 1, 3
d9, 1, 1, 1
sneaking, 5, 4, 19
earth, 3, 3, 11
d4, 1, 1, 1
d5, 1, 1, 1
d2, 1, 1, 1
enjoyed, 1, 1, 1
d0, 1, 1, 1
d1, 1, 1, 1
lessons, 2, 1, 1
busy, 1, 1, 26
sleeps, 1, 1, 8
lights, 2, 2, 3
menu, 8, 7, 16
explain, 1, 1, 0
appreciated, 3, 3, 4
bush, 1, 1, 15
handle, 3, 3, 5
uespnet, 1, 1, 3
rich, 2, 2, 27
lodge, 1, 1, 3
tfc, 1, 1, 2
population, 2, 2, 6
shrine, 2, 2, 4
personality, 3, 2, 4
wearing, 7, 6, 89
about5, 1, 1, 2
df, 1, 1, 1
dg, 1, 1, 1
dd, 3, 1, 1
de, 2, 2, 1
watch, 6, 6, 31
fluid, 1, 1, 1
integrity, 1, 1, 1
coast, 2, 2, 13
pocket, 2, 1, 11
alcohol, 1, 1, 1
uesp, 2, 2, 18
spirit, 1, 1, 1
despite, 2, 2, 260
report, 2, 2, 246
nicely, 1, 1, 1
toolbox, 1, 1, 39
dr, 1, 1, 1
tips, 2, 2, 12
unfortunately, 2, 2, -6
earl, 1, 1, 8
rebirth, 1, 1, 1
argonia, 5, 3, 6
bar, 5, 4, 241
palpatine, 1, 1, 6
convinced, 1, 1, 10
gfycat, 1, 1, 11
elsweyr, 5, 5, 34
patch, 6, 6, 30
uncapper, 2, 2, 4
reload, 1, 1, 1
bad, 4, 4, 33
gears, 2, 1, 1
renamed, 1, 1, 2
release, 1, 1, 29
bal, 5, 4, 8
movement, 1, 1, 1
ruins, 5, 5, 30
steam, 4, 4, 6
ears, 1, 1, 4
skooma, 7, 4, 14
victim, 1, 1, 3
reference, 3, 3, 5
zoned, 1, 1, 3
motherboard, 1, 1, 1
generally, 2, 2, 7
beg, 1, 1, 3
resist, 5, 3, 3
depends, 1, 1, 7
decided, 12, 8, 35
bed, 2, 2, 12
yep, 1, 1, 2
corrupt, 2, 1, 2
escaping, 1, 1, 8
grimoire, 1, 1, 2
crossroads, 1, 1, 1
hammer, 2, 2, 2
inigoesp, 1, 1, 1
best, 26, 22, 76
inns, 1, 1, 1
said, 10, 10, 60
runs, 2, 2, 2
lots, 2, 2, 3
away, 10, 9, 26
sail, 1, 1, 3
hardest, 2, 2, 58
stealthy, 1, 1, 6
prince, 1, 1, 1
altmer, 8, 2, 6
unable, 2, 2, 30
arcane, 1, 1, 1
finger, 1, 1, 29
hopefully, 3, 3, 5
scorn, 1, 1, 3
drawn, 2, 2, 6
sorts, 1, 1, 1
repost, 3, 3, 37
approach, 1, 1, 2
360, 10, 7, 21
waterskin, 1, 1, 1
7f, 1, 1, 1
warrior, 4, 4, 17
splinter, 1, 1, 2
redoran, 1, 1, 30
relinquishmentesp, 1, 1, 1
nature, 2, 2, 13
wo, 16, 15, 71
aesthetic, 1, 1, 1
weak, 2, 2, 3
however, 8, 7, 25
stared, 1, 1, 3
nightmares, 1, 1, 1
loading, 1, 1, 3
lorewise, 2, 2, 11
wear, 9, 7, 18
wtf, 2, 2, 6
clues, 1, 1, 3
10x, 1, 1, 1
picking, 1, 1, 1
musical, 1, 1, 0
weylin, 1, 1, 3
dlcs, 1, 1, 5
improve, 4, 4, 50
pity, 1, 1, 2
behaviour, 1, 1, 1
protect, 1, 1, 8
accident, 1, 1, 2
swoops, 1, 1, 6
musicesp, 1, 1, 1
reported, 2, 2, 19
autosaves, 2, 1, 2
country, 1, 1, 1
biologically, 1, 1, 1
adventurer, 4, 3, 28
adventures, 2, 2, 14
109, 1, 1, 1
games, 11, 10, 29
planned, 1, 1, 9
quests, 22, 14, 24
dovakhonvict, 1, 1, 7
browser, 1, 1, 5
dumbass, 1, 1, 8
asked, 4, 4, 235
septims, 5, 5, 22
pursuit, 1, 1, 3
1nivwiccloaksesp, 1, 1, 1
pre, 1, 1, 1
presumably, 1, 1, 1
alternate, 4, 4, 19
tough, 1, 1, 7
tong, 3, 2, 13
character, 43, 32, 321
betting, 1, 1, 5
uslp, 1, 1, 10
amazingly, 1, 1, 1
height, 1, 1, 3
goldweight, 1, 1, 2
102, 1, 1, 1
tons, 1, 1, 1
lanterns, 2, 1, 1
103, 1, 1, 1
250, 3, 3, 10
251, 1, 1, 1
farengar, 2, 1, 3
stares, 1, 1, 9
archerit, 1, 1, 1
smith, 6, 6, 46
paralyze, 2, 2, 1
kinect, 1, 1, 2
bathroom, 1, 1, 17
petty, 1, 1, 11
lightly, 1, 1, 3
puts, 1, 1, 14
source, 2, 2, 7
union, 1, 1, 1
violets, 1, 1, 5
three, 7, 7, 21
quickly, 4, 4, 9
96, 2, 1, 1
much, 37, 30, 211
brewing, 1, 1, 1
basic, 5, 5, 9
mean, 9, 9, 18
roam, 1, 1, 2
105, 1, 1, 1
warmth, 1, 1, 1
containers, 1, 1, 2
plateau, 1, 1, 10
kingdoms, 1, 1, 1
life, 20, 19, 345
innocent, 1, 1, 3
mushroom, 1, 1, 1
attacked, 5, 5, 18
taarie, 3, 1, 3
39, 2, 1, 1
prison, 1, 1, 1
uncommon, 1, 1, 64
pointing, 1, 1, 2
falkreath, 3, 3, 11
fest, 1, 1, 26
lift, 1, 1, 29
168, 1, 1, 1
169, 1, 1, 1
7a, 1, 1, 1
personally, 5, 4, 28
immersive, 16, 6, 9
165, 1, 1, 1
worked, 3, 3, 5
aosesp, 1, 1, 1
160, 1, 1, 1
161, 1, 1, 1
cunt, 1, 1, 3
163, 1, 1, 1
honestly, 2, 2, 37
f310, 1, 1, 0
save, 41, 26, 103
ahead, 1, 1, 14
scorecard, 1, 1, 0
launcher, 1, 1, 1
nordic, 5, 4, 13
n, 3, 2, -3
lesser, 2, 2, 13
near, 10, 8, 25
neat, 1, 1, 3
5c, 1, 1, 1
tricky, 1, 1, 10
applies, 1, 1, 3
stopping, 1, 1, 5
youmore, 1, 1, 1
property, 5, 4, 43
flooding, 1, 1, 5
launched, 1, 1, 1
mistake, 1, 1, 3
spawn, 3, 3, 7
stop, 2, 2, 5
iz, 1, 1, 0
surprises, 1, 1, 1
played, 18, 17, 189
dumplings, 1, 1, 1
exceptionally, 1, 1, 6
defeated, 1, 1, 8
iv, 1, 1, 131
cheatingmods, 1, 1, 55
throat, 3, 2, 10
cant, 1, 1, 2
im, 5, 5, 46
creepy, 4, 4, 23
jest, 1, 1, 230
vendor, 1, 1, 1
spectrum, 1, 1, 1
mouse, 3, 3, 6
boom, 1, 1, 1
levelingscaling, 1, 1, 1
skyrimini, 1, 1, -1
183, 1, 1, 1
consoles, 1, 1, 2
volkihar, 1, 1, 9
suggest, 5, 5, 4
make, 87, 54, 205
lingerie, 1, 1, 2
creaturesarmor, 1, 1, 0
plated, 1, 1, 6
rebellion, 1, 1, 10
atronach, 1, 1, 1
8pm, 1, 1, 3
versionesm, 1, 1, 1
complex, 1, 1, 1
unrightful, 1, 1, 3
inventory, 3, 3, 4
golden, 1, 1, 1
80s, 1, 1, 26
several, 3, 3, 239
naive, 1, 1, 2
grows, 1, 1, 26
entitled, 1, 1, 26
wheel, 1, 1, 1
fairly, 2, 2, 42
raid, 1, 1, 2
screw, 1, 1, 1
social, 1, 1, 4
i5, 1, 1, 1
evil, 2, 2, 12
hand, 12, 9, 297
unequip, 1, 1, 3
berserk, 1, 1, 16
documents, 1, 1, 5
sacraments, 1, 1, 8
characters, 9, 8, 17
animations, 1, 1, 3
nip, 1, 1, 11
opportunity, 1, 1, 497
thoughts, 1, 1, 1
hoerrned, 1, 1, 0
hearth, 2, 1, 3
shortly, 1, 1, 10
maximizing, 1, 1, 2
noe, 1, 1, 3
tweaks, 1, 1, 3
zerkersprinting, 1, 1, 0
congrats, 1, 1, 1
youtubeb3_lvsrpb6w, 1, 1, 1
game, 115, 81, 643
changer, 1, 1, 14
dd_dawnguard, 1, 1, 1
academic, 1, 1, 6
charity, 1, 1, 1
materials, 1, 1, 14
greatest, 2, 2, 14
mother, 4, 4, 56
fistfight, 1, 1, 1
camps, 2, 2, 11
left, 9, 9, 42
trainer, 2, 2, 4
apachiishyhair, 1, 1, 0
sentence, 2, 2, 2
pedophiles, 1, 1, 6
gods, 3, 3, 35
deadlycombatesp, 1, 1, 1
engine, 1, 1, 2
fantastic, 4, 3, 9
aside, 4, 4, 21
exteriorsesp, 1, 1, 1
quotes, 3, 2, 2
fighters, 2, 2, 12
spoiled, 1, 1, 3
bugged, 1, 1, 1
thanks, 11, 11, 59
human, 3, 3, 47
playtime, 1, 1, 131
yes, 8, 7, 69
yet, 9, 9, 34
previous, 3, 3, 9
dragonrider, 1, 1, 2
adding, 3, 3, 232
unique, 8, 6, 11
dissenters, 2, 1, 3
mix, 4, 3, 13
legion, 2, 2, 26
furry, 1, 1, 1
ease, 1, 1, 3
emphasis, 1, 1, 10
hag, 2, 2, 6
passive, 1, 1, 6
alchemy, 29, 23, 226
spread, 1, 1, 2
affinity, 1, 1, 2
board, 1, 1, 1
easy, 15, 13, 286
caravan, 1, 1, 14
5e, 1, 1, 1
5d, 1, 1, 1
righteous, 2, 2, 11
5a, 1, 1, 1
leak, 1, 1, 2
hav, 1, 1, 7
gave, 7, 6, 137
ingredient, 1, 1, 1
noticeable, 1, 1, 1
casting, 4, 4, 5
babes, 1, 1, 2
casually, 1, 1, 25
flesh, 1, 1, 1
vigilants, 2, 2, 18
coax, 1, 1, 64
possible, 7, 7, 36
fixesp, 1, 1, 1
possibly, 1, 1, 6
thumbnail, 1, 1, 3
overriding, 1, 1, 5
background, 1, 1, 1
borderless, 1, 1, 2
vests, 1, 1, 2
shadow, 1, 1, 6
feelings, 1, 1, 5
asshole, 1, 1, 6
advanced, 2, 2, 8
f21aifx0lzy, 1, 1, 22
desire, 2, 2, 3
59, 2, 1, 1
58, 2, 1, 1
gift, 2, 2, 231
glitch, 2, 2, 15
55, 4, 3, 26
54, 2, 1, 1
57, 4, 3, 15
56, 2, 1, 1
51, 2, 1, 1
50, 5, 4, 9
53, 2, 1, 1
xbox, 11, 8, 20
specific, 3, 3, 8
remind, 3, 3, 255
windstad, 1, 1, 4
channel, 1, 1, 1
zombies, 3, 2, 8
night, 13, 10, 70
ingots, 7, 6, 18
kolbjorn, 1, 1, 3
201, 4, 3, 9
deathlordsall, 1, 1, 3
right, 26, 22, 503
old, 10, 9, 98
deal, 6, 5, 80
people, 34, 28, 404
manual, 1, 1, 2
successfully, 1, 1, 1
crown, 1, 1, 1
203, 1, 1, 1
dead, 10, 10, 26
barenziah, 3, 3, 5
chests, 2, 2, 22
202, 1, 1, 1
escape, 3, 2, 15
dear, 1, 1, 2
pain, 1, 1, 0
indirect, 1, 1, 10
52, 3, 2, 1
archetype, 1, 1, 2
intellect, 1, 1, 4
creep, 1, 1, 2
enemies, 6, 5, 18
strategic, 1, 1, 1
separately, 1, 1, 2
robesesp, 1, 1, 1
thalmor, 9, 7, 12
combat, 16, 14, 37
bottom, 1, 1, 1
wariorish, 1, 1, 1
opposite, 3, 3, 10
loads, 2, 2, 3
ice, 9, 7, 12
everything, 22, 20, 107
asking, 4, 4, 31
honoured, 1, 1, 5
unit, 1, 1, 1
yields, 1, 1, 2
doconsole, 1, 1, 1
beating, 1, 1, 2
adorable, 2, 2, 2
amythest, 1, 1, 1
2040, 1, 1, 2
soulgems, 1, 1, 1
particular, 1, 1, 6
ipresentinverval, 1, 1, 1
pls, 5, 5, 40
sparse, 1, 1, 2
xcesesp, 1, 1, 1
dnd, 1, 1, 23
deleted, 7, 7, -11
brawl, 2, 2, 7
plz, 1, 1, 1
decisions, 1, 1, 2
dawnguardesp, 1, 1, 1
betterdgentranceesp, 1, 1, 1
dawnguardesm, 1, 1, 1
smelteresp, 1, 1, 1
invaluable, 1, 1, 1
losing, 1, 1, 30
playthroughs, 3, 3, 5
post, 16, 14, 396
skyforge, 1, 1, 1
super, 4, 4, 78
fo4, 1, 1, 2
limitation, 1, 1, 16
yelling, 1, 1, 2
eat, 1, 1, 1
sfo, 1, 1, 1
attacks, 7, 5, 262
months, 4, 4, 33
shield, 6, 4, 4
costs, 1, 1, 1
wwwmodwatchucore_ten, 1, 1, 2
plus, 5, 5, 20
suggestions, 1, 1, 0
automatically, 2, 2, 40
skinner, 1, 1, 1
experienced, 1, 1, 4
faint, 1, 1, 1
subs, 1, 1, 3
tonilia, 1, 1, 2
presence, 2, 2, 5
civil, 1, 1, 1
decrepit, 1, 1, 3
prisoners, 1, 1, 3
married, 1, 1, 1
bound, 5, 3, 18
son, 3, 3, 35
lies, 1, 1, 3
slurs, 1, 1, 230
heljarchen, 1, 1, 26
capped, 4, 1, 2
delve, 2, 2, 13
delvin, 1, 1, 29
honored, 1, 1, 1
aftervalentine, 1, 1, 1
renovating, 1, 1, 1
mass, 1, 1, 1
wan, 4, 4, 136
bodythe, 1, 1, 2
cleared, 2, 2, 4
reddit2tkn0o, 1, 1, 9
deadesp, 1, 1, 1
disinterest, 1, 1, 1
flying, 2, 2, 2
fight, 13, 7, 98
stuck, 1, 1, 1
rapey, 1, 1, 11
3f, 1, 1, 1
templesesp, 1, 1, 1
way, 56, 41, 396
danica, 1, 1, 3
bollocks, 1, 1, 29
factions, 2, 2, 13
war, 7, 4, 29
launching, 2, 2, 5
happy, 4, 4, 21
candlesesp, 1, 1, 1
head, 13, 8, 78
yolo, 1, 1, 13
amateur, 1, 1, 1
typo, 1, 1, 1
form, 2, 2, 7
offer, 3, 3, 16
batman, 1, 1, 6
archmage, 1, 1, 0
gorgeous, 2, 2, 4
aspca, 1, 1, 1
342nd, 1, 1, 1
chainmail, 1, 1, 1
spam, 2, 2, 2
urg, 1, 1, 26
hear, 6, 6, 21
tho, 2, 2, 2
solar, 1, 1, 1
228, 1, 1, 1
227, 1, 1, 1
226, 1, 1, 1
225, 1, 1, 1
removed, 3, 3, 18
true, 1, 1, 1
222, 2, 2, 3
221, 1, 1, 1
unacceptible, 1, 1, -22
reset, 4, 2, 17
9999, 1, 1, 8
congratulations, 2, 2, 58
builds, 11, 4, 8
scripted, 1, 1, 7
traits, 1, 1, 1
ores, 2, 2, 12
type, 9, 5, 15
inside, 11, 6, 73
compendium, 1, 1, 1
attached, 1, 1, 3
bargain, 1, 1, 1
boss, 1, 1, 1
tell, 9, 8, 50
crystal, 1, 1, 1
maximus, 1, 1, 1
rerun, 1, 1, 1
b0, 1, 1, 1
rushedawe, 1, 1, 2
overall, 1, 1, 1
temper, 1, 1, 2
151, 1, 1, 1
supportsecondary, 1, 1, 6
furs, 1, 1, 2
adopt, 1, 1, 4
hotter, 1, 1, 3
154, 1, 1, 1
157, 1, 1, 1
156, 1, 1, 1
fury, 1, 1, 3
rorikstead, 1, 1, 3
differently, 2, 2, 8
history, 2, 2, 8
drive, 2, 2, 10
hamg, 1, 1, 1
sometime, 1, 1, 1
exist, 1, 1, 3
revitalize, 1, 1, 1
userprofile, 1, 1, 5
request, 2, 2, 6
awhile, 1, 1, 3
annoying, 3, 2, 7
remembrance, 1, 1, 1
dealer, 1, 1, 1
shit, 12, 12, 54
physical, 4, 4, 4
wheb, 1, 1, 1
123, 1, 1, 1
smelt, 3, 3, 16
dying, 1, 1, 3
na, 7, 6, 141
flora, 3, 3, 2
adonato, 1, 1, 3
handed, 4, 3, 4
til, 1, 1, 14
maximizes, 1, 1, 2
interested, 2, 2, 27
role, 2, 2, 17
holding, 1, 1, 3
hander, 1, 1, 0
3gt, 1, 1, 1
tia, 1, 1, 26
realize, 1, 1, 1
enchantsesp, 1, 1, 1
evergreen, 1, 1, 0
picture, 2, 2, 1
reconsider, 1, 1, 1
faction, 5, 4, 6
dies, 3, 3, 47
felt, 7, 6, 90
notepad, 1, 1, 5
update, 2, 2, 8
transported, 1, 1, 12
frummonds, 1, 1, 2
intent, 1, 1, 3
wards, 2, 2, 7
transfers, 1, 1, 1
aware, 1, 1, 10
strips, 2, 2, 15
frostfirevoid, 1, 1, 1
died, 3, 3, 4
rskyrim, 3, 2, 239
ostrich, 1, 1, 18
longer, 1, 1, 9
phone, 2, 2, 67
typically, 1, 1, 2
pastebinned, 1, 1, 1
gap, 1, 1, 10
innkeepers, 1, 1, 2
together, 2, 2, 7
daughters, 2, 2, 3
cheater, 2, 2, 1
useful, 3, 3, 52
apart, 1, 1, 1
time, 59, 54, 473
push, 1, 1, 11
serious, 5, 4, 4
banners, 1, 1, 9
backward, 1, 1, 3
126, 1, 1, 1
tamriel, 12, 9, 48
paced, 1, 1, 5
sday, 1, 1, 1
roh, 3, 2, 6
dddgdbimmersive, 1, 1, 1
spellbreaker, 1, 1, 1
concept, 2, 2, 2
managed, 2, 2, 19
vampires, 3, 3, 9
whoever, 1, 1, 3
dance, 1, 1, 1
skip, 3, 3, 18
overencumbered, 1, 1, 2
navtag, 1, 1, 3
focus, 7, 6, 23
clamsdroppearlsesp, 1, 1, 1
mile, 2, 2, 4
daytime, 1, 1, 4
bandits, 2, 2, 32
skin, 1, 1, 6
9775, 1, 1, 2
chair, 2, 2, 9
abundant, 1, 1, 2
youtubeslkal6kvmbe, 1, 1, 11
devotee, 1, 1, 16
certainly, 2, 2, 3
hold, 3, 1, 3
grats, 2, 2, 11
95, 2, 1, 1
kodlak, 1, 1, 1
smiting, 1, 1, 1
passage, 1, 1, 3
environment, 1, 1, 1
0, 9, 8, 23
finally, 4, 4, 5
civilization, 1, 1, 3
permanently, 1, 1, 3
glad, 2, 2, 2
supplies, 1, 1, 2
factionsquestlines, 1, 1, 2
presumed, 1, 1, 10
mannequins, 2, 2, -19
donned, 1, 1, 0
southwest, 1, 1, 1
fnis, 2, 1, 3
shoot, 2, 2, 3
protective, 1, 1, 6
jerk, 1, 1, 12
skyrims, 1, 1, 1
recipe, 1, 1, 1
rrr_3dnpcpatchesp, 1, 1, 1
seemingly, 1, 1, 20
wellkept, 1, 1, 3
dragur, 1, 1, 19
embark, 1, 1, 8
morally, 1, 1, 1
exploit, 1, 1, 1
artwork, 1, 1, 16
word, 4, 4, 4
trouble, 2, 2, 4
exact, 3, 3, 5
minute, 1, 1, 7
cool, 15, 13, 66
moderator, 2, 2, 128
afk, 1, 1, -22
level, 44, 30, 260
die, 5, 4, 18
cell, 1, 1, 3
fragile, 1, 1, 6
posts, 7, 5, 267
accidentally, 1, 1, 1
leave, 7, 7, 36
item, 6, 4, 5
dualcasted, 2, 2, 4
quick, 5, 5, 48
lever, 1, 1, 3
guy, 11, 10, 164
scaly, 1, 1, 2
round, 2, 2, 2
possibility, 1, 1, 1
warhammergsword, 1, 1, 2
talked, 1, 1, 18
says, 2, 2, 13
porn, 1, 1, 6
sigh, 2, 2, 3
discover, 2, 2, 9
sign, 1, 1, 1
cost, 10, 7, 14
chopping, 1, 1, 3
crescent, 1, 1, 1
eating, 1, 1, 1
stole, 1, 1, 3
bake, 1, 1, 7
fear, 1, 1, 6
cosy, 1, 1, 29
stutters, 1, 1, 0
wondering, 4, 4, 25
adds, 5, 4, 12
appear, 1, 1, 3
bc, 1, 1, 1
patrols, 1, 1, 1
melt, 2, 2, 3
ladies, 1, 1, 12
current, 6, 5, 4
anywhereesp, 1, 1, 1
2pm, 1, 1, 3
savegames, 1, 1, 1
goes, 2, 2, 49
reply, 2, 2, 3
falling, 2, 2, 3
ground, 1, 1, 3
boost, 2, 1, 1
filled, 2, 2, 14
supporting, 1, 1, 8
jury, 1, 1, 1
install, 6, 4, 6
slaying, 1, 1, 0
learn, 3, 3, 47
french, 2, 2, 3
water, 5, 5, 9
slow, 5, 5, 15
smiths, 1, 1, 1
lockpick, 1, 1, 1
wintermystesp, 1, 1, 1
alone, 3, 3, 38
along, 4, 4, 8
daedric, 7, 6, 42
change, 8, 8, 34
wait, 8, 6, 12
box, 4, 3, 95
sending, 1, 1, 29
arcadia, 1, 1, 3
ref, 1, 1, 1
flames, 1, 1, 3
lazy, 1, 1, 36
shift, 2, 1, 1
teaching, 1, 1, 12
skrim, 1, 1, 4
bannered, 1, 1, 3
commonly, 1, 1, 230
bow, 10, 5, 16
legit, 1, 1, 2
fnisspellsesp, 1, 1, 1
markarthham, 1, 1, 9
data, 2, 1, 2
suggestion, 1, 1, 1
hlevel, 1, 1, 2
usually, 16, 15, 61
weird, 4, 4, 52
howver, 1, 1, 30
433, 1, 1, 8
motherfucking, 1, 1, 6
love, 26, 20, 157
gamepad, 1, 1, 1
extra, 3, 3, 31
tweak, 1, 1, 2
merely, 1, 1, 0
dovahkitty, 1, 1, 3
prefer, 1, 1, 0
f2, 1, 1, 1
horrormystery, 1, 1, 30
bloody, 2, 2, 30
sincerely, 1, 1, 10
balmora, 1, 1, 1
betraying, 1, 1, 10
falmers, 1, 1, 1
3quality, 1, 1, 2
plots, 1, 1, 10
marker, 1, 1, 14
rarely, 2, 2, 3
crisis, 1, 1, 30
market, 1, 1, 26
everybody, 5, 5, 35
voices, 1, 1, 1
wealth, 1, 1, 2
working, 3, 3, 3
prove, 1, 1, 1
perk, 8, 7, 6
positive, 1, 1, 10
angry, 1, 1, 3
f7, 1, 1, 1
visit, 3, 2, 5
ravage, 1, 1, 3
france, 2, 1, 2
territories, 1, 1, -4
live, 7, 7, 66
wood, 5, 5, 13
iphone, 1, 1, 1
https, 22, 18, 385
criteria, 1, 1, 36
thru, 3, 2, 1
today, 2, 2, 2
skooming, 2, 2, 8
vous, 1, 1, 1
continue, 1, 1, 1
towers, 1, 1, 3
muffle, 3, 3, 9
acceptable, 1, 1, 2
ooh, 1, 1, 25
clue, 1, 1, -2
visual, 3, 3, 3
ignorant, 2, 2, 23
jurgen, 1, 1, 10
effort, 3, 3, 85
easiest, 2, 2, 2
behalf, 1, 1, 6
fly, 1, 1, 1
goodguymagicman, 1, 1, 6
instructional, 1, 1, 9
wouldnt, 1, 1, 46
pushed, 1, 1, 1
car, 3, 3, 68
originally, 1, 1, 3
soul, 35, 12, 43
cat, 8, 8, 191
labeled, 1, 1, 230
60fps, 1, 1, 2
prisonercaptive, 1, 1, 1
making, 17, 13, 265
metal, 3, 3, 13
itmake, 1, 1, 2
feature, 3, 3, 37
spy, 2, 2, 13
citizens, 3, 3, 19
corrupted, 4, 3, 21
figure, 2, 2, 4
nexus, 2, 2, 4
awesome, 7, 6, 81
fuck, 8, 6, 235
topic, 2, 2, 234
heard, 3, 3, 5
238, 1, 1, 1
dropped, 1, 1, 5
hides, 1, 1, 2
allowed, 8, 7, 265
234, 1, 1, 1
235, 1, 1, 1
confuses, 1, 1, 3
counting, 1, 1, 7
clothing, 3, 3, 4
231, 1, 1, 1
232, 1, 1, 1
233, 1, 1, 1
pink, 1, 1, 3
conflict, 1, 1, 3
regenerate, 1, 1, 1
rays, 1, 1, 1
winter, 1, 1, 0
fortunately, 2, 2, 2
afterlife, 1, 1, 3
write, 2, 2, 28
watching, 2, 2, 66
sudden, 1, 1, 1
lokir, 1, 1, 3
1, 24, 20, 341
till, 1, 1, 3
sunday, 1, 1, 3
catnip, 1, 1, 2
eorlund, 1, 1, 1
pure, 5, 4, 15
swore, 2, 2, 3
3damp, 1, 1, 3
gaddhjalt, 1, 1, 1
speaks, 2, 2, 8
begs, 1, 1, 16
economy, 1, 1, 10
146, 1, 1, 1
map, 8, 5, 39
staying, 1, 1, 9
145, 1, 1, 1
142, 1, 1, 1
143, 1, 1, 1
140, 1, 1, 1
huge, 8, 7, 156
may, 13, 10, 41
max, 6, 4, 4
sacrifice, 1, 1, 10
rabbitsplusesp, 1, 1, 1
spot, 1, 1, 1
zerker, 3, 1, 0
148, 1, 1, 1
149, 1, 1, 1
godhead, 1, 1, 1
crashed, 1, 1, 3
mac, 5, 4, 7
aot, 1, 1, 0
designed, 1, 1, 4
improving, 1, 1, 2
heroes, 1, 1, 42
destructive, 1, 1, 6
guys, 12, 10, 68
compatibility, 1, 1, 1
man, 9, 9, 34
legenday, 1, 1, 0
wwwyoutubecomwatch, 2, 2, 24
natural, 2, 2, 8
remember, 9, 9, 29
summoning, 1, 1, 1
121, 1, 1, 1
whenever, 3, 3, 14
maybe, 25, 19, 144
nomadic, 1, 1, 2
sw, 1, 1, 1
acces, 1, 1, 1
fine, 9, 9, 15
caravans, 2, 2, 15
switch, 6, 5, 86
vsync, 1, 1, 1
block, 3, 2, 7
skryim, 1, 1, 1
124, 1, 1, 1
spellthe, 1, 1, 2
manga, 1, 1, 1
talk, 11, 9, 32
typical, 1, 1, 0
drunken, 1, 1, 0
cute, 1, 1, 3
comfort, 1, 1, 30
fallout, 8, 6, 9
east, 1, 1, 1
unacceptable, 1, 1, 230
years, 10, 8, 74
course, 7, 6, 18
experiments, 1, 1, 6
mysticism, 1, 1, 1
cold, 3, 3, 8
still, 31, 29, 108
worship, 2, 2, 13
blocked, 1, 1, 2
1830, 1, 1, 13
overhaul, 6, 5, 7
9th, 1, 1, -4
acknowledge, 1, 1, 1
apex, 1, 1, 1
interesting, 4, 4, 5
torn, 1, 1, 6
troubles, 1, 1, 10
hot, 1, 1, 1
137, 1, 1, 1
sven, 2, 1, 3
platform, 1, 1, 1
window, 1, 1, 2
offers, 2, 2, 3
morrowindoblivion, 1, 1, 3
constitutes, 1, 1, 230
policy, 1, 1, 5
sizeesp, 1, 1, 1
main, 23, 17, 60
maik, 1, 1, 35
happened, 2, 2, 11
non, 1, 1, 1
within, 3, 3, 9
nondragonborn, 1, 1, 26
halt, 1, 1, 1
3, 25, 19, 274
matches, 2, 2, 7
recipes, 2, 2, 15
killer, 1, 1, 0
136, 1, 1, 1
hunterborn, 1, 1, 2
nation, 1, 1, 1
amulet, 2, 2, 3
answer, 3, 3, 16
adrenaline, 1, 1, 0
229, 1, 1, 1
subscribers, 1, 1, 230
half, 13, 10, 21
sorted, 1, 1, 2
sorceress, 1, 1, 2
hall, 4, 4, 27
possess, 1, 1, 4
wont, 1, 1, 2
arisewe, 1, 1, 2
execute, 1, 1, 3
sweetroll, 1, 1, 5
name, 10, 9, 16
2spell, 2, 2, 1
james, 1, 1, 8
eorland, 1, 1, 1
drop, 1, 1, 1
arrows, 3, 3, 1
sos, 2, 2, 3
possibilities, 1, 1, 6
realistic, 6, 5, 11
25, 3, 2, 3
rock, 4, 3, 9
showcasing, 1, 1, 1
entirely, 1, 1, 0
drougr, 1, 1, 1
pommel, 1, 1, 1
clusterfucked, 1, 1, 1
realism, 2, 1, 3
em, 1, 1, 1
domain, 1, 1, -4
gras, 1, 1, 0
quicksaves, 3, 1, 2
significantly, 1, 1, 1
cairn, 2, 2, 13
ed, 1, 1, 1
ef, 1, 1, 1
ea, 2, 2, 2
yeah, 8, 8, 20
ec, 1, 1, 1
eb, 1, 1, 1
unlock, 6, 6, 30
replay, 2, 2, 2
haul, 1, 1, 1
1d, 1, 1, 1
year, 4, 3, 1
ft, 1, 1, 2
happen, 3, 3, 3
calling, 3, 3, 18
skaalheavyarmoresp, 1, 1, 1
refined, 1, 1, 1
es, 1, 1, 14
plans, 1, 1, 4
album, 1, 1, 9
living, 4, 4, 20
shown, 1, 1, 10
stitch, 1, 1, 0
factors, 1, 1, 1
profit, 2, 2, 9
shezzarines, 1, 1, 1
furthermore, 2, 1, 1
overlycontrolling, 1, 1, 20
looking, 13, 12, 23
armorsspecial, 1, 1, 1
seriously, 3, 3, 6
priest, 3, 3, 19
internet, 1, 1, 5
formula, 1, 1, 1
worshiper, 1, 1, 3
stormcloacks, 1, 1, 8
sweet, 3, 3, 11
correct, 3, 3, 12
reveler, 1, 1, 69
overflowing, 1, 1, 6
undead, 4, 2, 9
lag, 1, 1, 1
skyui, 5, 5, 9
riften, 5, 4, 10
existed, 1, 1, 9
nodie, 2, 1, 1
million, 2, 2, 1
rely, 1, 1, 2
cart, 3, 3, 6
quite, 9, 8, 111
1f, 1, 1, 1
e9, 1, 1, 1
lab, 1, 1, 10
berit, 1, 1, 3
e5, 1, 1, 1
e4, 1, 1, 1
e7, 1, 1, 1
e6, 1, 1, 1
e1, 1, 1, 1
orc, 4, 2, 9
e3, 1, 1, 1
care, 4, 4, 43
advance, 1, 1, 3
training, 4, 4, 9
skyrimprefsini, 3, 3, 5
2fskyrim, 1, 1, 3
introverted, 1, 1, 6
tries, 1, 1, 2
british, 1, 1, 2
honest, 2, 2, 18
initiate, 2, 2, 4
sidequests, 1, 1, 1
jumping, 1, 1, 1
place, 19, 15, 194
massive, 2, 2, 13
181, 1, 1, 1
cycles, 2, 2, 3
styles, 4, 4, 83
510, 1, 1, 0
think, 31, 26, 100
ammo, 1, 1, 3
reposts, 3, 3, 236
cheese, 1, 1, 1
constantly, 3, 3, 34
saving, 3, 3, 4
flooresp, 1, 1, 1
surviving, 1, 1, 10
24, 2, 1, 1
dungeons, 6, 6, 38
lollygag, 1, 1, 13
picshand, 1, 1, 5
fireballs, 1, 1, 6
one, 77, 68, 381
defenses, 1, 1, 6
shout, 3, 3, 105
specifically, 3, 3, 7
directly, 3, 3, 6
carry, 9, 6, 93
impossible, 2, 2, 0
ring, 3, 3, 12
raped, 1, 1, 4
open, 7, 6, 10
f1, 1, 1, 1
wineskin, 3, 3, 5
size, 1, 1, 1
city, 8, 8, 22
little, 10, 10, 63
sheet, 1, 1, 2
district, 1, 1, 8
redguard_bowesp, 1, 1, 1
23, 2, 1, 1
caught, 3, 3, 27
breed, 1, 1, 3
accordingly, 1, 1, 2
remotely, 1, 1, 0
anyone, 19, 17, 329
plains, 1, 1, 11
1c, 1, 1, 1
2, 32, 26, 344
1e, 2, 2, 9
terrifying, 1, 1, 7
escort, 1, 1, 6
typing, 3, 3, 52
legally, 1, 1, 4
white, 3, 3, 11
national, 1, 1, 3
friend, 6, 5, 28
gives, 9, 8, 22
hud, 3, 2, 5
spared, 1, 1, 3
mostly, 7, 7, 53
elfxenhanceresp, 1, 1, 1
universe, 2, 2, 4
huh, 2, 2, 4
eliminates, 1, 1, 2
artifact, 2, 1, 3
released, 1, 1, 4
lpbardsesp, 1, 1, 1
alas, 1, 1, 1
fresh, 1, 1, 0
flowers, 3, 3, 9
clumsy, 1, 1, 1
semantics, 1, 1, -1
inventor, 1, 1, 2
11, 4, 3, 2
10, 10, 9, 263
13, 3, 2, 2
12, 4, 3, 3
15, 5, 4, 5
lmao, 1, 1, 26
17, 2, 1, 1
16, 2, 1, 1
19, 2, 1, 1
imgurcoma6zl7k, 1, 1, 8
require, 1, 1, 36
diplomatic, 1, 1, 1
transferred, 1, 1, 10
nondlc, 1, 1, 9
elsewhyr, 1, 1, 5
trollsfoot, 1, 1, 5
future, 3, 3, 14
results, 2, 2, 3
bag, 1, 1, 1
miles, 1, 1, 3
poisoning, 2, 2, 27
damned, 1, 1, 6
npc, 8, 5, 6
armored, 2, 2, 11
kingmaker, 1, 1, 1
mundane, 2, 1, 1
pro, 1, 1, 6
turned, 8, 4, 6
locations, 3, 3, 16
jewels, 1, 1, 33
sad, 1, 1, 2
anu, 1, 1, 1
say, 18, 16, 317
calm, 1, 1, 3
buried, 1, 1, 1
voiced, 1, 1, 8
sells, 2, 2, 10
recover, 1, 1, 1
saw, 2, 2, 4
conversion, 2, 2, 3
squat, 1, 1, 23
discussionsdebates, 1, 1, 2
smithing, 22, 16, 211
efficient, 2, 2, 2
warriors, 2, 2, 16
fucking, 10, 10, 47
snowy, 1, 1, 3
ideas, 2, 2, 3
note, 9, 6, 12
equipment, 1, 1, 2
ideal, 3, 3, 24
take, 21, 18, 94
disadvantage, 2, 2, 2
online, 3, 3, 14
quieting, 1, 1, 3
performance, 7, 5, 7
wonder, 2, 2, 6
switching, 2, 2, 4
facefirst, 1, 1, 10
ultimate, 3, 2, 2
butterfly, 1, 1, 8
200, 4, 4, 16
begin, 2, 2, 4
sure, 16, 14, 114
205, 1, 1, 1
204, 1, 1, 1
207, 1, 1, 1
normal, 11, 11, 252
track, 2, 2, 5
208, 1, 1, 1
price, 1, 1, 2
comatose, 1, 1, 0
hometown, 1, 1, 6
paid, 1, 1, 8
falls, 2, 2, 9
buybuild, 1, 1, 2
rips, 1, 1, 1
detect, 1, 1, 6
importantly, 2, 2, 26
enbesp, 1, 1, 1
shitlearn, 1, 1, 0
knee, 2, 2, 4
beth, 1, 1, 9
pages, 2, 2, 231
rivals, 1, 1, 8
forever, 3, 3, 61
especially, 4, 4, -11
fills, 2, 2, 2
considered, 2, 2, 8
average, 1, 1, 2
later, 6, 5, 17
alfiq, 1, 1, 3
sale, 1, 1, 1
masksunique, 1, 1, 1
properly, 1, 1, 1
sunset, 1, 1, 3
magicduelrebornesm, 1, 1, 1
slaves, 1, 1, 6
axe, 1, 1, 3
9will, 1, 1, 2
lydia, 4, 4, 59
gameplaygt, 1, 1, 5
salt, 1, 1, 49
moon, 2, 2, 12
quantity, 1, 1, 2
shop, 3, 3, 19
walking, 2, 2, 13
drastically, 1, 1, 11
shot, 2, 2, 7
heap, 2, 1, 3
show, 6, 6, 38
cheat, 2, 2, 1
cheap, 1, 1, 9
merit, 2, 1, 1
companionswhat, 1, 1, 3
discovered, 1, 1, 1
6we, 1, 1, 2
corner, 2, 2, 4
aggressive, 1, 1, 1
imgurcomaany0t, 1, 1, 3
unloaded, 1, 1, 1
geography, 2, 2, 11
ineed, 1, 1, 3
hist, 1, 1, 2
224, 3, 3, 11
ratio, 3, 2, 3
title, 6, 5, 10
shithole, 1, 1, 3
treasure, 1, 1, 1
dr_bandolierdgesp, 1, 1, 1
enough, 14, 12, 49
texture, 4, 4, 5
crime, 5, 5, 22
going, 26, 23, 97
black, 10, 8, 32
replacer, 1, 1, 2
robe, 1, 1, 1
220, 1, 1, 1
fades, 1, 1, 3
printssweet, 1, 1, 5
ihud, 1, 1, 3
1amp, 1, 1, 3
degrade, 1, 1, 2
get, 149, 97, 986
replaying, 1, 1, 3
utilities, 1, 1, 6
begging, 3, 3, 269
2700, 1, 1, 2
truly, 3, 3, 32
respective, 2, 2, 16
maxes, 1, 1, 1
nearly, 5, 5, 12
duelwield, 1, 1, 10
blocking, 1, 1, 1
telekinesis, 1, 1, 6
trade, 2, 2, 84
stroll, 1, 1, 3
secondary, 1, 1, 6
wizdynamicthingsesp, 1, 1, 1
regarding, 2, 2, 15
harbinger, 1, 1, 1
resource, 1, 1, 1
girl, 1, 1, 1
settings, 2, 2, 1
leather, 7, 6, 22
versions, 1, 1, 2
unp, 1, 1, 6
scientist, 1, 1, 1
summary, 1, 1, 12
naked, 2, 2, 22
jokes, 1, 1, 3
stupid, 3, 3, 11
bullwhip, 1, 1, 1
landlord, 1, 1, 16
killmove, 1, 1, 3
barrow, 1, 1, 3
pants, 3, 3, 9
wiki, 3, 2, 16
ignored, 1, 1, 50
mess, 1, 1, 1
siblings, 1, 1, 8
raged, 1, 1, 8
ablet, 1, 1, 1
twin, 1, 1, 3
committed, 1, 1, 3
mom, 1, 1, 6
maximum, 1, 1, 3
relative, 1, 1, 0
ce, 1, 1, 1
actively, 1, 1, 3
college, 13, 13, 46
apologies, 1, 1, 1
legendaryesp, 2, 1, 1
rewarded, 1, 1, 1
patchesp, 8, 1, 1
ability, 4, 3, 10
dibella, 1, 1, 1
suspects, 1, 1, 2
satisfying, 9, 3, 4
salesman, 1, 1, 2
disposition, 4, 1, 1
steadfast, 1, 1, 6
wielding, 1, 1, 0
ways, 8, 8, 40
jumped, 1, 1, 1
opening, 1, 1, 5
92, 2, 1, 1
weapons, 26, 18, 91
outside, 7, 7, 37
beastkind, 1, 1, 10
diddly, 1, 1, 23
graphically, 1, 1, 6
reading, 2, 2, 1
across, 3, 3, 11
50000, 2, 2, 12
notice, 5, 4, 10
jobs, 2, 2, 35
parent, 1, 1, 20
disagreed, 1, 1, 5
screen, 2, 2, 5
pocketfuls, 1, 1, 55
26, 2, 1, 1
killing, 11, 10, 79
adept, 2, 2, 1
cosplays, 2, 2, 37
jo, 1, 1, 1
2fwwwnexusmodscom, 1, 1, 3
heal, 6, 5, 15
jk, 2, 2, 3
je, 1, 1, 1
cities, 4, 4, 60
come, 7, 7, 28
imp_helm_legendesp, 1, 1, 1
angi, 1, 1, 9
untapped, 1, 1, 3
missions, 1, 1, 2
mob, 1, 1, 3
avoid, 4, 4, 16
many, 13, 13, 312
region, 2, 2, 31
priests, 3, 2, 18
quiet, 1, 1, 1
townvillagecity, 1, 1, 3
unenchanted, 2, 2, 4
somewhere, 4, 4, 5
purely, 1, 1, 6
evenings, 1, 1, 1
remake, 1, 1, 1
ghorza, 1, 1, 1
librarycultural, 1, 1, 2
comes, 7, 7, 11
among, 1, 1, 230
merry, 1, 1, 6
isolateddistant, 1, 1, 30
effective, 1, 1, 1
endless, 1, 1, 6
hurts, 1, 1, 22
period, 1, 1, 5
nooooo, 1, 1, 29
60, 8, 7, 11
61, 2, 1, 1
slain, 1, 1, 1
grants, 3, 3, 4
64, 3, 2, 2
3000, 3, 3, 7
learning, 2, 2, 1
67, 3, 2, 4
68, 2, 1, 1
freak, 1, 1, 2
poll, 1, 1, 5
skeletons, 1, 1, 2
boat, 5, 3, 14
considering, 1, 1, 3
3d11811, 1, 1, 3
rskyrimmods, 5, 4, 8
cycling, 1, 1, 1
subscribed, 1, 1, 230
capable, 1, 1, 1
west, 4, 3, 14
classic, 1, 1, 1
havme, 1, 1, 2
mark, 1, 1, 9
breath, 2, 2, 9
159, 1, 1, 1
combined, 1, 1, 1
steeped, 1, 1, 3
dawnguard, 3, 2, 3
innkeepersesp, 1, 1, 1
hardly, 3, 3, 40
500, 5, 4, 141
hatusmore, 1, 1, 8
wants, 6, 6, 274
6a, 1, 1, 1
6b, 1, 1, 1
6c, 1, 1, 1
6d, 1, 1, 1
6e, 1, 1, 1
30000, 1, 1, 2
unlmited, 1, 1, 3
wwwuespnetwikiuser, 1, 1, 2
thousand, 1, 1, 42
valueweight, 1, 1, 1
commands, 5, 5, 7
dangerous, 1, 1, 1
emulation, 1, 1, 2
wake, 1, 1, 3
covers, 1, 1, 1
horrors, 2, 2, 2
haskill, 1, 1, 0
former, 1, 1, 16
countless, 1, 1, 1
case, 4, 4, 6
ftfy, 1, 1, 0
divines, 2, 2, 11
hdr, 1, 1, 1
mount, 1, 1, 1
cash, 1, 1, 2
enbchromatic, 1, 1, 0
cast, 9, 5, 22
cure, 1, 1, 3
shall, 3, 1, 2
promising, 2, 2, 12
greymane, 1, 1, 1
situation, 3, 3, 18
shops, 2, 2, 3
skyuiesp, 1, 1, 1
halberds, 1, 1, 1
coolest, 2, 2, 2
mining, 2, 2, 15
rings, 1, 1, 1
ive, 1, 1, 2
crusader, 2, 1, 2
evade, 1, 1, 1
eventually, 8, 7, 24
shreds, 1, 1, 1
endowed, 1, 1, 8
sleeping, 2, 2, 8
middle, 2, 2, 17
animationsesp, 1, 1, 1
someone, 16, 12, 264
embrace, 1, 1, 2
cured, 1, 1, 1
brews, 1, 1, 2
rally, 2, 2, 7
return, 1, 1, 3
frostflow, 2, 2, 33
everyday, 2, 2, 523
worry, 3, 3, 87
npcsesp, 1, 1, 1
shopkeeper, 1, 1, 10
bags, 1, 1, 2
different, 13, 12, 34
blackhorsecourieresp, 1, 1, 1
combination, 2, 2, 7
innocently, 1, 1, 3
pay, 6, 6, 26
reminded, 1, 1, 9
rampant, 1, 1, 1
check, 11, 10, 14
slighter, 1, 1, 3
reduxesp, 2, 1, 1
bows, 7, 7, 38
speech, 6, 4, 29
buys, 1, 1, 2
stepped, 1, 1, 3
shifty, 1, 1, 6
enchants, 3, 3, 3
week, 2, 2, 10
visually, 1, 1, 1
paladin, 1, 1, 6
finish, 5, 5, 13
braith, 1, 1, 8
brute, 1, 1, 4
screenshot, 5, 5, 237
acquire, 1, 1, 2
ihssesp, 1, 1, 1
rougemage, 1, 1, 2
ranged, 4, 3, 5
imgurcomakalpz9, 1, 1, 3
skse, 7, 5, 11
companion, 4, 4, 5
elisif, 1, 1, 3
running, 8, 7, 42
fruit, 1, 1, 3
extender, 1, 1, 8
favorites, 1, 1, 3
conquered, 1, 1, 0
changing, 1, 1, 3
totally, 3, 3, 14
tradition, 1, 1, 1
enchanting, 47, 28, 193
break, 6, 6, 10
sheeet, 1, 1, 26
tracking, 1, 1, 1
traps, 1, 1, 2
largely, 3, 2, 11
charges, 2, 2, 10
expression, 1, 1, 3
floor, 4, 2, 9
replace, 2, 2, 5
magical, 4, 2, 9
playwise, 1, 1, 2
toadies, 1, 1, 29
without, 14, 13, 94
pming, 1, 1, 2
components, 1, 1, 1
questlines, 7, 5, 6
ravenrock, 1, 1, 1
potionsesp, 1, 1, 1
otherwise, 3, 3, 50
wetandcold, 1, 1, 1
windhelm, 3, 3, 5
justify, 1, 1, 1
morrowind, 14, 10, 46
gates, 2, 1, 1
214, 1, 1, 1
sprayed, 1, 1, 3
212, 1, 1, 1
livestock, 1, 1, 3
210, 1, 1, 1
211, 1, 1, 1
tip, 1, 1, 131
armour, 7, 5, 35
pelts, 1, 1, 2
rest, 10, 10, 86
199, 1, 1, 1
unofficial, 5, 4, 29
flawless, 1, 1, 1
violent, 1, 1, 11
relevant, 1, 1, 497
kill, 28, 21, 316
greetings, 5, 2, 6
smelter, 1, 1, 1
ps3, 3, 3, 5
ilinalta, 1, 1, 3
173, 1, 1, 1
migration, 1, 1, 10
preventing, 1, 1, 6
76, 2, 1, 1
death, 7, 7, 35
thinking, 6, 6, 56
senseless, 1, 1, 0
except, 12, 12, 67
improvement, 5, 4, 10
roller, 1, 1, 3
wall, 4, 4, 27
lets, 4, 4, 13
setting, 2, 2, 2
pile, 1, 1, 26
4, 27, 19, 276
complements, 1, 1, 1
shlongs, 1, 1, 1
braindead, 2, 1, 3
responses, 1, 1, 2
exceeds, 1, 1, 1
skies, 1, 1, 1
real, 11, 11, 272
northeast, 2, 2, 2
aspects, 3, 3, 55
around, 32, 28, 281
kills, 2, 2, 5
overused, 1, 1, 2
rules, 7, 6, 279
decentsized, 1, 1, 2
amb, 1, 1, 1
glitched, 1, 1, 1
unnecessary, 1, 1, 1
cf, 1, 1, 1
dark, 19, 17, 123
test, 1, 1, 0
4560, 1, 1, 0
traffic, 1, 1, 8
autosave, 3, 3, 5
politely, 1, 1, 3
mudcrab, 2, 2, 19
using, 29, 24, 74
outer, 1, 1, 1
execution, 1, 1, 8
lady, 1, 1, 5
vague, 1, 1, 10
mod, 66, 53, 248
clan, 1, 1, 9
fortune, 1, 1, 1
reduces, 2, 2, 2
pole, 1, 1, 3
preference, 1, 1, 6
lightning, 7, 7, 15
chamber, 3, 3, 41
benefit, 1, 1, 0
63, 2, 1, 1
either, 15, 12, 34
fully, 1, 1, 14
served, 1, 1, 3
ie, 3, 3, 3
vikinds, 1, 1, 0
reduced, 1, 1, 2
tkdodgeesp, 1, 1, 1
65, 2, 1, 1
ye, 1, 1, 1
immersing, 1, 1, 5
66, 2, 1, 1
jewellery, 2, 1, 2
exposed, 1, 1, 1
30, 6, 4, 4
hacks, 1, 1, 2
japanese, 1, 1, 2
calculated, 2, 1, 2
potion, 14, 6, 16
hotkeys, 1, 1, 2
imgurcomzrrnjma, 1, 1, 3
69, 2, 1, 1
images, 1, 1, 230
racial, 1, 1, 1
thinks, 2, 2, 10
reasons, 3, 3, 8
booming, 1, 1, 10
slice, 1, 1, 0
198, 1, 1, 1
markarth, 9, 8, 56
2e, 1, 1, 1
nooo, 1, 1, 3
googled, 1, 1, 5
fabulous, 1, 1, 7
legal, 1, 1, 1
nook, 1, 1, 19
cannabis, 1, 1, 1
paws, 1, 1, 10
lunar, 1, 1, 1
15x, 1, 1, 0
71, 2, 1, 1
unhelpful, 1, 1, 2
knife, 1, 1, 1
2a, 1, 1, 1
terrifies, 1, 1, 2
silvergold, 1, 1, 11
welcome, 1, 1, 6
wheat, 1, 1, 1
racism, 2, 2, 13
business, 3, 2, 55
mare, 1, 1, 3
seconds, 2, 2, 1
usefull, 1, 1, 1
windcaller, 2, 2, 11
slaughter, 1, 1, 11
miscellaneous, 1, 1, 6
broken, 3, 3, 7
246, 1, 1, 1
terrified, 2, 2, 5
uniquesesp, 1, 1, 1
willies, 1, 1, 5
refers, 1, 1, 3
throw, 3, 3, 59
earlier, 3, 3, 5
138, 1, 1, 1
stone, 3, 3, 4
ok, 3, 3, 2
pastebincom6fam5frw, 1, 1, 1
oh, 10, 7, 58
wikia, 2, 2, 19
island, 1, 1, 9
craft, 7, 6, 33
paralysis, 2, 2, 7
favorite, 7, 7, 107
chop, 1, 1, 1
demonic, 1, 1, 6
wolf, 2, 1, 7
greatly, 3, 3, 135
recording, 1, 1, 1
act, 1, 1, 8
mixed, 2, 2, 5
invested, 1, 1, 6
compelled, 1, 1, 2
assassin, 8, 6, 19
road, 3, 3, 282
op, 2, 2, 2
wilds, 1, 1, 3
dagger, 5, 2, 1
burning, 1, 1, 3
markersesp, 1, 1, 1
birdshfcleanesp, 1, 1, 1
image, 5, 4, 38
homeland, 1, 1, 2
rolling, 1, 1, 1
spellswordscout, 1, 1, 16
references, 1, 1, 10
shock, 1, 1, 6
verily, 1, 1, 1
wade, 1, 1, 26
happening, 2, 2, 4
technically, 1, 1, 2
fast, 12, 11, 30
log, 2, 2, 1
area, 2, 2, 5
arentino, 1, 1, 3
assumed, 1, 1, 3
booksesp, 1, 1, 1
hex, 1, 1, 1
hey, 5, 5, 126
lol, 5, 5, 5
reaaaaaaaaally, 1, 1, 26
gem, 7, 4, 15
start, 34, 28, 407
stealth, 7, 6, 24
descriptions_rnd, 1, 1, 1
mondays, 1, 1, 26
low, 6, 5, 68
lot, 29, 23, 362
f8, 1, 1, 1
transitioning, 1, 1, 3
intends, 1, 1, 2
jones, 1, 1, 8
tycoon, 1, 1, 2
complete, 11, 9, 38
hearthfire, 6, 6, 47
9942242, 1, 1, 230
1595, 1, 1, 1
land, 3, 2, 16
sleeptightesp, 1, 1, 1
explanatory, 1, 1, 230
layered, 1, 1, 1
fighter, 2, 1, 3
durnehviir, 1, 1, 8
trying, 17, 17, 115
weathersesp, 1, 1, 1
buying, 3, 3, 16
faster, 2, 2, 9
abused, 1, 1, 50
pull, 1, 1, 64
hire, 2, 2, 7
bellows, 1, 1, 3
155, 1, 1, 1
naming, 1, 1, 2
rage, 3, 3, 259
comics, 2, 2, 251
skyrimesp, 7, 1, 1
bucket, 1, 1, 3
resolving, 1, 1, 1
4450, 1, 1, 8
blacksmiths, 2, 2, 12
dirty, 1, 1, 6
orders, 1, 1, 2
gems, 23, 16, 101
wwwgoogledesearch, 1, 1, 9
aemqxf0y_wq, 1, 1, 2
vikindg, 1, 1, 0
advantage, 2, 1, 6
agree, 4, 3, 4
stavesesp, 1, 1, 1
expect, 2, 2, 2
aa, 1, 1, 1
gone, 6, 4, 12
intents, 1, 1, 4
ab, 1, 1, 1
skyrimforthenord, 1, 1, 2
600, 2, 2, 3
hakon, 2, 1, 42
af, 2, 2, 27
ai, 5, 4, -18
certain, 4, 4, 237
describe, 1, 1, 0
soultrap, 1, 1, 0
1200, 1, 1, 1
deep, 1, 1, 3
ban, 11, 9, 277
maxed, 2, 2, 27
imagination, 1, 1, 1
intro, 1, 1, 1
revamps, 1, 1, 2
file, 15, 10, 20
zombified, 1, 1, 1
sheath, 4, 2, 4
dualwield, 1, 1, 1
horse, 10, 9, 32
fill, 7, 5, 25
kit, 2, 2, 3
vendicci, 1, 1, 5
spice, 1, 1, 1
consensus, 1, 1, 1
graveyard, 1, 1, 3
oreingot, 1, 1, 11
piracy, 1, 1, 230
extract, 1, 1, 1
novice, 2, 2, 2
zelda, 1, 1, 1
elemental, 4, 2, 3
modding, 3, 3, 5
bastardesp, 1, 1, 1
valid, 1, 1, 6
5, 19, 16, 36
someones, 1, 1, 3
falmer, 2, 2, 8
instantly, 3, 3, 5
offered, 3, 2, 31
immunity, 1, 1, 1
poor, 1, 1, 29
mummies, 1, 1, 19
messagesesp, 1, 1, 1
separate, 4, 4, 26
coldharbour, 1, 1, 2
finale, 1, 1, 10
daedricweaponsesp, 1, 1, 1
includes, 1, 1, 4
a1, 1, 1, 1
walker, 2, 2, 2
a3, 1, 1, 1
important, 4, 3, 12
a5, 1, 1, 1
a4, 1, 1, 1
a7, 1, 1, 1
brotherhood, 14, 13, 60
a9, 1, 1, 1
a8, 1, 1, 1
spouse, 2, 1, 8
dragonbornesm, 1, 1, 1
schoolgt, 2, 1, 2
building, 2, 2, 7
gamer, 1, 1, 0
249, 1, 1, 1
candlelight, 1, 1, 6
calls, 1, 1, 1
wife, 2, 2, 29
invest, 5, 5, 10
curve, 1, 1, 0
controller, 13, 6, 9
hello, 2, 2, 2
passed, 1, 1, 3
hugely, 1, 1, 10
linens, 1, 1, 19
redux, 4, 3, 6
resolution, 6, 3, 3
original, 7, 4, 23
98, 2, 1, 1
stockpile, 1, 1, 11
8d, 1, 1, 1
differesp, 1, 1, 1
veezara, 1, 1, 1
skeleton, 2, 2, 26
ore, 9, 6, 29
argonian, 1, 1, 2
lack, 2, 2, 7
month, 1, 1, 3
recapturing, 1, 1, 3
code, 1, 1, 2
c2, 1, 1, 1
talks, 1, 1, 1
follow, 2, 2, 3
alt, 2, 2, 9
everyones, 1, 1, 3
religious, 2, 2, 19
children, 5, 4, 33
hammerfell, 3, 3, 7
candlehearth, 1, 1, 3
79, 2, 1, 1
strangers, 1, 1, 3
careful, 4, 4, 52
thsd, 1, 1, 0
hunting, 2, 2, 4
imma, 1, 1, 3
nmmesp, 1, 1, 1
vahlok, 1, 1, 12
removal, 1, 1, 39
tl, 1, 1, 1
tm, 1, 1, 2
commander, 1, 1, 1
robber, 1, 1, 6
nord, 9, 6, 12
clerics, 1, 1, 23
safety, 1, 1, 3
enjoying, 3, 3, 5
sound, 3, 3, 13
woman, 2, 2, 5
overpowered, 3, 3, 33
song, 1, 1, 2
horror, 4, 4, 26
faq, 2, 1, 230
robes, 5, 4, 19
souls, 3, 2, 8
gradually, 2, 2, 2
scout, 1, 1, 2
fan, 6, 6, 188
unoffice, 1, 1, 22
decide, 4, 4, 11
fall, 1, 1, 36
awful, 1, 1, 2
enter, 1, 1, 3
fourth, 1, 1, 1
enjoyable, 1, 1, 10
dwarven, 10, 3, 14
krosis, 1, 1, 1
obvious, 1, 1, 1
evolved, 1, 1, 1
skeletal, 1, 1, 1
arts, 1, 1, 3
list, 5, 5, 7
joined, 2, 2, 31
atahbah, 2, 1, 14
hild, 1, 1, 1
large, 1, 1, 19
d3, 1, 1, 1
rteslore, 1, 1, 2
mythrin, 1, 1, 1
small, 7, 7, 129
bench, 1, 1, 1
windsong, 1, 1, 1
tel, 1, 1, 1
andor, 2, 2, 2
ten, 2, 1, 3
195, 1, 1, 1
194, 1, 1, 1
sanctioned, 1, 1, 3
196, 1, 1, 1
191, 1, 1, 1
190, 1, 1, 1
193, 1, 1, 1
192, 1, 1, 1
past, 3, 3, 3
battle, 6, 4, 16
rate, 2, 2, 5
dragonhide, 1, 1, 3
design, 1, 1, 3
enhancement, 1, 1, 0
pass, 2, 2, 498
terrible, 1, 1, 2
tes, 4, 4, 17
xenius, 1, 1, 0
casual, 4, 1, 1
creatures, 5, 4, 11
jesus, 1, 1, 9
frostfallesp, 1, 1, 1
sub, 8, 8, 123
deadlydragonsesp, 1, 1, 1
deeply, 1, 1, 16
brief, 2, 1, 2
18, 2, 1, 1
crush, 2, 2, 24
public, 1, 1, 3
jedi, 1, 1, 1
version, 13, 7, 20
197, 1, 1, 1
destroyed, 1, 1, 8
eta, 1, 1, 1
learned, 2, 2, 7
nullification, 1, 1, 1
rme_irl, 1, 1, 13
handy, 3, 2, 4
daily, 2, 2, 72
full, 11, 8, 54
hash, 1, 1, -4
recruits, 1, 1, 29
tags, 1, 1, 3
supposedly, 1, 1, 12
vale, 4, 2, 33
mule, 1, 1, 2
hours, 43, 36, 259
fucks, 2, 2, 3
northgirl, 2, 1, 2
threads, 1, 1, 230
26preview, 1, 1, 3
method, 1, 1, 4
strong, 2, 2, 5
skeever, 2, 2, 18
legend, 1, 1, 1
ingame, 3, 3, 22
search, 3, 3, 5
901, 1, 1, 1
creeps, 1, 1, 9
quoting, 1, 1, 2
14, 2, 1, 1
houses, 3, 2, 31
inspired, 1, 1, 5
allows, 3, 3, 9
qualify, 1, 1, 1
experience, 12, 8, 28
soldier, 1, 1, 16
amount, 7, 7, 66
iimgurcomogeikx6png, 1, 1, 39
emulator, 1, 1, 1
pick, 10, 10, 27
action, 1, 1, 1
icky, 1, 1, 8
fjords, 1, 1, 8
options, 1, 1, 6
rspatchesp, 1, 1, 1
240, 1, 1, 1
uniquely, 1, 1, 10
via, 3, 3, 20
followed, 2, 2, 67
members, 5, 3, 19
family, 1, 1, 1
erealistic, 1, 1, 2
suddenly, 1, 1, 1
strolling, 1, 1, 18
solitude, 4, 4, 16
sadist, 1, 1, 29
hodilton, 1, 1, 1
ask, 13, 8, 30
follower, 11, 8, 20
idgrod, 2, 1, 3
illusionrestoration, 1, 1, 6
trained, 1, 1, 0
nordicrangerarmoresp, 1, 1, 1
odahviing, 1, 1, 3
chantry, 1, 1, 10
select, 3, 2, 4
ringing, 1, 1, 1
intensive, 1, 1, 1
conventional, 1, 1, 1
sbi, 1, 1, 9
eye, 8, 4, 48
takes, 11, 8, 46
lackluster, 1, 1, 1
pup, 1, 1, 3
contains, 1, 1, 2
wield, 4, 2, 1
two, 16, 12, 292
favorably, 2, 1, 1
almost, 8, 8, 20
linear, 1, 1, 1
unpleasant, 1, 1, 9
bash, 1, 1, 1
permasliced, 2, 1, 3
6, 10, 9, 22
taken, 3, 3, 10
mora, 3, 3, 20
minor, 2, 2, 13
horses, 2, 2, 11
fellow, 1, 1, 10
knows, 5, 5, 13
immersion, 1, 1, 3
frostfall, 3, 3, 6
archer, 12, 12, 35
constructs, 1, 1, 10
jailed, 1, 1, 12
theory, 2, 1, 1
bam, 2, 2, 2
mill, 1, 1, 10
requirementsesp, 1, 1, 1
basically, 11, 8, 18
broke, 2, 2, -21
varying, 1, 1, 230
known, 2, 2, 9
benefits, 1, 1, 6
kalecoe, 9, 1, 2
negativity, 1, 1, 3
buddylets, 1, 1, 69
town, 5, 5, 10
hardware, 1, 1, 1
none, 3, 3, 11
legolas, 1, 1, 2
thread, 2, 2, 3
hour, 7, 7, 286
cluster, 1, 1, 2
hyperfury, 1, 1, 1
sucks, 1, 1, 2
installing, 3, 2, 4
dev, 2, 2, 5
friendly, 4, 2, 67
guards, 4, 4, 11
hideout, 1, 1, 10
remain, 1, 1, 4
creaturesesp, 1, 1, 1
nine, 1, 1, 46
resources, 1, 1, 1
heaps, 1, 1, 2
v, 4, 4, 30
clutter, 1, 1, 1
playable, 5, 3, 11
male, 2, 2, 1
modits, 1, 1, 4
broad, 1, 1, 1
ralof, 1, 1, 3
joinable, 4, 2, 4
imperial, 11, 7, 56
compare, 1, 1, 10
f3, 1, 1, 1
f4, 1, 1, 1
f5, 1, 1, 1
f6, 1, 1, 1
brown, 1, 1, 1
stacking, 1, 1, 2
f9, 1, 1, 1
pilgrimsdelightesp, 1, 1, 1
galleries, 1, 1, 2
share, 2, 2, 2
accept, 2, 1, 3
r9, 2, 2, 2
states, 1, 1, 4
sphere, 1, 1, 6
beautiful, 6, 6, 79
minimum, 1, 1, 5
climates, 1, 1, 2
sense, 1, 1, 1
zenithar, 1, 1, 1
pond, 1, 1, 0
modsget, 1, 1, 0
salts, 2, 2, 4
uncheck, 1, 1, 5
information, 1, 1, 230
needs, 5, 5, 68
messing, 2, 2, 2
goal, 2, 2, 8
awkward, 1, 1, 3
desperation, 1, 1, 3
rather, 6, 4, 23
ahtar, 1, 1, 1
breaking, 2, 2, 2
utilize, 2, 2, 4
maps, 1, 1, 4
heck, 1, 1, 1
assassins, 4, 4, 28
lowlevel, 1, 1, 8
explains, 1, 1, 0
specializations, 1, 1, 3
wigs, 1, 1, 2
respawns, 1, 1, 3
upto, 1, 1, 2
plant, 1, 1, 3
okay, 4, 4, 32
tried, 19, 15, 20
charms, 1, 1, 1
helmet, 2, 2, 5
fx, 3, 3, 2
suppose, 1, 1, 1
advice, 5, 5, 13
rogues, 1, 1, 1
sneak, 18, 13, 78
memesreal, 1, 1, 5
triumphs, 1, 1, 4
fa, 1, 1, 1
fb, 1, 1, 1
disable, 1, 1, 1
lighting, 2, 2, 3
blood, 5, 4, 15
humourfriends, 1, 1, 3
coming, 3, 3, 24
seed, 1, 1, 1
invasion, 1, 1, 4
chesthelm, 1, 1, 2
response, 2, 2, 63
harsh, 2, 2, 9
refuse, 2, 2, 503
short, 2, 2, 2
backstab, 1, 1, 0
resemble, 1, 1, 5
footprintsesp, 1, 1, 1
rooting, 1, 1, 3
congregation, 1, 1, 3
anytime, 1, 1, 1
dragon, 47, 29, 182
111111, 1, 1, 8
perhaps, 7, 7, 24
daggers, 11, 6, 24
vegas, 1, 1, 2
sect, 1, 1, 10
crafts, 2, 2, 231
stoneflesh, 1, 1, 6
pleasure, 1, 1, 8
hates, 1, 1, 2
dream, 1, 1, 1
playing, 30, 28, 188
uninstall, 1, 1, 5
combatesp, 1, 1, 1
itl, 1, 1, 2
shoutsesp, 1, 1, 1
rounded, 1, 1, 3
help, 20, 18, 110
memory, 1, 1, 2
esoteric, 1, 1, 1
1we, 1, 1, 2
stays, 1, 1, 4
soon, 3, 3, 11
installed, 12, 10, 54
disabled, 1, 1, 10
mixing, 2, 2, 14
isnt, 2, 2, 6
embassy, 1, 1, 1
hlaalu, 1, 1, 30
minmax, 2, 2, 2
hell, 8, 7, 18
clumsily, 1, 1, 3
roots, 1, 1, 10
rebelling, 1, 1, 12
dieing, 1, 1, 2
messed, 2, 2, 4
style, 7, 6, 89
27, 2, 1, 1
20, 19, 10, 147
21, 2, 1, 1
22, 2, 1, 1
call, 4, 4, 36
pray, 1, 1, 3
tanky, 1, 1, 1
botched, 2, 2, 12
28, 2, 1, 1
29, 2, 1, 1
rounds, 1, 1, 1
actually, 13, 12, 26
late, 3, 3, 31
strange, 2, 2, 3
questarea, 1, 1, 1
messes, 1, 1, 7
offensive, 2, 1, 6
might, 12, 11, 82
alter, 2, 2, 6
fool, 2, 2, 27
good, 44, 35, 369
somebody, 2, 2, 55
geographical, 1, 1, 4
northwestern, 1, 1, 3
food, 4, 4, 70
hunter, 2, 2, 3
predator, 1, 1, 6
huntsmanesp, 1, 1, 1
peeing, 1, 1, 6
walls, 3, 3, 32
cultists, 2, 1, 1
thereof, 1, 1, 6
commodore, 1, 1, 1
goldesp, 1, 1, 1
foot, 2, 2, 2
difficultymaster, 1, 1, 1
bigger, 1, 1, 2
sucked, 1, 1, 9
mystery, 1, 1, 3
easily, 8, 4, 13
213, 1, 1, 1
always, 30, 28, 249
fetch, 1, 1, 1
presented, 1, 1, 10
223, 1, 1, 1
isle, 5, 1, 3
2d, 1, 1, 1
ashes, 1, 1, 3
2f, 3, 2, 4
mastered, 2, 1, 2
2b, 1, 1, 1
2c, 1, 1, 1
1am, 1, 1, 3
found, 10, 10, 49
tradebarteresp, 1, 1, 1
dlcesp, 2, 1, 1
friendship, 1, 1, 3
leveled, 1, 1, 11
2k, 1, 1, 1
heavy, 8, 7, 48
status, 1, 1, 2
amalur, 1, 1, 1
everyone, 13, 13, 51
upstairs, 2, 1, 3
weight, 4, 4, 16
bootcamp, 3, 3, 3
house, 16, 12, 9
shhh, 1, 1, 7
hard, 9, 9, 30
reduce, 2, 2, 52
idea, 8, 7, 37
police, 1, 1, 10
extended, 2, 2, 15
court, 1, 1, 1
raiments, 1, 1, 3
squishy, 3, 3, 15
heavyarmor, 1, 1, 0
slave, 1, 1, 10
beyond, 3, 3, 12
really, 50, 39, 271
worshipers, 1, 1, 3
mustered, 1, 1, 1
veneration, 1, 1, 3
prolly, 2, 1, 1
closest, 1, 1, -7
wondered, 1, 1, 0
p, 10, 9, 19
unnatural, 1, 1, 3
since, 22, 20, 109
hilt, 1, 1, 1
research, 1, 1, 10
bothela, 1, 1, 3
health, 8, 6, 21
171, 1, 1, 1
7, 4, 3, 3
etac, 1, 1, 1
print, 1, 1, 26
issue, 8, 7, 15
plotting, 1, 1, 29
ass, 11, 11, 42
figuring, 1, 1, 1
moist, 1, 1, 1
reporting, 1, 1, 16
aedric, 1, 1, 10
pathetic, 1, 1, -22
dirt, 1, 1, 0
redone, 1, 1, 1
lucia, 1, 1, 1
friday, 2, 2, 27
guess, 6, 6, 23
jornadogg, 1, 1, 1
sh, 1, 1, 2
pleasant, 1, 1, 3
difficulty, 7, 7, 217
reason, 12, 11, 109
base, 3, 3, 13
reconfigure, 1, 1, 0
imagine, 3, 3, 16
put, 14, 13, 107
weed, 2, 2, 3
beginning, 3, 3, 31
generate, 1, 1, 16
neloth, 2, 2, 13
thrown, 1, 1, 2
bumped, 2, 1, 0
owners, 1, 1, 3
situations, 1, 1, 1
bring, 4, 4, 15
service, 1, 1, 4
3dnpcesp, 1, 1, 1
launch, 1, 1, 6
caused, 1, 1, 2
needing, 2, 2, 1
93, 3, 2, 2
paralyzeesp, 1, 1, 1
scouts, 1, 1, 2
neglected, 1, 1, 1
apocalypse, 3, 3, 5
habit, 1, 1, 1
throws, 1, 1, 6
hence, 1, 1, 1
major, 5, 4, 7
eatduh, 1, 1, 1
dont, 8, 8, 14
mainesp, 1, 1, 1
prevent, 1, 1, 2
feel, 22, 20, 161
number, 3, 3, 66
fancy, 1, 1, 1
traveled, 2, 1, 3
elder, 13, 11, 173
realshelteresp, 1, 1, 1
done, 10, 9, 54
ethereal, 1, 1, 2
blank, 1, 1, 2
slower, 1, 1, 3
nords, 3, 3, 16
miss, 2, 2, 8
usleep, 1, 1, 2
wwwuespnetwikiskyrim, 1, 1, 2
story, 6, 6, 9
script, 2, 2, 8
leading, 2, 2, 4
5th, 1, 1, 3
smoother, 1, 1, 6
least, 9, 9, 25
cloaksnothing, 1, 1, 0
player, 8, 5, 20
aldmeri, 14, 4, 22
180, 1, 1, 1
wonderful, 1, 1, 6
186, 1, 1, 1
187, 1, 1, 1
storm, 3, 3, 0
185, 1, 1, 1
ton, 4, 3, 19
188, 1, 1, 1
189, 1, 1, 1
store, 3, 3, 5
free, 6, 6, 22
thechoiceisyoursesp, 1, 1, 1
selling, 8, 7, 35
luxury, 1, 1, 2
option, 3, 2, 7
behind, 4, 4, 17
chances, 1, 1, 2
latitudes, 1, 1, 3
park, 1, 1, 5
immediate, 2, 2, 233
inconsequential, 1, 1, 1
part, 14, 13, 75
taught, 1, 1, 1
blocksparklesesp, 1, 1, 1
gpu, 2, 2, 3
focusing, 2, 2, 4
wayfarer, 1, 1, 1
stifle, 1, 1, 1
endlessly, 1, 1, 3
apprentice, 1, 1, 0
serene, 1, 1, 1
flabbergasted, 1, 1, 1
kind, 4, 4, 19
assaulted, 1, 1, 38
determines, 1, 1, 10
min, 1, 1, 1
travels, 3, 3, 5
dogs, 2, 2, 18
outrageous, 1, 1, 6
ratways, 1, 1, 2
stall, 1, 1, 26
architect, 1, 1, 2
insulted, 1, 1, 2
dang, 2, 2, 3
sister, 1, 1, 4
kitten, 2, 2, 16
toward, 3, 2, 4
interactive, 1, 1, 1
amass, 1, 1, 2
uthgerd, 2, 2, 4
alikr, 1, 1, 3
playability, 2, 2, 1
7c, 1, 1, 1
7b, 1, 1, 1
kart, 2, 2, 4
followersesp, 1, 1, 1
62, 3, 2, 1
fights, 1, 1, 2
ages, 1, 1, 10
greybeards, 1, 1, 10
thiefs, 1, 1, 6
awoken, 1, 1, 1
mikael, 4, 3, 6
idles, 1, 1, 3
categorized, 1, 1, 3
cleaned, 2, 1, 5
aged, 1, 1, 10
sithis, 2, 2, 2
sell, 28, 19, 95
mountain, 5, 5, 66
built, 2, 2, 8
zero, 2, 2, 8
depending, 4, 4, 8
superior, 1, 1, 2
self, 4, 4, 238
cave, 4, 3, 44
parallels, 1, 1, 1
dwemeresp, 1, 1, 1
ashesesp, 1, 1, 1
also, 57, 49, 542
wat, 1, 1, 1
krev, 1, 1, 1
dragonskin, 1, 1, 6
build, 30, 11, 56
obviously, 2, 2, -3
finding, 5, 5, 29
commentary, 1, 1, 1
aberration, 1, 1, 0
buff, 1, 1, 6
province, 1, 1, 6
play, 47, 41, 545
added, 1, 1, 1
sleepin, 1, 1, 1
weaponssummons, 1, 1, 16
populace, 1, 1, 1
serve, 4, 3, 15
weapos, 1, 1, 1
reach, 5, 4, 32
equipping, 1, 1, 1
77, 2, 1, 1
mace, 4, 3, 22
hired, 2, 2, 3
73, 2, 1, 1
plan, 1, 1, 6
eaten, 1, 1, 3
70, 3, 2, 2
nothing, 7, 6, 24
realisticwatertwo, 1, 1, 1
3fid, 1, 1, 3
stendarr, 1, 1, 16
achievement, 1, 1, 0
78, 2, 1, 1
heartsts, 1, 1, 0
archery, 5, 5, 45
reward, 4, 3, 69
windows, 8, 5, 9
clear, 3, 3, 12
sometimes, 4, 4, 13
becoming, 3, 3, 47
concepts, 1, 1, 1
recasting, 1, 1, 11
storyline, 1, 1, 29
bodies, 1, 1, 3
clean, 4, 3, 32
charged, 1, 1, 3
physics, 3, 3, 11
attacking, 2, 2, -21
lying, 1, 1, 11
joining, 1, 1, 1
stones, 6, 6, 16
giggles, 1, 1, 3
axes, 1, 1, 1
copy, 2, 2, 4
gold, 31, 19, 125
exterminate, 1, 1, 3
disappointed, 1, 1, 5
defended, 1, 1, 6
emotional, 1, 1, 3
foremost, 1, 1, 11
215, 1, 1, 1
businesses, 2, 2, 27
shitty, 1, 1, 1
screenshots, 6, 6, 240
find, 54, 42, 378
occupation, 1, 1, 2
completion, 2, 2, 3
reminiscent, 1, 1, 3
periodically, 1, 1, 1
believe, 6, 5, 31
borke, 1, 1, 0
mid80, 1, 1, 1
brackets, 1, 1, 1
paranoid, 2, 2, 17
crawl, 1, 1, 6
ruin, 2, 2, 10
less, 12, 8, 24
rebooting, 1, 1, 0
velenwood, 1, 1, 5
starters, 1, 1, 1
failed, 3, 3, 2
realisticwatertwoesp, 1, 1, 1
pretty, 28, 23, 146
money, 18, 14, 89
override, 2, 1, 3
8, 5, 4, 30
swordmaceaxe, 1, 1, 7
merged, 1, 1, 1
giants, 3, 3, 27
hit, 7, 5, 11
therefore, 1, 1, 23
distance, 1, 1, 1
bend, 1, 1, 12
landscapes, 1, 1, 1
banned, 8, 6, 290
wonky, 1, 1, 6
trees, 5, 3, 4
obtain, 1, 1, 1
eggs, 1, 1, 1
feels, 2, 2, 2
b, 1, 1, 1
1shot, 1, 1, 2
valuable, 3, 3, 6
theft, 2, 2, 72
combinations, 2, 2, 7
219, 1, 1, 1
restart, 1, 1, 2
elf, 9, 4, 15
shines, 2, 2, 7
enemy, 8, 6, 27
loneliness, 1, 1, 2
spikes, 1, 1, 6
morgan, 1, 1, 8
hekc, 1, 1, 0
sacrificed, 1, 1, 2
bet, 1, 1, 1
diolouge, 1, 1, 1
cry, 1, 1, 3
alteration, 8, 5, 39
remove, 6, 5, 296
modded, 6, 6, 6
carlotta, 2, 1, 3
gloves, 1, 1, 2
common, 5, 5, 25
recommendations, 1, 1, 1
x, 2, 2, 7
bosmer, 3, 3, 4
river, 1, 1, 3
twentyish, 1, 1, 1
violens, 1, 1, 3
insane, 1, 1, 0
scenery, 2, 2, 3
set, 16, 14, 60
art, 6, 3, 235
voada, 2, 1, 3
enabled, 2, 2, 5
310, 1, 1, 1
c9, 1, 1, 1
savegame, 1, 1, 1
topics, 1, 1, 3
mintylightningmodesp, 1, 1, 1
culture, 1, 1, 2
see, 29, 23, 309
defense, 2, 2, 13
dumb, 1, 1, 1
sea, 1, 1, 3
close, 2, 2, 1
bark, 1, 1, 6
repairs, 1, 1, 10
practice, 4, 3, 70
atleast, 2, 2, 3
cosplay, 4, 3, 241
spirits, 1, 1, 6
pictures, 6, 5, 274
wow, 3, 3, 11
currently, 4, 4, 8
please, 11, 10, 253
stamfordesp, 1, 1, 1
tavernsesp, 1, 1, 1
various, 2, 2, 236
additionsesp, 2, 1, 1
3d, 1, 1, 1
probably, 25, 17, 95
numerous, 1, 1, 5
monsters, 1, 1, 10
favor, 2, 2, 13
fourhanded, 1, 1, 26
available, 5, 5, 11
solo, 1, 1, 0
popup, 2, 2, 2
recently, 12, 12, 161
creating, 1, 1, 3
missing, 7, 7, 13
keyboard, 2, 2, 2
complement, 1, 1, 6
attention, 2, 1, 0
outfit, 3, 3, 6
aime, 1, 1, 1
understone, 3, 2, 12
turning, 3, 3, 4
invisible, 1, 1, 4
remaining, 3, 2, -2
daedraundead, 1, 1, 6
ads, 1, 1, 3
ragdolls, 2, 1, 3
c, 3, 3, -1
f, 1, 1, 1
last, 11, 10, 277
reverse, 1, 1, 3
license, 1, 1, 21
riddler, 1, 1, 9
secrets, 1, 1, 1
solely, 1, 1, 1
censor, 1, 1, 0
respawn, 2, 2, 2
breaksor, 1, 1, 2
journals, 1, 1, 1
bandit, 2, 2, 12
connection, 1, 1, 2
improves, 2, 2, 79
8am, 1, 1, 3
enchantments, 6, 4, 5
forgotten, 4, 3, 34
v22esp, 1, 1, 1
focused, 2, 2, 132
protector, 1, 1, 1
whole, 7, 7, 31
sweetrolls, 4, 4, 248
load, 8, 8, 31
executioner, 1, 1, 1
liked, 3, 3, 4
guts, 1, 1, 1
subbreddits, 1, 1, 9
groups, 1, 1, 2
point, 9, 9, 25
simple, 6, 6, 53
seems, 13, 11, 98
allegiance, 1, 1, 1
community, 9, 6, 28
rofl, 1, 1, 2
popinsdistance, 1, 1, 2
7d, 1, 1, 1
simply, 12, 7, 15
likes, 2, 2, 18
beardsesp, 2, 1, 1
stormcloaks, 2, 2, 3
desktop, 1, 1, 1
magika, 1, 1, 2
dat, 1, 1, 1
expensive, 4, 4, 7
belt, 1, 1, 1
ps, 1, 1, 14
described, 1, 1, 0
mainesm, 1, 1, 1
cbbe, 1, 1, 2
create, 7, 6, 50
due, 3, 3, 7
whos, 1, 1, 0
clip, 1, 1, 3
pc, 35, 25, 73
reduction, 1, 1, 2
damn, 8, 7, 21
pining, 1, 1, 8
ysgramor, 1, 1, 10
collected, 1, 1, 0
hothtrooper44esp, 2, 1, 1
empty, 5, 4, 36
c3, 1, 1, 1
dialogue, 10, 6, 12
modern, 1, 1, 1
brother, 1, 1, 7
packs, 2, 2, 8
fire, 15, 8, 16
citizen, 1, 1, 1
convert, 1, 1, 3
aye, 1, 1, 2
else, 12, 11, 309
moderation, 2, 2, 10
races, 2, 2, 4
understand, 3, 3, 48
1866, 1, 1, 1
prices, 3, 2, 11
towns, 2, 1, 30
awfully, 1, 1, 1
nonkeep, 1, 1, 1
armorsdaedrc, 1, 1, 1
stolen, 2, 2, 4
reinstalled, 2, 2, 6
look, 21, 18, 52
enchanted, 5, 5, 145
indefinitely, 1, 1, 1
straight, 2, 2, 10
tolerate, 1, 1, 1
batch, 1, 1, 9
admire, 1, 1, 1
33, 2, 1, 1
optimization, 1, 1, 1
replaced, 2, 2, 6
smart, 1, 1, 10
withdrawing, 1, 1, 30
fun, 32, 28, 111
skyre_enemyaiesp, 1, 1, 1
loot, 15, 14, 73
lightarmor, 3, 1, 0
guide, 3, 3, 4
loop, 2, 2, -4
pack, 6, 4, 18
iimgurcomjg4pju2png, 1, 1, 39
concurrently, 1, 1, 10
pound, 1, 1, 1
10000, 2, 2, 9
portugal, 1, 1, 3
backing, 1, 1, 1
37, 2, 1, 1
calculator, 1, 1, 2
drawbacks, 2, 2, 16
demon, 1, 1, 1
physdmg, 2, 1, 1
5if, 1, 1, 2
ducks, 1, 1, 0
decoration, 1, 1, 29
dialoguetweaksesp, 1, 1, 1
hearthfiresesm, 2, 2, 6
werewolfvampire, 1, 1, 1
rig, 3, 2, 8
rid, 1, 1, 2
bigvast, 1, 1, 14
breezehome, 1, 1, 10
result, 1, 1, 1
funny, 3, 3, 3
margret, 1, 1, 3
deadpool, 1, 1, 3
anymore, 3, 2, 32
paying, 1, 1, 1
concoction, 1, 1, 0
lessintrusivehudesp, 1, 1, 1
stablestutter, 1, 1, 0
patchs, 1, 1, 22
fnisesp, 1, 1, 1
breton, 1, 1, 2
read, 9, 8, 271
lootingbuying, 1, 1, 2
bethesda, 8, 8, 84
grand, 1, 1, 8
9, 2, 1, 1
proved, 1, 1, 1
relatively, 1, 1, 1
spears, 1, 1, 1
day, 5, 5, 40
higher, 8, 6, 141
development, 2, 2, 3
used, 11, 10, 16
ingot, 6, 2, 13
battlehorse, 1, 1, 7
keys, 1, 1, 6
fixes_remadeesp, 1, 1, 1
dragonblood, 1, 1, 42
yesterday, 3, 3, 72
marie, 1, 1, 1
moment, 1, 1, 0
levels, 4, 4, 14
uses, 6, 4, 16
user, 2, 2, 233
dum, 2, 1, 1
obis, 1, 1, 1
stack, 2, 1, 2
recent, 2, 2, 3
early, 6, 5, 15
lower, 3, 3, 12
twohanded, 3, 2, 10
barry, 1, 1, 8
werewolf, 3, 2, 2
oghma, 1, 1, 1
typesraces, 1, 1, 2
chickens, 11, 10, 56
anybody, 3, 3, 6
deer, 3, 2, 12
edgy, 2, 2, 30
morrow, 1, 1, 1
person, 5, 5, 78
equine, 1, 1, 3
c5, 1, 1, 1
twohander, 1, 1, 0
ae, 1, 1, 1
appalled, 1, 1, 3
know, 37, 34, 170
coup, 1, 1, 0
abilities, 3, 3, 3
telvanni, 1, 1, 2
316379, 2, 1, 230
competitive, 1, 1, 0
product, 1, 1, 1
c4, 1, 1, 1
questions, 3, 2, 256
world, 14, 12, 106
vigilant, 3, 2, 22
3040, 1, 1, 0
alternative, 1, 1, 10
atsird, 1, 1, 3
continent, 1, 1, 10
unto, 1, 1, 1
letting, 2, 2, 39
5f, 1, 1, 1
cut, 4, 2, 1
tablet, 1, 1, 1
majority, 2, 2, 23
tbh, 1, 1, 1
hated, 3, 3, 34
scales, 1, 1, 3
dc, 1, 1, 1
0esp, 1, 1, 1
shouting, 1, 1, 0
conjurer, 2, 1, 6
horseradish, 1, 1, 66
location, 3, 3, 19
tamer, 1, 1, 1
explosion, 1, 1, 1
excited, 1, 1, 9
elves, 2, 2, 18
amusing, 2, 2, 12
lockpicks, 1, 1, 1
victims, 3, 3, 32
doors, 1, 1, 1
loss, 1, 1, 1
big, 3, 3, 32
couple, 6, 6, 393
lillandril, 1, 1, 3
unlimited, 1, 1, 26
vital, 1, 1, 1
quarterhorse, 1, 1, 1
carriages, 1, 1, 1
matters, 3, 3, 2
expecially, 1, 1, 1
quest, 42, 27, 126
bit, 22, 14, 65
awaken, 1, 1, 6
wings, 1, 1, 8
projects, 1, 1, 1
helpful, 3, 3, 5
counterintuitive, 1, 1, 10
imposed, 1, 1, 16
follows, 1, 1, 230
mint, 1, 1, 0
pumped, 1, 1, 1
lachance, 1, 1, 1
ignore, 2, 2, 12
collect, 8, 6, 33
individuals, 1, 1, 6
indication, 2, 2, 231
alternatively, 1, 1, 1
popular, 1, 1, 1
bump, 1, 1, 1
minescaves, 1, 1, 1
essential, 3, 3, 8
names, 1, 1, 3
transmute, 3, 3, 18
smdroplittorchesp, 1, 1, 1
google, 3, 3, 2
often, 5, 5, 245
brakes, 1, 1, 0
absolutely, 4, 4, 12
spring, 1, 1, 1
creation, 4, 4, 22
back, 33, 23, 109
b4, 1, 1, 1
b5, 1, 1, 1
towards, 1, 1, 3
mighty, 1, 1, 6
b1, 1, 1, 1
b2, 1, 1, 1
b3, 1, 1, 1
cd, 1, 1, 1
5b, 1, 1, 1
sprint, 1, 1, 0
falion, 1, 1, 3
pale, 1, 1, 6
b9, 1, 1, 1
herma, 2, 2, 18
scale, 1, 1, 2
floral, 1, 1, 1
jewelry, 7, 5, 29
akaviri, 1, 1, 10
pet, 1, 1, 3
interaction, 1, 1, 1
decision, 1, 1, 2
circlet, 1, 1, 1
novelty, 1, 1, 0
oblivion, 13, 12, 181
per, 3, 2, 3
isles, 2, 2, 3
meds, 1, 1, 64
prom, 1, 1, 6
behave, 2, 2, 250
1250, 3, 1, 14
danderzone, 1, 1, 1
epic, 3, 3, 5
temple, 3, 3, 7
laughing, 1, 1, 3
bd, 1, 1, 1
bf, 1, 1, 1
flute, 1, 1, 2
run, 13, 11, 79
ba, 1, 1, 1
bb, 1, 1, 1
ufo, 1, 1, 1
300, 1, 1, 1
gentleman, 1, 1, 12
experiment, 2, 2, 6
refused, 1, 1, 42
zombie, 3, 2, 20
restrictive, 1, 1, 3
step, 2, 2, 4
nowhere, 4, 4, 66
claw, 1, 1, 1
crap, 1, 1, 2
reddit2t9965, 1, 1, 9
von, 1, 1, 1
usb, 1, 1, 10
goods, 2, 2, 11
regrownesp, 1, 1, 1
anything, 26, 22, 317
rumble, 1, 1, 6
184, 1, 1, 1
completing, 1, 1, 0
75, 4, 3, 15
belethor, 2, 2, 9
deserves, 1, 1, 1
range, 1, 1, 0
74, 2, 1, 1
showracemenu, 1, 1, 0
dialog, 1, 1, 2
clash, 1, 1, 1
shiny, 1, 1, 29
silence, 1, 1, 3
72, 2, 1, 1
seeing, 6, 6, 23
moss, 1, 1, 1
corrupting, 1, 1, 2
precisely, 1, 1, 2
dude, 3, 3, 110
mills, 1, 1, 5
deadly, 2, 2, 2
ex, 1, 1, 2
144, 1, 1, 1
immersivespellsesp, 1, 1, 1
freely, 1, 1, 2
frames, 1, 1, 1
factor, 1, 1, 1
lesson, 2, 2, 12
morning, 1, 1, 1
rolls, 1, 1, 5
arthmoor, 2, 1, 2
coin, 4, 4, 121
sneaky, 4, 4, 18
spending, 1, 1, 1
extremely, 3, 3, 6
question, 10, 10, 58
handles, 2, 2, 3
long, 15, 15, 113
custom, 1, 1, 3
vendors, 1, 1, 2
camera, 2, 2, 3
preordered, 1, 1, 1
leotelli, 1, 1, 3
prntscrcoma423tw, 1, 1, 10
suit, 2, 2, 7
brug, 1, 1, 1
likethe, 1, 1, 3
bored, 2, 2, 142
sections, 2, 2, 3
khajit, 4, 4, 16
funnest, 1, 1, 1
opponent, 1, 1, 1
files, 9, 8, 27
birthsigns, 1, 1, 3
regen, 4, 2, 8
3esp, 1, 1, 1
graduate, 1, 1, 1
registered, 2, 2, 231
frost, 3, 3, 10
stunning, 1, 1, 1
heart, 2, 2, 2
solstheim, 6, 6, 12
mittens, 1, 1, 1
exe, 1, 1, 1
link, 5, 5, 56
library, 2, 2, 6
sick, 1, 1, 1
hopes, 1, 1, 1
pluginhfesp, 1, 1, 1
line, 5, 4, 13
raising, 1, 1, 3
info, 1, 1, 230
115, 1, 1, 1
1h, 2, 1, 1
laptop, 2, 2, 7
biggie, 1, 1, 1
intuitive, 1, 1, 3
restarted, 1, 1, 1
sounds, 11, 9, 38
us, 4, 4, 13
ur, 1, 1, 1
gratifying, 1, 1, 0
ui, 1, 1, 1
stripsleather, 1, 1, 1
headtrackingesp, 1, 1, 1
highlight, 1, 1, 230
similar, 12, 12, 264
called, 9, 9, 89
moonlit, 1, 1, 2
bell, 2, 2, 3
viable, 4, 4, 13
deadisdead, 1, 1, 1
30fps, 1, 1, 1
constant, 1, 1, 3
stick, 1, 1, 1
darkesp, 1, 1, 1
coincides, 1, 1, 2
redguard_shieldsesp, 1, 1, 1
influence, 2, 2, 5
revealed, 1, 1, 6
compatibileesp, 1, 1, 1
char, 2, 2, 4
single, 6, 5, 236
warning, 2, 2, 15
argonianstyle, 1, 1, 1
winterhold, 3, 3, 5
ciderhouse, 1, 1, 2
playthorughs, 1, 1, 1
hail, 2, 2, 2
spend, 1, 1, 1
nazeem, 5, 3, 16
lemon, 1, 1, 1
141, 1, 1, 1
scrutinized, 1, 1, 5
conjure, 1, 1, 11
nah, 2, 2, 9
peace, 1, 1, 1
occasional, 1, 1, 10
afford, 3, 3, 22
nap, 2, 2, 1
points, 5, 5, 16
actors, 4, 2, 3
disenchant, 7, 3, 14
altar, 1, 1, 11
forge, 1, 1, 1
mammoth, 1, 1, 1
assassinate, 1, 1, 0
nice, 4, 4, 38
explaining, 1, 1, 230
draw, 1, 1, 3
cellar, 1, 1, 5
iactivateesp, 1, 1, 1
users, 5, 3, 240
favourite, 1, 1, 1
problems, 2, 2, 13
hideouts, 2, 2, 3
helping, 2, 1, 3
meaning, 1, 1, 4
restoration, 12, 8, 43
allowing, 2, 2, 6
personalised, 1, 1, 2
prepares, 1, 1, 10
overhaul_remadeesp, 1, 1, 1
ago, 5, 5, 9
modlist, 3, 3, 8
e, 6, 2, -3
noob, 1, 1, 1
pugilist, 1, 1, 2
age, 2, 2, 2
required, 3, 3, 7
holes, 1, 1, 1
morrowindstyle, 1, 1, 1
walked, 1, 1, 3
annoyed, 1, 1, 1
impatient, 1, 1, 1
enoug, 1, 1, 2
2000, 2, 2, 6
implied, 1, 1, 4
banishing, 1, 1, 10
bribe, 2, 1, 2
far, 11, 10, 40
everywhere, 1, 1, 3
inevitably, 1, 1, 1
berries, 1, 1, 1
requires, 1, 1, 2
rinse, 1, 1, 11
edc, 1, 1, 1
gt, 16, 15, 76
scratch, 1, 1, 6
grunt, 1, 1, 3
resistance, 17, 2, 51
produce, 1, 1, 2
existing, 2, 2, 13
tweaksenhancements, 1, 1, 1
gf, 1, 1, 3
wondersofweatheresp, 1, 1, 1
gb, 1, 1, 1
freakin, 1, 1, 2
go, 61, 42, 437
particularly, 2, 2, 2
exceptional, 1, 1, 2
mercenaries, 1, 1, 10
issues, 3, 2, 2
seemed, 3, 3, 36
skymills, 1, 1, 1
hundred, 1, 1, 2
obisesp, 1, 1, 1
configure, 1, 1, 1
wizard, 5, 3, 10
illusionconjuration, 1, 1, 1
suits, 2, 2, 7
attired, 1, 1, 1
oclock, 1, 1, 2
campfire, 1, 1, 1
helps, 2, 2, 4
weather, 1, 1, 1
suite, 1, 1, 2
include, 4, 3, 23
fences, 2, 2, 3
dramatically, 1, 1, 1
sent, 2, 2, 2
sniper, 1, 1, 0
random, 6, 5, 32
street, 1, 1, 10
garden, 1, 1, 9
torture, 7, 4, 44
surrounded, 1, 1, 1
careforourfansmorebe, 1, 1, 2
balls, 1, 1, 6
putting, 5, 5, 20
telling, 4, 3, 234
continued, 1, 1, 1
entire, 7, 7, 34
helgen, 1, 1, 3
horsesesp, 1, 1, 1
magic, 51, 24, 242
respectful, 1, 1, 3
experiencing, 1, 1, 0
button, 3, 3, 256
unusual, 1, 1, 3
fewer, 1, 1, 2
try, 31, 23, 109
race, 7, 5, 19
molag, 4, 4, 8
iimgurcomvoxjgoepng, 1, 1, 230
hacknslash, 1, 1, 1
havent, 1, 1, 24
settlers, 1, 1, 10
noted, 1, 1, 0
equipments, 1, 1, 6
reposted, 1, 1, 1
someday, 1, 1, 4
d8, 1, 1, 1
goodies, 1, 1, 3
visuals, 1, 1, 1
c0, 1, 1, 1
frigid, 1, 1, 3
waking, 1, 1, 1
jump, 1, 1, 3
d6, 1, 1, 1
septim, 2, 2, 26
titanic, 1, 1, 2
video, 3, 3, 18
picked, 3, 3, 17
d7, 1, 1, 1
download, 5, 4, 20
panthony, 1, 1, 2
odd, 2, 2, 2
click, 2, 2, 4
4we, 1, 1, 2
minds, 1, 1, 2
plays, 3, 2, 2
power, 9, 9, 58
cover, 1, 1, 1
giving, 2, 2, 2
tuesdays, 1, 1, 26
assisted, 1, 1, 2
helmests, 1, 1, 0
vampire, 16, 7, 11
favors, 1, 1, 10
runil, 2, 1, 3
access, 1, 1, 2
enchant, 12, 9, 21
waiting, 3, 3, 20
lumber, 2, 1, 5
3c, 1, 1, 1
3b, 1, 1, 1
3a, 2, 2, 4
normallyi, 1, 1, 2
bird, 1, 1, 3
3e, 1, 1, 1
nazir, 2, 2, 4
body, 4, 4, 10
impact, 4, 3, 9
focuses, 1, 1, 6
chose, 1, 1, 42
degree, 1, 1, 3
exchange, 1, 1, 2
damnit, 1, 1, 3
backstory, 3, 3, 17
punch, 1, 1, 11
valenwood, 1, 1, 1
cloth, 1, 1, 2
dragonbrother, 1, 1, 1
explore, 1, 1, 1
objects, 1, 1, 3
let, 12, 9, 44
healing, 4, 4, 26
others, 7, 7, 35
downvote, 3, 3, 54
sexy, 1, 1, 2
astrid, 2, 2, 32
kidnapped, 1, 1, 10
masturbation, 1, 1, 1
great, 24, 22, 101
38, 2, 1, 1
uneasy, 1, 1, 3
receive, 2, 1, 3
32, 3, 2, 1
31, 2, 1, 1
larger, 1, 1, 1
spiced, 1, 1, 3
36, 3, 2, 2
35, 3, 2, 2
34, 4, 3, 22
ctd, 3, 3, 7
ah, 1, 1, 1
occifemalevnlesp, 1, 1, 1
sword, 11, 9, 25
defeat, 1, 1, -4
reverify, 1, 1, 1
opinion, 4, 4, 7
climb, 2, 2, 53
makes, 22, 20, 144
thats, 1, 1, 1
composed, 1, 1, -4
buffered, 1, 1, 3
named, 6, 6, 38
firewood, 1, 1, 1
danger, 2, 2, 9
dd_dragonborn, 1, 1, 1
khajiitistyle, 1, 1, 1
talos, 5, 3, 9
maximizeminimize, 1, 1, 1
mor, 1, 1, 2
wetandcoldesp, 1, 1, 1
allies, 1, 1, 6
bordersenseesp, 1, 1, 1
apply, 2, 2, 11
gimmick, 1, 1, 0
dbesp, 1, 1, 1
tools, 3, 3, 7
paarthurnax, 1, 1, 1
cloud, 1, 1, 8
use, 44, 40, 276
fee, 1, 1, 8
stream, 3, 3, 12
marrowind, 1, 1, -4
knightpaladin, 1, 1, 10
remains, 1, 1, -4
monsteresp, 1, 1, 1
theme, 1, 1, 2
4k, 1, 1, 1
next, 12, 11, 18
doubt, 2, 2, 231
scariest, 1, 1, 14
_, 1, 1, 0
crab, 1, 1, 11
usp, 1, 1, 10
timing, 1, 1, 4
allinone, 1, 1, 1
sort, 8, 7, 48
179, 1, 1, 1
redguard, 4, 4, 14
ddlarger, 1, 1, 1
started, 12, 9, 22
becomes, 2, 2, 499
patrol, 1, 1, 10
local, 2, 2, 4
mammoths, 1, 1, 0
confused, 2, 2, 33
sancuary, 1, 1, 3
folks, 1, 1, 1
train, 2, 2, 1
listen, 1, 1, 2
browsesp, 1, 1, 1
otherside, 1, 1, 1
central, 1, 1, 10
woin, 1, 1, 18
disabling, 1, 1, 1
minions, 1, 1, 6
women, 2, 2, 12
150, 1, 1, 1
account, 2, 2, 4
crosses, 1, 1, 272
animals, 5, 3, 19
5000, 2, 2, 4
locks, 1, 1, 3
station, 2, 1, 2
ride, 4, 3, 9
muggins, 1, 1, 29
wwwwowheadcomquest, 1, 1, 0
monster, 1, 1, 1
anywhere, 4, 4, 7
crossed, 1, 1, 10
paladins, 1, 1, 1
meet, 1, 1, 3
didnt, 1, 1, 9
coffin, 1, 1, 23
153, 1, 1, 1
239, 1, 1, 1
control, 2, 2, 4
leveling, 9, 8, 18
weaker, 3, 3, 11
reserved, 1, 1, 131
links, 3, 2, 3
plate, 1, 1, 21
process, 2, 2, 16
discussed, 1, 1, 3
chase, 1, 1, 64
buisness, 1, 1, 2
purposes, 2, 2, 20
pieces, 4, 3, 4
high, 16, 13, 56
whart, 1, 1, 0
villain, 1, 1, 1
policing, 1, 1, 10
pulling, 1, 1, 3
something, 32, 24, 450
tab, 2, 2, 4
explorerarcher, 1, 1, 1
bones, 2, 2, 26
perma, 3, 1, 1
voice, 8, 4, 7
152, 1, 1, 1
236, 1, 1, 1
native, 1, 1, 1
modmails, 1, 1, 39
dps, 5, 1, 1
237, 1, 1, 1
6f, 1, 1, 1
varied, 1, 1, 1
sit, 3, 3, 11
destroying, 2, 2, 16
hidey, 1, 1, 1
purpose, 2, 2, 5
holds, 2, 2, 54
whence, 1, 1, 6
netimmerse, 2, 1, 3
imaginator, 1, 1, 1
forest, 1, 1, 0
reeking, 1, 1, 1
heritage, 1, 1, 1
instead, 13, 12, 361
struggled, 1, 1, 2
stand, 3, 3, 15
buildings, 1, 1, 2
penitus, 1, 1, 10
hesitate, 1, 1, 1
farm, 2, 2, 30
db, 4, 4, 32
immersed, 1, 1, 58
corneroftheskyrimesp, 1, 1, 1
tied, 1, 1, 3
bothered, 4, 2, 7
halted, 1, 1, 11
b6, 1, 1, 1
taco, 1, 1, 2
belongings, 1, 1, 3
feelwell, 1, 1, 6
da, 1, 1, 1
realized, 1, 1, 10
chasing, 1, 1, 0
light, 8, 6, 19
counter, 3, 3, 4
lines, 4, 4, 16
fur, 1, 1, 4
element, 4, 3, 8
vibe, 1, 1, 3
xpmse, 2, 1, 3
allow, 2, 2, 5
necklace, 1, 1, 3
discussion, 2, 2, 4
bathing, 1, 1, 2
wares, 2, 2, 116
5175, 1, 1, 2
move, 8, 8, 32
researching, 1, 1, 1
balanced, 1, 1, 1
dwener, 1, 1, 8
133, 1, 1, 1
132, 1, 1, 1
131, 1, 1, 1
130, 2, 2, 2
including, 5, 5, 244
looks, 16, 15, 34
135, 1, 1, 1
134, 1, 1, 1
mentioned, 1, 1, 1
relicsand, 1, 1, 1
volley, 2, 1, 6
bunch, 10, 7, 36
perfect, 1, 1, 20
lounge, 1, 1, 29
nerevar, 1, 1, 5
aauhgh, 1, 1, 3
winning, 1, 1, 5
lt, 2, 1, 2
thieves, 13, 11, 47
degrees, 1, 1, 230
choose, 4, 4, 19
shy, 1, 1, 6
criminal, 3, 2, 47
edging, 1, 1, 1
lockboxes, 1, 1, 19
thegnesp, 1, 1, 1
182, 1, 1, 1
4690k, 1, 1, 1
crash, 3, 3, 7
fps, 5, 3, 1
auto, 2, 2, 5
4500, 1, 1, 8
material, 3, 2, 266
dah, 2, 2, 6
earn, 1, 1, 1
ship, 1, 1, 3
invitation, 1, 1, 0
158, 1, 1, 1
mention, 5, 5, 46
girlfriend, 1, 1, 15
cutting, 1, 1, 1
bothering, 1, 1, 10
legendary, 27, 15, 105
hands, 3, 2, 7
front, 1, 1, 1
insisting, 1, 1, 3
pompous, 1, 1, 1
outlines, 1, 1, 230
napkin, 1, 1, 6
grinding, 1, 1, 1
worlds, 1, 1, 8
mods, 71, 49, 467
chronic, 1, 1, 1
edit, 15, 13, 84
powerfull, 1, 1, 2
radiant, 2, 2, 4
lakeview, 2, 2, 11
sufficiently, 1, 1, 2
slide, 2, 2, 5
lenience, 1, 1, 1
obvioussome, 1, 1, 0
mode, 2, 2, 4
satisified, 1, 1, 0
summerset, 4, 3, 6
rising, 1, 1, 7
circular, 2, 2, 6
cuccoos, 1, 1, 1
legions, 1, 1, 30
border, 1, 1, 10
activate, 1, 1, 1
valuableuseful, 1, 1, 1
beginner, 1, 1, 1
147, 1, 1, 1
10we, 1, 1, 2
adventure, 3, 3, 24
700, 1, 1, 7
related, 4, 4, 35
kitchen, 1, 1, 3
88, 2, 1, 1
books, 2, 1, 0
static, 3, 3, 5
82, 2, 1, 1
80, 5, 2, 3
bay, 1, 1, 1
86, 2, 1, 1
87, 3, 2, 2
witness, 1, 1, 39
banishwepsneaketc, 1, 1, 2
oculatus, 1, 1, 10
skyfalls, 1, 1, 1
crashes, 2, 2, 5
armor, 39, 28, 321
lightyears, 1, 1, 5
defend, 1, 1, 30
yup, 1, 1, 1
rival, 1, 1, 2
upset, 1, 1, 1
dominion, 19, 5, 18
messenger, 1, 1, 1
lifeesp, 1, 1, 1
scimitar, 1, 1, 1
hilarious, 1, 1, 2
honorable, 1, 1, 10
memes, 4, 4, 297
dawned, 1, 1, 1
cause, 1, 1, 3
blasting, 2, 2, 2
red, 5, 4, 8
achievements, 10, 9, 67
sheogorath, 1, 1, 0
approached, 1, 1, 3
whenwhere, 1, 1, 12
8c, 1, 1, 1
counters, 1, 1, 3
8a, 1, 1, 1
8f, 1, 1, 1
ragdoll, 1, 1, 1
8e, 1, 1, 1
npcs, 6, 3, 20
clarify, 1, 1, 230
completely, 3, 3, 22
hogwarts, 1, 1, 1
masks, 1, 1, 1
dissenter, 1, 1, 3
companionvalfaresp, 1, 1, 1
sitting, 1, 1, 4
armors, 1, 1, 6
abodes, 1, 1, 1
assulted, 1, 1, 2
scary, 1, 1, 9
vhvpesp, 1, 1, 1
yard, 1, 1, 9
hostile, 1, 1, 30
g, 2, 2, 7
steal, 2, 2, 7
could, 46, 39, 268
diminished, 1, 1, 1
learnt, 1, 1, 50
times, 7, 7, 21
artifacts, 1, 1, 2
length, 1, 1, 10
4th, 3, 3, 13
modernising, 1, 1, 26
pholiota, 1, 1, 2
projectile, 1, 1, 6
weaponsesp, 1, 1, 1
repeats, 1, 1, 5
scare, 1, 1, 1
south, 1, 1, 5
mad, 2, 2, 12
b8, 1, 1, 1
neighborhood, 1, 1, 64
draugnarok, 1, 1, 10
blown, 1, 1, 0
powerful, 8, 7, 19
scene, 1, 1, 0
owned, 2, 2, -1
tier, 1, 1, 2
318, 1, 1, 230
warcraft, 1, 1, 2
bitch, 2, 2, 9
dwemer, 11, 7, 23
infinium, 1, 1, 1
mandatory, 1, 1, 8
kidding, 2, 2, 6
quality, 5, 5, 16
endgame, 1, 1, 6
compendiumesp, 2, 1, 1
ancient, 4, 4, 16
stands, 1, 1, 0
thadgeir, 1, 1, 3
decrease, 1, 1, 1
overtime, 1, 1, 6
ordering, 1, 1, 29
ulfric, 1, 1, 2
adjusted, 1, 1, 64
behaves, 1, 1, 3
system, 9, 9, 242
adopted, 2, 2, 5
automatons, 1, 1, 1
attack, 10, 10, 299
cats, 7, 4, 92
search_posts, 1, 1, 1
iirc, 1, 1, 14
650, 1, 1, 1
wrapped, 1, 1, 19
travelled, 1, 1, 1
perfectly, 2, 2, 6
enforcedbut, 1, 1, 36
final, 1, 1, 0
inner, 1, 1, 6
holdborderbannersesp, 1, 1, 1
unoffficial, 1, 1, 0
sabrefurbagesp, 1, 1, 1
smim, 1, 1, 3
pulley, 1, 1, 3
snipe, 1, 1, 1
completed, 8, 8, 20
nobody, 3, 3, 11
disheartening, 1, 1, 10
realisticesp, 1, 1, 1
slider, 1, 1, 2
simulate, 1, 1, 2
skyrim, 156, 92, 1070
coughed, 1, 1, 29
steel, 4, 4, 15
loved, 2, 2, 12
colleagues, 1, 1, 3
bashed, 1, 1, 1
bowcrossbow, 1, 1, 11
perkus, 1, 1, 1
overburdened, 1, 1, 2
boring, 7, 7, 138
bother, 3, 3, 42
irl, 1, 1, 1
youtube, 4, 3, 15
submitted, 1, 1, 1
stupidly, 1, 1, 1
worried, 1, 1, 1
cyrodiil, 1, 1, 30
magicka, 11, 7, 18
bard, 3, 3, 13
behaviors, 1, 1, 230
alduin, 8, 6, 107
miraak, 8, 6, 112
beggar, 2, 2, 4
metathread, 1, 1, 1
alchemist, 1, 1, 1
splatter, 1, 1, 1
cattle, 1, 1, 9
poisons, 1, 1, 1
comfortable, 1, 1, 1
tonight, 1, 1, 5
blip, 1, 1, 3
interacting, 1, 1, 1
need, 35, 30, 402
turn, 3, 3, 10
apparently, 4, 4, 23
clearly, 2, 2, 231
shitton, 1, 1, 1
afraid, 2, 2, 8
lightweight, 1, 1, 1
themedrelated, 1, 1, 21
4000, 1, 1, 2
babel, 1, 1, 1
probly, 1, 1, 2
storage, 1, 1, 1
able, 18, 15, 47
si, 1, 1, 0
rince, 1, 1, 14
guilddb, 1, 1, 10
instance, 1, 1, 2
companions, 7, 5, -7
jail, 3, 2, 4
spawns, 1, 1, 7
copied, 1, 1, 3
blades, 5, 4, 25
unless, 6, 6, 96
manor, 2, 2, 11
mission, 1, 1, 14
9f, 1, 1, 1
rewardingbalanced, 1, 1, 1
vengeance, 1, 1, 1
mainmenu, 1, 1, 3
threats, 1, 1, 24
awe, 1, 1, 29
transcript, 4, 3, 5
2011, 2, 2, 2
2fajax, 1, 1, 3
8will, 1, 1, 2
fireball, 5, 4, 4
consequences, 1, 1, 10
reminds, 3, 3, 5
roll, 1, 1, 1
craftsmantype, 1, 1, 10
stronger, 7, 6, 53
disease, 1, 1, 1
dawnstar, 5, 2, 15
face, 6, 6, 12
looked, 3, 3, 5
sorta, 1, 1, 2
breakaway, 1, 1, 2
manipulative, 3, 1, 6
movie, 1, 1, 3
enbs, 1, 1, 1
bracers, 1, 1, 1
normally, 2, 2, 231
scrap, 4, 4, 15
fact, 3, 3, 5
goals, 3, 2, 11
purespring, 1, 1, 3
violation, 1, 1, 0
text, 7, 7, 293
indoor, 1, 1, 64
anyway, 1, 1, 1
chapters, 1, 1, 0
restock, 2, 2, 25
destroy, 4, 3, 21
serving, 1, 1, 2
superimposed, 1, 1, 9
chicken, 10, 10, 346
asylum, 1, 1, 9
eyes, 1, 1, 1
fictional, 1, 1, 1
leg, 1, 1, 3
staff, 2, 1, 3
tes5edit, 1, 1, 5
envy, 1, 1, 1
based, 10, 10, 42
knowledge, 2, 2, 19
mud, 1, 1, 11
fores, 1, 1, 3
upvote, 1, 1, 1
cache, 1, 1, 1
madman, 1, 1, 6
reveal, 1, 1, 1
ftw, 1, 1, 1
elfx, 2, 1, 1
ebonyesp, 1, 1, 1
dovahkiin, 2, 2, 2
riding, 1, 1, 2
equally, 1, 1, 1
dilemmaesp, 1, 1, 1
thousands, 1, 1, 2
hope, 6, 6, 15
meant, 1, 1, 2
serana, 2, 2, 5
failingcompletion, 1, 1, 2
truestormsesp, 1, 1, 1
230, 1, 1, 1
means, 6, 5, 291
beat, 5, 5, 26
tbs, 1, 1, 9
beserking, 1, 1, 6
999, 1, 1, 8
rush, 3, 1, 0
bear, 2, 1, 3
likely, 4, 4, 16
120, 2, 2, 1
solsthiem, 2, 2, 2
122, 1, 1, 1
ones, 8, 7, 29
demigod, 1, 1, 3
125, 1, 1, 1
words, 2, 2, 7
127, 1, 1, 1
128, 1, 1, 1
129, 1, 1, 1
sassy, 1, 1, 26
1_5x, 1, 1, 1
ascended, 1, 1, 1
areas, 2, 2, 11
scavenging, 1, 1, 15
gray, 2, 2, 26
intentions, 1, 1, 1
homosexuals, 1, 1, 2
suspectfowl, 1, 1, 232
glory, 1, 1, 1
ended, 1, 1, 8
nope, 1, 1, 90
cicero, 5, 4, 14
fixes, 3, 3, 24
taxes, 1, 1, 10
pirate, 1, 1, 230
default, 2, 2, 3
amatteroftimeesp, 1, 1, 1
stuff, 19, 18, 71
contain, 1, 1, 230
2060, 2, 2, 3
nightingale, 2, 2, 11
grab, 3, 3, 13
fixed, 1, 1, 5
memelike, 1, 1, 230
view, 2, 2, 6
europe, 1, 1, 5
btw, 1, 1, 0
indecisive, 1, 1, -4
acquired, 2, 2, 4
frame, 3, 3, 5
precashe, 1, 1, 0
humans, 1, 1, 11
reddit, 3, 3, 247
freeze, 1, 1, 2
ebt, 1, 1, 1
edition, 7, 6, 11
computer, 2, 2, 2
regenration, 1, 1, 1
enhanced, 3, 2, 3
violet, 1, 1, 5
139, 1, 1, 1
packed, 1, 1, 1
wears, 2, 1, 2
dlc, 17, 14, 66
dungeon, 8, 6, 10
exploited, 1, 1, 4
stats, 2, 2, 5
destiny, 2, 2, 53
insulting, 1, 1, 2
attempting, 1, 1, 7
typewriter, 1, 1, 1
clearing, 1, 1, 0
vows, 1, 1, 3
carriage, 9, 3, 7
willpower, 1, 1, 1
tend, 6, 6, 20
newb, 1, 1, 0
state, 1, 1, 7
umaxlemon, 1, 1, 20
unravel, 1, 1, 1
correctly, 2, 2, 4
horrible, 4, 3, 8
progress, 4, 4, 23
sabotage, 2, 1, 10
outsiders, 1, 1, 3
speed, 2, 2, 2
bought, 4, 3, 5
sold, 1, 1, 11
ends, 3, 3, 9
pshah, 1, 1, 1
explosive, 1, 1, 6
scrolls, 16, 13, 177
trapped, 1, 1, 3
gifted, 1, 1, 3
skyrimesm, 2, 2, 3
deliver, 9, 1, 3
iimgurcomljyhmpmjpg, 1, 1, 497
job, 6, 6, 34
hunterbornesp, 1, 1, 1
witless, 1, 1, 1
joe, 1, 1, 2
key, 2, 2, 9
lvl, 4, 3, 2
group, 4, 3, 22
w, 1, 1, 1
hunterarmoresp, 1, 1, 1
editi, 1, 1, 2
mage, 46, 27, 206
staring, 2, 2, 2
hits, 4, 4, 6
figured, 1, 1, 3
liam, 2, 2, 9
limits, 1, 1, 16
plugin, 2, 1, 2
career, 1, 1, 0
joke, 1, 1, 10
taking, 7, 7, 131
drug, 3, 2, 3
milkdrinker, 1, 1, 3
followup, 1, 1, 1
etc, 15, 13, 319
moderators, 1, 1, 9
loverslab, 2, 2, 8
sexes, 1, 1, 2
dragonsscales, 1, 1, 2
attributes, 1, 1, 3
murder, 1, 1, 8
lohsesp, 1, 1, 1
playstyles, 2, 1, 1
jarls, 2, 2, 2
farmhousechimneysesp, 1, 1, 1
cutscenes, 1, 1, 1
unclear, 1, 1, 3
author, 1, 1, 2
agents, 3, 1, 10
unopened, 2, 1, 1
cc, 2, 2, 2
cb, 1, 1, 1
ca, 34, 29, 128
leaving, 1, 1, 1
ac, 1, 1, 1
environments, 1, 1, 9
walk, 4, 4, 33
laugh, 1, 1, 3
monstrosity, 1, 1, 6
respect, 1, 1, 2
nostalgic, 1, 1, 1
motto, 1, 1, 2
ad, 3, 3, 5
addition, 3, 3, 24
decent, 2, 2, 9
heimskir, 2, 1, 2
copies, 1, 1, 1
dunmer, 1, 1, 1
permanent, 3, 2, 10
devoting, 1, 1, 2
kingpin, 1, 1, 8
looting, 2, 2, 5
jskar, 1, 1, 3
marsh, 3, 2, 2
proposal, 1, 1, 8
waste, 1, 1, 0
closed, 1, 1, 23
selina, 1, 1, 2
nutface, 1, 1, 3
general, 4, 4, 7
league, 1, 1, 8
painted, 1, 1, 1
tap, 1, 1, 1
melee, 4, 4, 5
essentially, 2, 1, 6
hmm, 1, 1, 2
finished, 7, 5, 4
c8, 1, 1, 1
mannequin, 2, 1, -22
angles, 1, 1, 2
graphics, 5, 5, 22
kicks, 1, 1, 3
improved, 3, 3, 4
c1, 1, 1, 1
c7, 1, 1, 1
c6, 1, 1, 1
present, 1, 1, 3
banish, 1, 1, 6
tonne, 1, 1, 1
twist, 1, 1, 1
multi, 1, 1, 2
darker, 2, 2, 3
abandoned, 1, 1, 3
unlike, 2, 2, 8
dodge, 1, 1, 1
khajiits, 1, 1, 8
vanilla, 11, 11, 19
restaurant, 1, 1, 2
berserkers, 1, 1, 1
value, 9, 7, 17
choices, 1, 1, 1
hovering, 1, 1, 1
maces, 1, 1, 23
ultra, 1, 1, 0
frustrating, 1, 1, 1
sith, 1, 1, 6
barely, 1, 1, 3
ripe, 1, 1, 11
manually, 1, 1, 25
lakeside, 1, 1, 0
vi, 2, 2, 11
thus, 1, 1, 0
site, 3, 3, 250
lbackpackallesp, 1, 1, 1
helped, 3, 2, 12
bystanders, 1, 1, 3
vs, 1, 1, 10
closets, 1, 1, 8
dual, 8, 4, 5
turns, 2, 2, 16
prose, 1, 1, 0
greater, 2, 2, 3
rpics, 1, 1, 230
moves, 1, 1, 1
unsure, 1, 1, 4
prefight, 1, 1, 6
generic, 2, 2, 11
began, 1, 1, 0
fling, 1, 1, 6
freeman, 1, 1, 8
sneaksniper, 1, 1, 1
romance, 1, 1, 2
became, 4, 4, 16
achivements, 1, 1, 3
healthstam, 1, 1, 0
underground, 2, 2, 4
party, 2, 2, 77
gets, 11, 11, 100
onehanded, 2, 2, 40
skaal, 1, 1, 5
difficult, 1, 1, 0
injured, 1, 1, 16
experimented, 1, 1, 0
spell, 26, 17, 39
http, 67, 33, 879
alot, 4, 3, 9
riverwood, 5, 5, 10
absorb, 1, 1, 1
drink, 2, 2, 6
upon, 3, 3, 7
effect, 5, 4, 6
profitmax, 1, 1, 2
beast, 1, 1, 1
pita, 1, 1, 1
v3, 2, 1, 1
student, 3, 3, 5
wellcan, 1, 1, 1
fucked, 1, 1, 8
frequently, 1, 1, 10
magician, 2, 1, 6
collar, 1, 1, 1
destruction, 15, 10, 171
poultry, 1, 1, 38
center, 2, 1, 2
approve, 1, 1, 23
weapon, 9, 8, 20
variety, 1, 1, 6
well, 38, 24, 479
fighting, 5, 5, 18
thought, 15, 14, 100
retiring, 1, 1, 1
oops, 1, 1, 1
sets, 3, 3, 16
suspicious, 1, 1, 1
fail, 1, 1, 1
muscle, 1, 1, 2
soviet, 1, 1, 1
usual, 2, 2, 133
auriel, 1, 1, 10
coaster, 1, 1, 3
heavily, 1, 1, 3
moments, 2, 2, 10
swords, 3, 3, 17
accurate, 2, 1, 1
colours, 1, 1, 2
cloaks, 2, 2, -3
sofie, 1, 1, 1
stangnada, 1, 1, 2
obisdbesp, 1, 1, 1
imgurcomtziguul, 1, 1, 3
mistakes, 3, 3, 5
virtual, 1, 1, 1
merge, 1, 1, 1
skill, 10, 9, 53
41, 2, 1, 1
pythons, 1, 1, 1
spells, 38, 21, 71
dr_bandolieresp, 1, 1, 1
console, 13, 12, 26
jarl, 3, 1, 3
2324, 1, 1, 1
ranger, 3, 3, 3
jswordsesm, 1, 1, 1
sky, 3, 2, 2
lake, 2, 2, 6
killed, 11, 11, 15
drew, 1, 1, 3
arrest, 1, 1, 3
add, 9, 7, 39
book, 5, 4, 21
bleeping, 1, 1, 0
wet, 1, 1, 6
skywind, 1, 1, 1
nirn, 2, 2, 2
villagers, 1, 1, 16
kick, 1, 1, 8
raven, 2, 1, 1
definitive, 1, 1, 1
myth, 1, 1, 2
government, 1, 1, 3
campfireesm, 1, 1, 1
interrogation, 1, 1, 3
whispers, 1, 1, 2
increases, 2, 2, 3
worhsip, 1, 1, 3
five, 3, 2, 2
whatever, 13, 12, 118
unseen, 1, 1, 1
desk, 1, 1, 2
press, 3, 3, 239
immediately, 4, 4, 7
variants, 1, 1, 1
touring, 1, 1, 1
tg, 1, 1, 1
psijic, 5, 1, 3
insert, 4, 4, 28
necessary, 1, 1, 2
like, 134, 98, 785
lost, 8, 8, 25
merethic, 2, 2, 18
unarmed, 1, 1, 2
ordinator, 3, 3, 3
clown, 1, 1, 3
placed, 1, 1, 1
pantheon, 3, 1, 3
stagger, 1, 1, 6
blockone, 1, 1, 1
roleplay, 2, 2, 13
lose, 2, 2, 9
become, 12, 10, 18
works, 11, 7, 54
soft, 1, 1, 6
creaturesmaster, 1, 1, 1
amendment, 2, 2, 5
redgaurd, 1, 1, 2
sequence, 1, 1, 0
bfseffectsesp, 1, 1, 1
parrying_skseesp, 1, 1, 1
scared, 1, 1, 131
village, 1, 1, 5
thief, 3, 2, 20
alive, 4, 4, 11
immortal, 1, 1, 8
hair, 1, 1, 6
114, 1, 1, 1
117, 1, 1, 1
116, 1, 1, 1
111, 1, 1, 1
110, 1, 1, 1
113, 1, 1, 1
112, 1, 1, 1
proper, 3, 1, 6
home, 7, 7, 102
empire, 8, 6, 49
blade, 1, 1, 1
119, 1, 1, 1
118, 1, 1, 1
happens, 6, 5, 306
tmt, 1, 1, 0
pinpoint, 1, 1, 14
lead, 2, 2, 22
esp, 1, 1, 2
literally, 8, 7, 39
corpse, 1, 1, 3
assassinating, 1, 1, 3
lean, 1, 1, 1
mines, 1, 1, 11
markers, 4, 4, 16
23rds, 1, 1, 5
crafting, 4, 4, 5
rewarding, 1, 1, 1
discretion, 2, 2, 235
meaningful, 1, 1, 2
adventuring, 2, 2, 35
assuming, 1, 1, 3
roomi, 1, 1, 1
skeevy, 1, 1, 64
speak, 5, 1, 3
chains, 1, 1, 2
lumberjack, 1, 1, 0
blurry, 1, 1, 3
trap, 9, 5, 21
hinder, 1, 1, 1
murderer, 1, 1, 3
reaching, 1, 1, 3
slur, 1, 1, 230
rtitlegore, 1, 1, 4
lighthouse, 1, 1, 30
expansion, 2, 2, 12
forgiving, 1, 1, 80
paper, 1, 1, 4
helgan, 1, 1, 2
woe, 1, 1, 1
although, 5, 4, 10
offset, 1, 1, 6
30mb, 1, 1, 1
gandalf, 1, 1, 6
r, 2, 1, -4
paste, 1, 1, 1
division, 1, 1, 2
stage, 1, 1, 1
gained, 1, 1, 1
seriousness, 1, 1, 8
actual, 6, 6, 12
beef, 1, 1, 3
getting, 17, 16, 194
freedom, 1, 1, 20
sinister, 1, 1, 3
heimskr, 2, 2, 11
alinor, 3, 1, 3
compatible, 1, 1, 1
editionesp, 2, 1, 1
perks, 16, 12, 26
swear, 1, 1, 1
sweat, 1, 1, 1
conjuration, 16, 9, 84
tome, 1, 1, 1
occimalevnlesp, 1, 1, 1
playthrough, 7, 7, 10
restorative, 1, 1, 6
ressurrected, 2, 1, 2
keeps, 2, 2, 30
2920, 1, 1, 8
a6, 1, 1, 1
flailing, 1, 1, 6
commitment, 1, 1, 1
fck, 1, 1, 8
screamed, 1, 1, 1
levelled, 1, 1, 1
guard, 9, 9, 39
doesnt, 2, 1, 0
actions, 2, 1, 10
padomay, 1, 1, 1
torches, 1, 1, 2
roads, 1, 1, 3
backups, 4, 4, 8
merc, 1, 1, 1
forget, 1, 1, 10
mirmulnir, 1, 1, 1
utility, 1, 1, 6
powah, 1, 1, 3
landscape, 1, 1, 2
alchemical, 1, 1, 1
secret, 2, 2, 13
noticed, 2, 2, 6
stamina, 5, 3, 12
intention, 1, 1, 1
trigger, 1, 1, 1
162, 1, 1, 1
invisibility, 7, 5, 14
resists, 2, 2, 3
biggest, 1, 1, 2
prntscrcoma424wi, 1, 1, 10
a2, 1, 1, 1
hoarded, 1, 1, 10
function, 1, 1, 14
overyourself, 1, 1, 26
buy, 24, 20, 70
north, 6, 5, 36
roosts, 1, 1, 3
neighbors, 1, 1, 64
enchantment, 5, 3, 14
brand, 1, 1, 7
shields, 1, 1, 16
slipped, 1, 1, 3
hi, 2, 2, 6
gain, 2, 2, 15
shouts, 6, 4, 45
xbox360, 2, 2, 6
bookshelf, 1, 1, 1
assasins, 1, 1, 2
ha, 1, 1, 2
bug, 5, 4, 41
hd, 5, 4, 114
count, 8, 8, 253
selfish, 1, 1, 2
made, 17, 15, 274
tossed, 1, 1, 1
places, 2, 2, 18
modpower, 1, 1, 26
whether, 3, 3, 18
wish, 2, 2, 2
cells, 1, 1, 1
scroll, 1, 1, 2
smooth, 1, 1, 3
flip, 1, 1, 6
incompetent, 1, 1, -4
excitement, 1, 1, 3
antialiasing, 1, 1, 2
89, 2, 1, 1
stories, 2, 2, 11
kodlaking, 1, 1, 2
sands, 2, 2, 3
problem, 16, 15, 57
piece, 3, 3, 12
minutes, 7, 5, 28
display, 1, 1, 3
khaijit, 1, 1, 14
mechanics, 2, 2, 11
marketplace, 2, 1, 3
fco, 1, 1, 1
buffs, 1, 1, 1
recognize, 1, 1, 0
penny, 1, 1, 1
urns, 2, 1, 19
slowing, 2, 2, 7
smooch, 1, 1, 11
resolve, 1, 1, 2
nbscarsesp, 1, 1, 1
inn, 1, 1, 1
blurting, 1, 1, 1
ini, 1, 1, 1
updateesm, 2, 2, 3
dovahkiinrelaxesp, 1, 1, 1
shooting, 1, 1, 0
proceeds, 1, 1, 3
sugar, 1, 1, 10
sydow, 1, 1, 1
81, 2, 1, 1
rumors, 2, 1, 3
48, 2, 1, 1
ingredients, 4, 4, 25
46, 2, 1, 1
47, 2, 1, 1
44, 2, 1, 1
45, 3, 2, 4
boot, 1, 1, 6
43, 3, 2, 2
40, 5, 4, 6
lately, 2, 2, 8
smears, 1, 1, 6
84, 3, 2, 3
branch, 4, 3, 8
cutthroat, 1, 1, 10
u, 2, 2, -3
85, 6, 2, 3
illusion, 11, 9, 42
reckless, 1, 1, 3
handcrafted, 2, 1, 1
troll, 2, 2, 3
repeat, 3, 3, 26
kinds, 2, 2, 3
peryite, 1, 1, 2
elenwens, 1, 1, 1
class, 9, 7, 17
treason, 1, 1, 8
ultimately, 1, 1, 6
bundle, 1, 1, 1
stay, 1, 1, 3
chance, 2, 2, 135
weaponsarmor, 1, 1, 1
sidebar, 1, 1, 1
imac, 1, 1, 1
kinda, 5, 4, 146
pacify, 1, 1, 6
badass, 2, 2, 1
imperials, 6, 5, 15
friends, 2, 2, 8
yell, 1, 1, 3
cliff, 2, 2, 5
extort, 1, 1, 3
coat, 1, 1, 1
breaks, 1, 1, 1
windfull, 1, 1, 1
amp, 15, 8, 142
ranks, 3, 3, 10
starting, 6, 6, 149
space, 2, 2, 2
areasd, 1, 1, 0
banditbeastgiant, 1, 1, 2
rule, 8, 8, 301
wwwuespnetwikilore, 1, 1, 50
472, 1, 1, 1
mercenary, 2, 2, 11
rtwoxchromosomes, 1, 1, 26
477, 1, 1, 1
vivid, 1, 1, 1
specialize, 1, 1, 11
4f, 1, 1, 1
specced, 1, 1, 1
4d, 1, 1, 1
4e, 2, 2, 9
4b, 1, 1, 1
4c, 1, 1, 1
dragonborn, 13, 12, 74
4a, 1, 1, 1
