Word, Frequency, Comment Frequency, Net Score
limited, 1, 1, 7
additionally, 1, 1, 7
magnetic, 2, 2, 46
warnings, 1, 1, 1
22sec, 1, 1, 3
hitch, 2, 2, 39
four, 2, 2, 7
facilities, 2, 2, 4
orbiters, 4, 1, 7
ridiculous, 1, 1, 1
centimeter, 1, 1, 0
assembled, 1, 1, 25
poorly, 1, 1, 8
increase, 5, 5, 58
votes, 1, 1, 14
replacements, 1, 1, 6
calculate, 1, 1, 3
bureaucrats, 1, 1, 2
spec, 1, 1, 4
neighbours, 1, 1, 18
bike, 2, 2, 2
teaching, 1, 1, 3
sorry, 4, 4, 14
razorthin, 1, 1, 25
worth, 13, 10, 92
updated, 3, 3, 14
gedalyah, 1, 1, 0
risk, 1, 1, 8
arandomkerbonaut, 1, 1, 0
oceans, 2, 2, 53
montage, 1, 1, 1
shoot, 1, 1, 1
every, 15, 14, 272
jack, 3, 3, 14
22000, 1, 1, 5
vast, 3, 3, 55
school, 2, 2, 3
basics, 1, 1, 1
beam, 2, 1, 2
companies, 2, 1, 8
viable, 1, 1, -5
enhance, 3, 1, 1
venus, 1, 1, 19
shows, 2, 1, 7
rocinante, 1, 1, 2
triumph, 1, 1, 7
291, 1, 1, 19
enjoy, 3, 3, 5
force, 5, 4, 43
speck, 1, 1, 16
consistent, 1, 1, 7
direct, 1, 1, 9
batch, 1, 1, 14
feasibility, 1, 1, 3
surrounding, 3, 3, 5
likely, 3, 3, 48
street, 6, 6, 18
helluva, 1, 1, -4
rigorous, 1, 1, 2
tether, 1, 1, 4
air, 5, 4, 40
even, 32, 27, 114
neo, 1, 1, 1
disk, 1, 1, 9
forgetting, 1, 1, 30
initialisms, 4, 4, 20
decoding, 1, 1, 8
lights, 8, 6, 318
cars, 1, 1, 1
zoomed, 1, 1, 91
new, 23, 18, 177
net, 2, 2, 54
ever, 14, 12, 94
told, 3, 3, 8
hero, 1, 1, 1
whose, 1, 1, 5
locationfinding, 1, 1, 2
never, 19, 17, 372
residual, 1, 1, 298
pluto, 6, 4, 50
met, 1, 1, 6
china, 2, 2, 8
isotope, 2, 1, 46
active, 4, 4, 20
path, 3, 2, 10
100, 6, 5, 33
aw5ozq4tqew, 1, 1, 7
107, 1, 1, 2
105, 1, 1, 10
darkness, 1, 1, 1
kids, 1, 1, 2
tx, 1, 1, 1
2040, 1, 1, 4
ventures, 1, 1, 8
items, 1, 1, 2
k, 1, 1, 2
changed, 1, 1, 2
credit, 1, 1, 1
crap, 1, 1, 1
calculations, 1, 1, 3
launched, 1, 1, 7
military, 1, 1, 2
suitable, 1, 1, 14
spacetime, 3, 3, 11
fell, 2, 2, 9
rebel, 1, 1, 1
joshua, 3, 3, 178
fantastic, 1, 1, 1
projection, 1, 1, 2
technique, 1, 1, 91
excuse, 1, 1, 2
highly, 4, 4, 301
brought, 1, 1, 19
visible, 8, 7, 167
moral, 1, 1, 0
cassini, 8, 5, 78
neutrino, 1, 1, 1
total, 5, 5, 63
jpl, 8, 6, 325
graphs, 1, 1, 2
spoke, 2, 1, 2
would, 81, 50, 358
army, 3, 2, 3
abbreviations, 4, 4, 20
watering, 1, 1, 2
barnard, 1, 1, 12
steering, 3, 1, 7
leaks, 2, 1, 46
foster, 2, 2, 5
music, 1, 1, 0
therefore, 2, 2, 51
recommend, 1, 1, 298
nearpolar, 1, 1, 9
survive, 1, 1, 46
type, 2, 2, 55
tell, 9, 9, 32
1000, 1, 1, 1
musk, 2, 1, 8
holy, 1, 1, 1
successful, 3, 3, 15
expose, 1, 1, 3
haha, 3, 3, 140
warp, 3, 3, 48
aware, 2, 2, 6
98, 1, 1, 1
warm, 1, 1, 1
excellent, 1, 1, 0
hole, 3, 2, 9
must, 4, 4, 56
multiplemirror, 1, 1, 13
room, 3, 1, 4
1997, 1, 1, 1
3200, 2, 2, 183
1999, 1, 1, 10
setup, 2, 2, 2
work, 11, 9, 57
roof, 1, 1, 298
ektachrome, 3, 1, 25
tng, 2, 2, 39
era, 3, 2, 4
ms, 1, 1, 25
flare, 7, 3, 13
exceptions, 1, 1, 5
revenues, 1, 1, 8
example, 6, 5, 15
terminator, 1, 1, 25
bouldersized, 1, 1, -7
give, 8, 7, 62
hurl, 1, 1, 1
india, 1, 1, 1
orion, 11, 9, 329
want, 8, 8, 36
times, 5, 5, 9
association, 2, 1, 2
valar, 1, 1, 5
advancing, 1, 1, 3
admission, 1, 1, 2
end, 6, 6, 22
imgurcoma78lz1, 1, 1, 2
turn, 4, 4, 48
provide, 1, 1, 9
mouse, 1, 1, 298
travel, 13, 10, 71
awareness, 1, 1, 18
globular, 1, 1, 2
damage, 3, 3, 11
stills, 1, 1, 3
amazing, 10, 10, 25
ent, 1, 1, 2
answer, 7, 5, 58
gate, 1, 1, 1
flow, 1, 1, 1
1753, 1, 1, 6
wolfram, 2, 1, 19
poker, 1, 1, 30
rise, 1, 1, 2
description, 1, 1, 0
beauty, 3, 3, 44
lump, 1, 1, 0
dinosaurs, 1, 1, 1
wrong, 7, 7, 20
peck, 1, 1, 4
d600, 1, 1, 9
curiosity, 18, 5, 34
empirical, 1, 1, 1
summarize, 1, 1, 1
law, 3, 2, -4
abortive, 1, 1, 2
bucks, 1, 1, 30
attempt, 6, 6, 15
third, 4, 4, 11
appreciate, 3, 3, 17
green, 3, 2, 7
enter, 3, 3, 12
ultraviolet, 1, 1, 2
first, 29, 28, 1190
wing, 1, 1, 1
wind, 2, 2, 2
operations, 1, 1, 25
sterilized, 1, 1, 1
feedback, 2, 2, 7
office, 1, 1, 46
dreamed, 1, 1, 1
london, 1, 1, 39
keyboard, 1, 1, 1
meteors, 1, 1, 9
veritas, 1, 1, 1
difference, 1, 1, 2
f45, 1, 1, 1
fit, 2, 2, 3
somewhere, 2, 2, 48
fix, 3, 3, 49
expectations, 1, 1, 4
imo, 2, 2, 32
crew, 3, 3, 57
destroyed, 3, 3, 5
edits, 2, 2, 3
production, 5, 3, 65
400, 1, 1, 1
imgurcomb7gutdy, 1, 1, 2
reentered, 1, 1, 46
weeks, 1, 1, 15
easier, 2, 2, 9
affected, 1, 1, 2
tourist, 1, 1, 1
inoculated, 1, 1, 1
lightsand, 1, 1, 3
collide, 2, 2, -7
finish, 1, 1, 1
break, 2, 2, 10
bang, 12, 3, 2
effects, 2, 2, 3
filtered, 1, 1, 0
silver, 1, 1, 4
structural, 1, 1, 2
shadows, 2, 2, 9
brightness, 1, 1, 2
recovery, 1, 1, 46
falsecolour, 1, 1, 3
tyranny, 1, 1, 6
rocks, 1, 1, 174
pocketprotector, 1, 1, 1
titania, 1, 1, 2
40s, 1, 1, 10
went, 9, 7, 83
side, 10, 7, 354
mean, 10, 8, 57
rcs, 1, 1, 13
lifted, 1, 1, 298
financial, 1, 1, 14
telescope, 8, 8, 23
fairly, 4, 4, 82
series, 2, 2, 51
ligo, 4, 2, 5
t3, 1, 1, 1
taught, 1, 1, 2
oncological, 1, 1, 2
forgot, 1, 1, 46
laboratory, 2, 2, 39
recognizable, 1, 1, 298
extract, 1, 1, 2
sounds, 7, 4, 32
borne, 1, 1, 14
deleteamp, 1, 1, 6
large, 8, 6, 19
precisely, 1, 1, 2
gastointestinal, 1, 1, 2
network, 2, 1, 7
coronal, 1, 1, 2
realtime, 2, 2, 14
god, 1, 1, 2
cameras, 5, 5, 30
tomorrow, 1, 1, 1
particles, 3, 1, 0
millennium, 1, 1, 4
ra, 1, 1, 6
got, 25, 23, 473
engineer, 3, 3, 48
d531106amp, 1, 1, 3
centauri, 1, 1, 4
arizona, 1, 1, 13
turning, 1, 1, 8
love, 14, 14, 194
written, 6, 6, 39
given, 1, 1, 13
free, 2, 2, 183
standard, 1, 1, 1
management, 1, 1, 2
formation, 3, 3, 23
amazement, 1, 1, 2
detecting, 1, 1, 2
wanted, 8, 7, 38
294, 1, 1, 19
nebulae, 1, 1, 2
restarting, 1, 1, 14
recovering, 4, 2, 60
created, 4, 4, 24
iss, 3, 3, 3
starts, 3, 3, 9
isp, 1, 1, 5
longterm, 1, 1, 46
days, 6, 6, 45
angara12, 1, 1, 5
filter, 2, 1, 1
ordering, 1, 1, 2
flown, 3, 3, 24
iso, 8, 6, 199
iimgurcom3luraemgifv, 1, 1, 1
corrections, 2, 1, 7
uses, 1, 1, 1
skyquest, 1, 1, 2
onto, 1, 1, 9
speeds, 1, 1, 4
already, 8, 6, 67
features, 1, 1, 9
125, 1, 1, 1
suvsized, 1, 1, 16
dione, 4, 1, 25
hearing, 1, 1, 2
fantasy, 1, 1, 1
20sec, 1, 1, 174
5544, 1, 1, 2
another, 10, 9, 620
insulation, 3, 1, 2
thick, 2, 1, -7
electronic, 1, 1, 2
10ft, 1, 1, 0
illustrate, 1, 1, 7
mercury, 1, 1, 19
higherres, 1, 1, 2
annotated, 1, 1, 6
kerbal, 2, 2, 8
top, 10, 10, 112
dogmatic, 1, 1, 1
approximately, 3, 3, 36
touting, 1, 1, 46
needed, 1, 1, 46
confirming, 1, 1, 18
1b, 1, 1, 10
rates, 1, 1, 8
hypothetical, 1, 1, 6
airy, 1, 1, 2
ordered, 2, 2, 4
legs, 1, 1, 298
ranging, 1, 1, 1
exposures, 4, 3, 22
urban, 1, 1, 66
submersibles, 1, 1, 46
asset, 2, 2, 10
overhead, 3, 1, 2
took, 13, 13, 604
rejected, 1, 1, 46
japanese, 1, 1, 2
whatifs, 1, 1, 2
western, 1, 1, 9
somewhat, 2, 1, 46
artistic, 1, 1, 0
distance, 6, 6, 338
trek, 5, 4, 42
anxiety, 1, 1, 23
target, 4, 2, 9
showed, 1, 1, 4
1m, 1, 1, 7
10amp, 1, 1, 3
tree, 4, 4, 179
272, 1, 1, 2
cite, 1, 1, 0
project, 3, 3, 89
matter, 9, 6, 72
titles, 1, 1, 1
flame, 2, 2, 14
speaking, 1, 1, 1
feeling, 1, 1, 298
powers, 1, 1, 46
brilliant, 1, 1, 1
manned, 5, 3, 8
gif, 1, 1, 8
bare, 1, 1, 2
modern, 1, 1, 531
mind, 3, 3, 8
mine, 1, 1, 8
constellations, 2, 2, 300
talking, 2, 2, 142
manner, 1, 1, 2
seen, 18, 15, 108
seem, 4, 3, 4
astrophotographer, 1, 1, 1
seek, 1, 1, 1
dozen, 2, 2, 4
university, 2, 2, 2
strength, 2, 2, 4
thoroughly, 1, 1, 46
1961, 2, 1, 2
accelerated, 1, 1, 2
fitting, 2, 2, 1
causing, 1, 1, 9
forces, 1, 1, 14
at72ed, 1, 1, 12
nightsky, 1, 1, 2
blue, 3, 3, 10
continuous, 1, 1, 7
hirise, 2, 1, 7
though, 14, 13, 47
object, 5, 4, 51
victoria, 1, 1, 3
arxivorgabs160201439, 1, 1, 1
letter, 1, 1, 7
entry, 2, 2, 9
phase, 2, 2, 28
oil, 1, 1, 1
coin, 9, 8, 422
tyr, 1, 1, 6
glow, 1, 1, 3
zealand, 3, 3, 91
stupid, 2, 2, 41
observation, 1, 1, 2
30sec, 1, 1, 1
camp, 1, 1, 141
dod, 1, 1, 2
doe, 1, 1, 14
swamp, 1, 1, 1
points, 5, 4, 13
tech, 4, 3, 17
pointy, 1, 1, 3
backyardeos, 1, 1, 12
poisonous, 1, 1, 4
came, 6, 5, 54
planetary, 4, 3, 25
reactor, 1, 1, 6
probe, 11, 5, 588
subreddit, 3, 3, 29
pops, 2, 2, 4
colors, 1, 1, 91
radio, 9, 3, 10
subtle, 1, 1, 298
retting, 1, 1, 2
pick, 2, 2, 4
nearearth, 1, 1, 1
resemblance, 2, 2, 5
proposed, 1, 1, 3
ellipsoid, 1, 1, 2
became, 2, 2, 66
varied, 1, 1, 3
explain, 1, 1, 3
vacation, 1, 1, 2
appreciated, 1, 1, 46
accelerate, 2, 2, 11
bush, 1, 1, 109
pathological, 1, 1, 2
546, 1, 1, 0
touched, 1, 1, 2
folks, 1, 1, 2
lightroom, 1, 1, 1
wearing, 1, 1, 2
tiles, 1, 1, 4
cubic, 1, 1, 0
wide, 3, 3, 36
de, 1, 1, 6
watch, 4, 4, 6
television, 2, 2, 4
coast, 1, 1, 135
geek, 1, 1, 7
despite, 1, 1, 1
report, 3, 3, 17
impractical, 1, 1, 6
onboard, 5, 4, 98
saturn, 8, 7, 46
dr, 1, 1, 0
tips, 1, 1, 1
unconsciously, 1, 1, 298
abyss, 1, 1, 31
runs, 1, 1, 298
bar, 1, 1, 36
countries, 1, 1, 2
fields, 7, 4, 2
accordance, 1, 1, 0
bay, 1, 1, 30
twice, 3, 2, 52
bad, 1, 1, 4
traversed, 1, 1, 2
protocols, 1, 1, 46
multitude, 1, 1, 0
shots, 3, 3, 11
mercator, 1, 1, 2
release, 1, 1, 1
steam, 1, 1, 1
transporting, 1, 1, 46
headed, 1, 1, 7
schroedingerspen, 1, 1, 46
blew, 1, 1, 4
shuguang, 1, 1, 2
fair, 3, 3, 174
heirloom, 1, 1, 6
sensitivity, 1, 1, 3
testing, 1, 1, 18
100amp, 2, 1, 3
detection, 3, 2, 30
pads, 1, 1, 5
electrostatic, 1, 1, 5
radius, 1, 1, 6
bed, 2, 2, -1
3040, 1, 1, 4
christian, 1, 1, 0
best, 4, 4, 16
subject, 6, 6, 31
pebbles, 1, 1, 0
voyage, 1, 1, 1
00, 1, 1, 36
said, 10, 9, 101
capacity, 1, 1, 6
mus, 1, 1, 6
temptation, 1, 1, 46
sorta, 1, 1, 10
propulsion, 4, 4, 36
away, 18, 16, 192
iirc, 1, 1, 7
rings, 11, 7, 44
rushing, 1, 1, 3
pressures, 1, 1, 0
unable, 1, 1, 1
finger, 1, 1, 2
hopefully, 2, 2, 4
igq3ekcvyra, 1, 1, 2
364, 1, 1, 19
approach, 2, 1, 7
discovery, 4, 4, 27
taperecorder, 1, 1, 64
reddit, 3, 3, 74
wa, 1, 1, 1
nature, 1, 1, 2
wo, 3, 3, 29
weak, 3, 3, 56
however, 7, 6, 14
wh, 1, 1, 3
ww, 1, 1, 3
wikiskyorg, 1, 1, 6
387, 1, 1, 19
dedication, 1, 1, 6
news, 1, 1, 2
picking, 1, 1, 46
hundreds, 5, 4, 11
isotopes, 1, 1, 46
received, 4, 4, 5
essentially, 3, 3, 28
store, 1, 1, 64
30mins, 1, 1, 1
country, 4, 4, 151
adapter, 1, 1, 2
imgurcomabjbkz, 1, 1, 6
heating, 1, 1, 2
gotten, 1, 1, 1
20year, 1, 1, 4
planned, 3, 3, 63
receiver, 1, 1, 2
exceeds, 1, 1, 4
magnetosphere, 3, 1, 0
col, 1, 1, 2
suggest, 1, 1, 3
tone, 2, 2, 32
character, 1, 1, 2
ganymede, 1, 1, 1
compositemosaic, 1, 1, 1
height, 2, 2, 10
tons, 2, 1, 10
telecommunications, 1, 1, 292
bureaucratic, 1, 1, 46
bathroom, 1, 1, 2
101, 1, 1, 25
froth, 1, 1, 2
engines, 10, 4, 17
awstuck, 1, 1, 2
three, 1, 1, 9
quickly, 2, 2, 49
muck, 1, 1, 46
bahtinov, 1, 1, 3
much, 35, 29, 205
interest, 1, 1, 8
expected, 3, 3, 55
dozens, 1, 1, 2
handing, 1, 1, 1
website, 4, 4, 183
life, 7, 7, 39
philosophically, 1, 1, 18
indeterminacy, 1, 1, 7
blackhole, 2, 1, 7
apennine, 1, 1, 1
vulcan, 1, 1, 2
cameraequipped, 1, 1, 1
personally, 1, 1, 46
aviation, 1, 1, 1
worked, 4, 3, 4
spin, 2, 2, 2
diverted, 1, 1, 0
tank, 3, 2, 4
publicly, 1, 1, 8
launches, 3, 2, 3
sls, 7, 7, 49
near, 5, 5, 27
parched, 1, 1, 1
reconnaissance, 2, 1, 7
property, 1, 1, 6
characterizing, 1, 1, 3
cylinder, 1, 1, 46
5299, 1, 1, 6
equator, 2, 2, 4
iv, 1, 1, 2
ii, 3, 1, 10
cant, 1, 1, 2
3532, 1, 1, 6
im, 1, 1, -4
uncle, 8, 4, 10
spending, 1, 1, 2
ic, 3, 1, 6
astronaut, 3, 3, 143
ie, 3, 3, 28
id, 2, 2, 27
hagens, 3, 2, 2
grown, 1, 1, 39
confirmed, 1, 1, 7
ignored, 1, 1, 1
descent, 1, 1, 7
art, 1, 1, 64
things, 16, 12, 92
make, 17, 15, 101
craigslist, 1, 1, 30
potentially, 1, 1, 3
descend, 1, 1, 7
highefficiency, 1, 1, 46
several, 9, 7, 7
couple, 2, 2, 10
european, 3, 3, 33
voyager, 3, 3, 295
independent, 1, 1, 0
satellite, 7, 4, 13
catholic, 2, 2, 1
sundionespacecraft, 1, 1, 25
server4wikiskyorgv2, 1, 1, 6
hand, 7, 7, 51
topo, 1, 1, 7
amplified, 1, 1, 1
documents, 1, 1, 3
jealous, 1, 1, 5
positives, 1, 1, 5
terrabytes, 1, 1, 7
thoughts, 1, 1, 6
kid, 3, 2, 5
wispy, 1, 1, 25
1979, 1, 1, 0
matters, 2, 2, 1
humble, 1, 1, 1
neptune, 4, 4, 27
suffering, 1, 1, 6
1971, 1, 1, 2
ocean, 3, 1, 46
contact, 3, 3, 177
greatest, 1, 1, 2
alltime, 1, 1, 2
claims, 1, 1, 10
800, 1, 1, 12
pia12553, 1, 1, 25
investments, 2, 1, 8
plaque, 1, 1, 1
left, 4, 4, 61
sentence, 1, 1, 18
yea, 1, 1, 1
photo, 15, 15, 131
laptop, 1, 1, 1
rotated, 1, 1, 2
greys, 1, 1, 25
aside, 1, 1, 5
oberth, 1, 1, 6
quotes, 1, 1, 2
grades, 1, 1, 46
via, 3, 2, 18
thanks, 11, 11, 31
human, 4, 3, 2
facts, 1, 1, 1
angara5, 1, 1, 5
yes, 3, 3, 15
yet, 5, 4, 57
impending, 1, 1, 46
previous, 3, 2, 9
adding, 2, 2, 40
similarities, 1, 1, 0
advancement, 1, 1, 1
passive, 3, 2, 49
spread, 1, 1, 2
transformed, 1, 1, 1
board, 1, 1, 46
easy, 1, 1, 7
save, 2, 2, 10
plasma, 7, 3, 10
humanity, 1, 1, 16
gave, 7, 7, 86
usable, 1, 1, 1
progressed, 1, 1, 2
possible, 8, 8, 19
possibly, 3, 3, 540
fusion, 1, 1, 5
descending, 2, 1, 7
background, 4, 3, 49
wanting, 1, 1, 1
objectively, 1, 1, 1
massively, 1, 1, 1
slipstick, 2, 1, 1
gifv, 1, 1, 1
1556, 1, 1, 0
57, 3, 3, 67
gifted, 1, 1, 2
50, 3, 3, 69
specific, 7, 5, 59
remind, 1, 1, 3
erodes, 1, 1, 46
night, 25, 21, 554
notorious, 1, 1, 7
security, 2, 2, 16
accuracy, 2, 2, 14
angelfish, 1, 1, 12
gifter, 1, 1, 2
webb, 1, 1, 4
right, 19, 18, 345
old, 5, 4, 51
people, 18, 17, 262
sends, 2, 2, 3
somehow, 3, 3, 10
dead, 1, 1, 2
zoom, 4, 3, 10
born, 2, 2, 4
rtggrade, 1, 1, 46
jupiter, 11, 6, 72
tgcnaaaaibajamp, 1, 1, 2
escape, 1, 1, 3
ohwurxzrvtg, 1, 1, 16
rtgpowered, 1, 1, 46
confusing, 2, 2, 8
pleiades, 1, 1, 6
orbiter, 4, 3, 34
tracked, 1, 1, 8
bottom, 2, 2, 91
electromagnetic, 3, 2, 5
ear, 2, 1, 0
arthur, 1, 1, 1
comments, 2, 2, 56
everything, 3, 3, 6
asking, 1, 1, 46
levitation, 1, 1, 1
mms, 1, 1, 7
core, 4, 4, 41
columbus, 1, 1, 1
inks, 1, 1, 1
deleted, 3, 3, 23
infinitely, 1, 1, 1
burn, 1, 1, 1
disappeared, 2, 1, 3
restructuring, 1, 1, 8
boffins, 1, 1, 3
starring, 1, 1, 1
losing, 1, 1, 6
lensflare, 1, 1, 1
post, 18, 17, 123
manufacturing, 3, 3, 61
super, 4, 3, 12
emits, 1, 1, 9
closeup, 1, 1, 1
mimics, 1, 1, 9
quintrillion, 1, 1, 19
youtubeq5dzdwjn7z4, 1, 1, 1
months, 2, 2, 5
costs, 2, 2, 19
plus, 3, 3, 14
horizon, 5, 5, 10
commit, 1, 1, 0
efforts, 1, 1, 1
slightly, 1, 1, 1
automatically, 1, 1, 6
printed, 1, 1, 1
soc, 1, 1, 0
coins, 3, 3, 111
subs, 4, 4, 20
presence, 3, 3, 302
civil, 1, 1, 14
plx6xxdgf2e, 1, 1, 1
selfie, 1, 1, 1
son, 1, 1, 4
rendering, 2, 2, 532
rustcolored, 1, 1, 2
shoots, 1, 1, 1
odometer, 2, 1, 2
often, 2, 2, 15
existed, 1, 1, 46
redditi, 1, 1, 1
waits, 1, 1, 10
panorama, 2, 2, 7
altitude, 1, 1, 9
tennis, 1, 1, 19
sunlight, 3, 2, 12
class, 1, 1, 1
accordingly, 1, 1, 2
fought, 1, 1, 3
charts, 1, 1, 2
way, 40, 39, 637
astrophysics, 1, 1, 0
call, 5, 5, 3
pasadena, 1, 1, 25
happy, 3, 3, 4
lowest, 2, 2, 6
head, 6, 6, 28
medium, 1, 1, 5
amateur, 1, 1, 2
form, 1, 1, -7
fascination, 1, 1, 1
gorgeous, 1, 1, 2
landing, 8, 3, 55
sagan, 1, 1, 3
failure, 1, 1, 64
hemisphere, 10, 9, 173
hear, 6, 4, 86
solar, 13, 8, 81
magellanic, 3, 3, 28
removed, 2, 2, 3
true, 1, 1, 5
comprehending, 1, 1, 1
versions, 1, 1, 15
inside, 3, 3, 2
strongest, 1, 1, 7
whiskey, 1, 1, 36
ejections, 1, 1, 2
geodesic, 1, 1, 2
meters, 1, 1, -7
stages, 1, 1, 7
emit, 2, 2, 12
delete, 2, 2, 15
majoris, 1, 1, 19
proud, 1, 1, 4
shin, 1, 1, 6
158, 1, 1, 19
darks, 1, 1, 12
theremy, 1, 1, 1
proven, 2, 2, -5
drive, 4, 3, 14
gemini, 1, 1, 6
exist, 1, 1, 46
curious, 3, 3, 27
elon, 3, 2, 27
ship, 3, 1, 0
check, 6, 6, 8
shit, 6, 5, 173
physical, 1, 1, 46
contaminating, 1, 1, 46
asked, 1, 1, 1
eerie, 1, 1, 298
colder, 1, 1, 1
na, 3, 3, 4
kevman403, 1, 1, 2
reality, 1, 1, 46
ny, 2, 2, 7
interested, 3, 3, 48
role, 1, 1, 2
holding, 1, 1, 1
papers, 1, 1, 2
test, 2, 2, 65
cerenkov, 1, 1, 1
realize, 1, 1, 1
picture, 20, 17, 375
models, 1, 1, 18
dies, 1, 1, 46
felt, 3, 2, 3
update, 1, 1, 46
kellners, 1, 1, 1
journey, 1, 1, 2
trouble, 1, 1, 1
weekend, 4, 3, 20
died, 2, 2, 50
billion, 7, 2, 19
younger, 1, 1, 30
radioactivity, 1, 1, 46
longer, 1, 1, 2
rokinon, 1, 1, 1
phone, 2, 2, 3
assume, 3, 3, 61
typically, 3, 2, 2
moved, 1, 1, 0
together, 7, 7, 50
safe, 3, 2, 5
time, 52, 38, 985
push, 1, 1, 0
backward, 1, 1, 1
concept, 1, 1, 46
newbie, 1, 1, 3
corps, 1, 1, 2
switched, 2, 2, 7
global, 1, 1, 19
focus, 7, 4, 9
manages, 1, 1, 25
ice, 7, 6, 17
8amp, 1, 1, 3
21216, 1, 1, 1
seasick, 1, 1, 12
certainly, 1, 1, 3
depend, 1, 1, 1
essentials, 1, 1, 3
zone, 3, 2, 9
flounder, 1, 1, 1
scheduele, 1, 1, 2
father, 1, 1, 1
interactions, 1, 1, 0
crater, 1, 1, 25
environment, 1, 1, 7
0, 1, 1, 6
finally, 6, 5, 23
discovering, 1, 1, 18
dion, 1, 1, -4
lake, 1, 1, 1
division, 2, 2, 33
downloading, 1, 1, 18
string, 2, 1, 0
advantage, 2, 2, 52
frequencies, 3, 3, 9
keeping, 1, 1, 10
lro, 1, 1, 2
tanks, 5, 4, 6
stays, 1, 1, 1
launchers, 1, 1, 10
exact, 7, 4, 24
607304624981amp, 1, 1, 6
minute, 4, 4, 542
cool, 11, 11, 130
dim, 1, 1, 1
clouds, 5, 5, 30
level, 9, 8, 66
turns, 1, 1, 2
fragile, 1, 1, 1
proposals, 1, 1, 46
hawaii, 3, 3, 11
columbia, 6, 5, 8
p, 2, 2, 2
team, 5, 4, 359
quick, 1, 1, 27
guy, 8, 6, 157
yall, 1, 1, 5
pork, 1, 1, 0
unexpected, 1, 1, 18
says, 3, 3, 50
verifiable, 1, 1, 1
28spacecraft, 1, 1, 2
insignificant, 2, 2, 2
dealing, 1, 1, 6
discover, 1, 1, 18
cost, 5, 4, 89
designs, 1, 1, 3
photographed, 1, 1, 9
theories, 4, 3, 30
slighted, 1, 1, 1
bacteria, 1, 1, 0
70mm, 1, 1, 25
tatooes, 1, 1, 50
essence, 1, 1, 7
appear, 2, 2, 17
crackpot, 1, 1, 1
iridium, 9, 4, 13
melt, 1, 1, 4
uniform, 2, 2, 1
current, 7, 6, 28
health, 1, 1, 1
suspect, 1, 1, 2
goes, 3, 2, 5
falling, 1, 1, 3
axed, 1, 1, 8
filled, 1, 1, 0
temperatures, 1, 1, 1
supporting, 1, 1, 1
kosmos, 1, 1, 5
transportation, 3, 2, 22
powerseeker, 2, 2, 4
0000000642, 1, 1, 19
learn, 2, 2, 20
understanding, 3, 3, 19
downloaded, 1, 1, 10
slow, 1, 1, 3
loop_speed_ms, 2, 1, 3
kilometers, 5, 3, 64
alone, 3, 3, 13
skitz, 1, 1, 135
along, 4, 4, 119
appears, 1, 1, 25
change, 5, 5, 17
wait, 1, 1, 5
box, 1, 1, 2
sending, 1, 1, 1
dec, 1, 1, 25
incoming, 1, 1, 7
noticeable, 1, 1, 2
impatiently, 1, 1, 1
institute, 3, 2, 39
impacted, 1, 1, 46
bot, 5, 5, 38
blads, 1, 1, 25
obligatory, 1, 1, 1
1990now, 1, 1, 2
usually, 1, 1, 46
weird, 1, 1, 10
deg, 1, 1, 6
seward, 1, 1, 1
useful, 4, 4, 58
extra, 3, 3, 5
turnus, 1, 1, 25
bloody, 1, 1, 18
peer, 1, 1, 3
canis, 1, 1, 19
touchdown, 2, 1, 2
ligos, 1, 1, 27
working, 6, 6, 33
633463028287amp, 2, 1, 6
aye, 1, 1, 10
visit, 6, 3, 24
predictions, 1, 1, 2
stacking, 1, 1, 2
live, 10, 9, 19
wood, 1, 1, 1
opposed, 2, 1, 14
wondering, 5, 5, 45
conservation, 1, 1, -5
australian, 1, 1, 50
thru, 2, 2, 2
checkout, 1, 1, 2
theoretical, 4, 4, 16
today, 4, 4, 23
undecayed, 1, 1, 46
sharing, 3, 3, 13
towers, 1, 1, 7
flying, 1, 1, 10
acceptable, 1, 1, 2
iimgurcom47daazdjpg, 2, 1, 6
mcconaughey, 1, 1, 1
clue, 1, 1, 531
pinpoint, 3, 1, 2
visual, 2, 2, 48
degrade, 1, 1, 46
advise, 1, 1, 1
nebulis, 1, 1, 5
effort, 4, 4, 71
capturing, 1, 1, 0
fly, 1, 1, 2
flares, 4, 3, 11
valued, 1, 1, 8
car, 1, 1, 6
colubia, 1, 1, 2
longitude, 1, 1, 6
labeled, 1, 1, 2
sour, 1, 1, 8
incidents, 1, 1, 2
growing, 1, 1, 4
making, 7, 7, 18
arrive, 1, 1, 7
streak, 1, 1, 2
heart, 1, 1, 1
crazy, 1, 1, 1
moscato, 1, 1, 18
reflector, 1, 1, 1
figure, 6, 4, 30
mirrors, 1, 1, 9
ringing, 1, 1, 7
december, 1, 1, 5
awesome, 13, 13, 50
sense, 8, 7, 369
confused, 1, 1, 531
parachute, 1, 1, 7
heard, 2, 2, 4
unanticipated, 1, 1, 18
allowed, 1, 1, 1
40018mm, 1, 1, 3
counting, 1, 1, 4
hydrogen, 1, 1, 1
occur, 1, 1, 0
listens, 1, 1, 3
rays, 1, 1, 1
monitoring, 3, 3, 55
winter, 2, 2, 3
discussion, 1, 1, 2
cernan, 1, 1, 6
1, 13, 11, 98
thermodynamics, 1, 1, 1
pins, 1, 1, 1
axis, 3, 3, 11
divides, 1, 1, 1
map, 4, 2, 26
144, 1, 1, 1
stoked, 1, 1, 2
huge, 4, 4, 7
may, 13, 12, 49
neat, 2, 2, 6
spot, 7, 6, 15
applications, 4, 3, 54
produce, 3, 2, 1
designed, 4, 4, 86
noise, 6, 3, 4
threepart, 1, 1, 1
improving, 1, 1, 7
1802000km, 1, 1, 13
truly, 2, 2, 3
guys, 7, 7, 39
snx, 1, 1, 3
sny, 1, 1, 3
supersonic, 1, 1, 0
wwwyoutubecomwatch, 7, 6, 35
remember, 6, 6, 41
johnson, 1, 1, 13
pu238, 12, 3, 65
ss, 1, 1, 3
maybe, 4, 4, 3
st, 1, 1, 3
fluent, 1, 1, 2
ophtalmological, 1, 1, 2
si, 1, 1, 3
gamma, 2, 2, 4
sl, 1, 1, 3
pulled, 2, 2, 38
talk, 1, 1, 26
sd, 1, 1, 3
imagining, 2, 2, 3
cute, 1, 1, 36
aforementioned, 1, 1, 7
correlation, 1, 1, 2
mainly, 1, 1, 7
years, 27, 20, 129
decently, 1, 1, 2
course, 7, 4, 56
experiments, 3, 2, 47
statistical, 2, 2, 34
shake, 1, 1, 1
cold, 3, 3, 8
still, 23, 21, 40
nerva, 1, 1, 1
observational, 1, 1, 2
506amp, 1, 1, 3
1830, 1, 1, 2
snap27, 5, 1, 46
group, 1, 1, 9
rosette, 2, 2, 14
interesting, 11, 10, 91
coordinates, 1, 1, 6
forms, 1, 1, 31
wasting, 1, 1, 0
window, 3, 1, 4
pays, 1, 1, 1
bearsand, 1, 1, 3
crane, 1, 1, 16
endless, 1, 1, 0
decades, 3, 2, 9
iso1600, 1, 1, 1
texas, 1, 1, 0
happened, 2, 2, 0
decryption, 1, 1, 2
lox, 1, 1, 1
finance, 1, 1, 8
views, 1, 1, 5
smarter, 1, 1, 1
scaling, 1, 1, 8
1991, 1, 1, 1
safari, 1, 1, 2
half, 2, 2, 47
twilight, 2, 2, 2
killed, 2, 2, 3
s80, 1, 1, 4
term, 1, 1, 6
name, 5, 4, 16
streaks, 1, 1, 25
james, 2, 2, 50
kerr, 1, 1, 7
possibilities, 1, 1, 7
25, 1, 1, 25
realise, 2, 2, 43
wallpapers, 1, 1, 1
individually, 1, 1, 1
square, 1, 1, 3
retrieve, 2, 2, 6
disproving, 1, 1, 18
populated, 1, 1, 3
divisional, 1, 1, 8
eg, 2, 2, 48
ef, 1, 1, 25
yeah, 4, 4, 27
yield, 1, 1, 46
entering, 1, 1, 2
year, 11, 11, 47
galactic, 3, 3, 4
happen, 4, 4, 18
calling, 1, 1, 1
planetis, 1, 1, 3
sunrise, 1, 1, 1
tried, 3, 3, 24
album, 3, 2, 7
shown, 2, 2, 14
accomplish, 1, 1, 3
stitch, 1, 1, 1
space, 57, 37, 331
coincidentally, 1, 1, 0
furthermore, 2, 1, 18
communicating, 1, 1, 7
thirst, 1, 1, 23
looking, 11, 9, 38
extrapolate, 1, 1, 18
miles, 18, 8, 64
soyuz1, 1, 1, 5
internet, 3, 3, 41
suggesting, 1, 1, 64
sensor, 2, 2, 48
correct, 4, 3, 25
relations, 1, 1, 292
processed, 4, 3, 122
intended, 2, 2, 71
earlier, 1, 1, 7
theory, 9, 3, 8
wan, 2, 2, 2
jwst, 2, 1, 1
succesfully, 1, 1, 5
million, 8, 4, 45
possibility, 1, 1, 27
quite, 9, 9, 310
orl, 1, 1, 2
dig, 1, 1, 2
advantages, 1, 1, 46
carl, 1, 1, 3
partner, 1, 1, 1
chose, 1, 1, 174
silhouetted, 1, 1, 9
thankyou, 1, 1, 1
standby, 1, 1, 2
yup, 1, 1, 46
motion, 4, 4, 16
thing, 10, 10, 52
extinguisher, 1, 1, 3
place, 8, 7, 55
massive, 3, 2, 7
crashcourse, 1, 1, 2
think, 21, 20, 184
lambda, 1, 1, 6
fusing, 1, 1, 0
scuti, 1, 1, 19
saving, 2, 2, 3
striking, 2, 2, 3
waves, 36, 13, 52
one, 50, 40, 210
americans, 1, 1, 1
fast, 3, 3, 22
directly, 3, 3, 58
carry, 3, 3, 8
impossible, 1, 1, 3
message, 1, 1, 6
open, 5, 4, 51
angular, 1, 1, 7
size, 4, 4, 69
sheep, 1, 1, 15
city, 7, 6, 306
little, 15, 15, 471
sheet, 1, 1, 25
stuck, 1, 1, 4
authentic, 2, 2, 5
caught, 1, 1, 3
trillion, 3, 1, 19
freebody, 1, 1, 1
anyone, 10, 10, 88
indicate, 1, 1, 46
returns, 1, 1, 7
2, 14, 13, 96
1g, 1, 1, 1
white, 6, 3, 5
bits, 1, 1, 2
frame, 1, 1, 9
friend, 3, 2, 5
gives, 1, 1, 1
eyes, 7, 7, 69
becomes, 1, 1, 4
1253amp, 1, 1, 3
season, 1, 1, 1
suit, 1, 1, 12
huh, 1, 1, 1
meddling, 1, 1, 1
expanse, 1, 1, 0
released, 2, 2, 4
imagery, 4, 1, 2
packet, 1, 1, 1
lazy, 1, 1, 2
x1, 1, 1, 2
population, 5, 3, 33
11, 2, 2, 2
10, 11, 10, 188
13, 12, 5, 62
12, 3, 3, 17
15, 5, 4, 59
14, 4, 4, 28
17, 5, 3, 52
t3i, 2, 2, 13
19, 1, 1, 5
18, 2, 2, 11
folly, 1, 1, 1
transferred, 2, 2, 1
future, 8, 7, 16
venture, 1, 1, 8
gigantic, 2, 2, 11
mariner, 6, 2, 65
published, 1, 1, 18
troublesome, 1, 1, 0
angel, 1, 1, 16
remained, 1, 1, 3
turned, 4, 3, 3
locations, 1, 1, 7
sad, 3, 3, 10
say, 12, 11, 91
conspiracy, 1, 1, 5
buried, 1, 1, 10
schoolkid, 1, 1, 2
recover, 2, 2, 49
saw, 6, 6, 12
elsewhere, 2, 2, 5
speakers, 1, 1, 0
recreated, 1, 1, 3
maskers, 1, 1, 3
efficient, 2, 2, 8
fucking, 2, 2, 16
ideas, 1, 1, 46
gustave, 1, 1, 3
note, 2, 2, 9
equipment, 3, 3, 7
potential, 4, 3, 22
take, 21, 20, 462
online, 3, 3, 23
performance, 1, 1, 10
eyepiece, 3, 2, 3
channel, 1, 1, 7
surf, 1, 1, 1
refreshes, 1, 1, 1
teflon, 1, 1, 9
sure, 11, 11, 352
multiple, 3, 1, 6
204, 1, 1, 19
normal, 1, 1, 13
track, 4, 3, 5
price, 1, 1, 1
knew, 6, 4, 12
render, 1, 1, 1
thy, 1, 1, 6
contrasts, 1, 1, 2
america, 2, 2, 3
inserted, 1, 1, 46
pages, 1, 1, 3
probes, 9, 3, 55
radioactive, 4, 2, 51
especially, 2, 2, 48
considered, 2, 2, 5
average, 1, 1, 1
later, 3, 3, 3
implications, 1, 1, 2
heat, 5, 3, 55
order, 2, 2, 2
managing, 1, 1, 531
mro, 6, 1, 7
sunset, 3, 3, 5
pattern, 1, 1, 2
atlantic, 1, 1, 18
remain, 1, 1, 7
pws, 2, 1, 0
reenforce, 1, 1, 2
laws, 1, 1, 0
precise, 6, 2, 9
obstructive, 1, 1, 1
vetted, 1, 1, 8
nebula, 11, 4, 21
shot, 12, 11, 113
show, 6, 6, 157
pastel, 1, 1, 64
discovered, 2, 2, 16
bright, 6, 5, 37
drawings, 1, 1, 18
uranus, 5, 5, 42
spacex, 1, 1, 1
tend, 1, 1, 2
imagined, 1, 1, 2
maine, 2, 1, 9
ground, 7, 7, 30
specifically, 2, 2, 48
ratio, 1, 1, 46
title, 1, 1, 2
daily, 1, 1, 3
1855mm, 2, 2, 13
proportion, 1, 1, 1
3, 7, 7, 130
debunk, 2, 2, 10
going, 20, 19, 214
black, 14, 11, 29
equipped, 4, 2, 13
watching, 2, 2, 10
lapse, 1, 1, 9
congressional, 1, 1, 46
info, 1, 1, 1
inertial, 1, 1, 7
1amp, 5, 1, 6
get, 30, 27, 157
witness, 1, 1, 1
moons, 9, 4, 14
mission, 18, 11, 61
cursing, 1, 1, 1
instance, 1, 1, 0
nearly, 5, 5, 75
d750, 1, 1, 1
relativityrelated, 1, 1, 2
pond, 1, 1, 0
settings, 1, 1, 1
rippling, 1, 1, 0
borrow, 1, 1, 46
absurdly, 1, 1, 46
worried, 1, 1, 12
naked, 6, 6, 18
jokes, 1, 1, 2
admins, 1, 1, 9
penguins, 1, 1, 13
resins, 1, 1, 1
bombs, 1, 1, 5
mapped, 1, 1, 7
scott, 1, 1, 1
bought, 3, 3, 33
16th, 2, 2, 6
wiki, 1, 1, 64
reveals, 1, 1, 3
enthralled, 1, 1, 4
ken, 1, 1, 1
expecti, 1, 1, 1
fixate, 1, 1, 1
relative, 1, 1, 7
eliminating, 1, 1, 7
hell, 1, 1, 1
terror, 1, 1, 7
wonder, 9, 9, 127
surfaces, 1, 1, 1
fails, 1, 1, 3
detect, 4, 4, 15
lack, 1, 1, 7
camping, 1, 1, 2
federal, 1, 1, 46
subsequent, 2, 2, 9
fascinated, 1, 1, 4
iimgurcompih28yopng, 1, 1, 16
circulating, 1, 1, 18
sites, 1, 1, 5
weapons, 1, 1, 46
outside, 5, 5, 352
affecting, 1, 1, 1
reading, 1, 1, 46
across, 2, 2, 15
verification, 1, 1, 64
cream, 1, 1, 1
notice, 2, 2, 8
vertical, 2, 2, 6
provides, 1, 1, 1
nerdy, 2, 2, 2
dome, 1, 1, 2
jumbo, 1, 1, 174
densely, 1, 1, 3
spare, 2, 1, 64
jk, 1, 1, 0
jets, 1, 1, 7
article, 6, 6, 85
spark, 1, 1, 1
come, 5, 5, 61
pixels, 1, 1, 64
reaction, 2, 2, 14
missions, 10, 7, 64
many, 17, 15, 150
thiswhat, 1, 1, 1
according, 3, 3, 85
contract, 1, 1, 10
laplace, 1, 1, 1
personal, 1, 1, 6
marietta, 1, 1, 2
dated, 1, 1, 14
handdrawn, 2, 1, 64
73amp, 1, 1, 3
traded, 1, 1, 8
scope, 2, 2, 5
comes, 4, 4, 86
allowance, 2, 1, 7
filtering, 1, 1, 1
necessary, 1, 1, 1
prayed, 2, 2, 2
color, 6, 5, 9
period, 1, 1, 9
60, 2, 2, 11
61, 1, 1, 46
pole, 1, 1, 2
63, 3, 3, 37
3000, 1, 1, 2
iterations, 1, 1, 18
governed, 1, 1, 0
cancel, 1, 1, 46
69, 1, 1, 19
comprehend, 1, 1, 0
considering, 1, 1, 18
better, 13, 10, 59
cycling, 1, 1, 1
carina, 1, 1, 6
capable, 3, 3, 47
west, 1, 1, 6
orbatk, 1, 1, 10
mayhaps, 1, 1, 2
combined, 2, 1, 7
mars, 22, 8, 38
1030, 1, 1, 1
abstract, 1, 1, 7
500, 3, 3, 23
wants, 7, 5, 21
direction, 5, 2, 23
guideposts, 1, 1, 7
shortages, 1, 1, 13
horsehead, 1, 1, 12
measles, 1, 1, 1
formed, 1, 1, 2
fapping, 1, 1, 12
dangerous, 2, 2, 4
nikon, 5, 5, 186
photos, 14, 13, 225
observe, 1, 1, 2
external, 3, 1, 2
impatience, 1, 1, 23
evidence, 3, 2, 1
hidden, 2, 2, 142
countless, 1, 1, 3
case, 10, 8, 83
bowie, 1, 1, 1
limits, 1, 1, 0
turtles, 1, 1, 109
50g, 1, 1, 14
telemetry, 1, 1, 2
cash, 1, 1, 8
cask, 1, 1, 3
cast, 2, 2, 10
ongoing, 1, 1, 46
earththe, 1, 1, 2
newspaper, 1, 1, 2
irrespective, 1, 1, 46
coolest, 1, 1, 4
127eq, 1, 1, 3
ive, 1, 1, 1
eventually, 3, 3, 68
beens, 1, 1, 2
soil, 1, 1, 6
canon, 3, 3, 14
canceled, 1, 1, 10
someone, 11, 11, 36
somebody, 1, 1, 1
martian, 4, 2, 9
technology, 9, 9, 91
everyday, 1, 1, 1
different, 8, 8, 27
develop, 1, 1, 2
combination, 1, 1, 1
april, 1, 1, 2
inquire, 1, 1, 1
alphabet, 1, 1, 8
nail, 1, 1, 7
reminded, 1, 1, 3
trip, 4, 3, 52
pad, 2, 2, 7
capybara, 1, 1, 13
contain, 1, 1, 4
events, 3, 2, 3
590amp, 1, 1, 3
week, 7, 4, 29
numerals, 1, 1, 1
investigated, 1, 1, 46
closest, 3, 3, 6
disadvantages, 1, 1, 6
assist, 1, 1, 4
alrighty, 1, 1, 1
drives, 2, 1, 5
running, 3, 3, 19
fruit, 1, 1, 14
unqualified, 1, 1, 3
comet, 1, 1, 1
totally, 3, 3, 37
tradition, 1, 1, 1
reference, 2, 2, 4
tracking, 4, 3, 16
charges, 1, 1, 1
amazes, 1, 1, 1
roughly, 3, 3, 7
observations, 2, 2, 8
without, 10, 10, 600
components, 1, 1, 46
enceladus, 1, 1, 2
model, 6, 3, 19
otherwise, 4, 4, 21
scientists, 1, 1, 0
bodies, 3, 3, 23
justify, 1, 1, 18
summer, 6, 6, 16
money, 5, 4, 63
adjusted, 1, 1, 1
rest, 2, 2, 8
noaa, 2, 1, 3
violent, 1, 1, 2
aspect, 3, 3, 8
touch, 1, 1, 1
pixinsight, 1, 1, 12
speed, 5, 3, 7
captured, 6, 6, 41
scarfed, 1, 1, 18
blow, 1, 1, 1
rover, 8, 1, 2
gather, 1, 1, 2
generator, 4, 2, 50
mother, 1, 1, 30
thinking, 4, 4, 20
reentry, 7, 4, 56
seems, 5, 5, 9
except, 4, 4, 11
mirrored, 1, 1, 15
desktop, 1, 1, 2
blog, 1, 1, 9
wall, 2, 2, 300
dipper, 1, 1, 298
setting, 2, 2, 3
surprise, 1, 1, 1
4, 9, 6, 126
aborts, 1, 1, 46
snoqualmie, 1, 1, 2
momentum, 1, 1, 7
real, 8, 6, 19
around, 18, 17, 99
easily, 2, 2, 11
read, 9, 9, 63
digital, 6, 5, 622
bow, 1, 1, 0
dark, 5, 4, 6
unedited, 1, 1, 3
grid, 1, 1, 2
darn, 1, 1, 1
mom, 2, 2, 32
vacuum, 2, 2, 3
world, 5, 4, 307
sidebyside, 1, 1, 18
rear, 2, 2, 2
mod, 2, 1, 1
intel, 1, 1, 2
particle, 2, 2, 3
kennedy, 2, 2, 2
purdue, 2, 2, 2
shutter, 3, 2, 4
oblivion, 1, 1, 0
either, 7, 7, 99
fully, 1, 1, 4
output, 2, 2, 48
tower, 1, 1, 3
reduced, 1, 1, 2
1s0x80ec23420f6f185f, 1, 1, 1
musca, 1, 1, 6
spacecraft_location, 1, 1, 46
learning, 2, 2, 3
simulator, 1, 1, 5
lagrange, 1, 1, 1
pacific, 2, 1, 46
astronomer, 2, 2, 2
nightsatellite, 1, 1, 3
respect, 1, 1, 4
images, 14, 8, 17
72, 1, 1, 1
intact, 1, 1, 46
organizing, 1, 1, 6
h2i8aob1xgu, 1, 1, 7
generates, 1, 1, 46
provided, 1, 1, 64
slice, 3, 2, 1
mood, 2, 2, 38
exif, 2, 2, 183
confirm, 1, 1, 9
highest, 1, 1, 3
recorded, 3, 3, 5
ryan, 1, 1, 1
stops, 1, 1, 15
moon, 22, 16, 150
lunar, 3, 2, 48
expressing, 1, 1, 8
powerseekers, 1, 1, 1
allowing, 2, 2, 8
ftl, 1, 1, 1
welcome, 1, 1, 1
data_folder, 2, 1, 3
2602, 1, 1, 6
seconds, 2, 2, 13
manufactured, 1, 1, 46
equivalent, 1, 1, 0
c, 1, 1, 1
terraforming, 2, 2, 20
unease, 1, 1, 298
trials, 1, 1, 1
xposting, 1, 1, 6
standpoint, 1, 1, 5
exciting, 5, 4, 11
throw, 1, 1, 1
ok, 2, 2, 4
oh, 4, 4, 21
violence, 1, 1, 46
hiatus, 1, 1, 46
meaning, 1, 1, 0
mixes, 1, 1, 0
practical, 3, 2, 52
shift, 1, 1, 7
trajectory, 1, 1, 7
mixed, 1, 1, 0
os, 1, 1, 2
road, 3, 3, 46
op, 6, 6, 104
lands, 1, 1, 7
burning, 1, 1, 3
inclusion, 1, 1, 18
beacons, 4, 1, 7
communication, 6, 3, 25
image, 25, 17, 286
snapchat, 2, 2, 2
18mm, 2, 2, 175
sharp, 1, 1, 3
harness, 2, 1, 9
determine, 1, 1, 91
einstein, 3, 2, 7
valuable, 1, 1, 1
theoretically, 1, 1, 8
technically, 1, 1, 12
stare, 1, 1, 1
24000, 1, 1, 5
mandalay, 1, 1, 30
area, 11, 6, 79
strictly, 1, 1, 1
hey, 1, 1, 1
start, 7, 7, 102
detectable, 2, 1, 3
low, 8, 7, 75
stars, 19, 16, 482
d610, 1, 1, 174
slowly, 2, 2, 9
exceptional, 1, 1, 4
hellscape, 1, 1, 3
complete, 1, 1, 46
enough, 8, 8, 63
tripod, 2, 2, 2
technologies, 1, 1, 7
trying, 6, 6, 65
faster, 2, 2, 14
traveled, 1, 1, 2
toned, 1, 1, 2
applying, 1, 1, 46
practically, 1, 1, 1
diagrams, 1, 1, 1
grass, 1, 1, 2
trips, 1, 1, 2
expect, 1, 1, 1
detailed, 2, 2, 3
engine, 1, 1, 6
celestial, 5, 5, 26
ai, 1, 1, 2
certain, 3, 3, 55
describe, 2, 2, 293
deep, 10, 8, 75
quantum, 1, 1, 2
britain, 1, 1, 2
tasty, 1, 1, 1
planets, 18, 14, 138
logo, 1, 1, 1
girlfriend, 1, 1, 2
politics, 2, 2, 46
horse, 2, 2, 3
spends, 1, 1, 2
film, 6, 4, 29
gram, 1, 1, 14
optimistically, 1, 1, 46
copernicus, 1, 1, 7
antenna, 2, 1, 9
rocketry, 1, 1, 5
idiot, 3, 3, 5
28mm, 1, 1, 2
field, 2, 2, 7
valid, 1, 1, 18
5, 2, 2, 15
edgeon, 1, 1, 25
idpulseorion, 1, 1, 5
polar, 1, 1, 3
congress, 3, 2, 46
461, 1, 1, 19
symbol, 1, 1, 2
cove, 3, 2, 2
includes, 2, 2, 12
important, 1, 1, 1
a5, 1, 1, 5
paintbynumbers, 2, 2, 155
included, 1, 1, 1
485, 1, 1, 9
readings, 1, 1, 64
slang, 2, 2, 1
conclusive, 2, 1, 0
building, 3, 3, 294
relativity, 2, 2, 5
preordained, 1, 1, 0
remote, 2, 2, 4
assets, 2, 2, 4
orangeredstiltonamp, 4, 4, 20
odds, 2, 2, 2
curve, 3, 2, 26
mass, 9, 9, 28
detonating, 2, 1, 5
starting, 2, 2, 4
original, 2, 2, 1
quirks, 1, 1, 1
scl, 1, 1, 3
consider, 1, 1, 6
pointing, 1, 1, 39
caused, 1, 1, 9
asteroids, 1, 1, 8
dollar, 1, 1, 1
month, 2, 2, 7
spacecraft, 9, 6, 40
debris, 3, 1, 2
plutonium238, 3, 3, 61
cameron, 1, 1, 46
follow, 3, 2, 14
allowances, 1, 1, 27
religious, 1, 1, 1
children, 1, 1, 1
dsn, 1, 1, 7
remarkable, 1, 1, 1
hunting, 1, 1, 16
tv, 1, 1, 2
farmington, 1, 1, 9
costco, 1, 1, 1
opportunities, 1, 1, 8
odyssey, 1, 1, 7
tl, 1, 1, 0
program, 6, 6, 14
spain, 1, 1, 39
wombats, 1, 1, 13
osgb36, 1, 1, 2
pilot, 1, 1, 1
presentation, 1, 1, 0
ta, 2, 2, 151
sound, 8, 3, 6
incorporate, 1, 1, 0
returned, 2, 2, 15
straightforward, 1, 1, 46
song, 2, 2, 7
far, 24, 18, 178
faq, 2, 2, 7
mph, 3, 3, 18
0x22775b5bd359d255, 1, 1, 1
puzzles, 1, 1, 2
perihelion, 2, 1, 2
worst, 3, 3, 37
revolving, 2, 2, 16
laser, 1, 1, 2
bottleneck, 1, 1, 46
deformations, 1, 1, 7
condition, 1, 1, 46
neurological, 1, 1, 2
hooking, 1, 1, 0
sans, 1, 1, 19
pbr, 1, 1, 18
forth, 1, 1, 6
list, 5, 5, 22
applicable, 2, 2, 9
cascading, 1, 1, 2
grandfather, 1, 1, 2
trench, 1, 1, 46
mile, 1, 1, 2
small, 11, 10, 72
20th, 1, 1, 2
quicker, 1, 1, 531
instagram, 5, 5, 189
eletric, 1, 1, 2
sync, 1, 1, 2
past, 4, 4, 25
rate, 3, 3, 59
shinin, 1, 1, 16
design, 3, 3, 49
perspective, 1, 1, 3
pass, 1, 1, 2
accompanying, 1, 1, 0
vasimr, 1, 1, 1
investment, 2, 2, 9
vinecovinpeiyxl9ei, 1, 1, 1
90s, 1, 1, 1
witnessed, 2, 2, 4
skeptic, 1, 1, 46
sun, 7, 6, 35
sum, 2, 2, 5
induce, 1, 1, 1
anniversary, 1, 1, 1
43jecn25zra, 1, 1, 6
thickness, 1, 1, 46
witnesses, 1, 1, 0
version, 6, 6, 114
mmt, 1, 1, 13
public, 3, 3, 4
contrast, 4, 4, 4
movement, 1, 1, 1
edited, 1, 1, 2
full, 6, 6, 122
hash, 1, 1, 1
tags, 2, 1, 6
answers, 2, 2, 6
show_galaxies, 1, 1, 6
hours, 1, 1, 3
cancelled, 1, 1, 2
operating, 2, 2, 47
galilean, 1, 1, 2
situation, 1, 1, 3
directions, 1, 1, 2
seafloor, 1, 1, 46
november, 1, 1, 1
strong, 1, 1, 46
search, 4, 4, 14
colored, 3, 2, 2
ahead, 1, 1, 0
inspired, 1, 1, 1
allows, 4, 2, 9
experience, 1, 1, 1
prior, 2, 2, 4
amount, 4, 4, 69
59m4s, 1, 1, 1
advertising, 1, 1, 8
gear, 1, 1, 2
milky, 15, 15, 63
skepticism, 1, 1, 46
narrow, 2, 2, 55
options, 1, 1, 46
brightest, 1, 1, 3
preprogrammed, 1, 1, 7
angara2, 1, 1, 5
followed, 1, 1, 2
family, 1, 1, 6
suddenly, 2, 2, 7
astrometrynet, 1, 1, 6
africa, 2, 2, 41
youtubers, 1, 1, 1
ask, 7, 6, 34
toys, 1, 1, 4
chunks, 1, 1, -7
research, 2, 2, 3
handcolor, 1, 1, 64
shareholders, 2, 1, 8
eye, 8, 8, 20
takes, 2, 2, 2
contains, 2, 1, 2
two, 22, 17, 185
generate, 1, 1, 2
piggyback, 1, 1, 1
wwwtmahlmanncom, 2, 2, 2
archives, 1, 1, 2
6, 5, 5, 58
taken, 11, 10, 237
flat, 6, 3, 2
lineups, 1, 1, 1
lander, 5, 4, 13
strange, 2, 2, 1
coating, 1, 1, 2
company, 1, 1, 10
corrected, 1, 1, 7
admissions, 1, 1, 2
tested, 1, 1, 5
landed, 2, 2, 53
gentleman, 1, 1, 30
basically, 3, 3, 6
particular, 4, 4, 54
known, 2, 2, 53
mounted, 1, 1, 292
producing, 2, 2, 47
none, 2, 2, 48
piecemeal, 1, 1, 1
hour, 4, 4, 47
middle, 5, 5, 9
painting, 1, 1, 1
recall, 2, 2, 5
equation, 1, 1, 6
oppositecongress, 1, 1, 0
sucks, 1, 1, 6
installing, 1, 1, 1
protonm, 1, 1, 5
bias, 1, 1, 12
evolved, 1, 1, 7
v, 7, 6, 35
male, 2, 1, 2
specialized, 1, 1, 2
history, 2, 2, 2
beautiful, 9, 8, 513
compare, 2, 2, 9
computers, 2, 2, 544
f4, 2, 2, 13
challenging, 1, 1, 1
impacts, 1, 1, 9
scan, 3, 3, 305
lives, 1, 1, 0
f9, 1, 1, 10
img_source, 1, 1, 6
heavylift, 2, 2, 14
states, 1, 1, 19
contradicts, 1, 1, 7
breathing, 1, 1, 1
celine, 1, 1, -4
numbers, 3, 2, 35
2948, 1, 1, 6
station, 6, 6, 311
2944, 1, 1, 6
terrestrial, 6, 1, 19
information, 6, 6, 93
needs, 2, 2, 18
nearperfect, 1, 1, 9
rather, 5, 5, 26
helium, 1, 1, 5
clarke, 1, 1, 1
stayed, 1, 1, 2
maps, 3, 2, 9
functioning, 1, 1, 64
lh2, 1, 1, 1
buenos, 1, 1, 2
ignore, 1, 1, 1
ft, 1, 1, 0
plans, 2, 2, 5
proxima, 1, 1, 4
himawari8, 1, 1, 3
mapping, 2, 1, 7
witch, 1, 1, 12
reflect, 2, 2, 55
plane, 4, 4, 36
floor, 2, 2, 47
coming, 6, 6, 107
fh, 1, 1, 10
backyard, 1, 1, 0
horizontal, 1, 1, 2
fl, 2, 2, 6
short, 2, 2, 1
jodie, 1, 1, 1
resemble, 1, 1, 1
imagers, 1, 1, 1
register, 1, 1, 1
overnight, 1, 1, 2
stash, 1, 1, 109
mining, 1, 1, 1
secs, 2, 2, 10
manipulated, 1, 1, 0
negligible, 1, 1, 7
fuckin, 1, 1, 1
fundamental, 1, 1, 2
media, 4, 2, 293
pleasure, 2, 2, 2
egg, 1, 1, 1
playing, 2, 2, 31
hovering, 1, 1, 16
help, 6, 6, 50
developed, 4, 4, 33
soon, 4, 4, 28
indistinguishable, 1, 1, 1
radar, 1, 1, 7
isnt, 2, 1, -5
paper, 8, 4, 37
filters, 1, 1, 1
existence, 2, 2, 19
europa, 4, 2, 2
24, 2, 2, 7
messed, 1, 1, 5
style, 1, 1, 64
27, 1, 1, 1
20, 4, 4, 17
21, 2, 2, 31
22, 1, 1, 19
23, 3, 3, 32
energies, 1, 1, 2
krautkremer, 1, 1, 1
29, 3, 3, 8
lobbed, 1, 1, 7
actually, 21, 15, 117
late, 4, 4, 9
resort, 1, 1, 1
detected, 9, 5, 53
upside, 1, 1, 1
systems, 5, 4, 62
bummer, 1, 1, 6
barlow, 3, 2, 3
might, 13, 11, 136
upping, 1, 1, 8
good, 20, 19, 149
return, 3, 2, 54
cen, 1, 1, 6
noticing, 1, 1, 6
reflected, 3, 2, 12
framework, 1, 1, 2
terrain, 2, 2, 32
belittle, 1, 1, 1
communities, 1, 1, 18
cunningham, 1, 1, 2
speculate, 1, 1, 46
bigger, 2, 2, 13
desperately, 1, 1, 46
everytime, 1, 1, 0
always, 10, 10, 84
2x, 1, 1, 2
labeling, 1, 1, 0
2d, 7, 2, 1
token, 1, 1, 1
fiber, 2, 1, 1
die, 3, 3, 9
found, 7, 5, 52
shocking, 1, 1, 46
400mm, 1, 1, 3
japetus, 1, 1, 1
heavy, 2, 2, 3
reactions, 1, 1, 0
everyone, 1, 1, 1
neil, 1, 1, 1
weight, 3, 2, 4
house, 2, 2, 7
energy, 8, 6, 77
hard, 3, 3, 570
reduce, 1, 1, 2
idea, 7, 6, 64
extended, 1, 1, 2
idelectrostaticion, 1, 1, 5
fist, 3, 2, 14
measurement, 2, 2, 7
loops, 3, 1, 3
http, 68, 42, 1181
operation, 1, 1, 5
beyond, 2, 2, 48
event, 4, 4, 49
really, 37, 33, 710
himawari, 4, 3, 11
14mm, 2, 2, 10
funding, 1, 1, 46
missed, 1, 1, 7
solved, 1, 1, 7
iimgurcom19yshfzjpg, 1, 1, 2
since, 13, 9, 77
payload, 5, 4, 14
acting, 4, 4, 20
safety, 2, 2, 9
7, 5, 5, 17
print, 2, 2, 2
guesses, 1, 1, 2
issue, 4, 4, 119
occurs, 1, 1, 2
wellstudied, 1, 1, 1
ass, 1, 1, 4
foreground, 4, 3, 14
foam, 2, 1, 2
timeline, 1, 1, 46
jupitersaturn, 1, 1, 4
guess, 5, 5, 62
tbh, 1, 1, 3
reason, 13, 13, 64
base, 1, 1, 1
imaging, 3, 3, 36
imagine, 3, 3, 567
put, 9, 8, 82
beginning, 2, 2, 5
preenhanced, 1, 1, 5
bash, 1, 1, 1
temperature, 3, 2, 4
thrown, 2, 2, 2
benefits, 1, 1, 1
thread, 13, 7, 35
launch, 24, 17, 84
needing, 1, 1, 19
soyuz12, 1, 1, 5
terrible, 2, 2, 5
round, 2, 2, 5
terribly, 1, 1, 1
american, 1, 1, 14
specular, 2, 1, 9
expecting, 1, 1, 18
unaware, 1, 1, 2
circuit, 1, 1, 4
unmanned, 1, 1, 1
16800, 1, 1, 9
spacetravel, 1, 1, 1
flood, 1, 1, 4
major, 6, 4, 44
05am, 1, 1, 1
dont, 2, 2, -1
feel, 6, 6, 195
radical, 1, 1, 2
number, 8, 6, 28
linking, 1, 1, 9
feet, 4, 3, -4
utilized, 1, 1, 2
dilute, 1, 1, 4
done, 5, 5, 13
campground, 1, 1, 174
sts2, 1, 1, 2
razor, 2, 2, -3
story, 4, 4, 301
heads, 1, 1, 9
findings, 1, 1, 5
jet, 3, 3, 31
leading, 2, 2, 9
interact, 2, 2, 18
least, 6, 6, 59
jeb, 1, 1, 109
paint, 4, 2, 4
181, 1, 1, 19
warming, 1, 1, 2
passed, 1, 1, 46
trails, 1, 1, 3
lab, 2, 2, 6
ton, 1, 1, 3
hundred, 4, 3, 22
photographing, 2, 2, 9
tats, 1, 1, 10
gps, 5, 4, 12
shifted, 1, 1, 0
option, 2, 1, 39
relationship, 1, 1, 2
behind, 2, 2, 7
vandenberg, 1, 1, 2
favorably, 1, 1, 64
hemiphere, 1, 1, 2
park, 2, 2, 176
immediate, 1, 1, -5
part, 16, 13, 50
livestream, 1, 1, 36
risks, 1, 1, 8
waypoints, 1, 1, 2
believe, 4, 4, 15
patches, 1, 1, 1
reflection, 3, 2, 11
panatomicx, 1, 1, 25
kind, 13, 12, 446
john, 2, 2, 146
horizons, 1, 1, 46
double, 2, 2, 6
largely, 1, 1, 46
walmart, 1, 1, 2
nevertheless, 1, 1, 2
determined, 2, 2, 71
2020, 1, 1, 0
recovered, 2, 2, 51
sts, 2, 2, 15
edict, 1, 1, 0
listen, 2, 1, 7
daytoday, 1, 1, 2
7d, 1, 1, 1
2c1256886, 1, 1, 2
884, 1, 1, 19
apollo13, 1, 1, 14
beforehand, 1, 1, 1
juicy, 1, 1, 3
magical, 1, 1, 1
antarctica, 1, 1, 1
confirms, 1, 1, 2
orders, 1, 1, 9
ditched, 1, 1, 46
outputting, 1, 1, 5
sell, 1, 1, 3
paths, 1, 1, 9
geomagnetic, 1, 1, 2
built, 2, 2, 7
depending, 1, 1, 2
efs, 1, 1, 1
majority, 4, 3, 64
internal, 1, 1, 46
whitesocks, 1, 1, 1
generalized, 1, 1, 46
finding, 4, 3, 50
extrapolating, 1, 1, 2
towards, 1, 1, 2
electric, 1, 1, 0
inference, 1, 1, 1
jsc, 1, 1, 13
radioisotope, 2, 2, 50
reach, 3, 3, 305
aires, 1, 1, 2
significant, 5, 4, 56
70, 2, 2, 14
nothing, 9, 5, 63
alpha, 2, 2, 23
colliding, 4, 4, 3
extremely, 3, 2, 8
numerous, 1, 1, 1
stands, 1, 1, 2
tonga, 1, 1, 46
reward, 1, 1, 8
kg, 11, 6, 74
grams, 1, 1, 46
boson, 2, 1, 0
clear, 5, 5, 26
sometimes, 1, 1, 2
cover, 2, 2, 10
salt, 1, 1, 5
km, 2, 2, 53
cramped, 1, 1, 1
electrons, 1, 1, 2
1240486975amp, 1, 1, 6
wideview, 1, 1, 1
velocity, 2, 2, 11
charged, 3, 1, 0
physics, 4, 4, 22
microsoft, 1, 1, 1
dermatological, 1, 1, 2
sector, 1, 1, 8
rtg, 4, 2, 52
directorate, 1, 1, 25
copy, 1, 1, 2
phenomenon, 2, 2, 10
gold, 1, 1, 2
lay, 1, 1, 1
scattered, 1, 1, 298
page, 1, 1, 1
gigno, 1, 1, 1
photoshop, 1, 1, 1
attended, 1, 1, 0
degraded, 1, 1, 1
fine, 6, 3, 9
find, 17, 15, 104
impact, 2, 2, 54
periodically, 1, 1, 9
northern, 9, 9, 412
n0217044835299, 1, 1, 2
lightspeed, 1, 1, 7
illinformed, 1, 1, 0
failed, 1, 1, 2
generators, 1, 1, 46
pretty, 15, 15, 62
equity, 1, 1, 8
8, 7, 5, 22
circle, 7, 4, 4
northers, 1, 1, 66
accurate, 2, 1, 7
giants, 2, 1, 18
hit, 2, 1, 2
invoke, 1, 1, 46
ceasing, 1, 1, 2
famous, 2, 2, 9
feels, 2, 2, 467
grew, 1, 1, 1
fastest, 1, 1, 0
closely, 2, 2, 48
compass, 1, 1, 3
restart, 1, 1, 14
frankly, 1, 1, 3
cru, 2, 1, 6
badge, 1, 1, 2
generally, 1, 1, -7
nickelodeon, 1, 1, 141
banking, 1, 1, 7
investigate, 1, 1, 46
doppler, 1, 1, 7
activity, 1, 1, 3
x, 1, 1, 1
3amp, 1, 1, 6
wrote, 1, 1, 135
approaching, 1, 1, 0
insane, 1, 1, 5
bars, 1, 1, 2
set, 6, 3, 73
equinox, 1, 1, 2
plesetsk, 2, 1, 5
sep, 1, 1, 1
intelligence, 3, 3, 5
printout, 2, 2, 155
vine, 1, 1, 1
plausible, 1, 1, 46
see, 75, 59, 801
individual, 1, 1, 46
dumb, 2, 2, 11
localize, 1, 1, 7
accelerators, 1, 1, 1
close, 9, 9, 156
11th, 1, 1, 1
constellation, 8, 6, 21
outward, 1, 1, 0
lee, 1, 1, 1
colorcoding, 1, 1, 1
practice, 1, 1, 0
revolution, 1, 1, 2
expert, 2, 2, 7
visiting, 2, 2, 1
pictures, 11, 11, 50
wow, 4, 4, 5
currently, 3, 3, 61
please, 6, 5, 198
fission, 2, 2, 52
various, 4, 4, 72
grandparents, 1, 1, 1
orbiting, 1, 1, 3
probably, 14, 12, 57
f28, 2, 2, 10
conditions, 1, 1, 3
imgurcomwjgynghjpg, 1, 1, 26
2021, 1, 1, 46
available, 3, 3, 111
solo, 1, 1, 1
recently, 7, 6, 106
missing, 4, 3, 22
initially, 2, 2, 41
commercial, 1, 1, 1
attention, 1, 1, 46
4m2, 1, 1, 1
synchronizing, 1, 1, 2
aircraft, 1, 1, 1
iimgurcomeevgq0qjpg, 1, 1, 6
invisible, 1, 1, 0
dividend, 1, 1, 8
overthetop, 1, 1, 5
leo, 3, 2, 18
namib, 1, 1, 6
water, 5, 4, 33
useable, 1, 1, 5
10th, 1, 1, 1
last, 12, 9, 53
bidder, 1, 1, 4
keaton, 1, 1, 1
barely, 1, 1, 0
imageid, 1, 1, 7
sensitive, 2, 2, 1
connection, 1, 1, 18
canadians, 1, 1, 3
focused, 2, 2, 11
fractions, 1, 1, 7
whole, 6, 3, 21
experimental, 1, 1, 2
upgraded, 2, 2, 13
expendable, 1, 1, 10
supply, 2, 2, 110
reasons, 8, 6, 78
sweep, 1, 1, 9
whatever, 1, 1, 1
coincidence, 1, 1, 2
tardis, 1, 1, 0
fashion, 1, 1, 7
simply, 5, 5, 56
village, 1, 1, 2
expensive, 2, 2, 3
belt, 3, 3, 8
platinum, 1, 1, 2
described, 2, 2, 43
enhancements, 1, 1, 4
instrument, 1, 1, 0
gravity, 22, 6, 21
create, 4, 4, 75
outstanding, 2, 2, 8
political, 3, 1, 14
due, 8, 7, 189
p600, 1, 1, 1
pf, 1, 1, 5
pg, 1, 1, 2
optical, 2, 2, 1
luanbarutich, 1, 1, 174
extends, 1, 1, 0
wev, 1, 1, 2
firm, 1, 1, 1
lived, 1, 1, 4
flight, 2, 2, 65
kilograms, 3, 1, 46
gas, 2, 2, 9
precision, 1, 1, 7
else, 8, 8, 42
moment, 2, 2, 12
35mm, 1, 1, 25
pia18358, 1, 1, 25
nuked, 1, 1, 18
demand, 1, 1, 8
receive, 1, 1, 2
symetric, 1, 1, 2
presented, 1, 1, 0
thermoelectric, 2, 2, 50
practicality, 1, 1, 46
conception, 1, 1, 1
look, 31, 28, 578
raw, 2, 2, 83
solid, 1, 1, 1
straight, 1, 1, 1
grainy, 1, 1, 2
budget, 1, 1, 46
kodak, 1, 1, 25
cluster, 1, 1, 1
error, 3, 3, 98
fun, 5, 5, 48
guide, 1, 1, 2
loop, 1, 1, 12
theres, 2, 2, 39
trinkets, 1, 1, 1
concurrently, 1, 1, 6
30, 7, 6, 11
hoping, 1, 1, 3
century, 3, 3, 49
supposed, 1, 1, 1
funded, 1, 1, 3
stations, 1, 1, 2
numerical, 2, 2, 155
35, 3, 2, 23
ready, 1, 1, 5
carbon, 2, 1, 1
34, 1, 1, 2
ohhhh, 1, 1, -4
gone, 1, 1, 7
astrophotography, 1, 1, 1
baseline, 2, 1, 2
lengths, 2, 2, 15
877, 1, 1, 46
steeped, 1, 1, 1
gummit, 1, 1, 6
9, 1, 1, 18
numeral, 1, 1, 1
proved, 1, 1, 3
telescopes, 5, 5, 11
composition, 1, 1, 47
neutron, 1, 1, 3
higher, 1, 1, 5
development, 1, 1, 18
used, 35, 19, 290
definitively, 1, 1, 64
orings, 1, 1, 4
mountain, 2, 2, 4
comprehensive, 1, 1, 7
yesterday, 1, 1, 10
flows, 1, 1, 8
triangulation, 1, 1, 7
002, 2, 2, 26
viewing, 4, 4, 10
levels, 2, 2, 51
moving, 3, 3, 18
purpose, 1, 1, 4
009, 12, 4, 20
focal, 1, 1, 9
recent, 5, 5, 543
early, 6, 2, 71
lower, 1, 1, 5
navigation, 4, 1, 7
29x300, 1, 1, 12
spent, 5, 5, 39
analysis, 1, 1, 2
obviously, 1, 1, 6
person, 5, 5, 12
edge, 2, 2, 1
starved, 1, 1, 18
kelly, 1, 1, 1
organization, 1, 1, 4
clearance, 1, 1, 2
spend, 2, 2, 3
endeavour, 1, 1, 8
politely, 1, 1, 10
lottery, 1, 1, 1
schedules, 1, 1, 1
isolated, 1, 1, 2
product, 1, 1, 1
shape, 1, 1, 7
questions, 9, 7, 96
amp, 18, 8, 34
retired, 3, 3, 7
alternative, 3, 2, 7
tables, 1, 1, 1
disgraced, 1, 1, 0
cut, 3, 3, 73
dslr, 1, 1, 2
also, 34, 27, 296
decayed, 3, 2, 51
throats, 1, 1, 1
signals, 7, 5, 12
source, 6, 6, 92
10mm, 2, 2, 3
location, 12, 5, 69
sydney, 1, 1, 15
snap, 2, 1, 7
oberon, 1, 1, 2
easter, 1, 1, 1
surprised, 2, 2, 7
ramped, 2, 2, 7
australia, 9, 8, 169
multiday, 1, 1, 39
big, 17, 10, 324
showing, 2, 2, 93
unlimited, 1, 1, 2
shitty, 3, 3, 16
game, 2, 2, 103
apt, 1, 1, 1
tangent, 1, 1, 1
falcon, 2, 2, 3
bit, 10, 10, 171
seattle, 1, 1, 1
buddy, 1, 1, 1
rotate, 1, 1, 1
submission, 1, 1, 3
spine, 1, 1, 298
signal, 8, 3, 11
identifying, 1, 1, 7
shapes, 1, 1, 298
millions, 3, 2, 4
continue, 1, 1, 2
decrease, 1, 1, 2
composites, 1, 1, 3
mathematical, 1, 1, 2
google, 8, 7, 46
methods, 1, 1, 46
absolutely, 6, 6, 192
creation, 3, 3, 47
back, 14, 13, 65
understood, 1, 1, 2
trends, 1, 1, 8
added, 3, 3, 6
examples, 1, 1, 10
luanbaruti, 1, 1, 174
oscillations, 1, 1, 0
falseamp, 1, 1, 3
pale, 1, 1, 3
delivered, 1, 1, 16
scale, 5, 5, 36
decision, 1, 1, 2
shall, 2, 2, 9
integration, 1, 1, 1
per, 4, 4, 35
behave, 1, 1, 18
slash, 1, 1, 1
idelectromagnetic_, 1, 1, 5
temple, 1, 1, 141
bf, 1, 1, 1
run, 3, 3, 8
300, 1, 1, 1
processing, 4, 4, 13
continuing, 1, 1, 46
fed, 1, 1, 4
colonization, 1, 1, 1
assists, 1, 1, 4
nowhere, 4, 3, 49
bs, 1, 1, 0
feb, 6, 6, 52
memorabilia, 1, 1, 1
sub, 2, 2, 2
goods, 1, 1, 292
anything, 19, 18, 49
netflix, 1, 1, 2
exaggerated, 1, 1, 1
hohmann, 1, 1, 4
sake, 1, 1, 18
range, 2, 2, 53
f35, 1, 1, 174
italian, 1, 1, 25
block, 2, 2, 11
pollution, 11, 9, 270
credible, 1, 1, 46
seeing, 4, 4, 522
colorado, 1, 1, 25
stitched, 1, 1, 1
within, 10, 6, 78
doubters, 1, 1, 3
framed, 1, 1, 292
services, 1, 1, 10
subaru, 1, 1, 0
seasons, 1, 1, 13
pentagon, 1, 1, 2
ellipse, 2, 2, 48
dl, 1, 1, 4
impressed, 2, 2, 8
jockey, 1, 1, 1
span, 1, 1, 46
4rrkaaaaibajamp, 1, 1, 2
apparently, 3, 2, 5
question, 18, 13, 126
cherished, 1, 1, 6
long, 16, 12, 75
nonsupportive, 1, 1, 8
asteroid, 2, 2, 6
halfdecade, 1, 1, 46
bruh, 3, 1, 10
forward, 1, 1, 3
conceivable, 2, 2, 2
bored, 1, 1, 2
iphone, 1, 1, 2
files, 1, 1, 1
mountains, 1, 1, 1
celestron, 2, 2, 15
https, 61, 39, 264
talked, 1, 1, 4
compressible, 1, 1, 1
poster, 1, 1, 1
adjusting, 1, 1, 7
deviations, 1, 1, 7
link, 10, 10, 98
delta, 1, 1, 2
russian, 1, 1, 5
line, 3, 3, 12
posted, 4, 4, 120
directed, 1, 1, 2
utc, 7, 6, 56
uy, 1, 1, 19
originals, 2, 2, 17
restarted, 1, 1, 46
transmits, 1, 1, 3
us, 18, 15, 104
planet, 17, 15, 671
paired, 1, 1, 1
exploration, 6, 6, 100
uh, 1, 1, 1
uk, 2, 2, 3
planes, 1, 1, 7
continuously, 2, 2, 6
athena, 4, 1, 10
similar, 4, 3, 27
called, 4, 4, 15
spike, 1, 1, 2
units, 1, 1, 7
constant, 2, 2, 301
worthwhile, 3, 3, 49
armstrong, 1, 1, 1
metal, 1, 1, 1
duration, 1, 1, 9
single, 1, 1, 1
warning, 1, 1, 18
probegrade, 1, 1, 46
dragging, 1, 1, 0
orthopedical, 1, 1, 2
chance, 2, 2, 3
amounts, 1, 1, 2
nict, 1, 1, 3
thinks, 1, 1, 7
electrical, 1, 1, 6
income, 1, 1, 8
department, 2, 1, 46
sails, 1, 1, 6
nice, 13, 13, 468
explaining, 1, 1, 8
draw, 1, 1, 1
1455522000000, 1, 1, 3
users, 1, 1, 66
reportedly, 1, 1, 46
favourite, 2, 2, 4
mediumsized, 1, 1, 25
understatement, 1, 1, 1
problems, 3, 3, 39
helping, 1, 1, 8
generated, 5, 4, 8
antares, 1, 1, 4
silvercoated, 1, 1, 9
desert, 2, 2, 9
structure, 1, 1, 0
feasible, 1, 1, 3
ago, 11, 11, 43
land, 4, 3, 33
prolific, 1, 1, 2
blogspam, 1, 1, 9
zooming, 1, 1, 2
age, 4, 4, 30
required, 1, 1, 46
holes, 9, 7, 17
orbit, 11, 8, 28
walked, 2, 2, 6
calculates, 1, 1, 3
depth, 1, 1, 46
nasa, 47, 22, 153
dot, 1, 1, 3
angaraa5, 1, 1, 5
fresh, 1, 1, 6
nash, 1, 1, 3
gt, 24, 12, 128
gr, 2, 1, 3
saying, 4, 4, 13
guessing, 2, 2, 10
broaden, 1, 1, 18
sclc, 1, 1, 3
amplifier, 1, 1, 0
results, 2, 2, 6
astronauts, 3, 3, 10
alien, 1, 1, 1
antennas, 3, 2, 9
gang, 1, 1, 23
go, 20, 17, 104
particularly, 1, 1, 1
show_const_names, 1, 1, 6
adjustment, 1, 1, 25
contributions, 1, 1, 3
centers, 1, 1, 66
issues, 1, 1, 4
inspire, 1, 1, 18
coolpix, 1, 1, 1
landers, 4, 2, 8
journeys, 1, 1, 4
young, 8, 7, 180
send, 1, 1, 531
suits, 1, 1, 5
uniqueness, 1, 1, 9
sent, 2, 2, 6
uploaded, 1, 1, 3
confirmation, 2, 2, 3
garden, 1, 1, 2
wave, 12, 10, 74
electron, 2, 2, 1
soyuz, 2, 1, 5
putting, 2, 2, 36
cardiological, 1, 1, 2
telling, 1, 1, 1
ending, 2, 2, 5
recorder, 2, 1, 64
arrange, 1, 1, 1
timely, 1, 1, 7
entire, 2, 2, 3
magic, 1, 1, 1
rconspiracy, 1, 1, 8
array, 2, 1, 9
shock, 1, 1, 0
fewer, 4, 4, 20
try, 9, 7, 15
race, 1, 1, 8
kit, 1, 1, 1
imgur, 1, 1, 18
inspection, 1, 1, 2
challenge, 3, 3, 383
concluded, 1, 1, 2
someday, 2, 2, 7
smaller, 4, 4, 0
youtubeledyf4sghui, 1, 1, 5
managed, 1, 1, 1
decreed, 1, 1, 0
compensates, 1, 1, 2
video, 8, 5, 13
traveling, 2, 2, 0
insertion, 1, 1, 7
earth, 30, 26, 152
download, 4, 3, 3
buffeted, 1, 1, 46
click, 3, 3, -2
index, 1, 1, 2
transverse, 1, 1, 2
power, 8, 6, 62
giving, 2, 2, 8
colonel, 1, 1, 1
youngcrippen, 1, 1, 23
access, 1, 1, 2
consistently, 1, 1, 7
waiting, 2, 2, 65
experiment, 2, 2, 8
poles, 1, 1, 2
undertaking, 1, 1, 1
capital, 1, 1, 8
falcona, 1, 1, 4
3d, 2, 1, 7
body, 2, 2, 11
led, 2, 2, 66
startropics, 1, 1, 67
stance, 2, 2, 15
respectively, 1, 1, 3
pushing, 1, 1, 46
categorically, 1, 1, 46
lem, 1, 1, 1
crippen, 1, 1, 4
balked, 1, 1, 46
explore, 4, 3, 48
objects, 2, 2, 21
let, 6, 6, 60
others, 4, 4, 6
layout, 1, 1, 1
polution, 1, 1, 135
great, 11, 10, 55
38, 3, 2, 51
talent, 1, 1, 7
parameters, 3, 2, 13
genx, 1, 1, 1
technical, 3, 3, 34
involved, 4, 3, 13
larger, 5, 5, 26
alaska, 1, 1, 3
leaving, 1, 1, 2
suggests, 1, 1, 46
50100, 1, 1, 1
resulting, 2, 2, 78
cta, 1, 1, 1
orangutan, 1, 1, 1
california, 4, 4, 205
opinion, 3, 3, 12
makes, 11, 11, 47
guidance, 1, 1, 7
halfdecent, 1, 1, 1
thats, 3, 3, 6
18135mm, 1, 1, 1
339, 1, 1, 0
apple, 1, 1, 1
spy, 1, 1, 2
app, 3, 3, 4
xt8, 1, 1, 2
sgt, 1, 1, 36
private, 1, 1, 2
d80, 1, 1, 1
aboard, 1, 1, 2
crosby, 1, 1, 3
limb, 1, 1, 25
apply, 1, 1, 18
cooperative, 1, 1, 25
route, 1, 1, 4
cloud, 3, 3, 18
predicted, 1, 1, 1
standing, 1, 1, 7
use, 22, 19, 355
stream, 2, 1, 2
remains, 1, 1, 46
mid, 1, 1, 4
hammered, 1, 1, 4
next, 6, 4, 60
camera, 17, 13, 119
vehicle, 1, 1, 5
orangeredstilton, 4, 4, 20
eagles, 2, 2, 7
sort, 2, 2, 17
gon, 1, 1, 2
clever, 1, 1, 3
comparison, 1, 1, 18
started, 6, 6, 34
initial, 1, 1, 14
inclined, 1, 1, 10
freedom, 1, 1, 7
occurred, 1, 1, 46
meant, 1, 1, 2
proton, 1, 1, 0
baby, 1, 1, 4
actual, 8, 8, 37
fan, 1, 1, 1
balls, 1, 1, 1
5000, 1, 1, 1
plan, 1, 1, 1
ride, 2, 2, 39
unknowns, 1, 1, 7
anywhere, 2, 2, 27
obvious, 3, 3, 27
thin, 2, 2, -3
smear, 1, 1, 1
meet, 1, 1, 4
campsites, 1, 1, 2
decadeslong, 1, 1, 46
bend, 1, 1, 9
control, 2, 2, 20
boulder, 1, 1, 25
weaker, 1, 1, 9
reserved, 3, 2, 21
links, 1, 1, 6
process, 1, 1, 2
favorite, 1, 1, 1
rode, 1, 1, 1
purposes, 2, 1, 14
high, 19, 13, 93
assumptions, 1, 1, 18
something, 18, 16, 96
purposed, 1, 1, 2
spanning, 1, 1, 7
higg, 2, 1, 0
united, 1, 1, 19
colorful, 1, 1, 6
busy, 1, 1, 1
destroying, 1, 1, 1
six, 1, 1, 2
formations, 1, 1, 2
unquestionable, 1, 1, 0
regions, 1, 1, 2
brevard, 1, 1, 2
instead, 7, 7, 50
intelligent, 1, 1, 31
stock, 1, 1, 8
dune, 1, 1, 6
express, 1, 1, 7
blocks, 2, 1, 1
farm, 1, 1, 15
stop, 2, 2, 21
wallpaper, 4, 4, 189
hazard, 1, 1, 4
chiefs, 1, 1, 2
fart, 1, 1, 1
astrobot, 1, 1, 6
gravitional, 1, 1, 1
overwhelmingly, 1, 1, 2
item3f5b465c6e, 1, 1, 1
engineering, 1, 1, 7
efficiently, 1, 1, 46
examining, 2, 2, 3
owns, 1, 1, 1
boeing, 1, 1, 1
4669, 1, 1, 6
light, 25, 19, 317
lines, 3, 2, 4
iimgurcomgayieq3png, 1, 1, 16
nontechnical, 1, 1, 46
osgb, 1, 1, 2
honestly, 2, 2, 20
allot, 1, 1, 1
allow, 3, 3, 12
necklace, 1, 1, 2
eyepieces, 2, 1, 1
houston, 1, 1, 13
produces, 1, 1, 2
astronomical, 2, 2, 1
meter, 1, 1, 4
interpreted, 1, 1, 7
produced, 7, 5, 73
tungsten, 1, 1, 2
meh, 1, 1, 2
contractions, 4, 4, 20
including, 1, 1, 5
looks, 11, 11, 85
mentioned, 1, 1, 46
narrowangle, 1, 1, 25
138, 1, 1, 25
galaxy, 10, 7, 78
bunch, 2, 2, 167
perfect, 5, 3, 3
chemical, 3, 3, 7
microfractures, 1, 1, 1
outer, 6, 3, 48
photoour, 1, 1, 1
decay, 5, 1, 46
lm, 3, 1, 46
winning, 1, 1, 141
lt, 1, 1, 2
primordial, 1, 1, 298
degrees, 5, 4, 39
latitude, 1, 1, 6
covered, 1, 1, 46
2016, 6, 6, 44
pixel, 2, 2, 26
2012, 1, 1, 10
dad, 3, 3, 8
halflife, 2, 1, 46
violating, 1, 1, -5
greater, 2, 2, 56
skybox, 1, 1, 1
material, 1, 1, 46
flew, 3, 3, 148
functional, 2, 2, 6
tile, 1, 1, 2
snoopy, 1, 1, 4
hands, 2, 1, 109
satellites, 6, 4, 16
iimgurcomns5u1ktjpg, 1, 1, 1
day, 4, 4, 5
suppose, 1, 1, 2
kilometres, 1, 1, 0
february, 1, 1, 1
notable, 2, 2, 10
orange, 3, 2, 4
edit, 8, 7, 180
cygnus, 2, 1, 2
preclude, 1, 1, 46
identified, 1, 1, 0
lifetime, 1, 1, 1
merge, 1, 1, 2
magnitude, 2, 2, 11
rockets, 5, 4, 22
editor, 1, 1, 1
truth, 3, 3, 1
shortage, 3, 2, 15
28plasma, 1, 1, 5
accompanied, 1, 1, 2
sextillion, 1, 1, 19
seniors, 1, 1, 1
lie, 2, 1, 1
20000, 1, 1, 3
ffff00amp, 1, 1, 3
acronyms, 4, 4, 20
staying, 1, 1, 1
related, 3, 2, 19
constitute, 1, 1, 0
quoaaoswphdu17en, 1, 1, 1
frequency, 1, 1, 0
static, 2, 2, 4
measure, 3, 2, 2
meth, 1, 1, 1
86, 1, 1, 25
factoid, 1, 1, 46
special, 4, 4, 12
mindboggling, 1, 1, 7
announcer, 1, 1, 1
airbnb, 1, 1, 2
mate, 1, 1, 16
geddy, 1, 1, 1
iapetus, 2, 2, 3
60s, 3, 3, 533
purplish, 1, 1, 1
cause, 3, 3, 19
red, 4, 4, 12
perish, 1, 1, 0
580, 1, 1, 19
watermark, 2, 2, 175
southern, 18, 18, 994
galaxies, 3, 3, 5
70s, 1, 1, 1
completely, 3, 3, 12
surely, 1, 1, 2
collection, 1, 1, 1
thrust, 3, 1, 5
business, 1, 1, 0
compositions, 1, 1, 18
legends, 1, 1, 141
scary, 1, 1, 2
hubble, 3, 3, 8
interaction, 1, 1, 0
g, 1, 1, 1
fueled, 1, 1, 46
phrases, 4, 4, 20
could, 45, 36, 756
timer, 1, 1, 1
david, 2, 2, 19
shoved, 1, 1, 1
locating, 1, 1, 3
south, 9, 8, 104
blown, 1, 1, 47
powerful, 1, 1, 7
scene, 2, 2, 26
walter, 1, 1, 2
determination, 1, 1, 7
reached, 1, 1, 2
1989, 1, 1, 3
quality, 7, 6, 23
ancient, 1, 1, 298
fascinating, 1, 1, 46
strict, 1, 1, 46
bears, 1, 1, 2
data, 27, 13, 383
system, 18, 14, 115
unspecified, 1, 1, 14
priority, 3, 2, 29
attack, 1, 1, 1
accretion, 1, 1, 1
declines, 1, 1, 46
man, 6, 6, 23
delaying, 1, 1, 13
ksp, 2, 2, 6
scans, 2, 2, 3
misspelled, 1, 1, 1
lot, 13, 12, 55
academy, 1, 1, 4
explanation, 1, 1, 2
exactly, 12, 9, 23
environmental, 1, 1, 46
mattingly, 1, 1, 1
july, 1, 1, 0
institution, 1, 1, 46
outline, 1, 1, 2
loved, 2, 2, 5
photograph, 5, 5, 13
liquid, 1, 1, 1
kodachrome, 2, 1, 25
youtube, 2, 2, 7
submitted, 1, 1, 2
whenever, 1, 1, 2
compensation, 1, 1, 3
decided, 1, 1, 2
punctured, 1, 1, 12
visited, 2, 2, 22
dusty, 1, 1, -7
steer, 1, 1, 7
result, 2, 2, 9
jibbed, 1, 1, 1
false, 1, 1, 5
2014, 3, 3, 51
delay, 2, 2, 12
sprayon, 1, 1, 2
gently, 1, 1, -7
curves, 1, 1, 25
tide, 1, 1, 1
need, 16, 13, 24
facing, 1, 1, 2
dementia, 1, 1, 6
demonstration, 1, 1, 14
clearly, 2, 2, 3
viewed, 2, 2, 17
acceleration, 1, 1, 6
screw, 1, 1, 3
microphone, 1, 1, 0
afraid, 1, 1, 0
angle, 3, 3, 27
dishes, 2, 1, 7
inform, 1, 1, 1
4000, 1, 1, 1
agency, 3, 2, 26
able, 8, 6, 17
astrobotamp, 1, 1, 6
mechanism, 1, 1, 0
arm, 1, 1, 5
mix, 1, 1, 25
funds, 1, 1, 0
detector, 2, 1, 1
techniques, 1, 1, 7
13amp, 1, 1, 3
02, 1, 1, 5
unless, 1, 1, 298
centre, 1, 1, 1
collaboration, 1, 1, 3
czzv511, 1, 1, 6
presupply, 1, 1, 1
mimosa, 1, 1, 6
courtesy, 1, 1, 46
awe, 1, 1, 4
topographic, 1, 1, 7
consequences, 1, 1, 2
spaceflight, 3, 2, 3
alaskan, 1, 1, 1
nobody, 2, 1, 0
05, 1, 1, 13
face, 1, 1, 10
looked, 5, 4, 11
lots, 1, 1, 3
mechanical, 1, 1, 2
normally, 4, 4, 12
fact, 10, 8, 139
atmosphere, 8, 5, 60
tape, 1, 1, 64
wavelengths, 1, 1, 1
wikipedia, 3, 3, 49
anyway, 1, 1, 10
photobombing, 1, 1, 10
bring, 2, 2, 10
planning, 2, 2, 2
fear, 1, 1, 298
trivial, 2, 1, 46
shield, 1, 1, 7
redirect, 1, 1, 5
apollo, 14, 6, 199
based, 5, 5, 31
knowledge, 4, 3, 35
ngc, 4, 1, 6
cern, 1, 1, 1
hopeful, 1, 1, 3
operational, 2, 2, 56
smallest, 1, 1, 2
originally, 2, 2, 66
bud, 2, 2, 11
combo, 1, 1, 1
fuel, 13, 4, 55
emitting, 1, 1, 3
thousands, 2, 2, 21
hope, 8, 7, 72
25mm, 1, 1, 12
handle, 1, 1, 1
sagittarius, 1, 1, 2
means, 15, 11, 90
subeddit, 1, 1, 10
photography, 3, 3, 13
overall, 1, 1, 6
lucky, 3, 3, 7
vehicles, 1, 1, 1
joint, 2, 2, 16
ones, 5, 5, 14
legitimate, 1, 1, -5
words, 2, 2, 24
gpsunit, 3, 1, 3
areas, 2, 2, 137
stitching, 1, 1, 1
places, 1, 1, 9
hiring, 1, 1, 2
h, 2, 2, 9
grav, 2, 1, 1
drone, 1, 1, 16
stuff, 8, 8, 35
sts1, 6, 6, 17
grab, 3, 1, 2
piss, 1, 1, 2
limitations, 1, 1, 13
cells, 1, 1, 46
futuristic, 2, 1, 1
view, 9, 8, 156
knowing, 2, 2, 3
btw, 1, 1, 2
motions, 1, 1, 12
exists, 1, 1, 1
acquired, 1, 1, 25
national, 5, 4, 192
humans, 3, 3, 2
module, 2, 1, 46
operates, 1, 1, 10
breathe, 1, 1, 1
computer, 4, 3, 78
enhanced, 3, 3, 17
terms, 1, 1, 6
afterburner, 1, 1, 5
snapseed, 1, 1, 2
closer, 4, 3, 3
phases, 1, 1, 10
nasadoe, 1, 1, 14
nuclear, 7, 4, 73
3576, 1, 1, 6
3572, 1, 1, 6
xray, 1, 1, 1
favor, 1, 1, 1
state, 3, 3, 50
proof, 1, 1, 0
identification, 1, 1, 46
correctly, 1, 1, 27
horrible, 1, 1, 1
tens, 4, 3, 41
stories, 2, 2, 5
neither, 2, 2, 50
thumbnail, 2, 2, 5
tent, 1, 1, 2
culmination, 1, 1, 7
andromeda, 1, 1, 39
ability, 3, 2, 10
bridges, 2, 2, 7
importance, 1, 1, 7
ignorance, 1, 1, 2
efficiency, 1, 1, 5
job, 4, 4, 9
show_grid, 1, 1, 6
composite, 1, 1, 1
w, 1, 1, 18
problem, 5, 4, 25
staring, 1, 1, 31
1645, 1, 1, 0
interpretations, 1, 1, 0
kenshiro, 1, 1, 6
uspigotblister, 1, 1, 16
taking, 5, 4, 50
la, 1, 1, 3
ramp, 1, 1, 46
equal, 1, 1, 10
etc, 6, 3, 49
refraction, 1, 1, 1
section, 1, 1, 4
masses, 2, 2, 10
glorious, 1, 1, 15
html5, 1, 1, 3
comment, 17, 7, 164
rps, 1, 1, 14
relevant, 2, 2, 4
co, 1, 1, 2
author, 1, 1, 2
usaganistan, 1, 1, 3
cc, 1, 1, 9
ca, 10, 10, 71
engineers, 1, 1, 1
walk, 2, 2, 299
sequences, 2, 2, 2
table, 2, 1, 30
beach, 3, 2, 2
shoreline, 1, 1, 1
flashes, 2, 1, 9
1424, 1, 1, 9
second, 6, 5, 14
powered, 4, 3, 29
addition, 2, 2, 3
decent, 2, 2, 4
muddy, 1, 1, 25
bbc, 2, 2, 3
dazzling, 1, 1, 9
gopro, 1, 1, 1
drank, 1, 1, 36
ultrasensitive, 1, 1, 0
2019, 1, 1, 4
proposal, 2, 2, 48
waste, 1, 1, 46
outconsidering, 1, 1, 1
angled, 1, 1, 9
general, 2, 2, 10
painted, 3, 3, 95
wwwgooglecomsky, 1, 1, 6
sufficient, 1, 1, 14
airplanes, 2, 2, 3
protect, 1, 1, 2
crappy, 1, 1, 6
2015, 3, 3, 74
lets, 1, 1, 2
angles, 1, 1, 7
clusters, 1, 1, 2
improved, 1, 1, 7
fellow, 1, 1, 1
present, 1, 1, 2
associated, 2, 2, 3
main, 5, 4, 8
atmospheric, 3, 2, 11
14423, 1, 1, 6
imagination, 1, 1, 1
harder, 3, 2, 47
stunning, 2, 2, 5
160mb, 1, 1, 18
balance, 1, 1, 1
discoveries, 1, 1, 1
permeate, 1, 1, 18
avx, 2, 2, 14
dae, 1, 1, 1
almost, 5, 4, 51
insanely, 1, 1, 3
thus, 2, 2, 47
site, 6, 6, 14
surface, 13, 6, 42
lovell, 1, 1, 6
plossl, 1, 1, 1
wwwpbsorgpovcitydark, 1, 1, 2
watched, 1, 1, 1
vy, 1, 1, 19
piggybacked, 1, 1, 12
orbital, 5, 3, 18
capture, 3, 3, 7
riddled, 1, 1, 2
perhaps, 1, 1, 6
began, 1, 1, 2
radiation, 1, 1, 3
cross, 12, 12, 642
matthew, 1, 1, 1
parts, 3, 3, -5
wheel, 2, 2, 2
largest, 2, 1, 2
shuttle, 9, 9, 42
party, 1, 1, 0
gets, 2, 2, 4
dan, 1, 1, 292
difficult, 1, 1, 46
ball, 1, 1, 19
realizing, 1, 1, 2
dusk, 1, 1, 3
effect, 4, 4, 13
ion, 10, 4, 18
robotic, 1, 1, 46
build, 1, 1, 1
php, 4, 4, 20
expand, 4, 4, 20
keep, 4, 3, 5
priest, 1, 1, 0
center, 7, 7, 44
records, 1, 1, 2
indonesia, 1, 1, 1
well, 17, 16, 61
fighting, 2, 1, 0
imgurcom4etepzc, 1, 1, 2
thought, 16, 16, 54
patterns, 2, 2, 5
amazed, 3, 3, 3
command, 2, 2, 47
sets, 1, 1, 298
position, 3, 2, 10
audio, 2, 1, 0
sensing, 1, 1, 2
drawing, 2, 2, 3
collimating, 1, 1, 1
358, 1, 1, 19
routinely, 1, 1, 1
rocket, 6, 6, 51
less, 11, 10, 76
moments, 1, 1, 2
claiming, 2, 1, 2
downvotes, 1, 1, 10
rastrophotography, 2, 2, 7
mistaken, 1, 1, 9
forests, 1, 1, 1
miniscule, 1, 1, 1
tough, 1, 1, 1
begin, 3, 3, 8
cigarette, 1, 1, 1
saturns, 1, 1, 2
tattoed, 1, 1, 3
density, 7, 5, 29
point, 12, 9, 33
sky, 25, 23, 440
wwwdecronymxyz, 4, 4, 20
discuss, 1, 1, 2
googling, 1, 1, 2
simple, 1, 1, 2
add, 6, 6, 211
rtgs, 4, 3, 52
skymap, 1, 1, 6
combing, 1, 1, 1
sparking, 1, 1, 46
advanced, 1, 1, 9
kick, 1, 1, 2
identical, 2, 2, 3
increased, 3, 3, 5
depends, 1, 1, 6
articles, 1, 1, 1
nearinfrared, 1, 1, 2
fyi, 1, 1, 2
propelled, 1, 1, 1
elapsed, 2, 2, 2
crux, 1, 1, 6
increases, 1, 1, 2
five, 1, 1, 2
know, 41, 30, 187
dish, 1, 1, 7
264, 1, 1, 5
press, 1, 1, 1
immediately, 5, 5, 62
intersection, 1, 1, 8
percents, 3, 2, 34
crisp, 1, 1, 1
like, 79, 68, 1411
ring, 3, 3, 19
schmitt, 3, 3, 14
resin, 1, 1, 1
martin, 2, 1, 2
become, 1, 1, 46
works, 3, 3, 12
soft, 1, 1, 1
audible, 1, 1, 0
therapeutic, 1, 1, 0
accessible, 1, 1, 3
shed, 1, 1, 2
sequence, 3, 2, 2
twitter, 2, 2, 2
church, 1, 1, 0
115, 1, 1, 25
sequencs, 1, 1, 1
116, 1, 1, 25
proper, 1, 1, 7
supportive, 1, 1, 8
happens, 1, 1, 46
bet, 1, 1, 1
lead, 3, 3, 12
sufficiently, 1, 1, 1
literally, 3, 3, 102
avoid, 1, 1, 46
hurricane, 1, 1, 1
delivering, 1, 1, 1
overlap, 1, 1, 6
sjid, 1, 1, 2
esa, 3, 3, 27
assuming, 4, 3, 66
mined, 1, 1, 2
demonstrated, 1, 1, 23
locate, 1, 1, 46
pr, 1, 1, 1
slower, 1, 1, 1
blowing, 1, 1, 2
slight, 1, 1, 1
usaf, 1, 1, 2
expansion, 1, 1, 0
8figure, 1, 1, 46
pressure, 2, 2, 1
although, 4, 4, 18
offset, 1, 1, 1
weaving, 1, 1, 1
lockheed, 1, 1, 2
freemason, 2, 2, 5
science, 11, 9, 347
gained, 1, 1, 1
rare, 2, 2, 3
getting, 12, 11, 95
infrared, 2, 2, 7
universe, 18, 10, 27
basis, 2, 2, 12
icecube, 1, 1, 1
15th, 2, 2, 14
carries, 3, 1, 10
introduced, 2, 2, 39
documentary, 4, 4, 5
software, 1, 1, 2
em, 2, 1, 9
letters, 8, 4, 20
final, 6, 4, 16
previously, 1, 1, 2
washington, 1, 1, 25
interstellar, 1, 1, 3
billions, 2, 2, 139
stared, 1, 1, 3
en, 1, 1, 4
tiny, 1, 1, 4
female, 2, 1, 2
roads, 1, 1, 1
lovely, 1, 1, 3
forget, 3, 3, 3
mere, 1, 1, 46
significantly, 1, 1, 2
1986, 1, 1, 3
follows, 1, 1, 1
ridge, 1, 1, 14
additional, 2, 2, 16
hehe, 1, 1, -4
1981, 1, 1, 2
transfer, 1, 1, 4
challenged, 1, 1, 36
spiral, 1, 1, 1
3m1, 1, 1, 1
noticed, 1, 1, 39
inspires, 1, 1, 1
inner, 1, 1, 2
biggest, 2, 2, 12
damn, 2, 2, 6
woodpecker, 1, 1, 4
naturally, 1, 1, 1
function, 2, 2, 110
tricky, 1, 1, 7
buy, 5, 4, 19
north, 9, 9, 78
constantly, 3, 3, 58
hq, 1, 1, 0
investigation, 1, 1, 2
pneumonological, 1, 1, 2
ha, 1, 1, 2
eat, 1, 1, 1
hd, 1, 1, 6
made, 8, 8, 48
glory, 1, 1, 4
society, 1, 1, 1
wish, 2, 2, 4
gravitational, 9, 9, 63
sts3, 1, 1, 2
variations, 2, 2, 12
record, 2, 2, 7
limit, 2, 2, 51
piece, 1, 1, 4
minutes, 8, 7, 21
plutonium, 9, 4, 64
wwwb14643de, 1, 1, 1
pin, 1, 1, 4
iulbhxzukmu, 1, 1, 3
pic, 3, 3, 12
4242, 1, 1, 7
eris, 1, 1, 1
periods, 1, 1, 6
shooting, 1, 1, 1
proceeds, 1, 1, 46
compared, 6, 6, 72
48, 1, 1, 6
incredible, 6, 5, 22
46, 1, 1, 46
glint, 1, 1, 9
oak, 1, 1, 14
detail, 4, 3, 10
40, 4, 4, 20
fire, 1, 1, 3
details, 5, 4, 61
sick, 1, 1, 1
milkyway, 1, 1, 4
u, 7, 2, 4
behold, 1, 1, 2
incredibly, 4, 4, 20
wellinformed, 1, 1, 18
junk, 1, 1, 4
star, 18, 15, 97
juno, 1, 1, 4
footprints, 1, 1, 46
ultimately, 2, 2, 2
stay, 1, 1, 1
lens, 6, 6, 20
kinda, 2, 2, 3
rural, 1, 1, 135
seismic, 1, 1, 46
astronomy, 7, 5, 6
glyphs, 1, 1, 1
exposure, 5, 3, 4
reback, 1, 1, 0
using, 15, 13, 33
resolution, 4, 2, 9
measurements, 2, 2, 9
eos, 1, 1, 1
craft, 1, 1, 6
understand, 5, 5, 12
accidents, 1, 1, 46
baked, 1, 1, 135
mkii, 1, 1, 1
