Word, Frequency, Comment Frequency, Net Score
downvoting, 1, 1, 5
todays, 1, 1, 5
concessions, 1, 1, 8
hats, 1, 1, -3
wwwtwitchtvtffmrpink, 1, 1, 65
verticalmouse, 1, 1, 6
four, 6, 4, 38
tensiontake, 1, 1, -2
sleep, 3, 2, 10
scouted, 2, 2, 3
hating, 2, 2, 1
rampart, 1, 1, 9
oldest, 2, 2, 35
hate, 7, 6, 13
rocking, 1, 1, 1
formating, 1, 1, 14
poorly, 1, 1, 2
iimgurcomrcodflcgif, 1, 1, 13
increase, 4, 4, 19
ptitdrogo, 2, 2, 27
buddy, 1, 1, 2
inb4, 2, 2, 2
snipe, 1, 1, 25
tweet, 2, 2, 45
poorest, 1, 1, 5
censored, 1, 1, 1
skipping, 1, 1, 1
mate, 2, 2, 6
underdogs, 1, 1, 5
atmopshere, 1, 1, 2
teaching, 1, 1, 6
sorry, 7, 7, 10
pride, 1, 1, -26
worth, 5, 5, 11
midgame, 1, 1, 15
updated, 1, 1, 20
doodad, 1, 1, 1
fourth, 2, 2, 2
void, 10, 7, 109
regional, 1, 1, 3
misunderstanding, 1, 1, 46
pagenameredditname, 1, 1, 10
georgia, 1, 1, 20
every, 28, 27, 324
updates, 4, 2, 2
brt, 3, 3, 3
affect, 1, 1, 129
europeberlin, 4, 3, 3
fractal, 1, 1, 5
wwwtwitchtvmorrow, 1, 1, 4
mlg, 1, 1, 9
school, 3, 3, 7
hisher, 1, 1, 2
internally, 1, 1, 9
prize, 3, 3, 90
screws, 1, 1, -6
bizzarro, 1, 1, -4
skills, 2, 2, -1
venue, 1, 1, 2
solution, 7, 7, 68
viable, 2, 2, 2
solid, 6, 6, 26
convenience, 1, 1, 18
unrelated, 1, 1, 1
yong, 1, 1, 107
announced, 1, 1, 3
barracks, 2, 2, 14
tutorials, 1, 1, 5
messagecompose, 5, 3, 7
290, 1, 1, 8
whirlwind, 1, 1, 1
enjoy, 11, 11, 118
dwindled, 1, 1, 3
gifted, 1, 1, 1
organisers, 1, 1, 1
bicycle, 1, 1, 1
tired, 3, 3, 9
totalwar, 1, 1, 3
goldtouch, 1, 1, 6
rtotesmessenger, 2, 1, 1
direct, 3, 3, 41
surrounding, 1, 1, 1
likely, 5, 5, 156
street, 1, 1, 1
150ish, 1, 1, 2
ocassional, 1, 1, 1
01, 5, 3, 3
seras, 3, 3, 36
alt, 2, 2, 2
theory, 1, 1, -2
even, 53, 44, 251
neo, 2, 2, 3
uthermal, 1, 1, 17
decisions, 4, 4, 39
selected, 4, 4, 19
asia, 4, 2, 2
tlo, 1, 1, 3
aggression, 1, 1, 1
bleep, 1, 1, 1
new, 32, 30, 249
tips, 4, 4, 6
increasing, 1, 1, 6
ever, 12, 12, 71
told, 11, 8, 114
textures, 1, 1, 1
2443, 1, 1, 84
niche, 1, 1, 1
simultaneously, 2, 2, 23
whose, 1, 1, 1
dow, 1, 1, 2
bunkers, 2, 2, 130
never, 28, 26, 121
178, 1, 1, 8
met, 2, 2, 168
racepick, 1, 1, 1
sejong, 2, 2, 2
active, 8, 8, 29
path, 8, 4, 14
100, 2, 2, 203
iimgurcomjddnivzjpg, 1, 1, 1
catastrophe, 1, 1, 1
kudos, 1, 1, 1
mechanic, 1, 1, 1
americalos_angeles, 5, 3, 3
nonsc2, 1, 1, 2
amarequest, 1, 1, 3
items, 1, 1, 1
k, 1, 1, -23
changed, 9, 6, 18
ctrlclick, 1, 1, 2
ignoring, 1, 1, 3
published, 3, 3, 20
harass, 2, 2, -2
fulltime, 1, 1, 3
nonbio, 1, 1, 129
aka, 1, 1, 1
mistake, 3, 3, 7
changes, 4, 4, 12
drg, 1, 1, 4
4head, 1, 1, 1
criticism, 1, 1, 8
fantastic, 3, 3, 14
tu, 1, 1, 1
term, 2, 2, 5
secure, 5, 2, -1
campaign, 13, 10, 94
glhf, 2, 2, 120
root, 1, 1, 2
replace, 1, 1, -4
brought, 4, 4, 78
visible, 1, 1, 7
alpha, 2, 2, 5
insta, 1, 1, 1
microable, 1, 1, 11
actions, 1, 1, 17
total, 8, 7, 48
forums, 1, 1, 9
brb, 1, 1, 0
unit, 16, 14, 54
opponents, 1, 1, 3
sarah, 2, 2, 5
plot, 1, 1, 6
charge, 2, 2, 47
myungsik, 4, 3, 39
would, 139, 101, 938
army, 15, 12, 81
insecurity, 1, 1, -26
arms, 2, 1, 6
analyze, 1, 1, -3
suit, 2, 1, 2
call, 6, 6, 14
therefore, 2, 2, 9
dns, 1, 1, 3
recommend, 6, 6, 11
survive, 1, 1, 5
sexy, 1, 1, 1
nate, 3, 2, 10
type, 10, 8, 71
tell, 8, 7, 41
becouse, 1, 1, 1
medivacs, 11, 7, 32
paperwork, 1, 1, 28
posting, 4, 4, 31
holy, 7, 7, 9
consindering, 1, 1, 3
brings, 1, 1, 2
dressing, 1, 1, 6
haha, 4, 4, 8
wars, 1, 1, 10
warp, 2, 2, -3
aware, 6, 6, 93
phone, 1, 1, 41
warm, 1, 1, 1
excellent, 2, 2, 2
91, 1, 1, 19
90, 1, 1, 15
93, 1, 1, -2
hold, 16, 13, 181
95, 1, 1, 6
blocking, 2, 2, 10
overrun, 1, 1, 1
must, 6, 6, 67
inbase, 1, 1, 2
join, 2, 2, 5
room, 3, 3, 12
shame, 2, 2, 52
serral, 1, 1, 1
setup, 4, 4, 59
work, 28, 24, 128
refusing, 1, 1, 64
mk, 1, 1, 1
pashun, 1, 1, 4
era, 1, 1, 17
install, 2, 2, 3
concepts, 2, 1, 9
akin, 1, 1, 2
anticompetitive, 1, 1, -6
route, 4, 3, 13
fortress, 1, 1, 1
whiskey, 1, 1, 4
collosus, 1, 1, 11
excuses, 3, 3, -48
cliff, 2, 1, 2
give, 22, 21, 81
florida, 1, 1, 20
role, 1, 1, 2
guessed, 1, 1, 1
rif, 1, 1, 1
packwings, 1, 1, 1
want, 45, 37, 670
organizer, 1, 1, 8
keep, 26, 24, 204
europelondon, 3, 3, 3
crimes, 1, 1, 2
absolute, 2, 2, 84
ridiuclously, 1, 1, 1
ones, 2, 2, 7
end, 16, 14, 86
farce, 1, 1, 4
turn, 5, 4, 108
provide, 2, 2, 78
travel, 1, 1, 9
song, 2, 2, 6
feature, 2, 1, 2
amazing, 21, 20, 72
hitman, 1, 1, 18
trusted, 1, 1, 2
accusations, 1, 1, -3
answer, 7, 5, 127
gate, 2, 2, 6
quoi, 1, 1, 1
preferable, 1, 1, 3
massive, 1, 1, 7
gaming, 7, 5, 5
lan, 1, 1, 7
stalkers, 4, 4, 9
allins, 1, 1, 129
beauty, 1, 1, 16
mess, 1, 1, 1
ladder, 23, 20, 165
hong, 1, 1, 1
lab, 1, 1, 2
archons, 1, 1, 1
barriers, 1, 1, 2
wrong, 7, 7, 176
meaningful, 1, 1, 1
excited, 3, 3, 5
types, 3, 3, 16
las, 1, 1, 1
purchase, 1, 1, 5
attempt, 2, 2, 35
euronics, 1, 1, 6
third, 13, 12, 65
wins, 6, 5, 120
keepo, 1, 1, 10
appreciate, 4, 4, 43
forrow, 1, 1, 1
sickening, 2, 2, 98
youporn, 8, 8, 106
green, 2, 2, 6
ultimate, 1, 1, 84
things, 19, 18, 193
fan, 11, 10, 56
1000, 1, 1, 2
order, 12, 10, 178
greed, 1, 1, 6
wine, 2, 2, 1
rnfl, 1, 1, 3
executed, 2, 2, 35
feedback, 28, 16, 227
18m34s, 1, 1, 1
enter, 1, 1, 5
telecom, 1, 1, 10
casted, 7, 6, 113
alway, 2, 2, 18
nsfw, 1, 1, -5
thesis, 1, 1, 0
keyboard, 10, 7, 0
kong, 2, 2, 4
fellas, 1, 1, 6
diagonally, 2, 1, 8
ticket, 2, 1, 2
bottleneck, 1, 1, 1
goldplat, 1, 1, 1
fit, 3, 3, 4
uot, 1, 1, 1
somewhere, 1, 1, 2
sc1, 1, 1, 1
fix, 6, 6, 98
likelyhood, 1, 1, 26
qiltmrssp0i, 1, 1, 3
imo, 5, 5, 66
better, 34, 32, 511
teching, 1, 1, 1
production, 3, 3, 0
differently, 3, 3, 3
clumped, 1, 1, 2
weeks, 6, 3, 12
mutalisk, 1, 1, 1
zealot, 1, 1, 1
easier, 9, 7, 15
gateways, 1, 1, 2
versus, 2, 2, 2
affected, 1, 1, 9
terran, 40, 33, 346
combination, 2, 2, 2
selfconfessed, 1, 1, 2
drowsiness, 1, 1, 5
ballsohard, 1, 1, 2
break, 8, 7, 12
nostagia, 1, 1, 1
roommate, 2, 2, 3
basics, 2, 2, 3
butthurt, 1, 1, -6
archers, 2, 2, 3
02h26m08s, 1, 1, 20
silver, 3, 3, 5
pegs, 1, 1, 1
represents, 1, 1, 5
playstyle, 2, 2, 9
dickriders, 1, 1, -7
meditationbreathbe, 1, 1, -2
reasonably, 1, 1, 3
stephano, 2, 2, 0
rocks, 19, 13, 51
nerfing, 5, 4, 14
victory, 5, 5, 17
reasonable, 1, 1, 3
protosses, 4, 3, 6
went, 9, 8, 21
keyboards, 3, 1, 6
side, 10, 8, 55
luck, 3, 3, 5
pvt, 4, 4, 8
reset, 1, 1, 1
stressful, 1, 1, 2
brag, 1, 1, 4
logs, 1, 1, 55
archetypes, 2, 1, 9
raynor, 2, 1, 5
wwwtwtichtvscvrush1, 1, 1, 6
series, 10, 8, 174
train, 4, 4, 5
bluetracker, 1, 1, 117
stronger, 4, 4, 11
dedicated, 1, 1, 3
upload, 1, 1, 5
carry, 1, 1, 2
used, 21, 18, 42
trading, 1, 1, 1
forgot, 2, 2, 56
logo, 7, 5, 131
dawn, 4, 2, 4
extract, 1, 1, 9
xp, 1, 1, 1
mdt, 3, 3, 3
sc2casts, 1, 1, 1
goo, 1, 1, 2
gon, 7, 7, 13
lair, 1, 1, 6
driving, 1, 1, 5
day9, 2, 2, 8
god, 4, 4, 173
dst, 3, 3, 3
crucial, 1, 1, 0
monitor, 6, 5, -18
tomorrow, 1, 1, 33
content, 20, 17, 59
disappoitment, 1, 1, 2
millennium, 1, 1, 25
adapt, 1, 1, 2
sounded, 1, 1, 3
got, 41, 37, 174
rn, 1, 1, 1
slowclucky, 1, 1, 2
pitchforks, 1, 1, 1
assaults, 1, 1, 5
linear, 1, 1, 1
written, 3, 2, 1
fref, 1, 1, 6
free, 10, 8, 18
standard, 11, 10, 29
campaigns, 1, 1, 72
struggle, 2, 2, 5
forcibly, 1, 1, 1
sadly, 2, 2, 19
wanted, 7, 7, 33
gameplay, 8, 8, 35
spread, 1, 1, -3
strats, 1, 1, 3
dickery, 1, 1, 11
perform, 1, 1, 15
imgurcomuisilce, 1, 1, -1
tlnet, 2, 1, 1
crushed, 2, 1, 2
created, 2, 2, 60
starts, 6, 6, 135
alarakk, 1, 1, 5
atm, 4, 4, 6
days, 12, 11, 46
ist, 3, 3, 3
creates, 2, 2, 4
heck, 1, 1, 1
incorporated, 1, 1, 1
unknown, 1, 1, 3
kingdom, 4, 4, 4
moving, 8, 8, 92
fuckin, 1, 1, -7
adeptsimmortals, 1, 1, 1
200, 1, 1, 6
already, 9, 9, 104
features, 2, 2, 3
adepts, 5, 1, 2
rank, 9, 7, 112
hearing, 3, 3, 28
channels, 2, 2, 7
cheesecreativity, 1, 1, 3
featured, 3, 2, 2
searchalias, 2, 1, 6
another, 21, 20, 80
drones, 3, 2, -1
force, 2, 2, 2
electronic, 2, 2, 11
survivability, 1, 1, 11
icculus, 1, 1, 1
service, 1, 1, 5
backdoor, 1, 1, 6
sarcasm, 1, 1, 1
top, 16, 16, 159
girls, 2, 1, 1
twisted, 1, 1, 6
teleports, 1, 1, 1
jinair, 1, 1, 28
needed, 9, 7, 22
ton, 2, 2, 7
blossoms, 2, 2, 4
vespene, 2, 1, 2
clicking, 2, 2, 17
consistent, 1, 1, 3
tod, 11, 5, 156
listen, 2, 2, 3
paltry, 1, 1, -3
signup, 2, 2, 9
2fstarcraft, 1, 1, 117
eachother, 1, 1, 2
western, 3, 2, 4
somewhat, 3, 3, 84
explained, 1, 1, 2
toronto, 3, 3, 27
spoiler, 7, 1, 20
experiencing, 1, 1, 5
anxiety, 1, 1, 1
target, 1, 1, 1
showed, 4, 4, 89
arkanoid, 1, 1, 1
older, 1, 1, 3
enabled, 1, 1, 1
rusty, 1, 1, 3
ebay, 1, 1, 6
project, 1, 1, 3
matter, 10, 8, -12
idle, 1, 1, -2
myinsanityeu, 1, 1, 1
flame, 1, 1, -4
speaking, 1, 1, 54
iron, 1, 1, 1
hacking, 1, 1, 23
feeling, 6, 6, 34
solely, 2, 2, 59
gaymer, 2, 2, 3
perspective, 1, 1, 1
donkey, 1, 1, 3
youre, 1, 1, 22
sees, 1, 1, 20
yesno, 1, 1, 117
navigate, 1, 1, 0
banes, 2, 2, 1
modern, 3, 3, 13
mind, 8, 7, 37
mine, 5, 5, 10
fandom, 1, 1, 1
talking, 10, 10, 54
concordia, 1, 1, 16
pubs, 1, 1, 2
pylon, 4, 3, 25
orwhere, 1, 1, 15
prerecorded, 1, 1, 1
seen, 16, 16, 90
seem, 11, 11, 31
picks, 2, 2, 5
seek, 1, 1, 9
rax, 1, 1, 1
relatively, 3, 3, 4
morrow, 12, 11, 35
strength, 7, 2, 26
ramphigh, 1, 1, 1
sucksex, 2, 2, 27
concrete, 1, 1, 1
ohana, 2, 2, 3
1614, 3, 1, 1
responsible, 1, 1, 37
elegance, 1, 1, 1
investment, 1, 1, 1
recommended, 1, 1, 3
causing, 2, 1, -2
snoo, 4, 2, 6
forces, 2, 2, 6
hatch, 5, 3, 6
grips, 1, 1, 2
agressive, 1, 1, 1
reversed, 1, 1, 1
clunky, 3, 3, 73
circles, 1, 1, 72
blue, 2, 2, 10
hotkeying, 1, 1, 2
skillwise, 1, 1, 1
wrists, 4, 1, 6
though, 23, 23, 139
bst, 3, 3, 3
glands, 2, 1, 2
doin, 1, 1, 1
amove, 2, 2, 5
play200238, 1, 1, 5
regular, 2, 1, 6
mouth, 1, 1, -8
headerimg, 1, 1, 10
plenty, 3, 3, 3
organization, 2, 2, 110
cues, 1, 1, 13
coin, 2, 2, 35
americachicago, 3, 3, 3
parting, 1, 1, 2
laughing, 1, 1, 4
webcam, 1, 1, 2
sc2_avex, 1, 1, 3
sososoo, 1, 1, 16
deadwing, 1, 1, 1
camp, 2, 2, 3
brackets, 1, 1, 2
pokes, 1, 1, -3
spend, 2, 1, 2
missed, 1, 1, 1
abbrev, 3, 3, 3
bracket, 4, 4, 75
tech, 9, 7, 49
laid, 1, 1, 1
detriment, 1, 1, 1
entertaining, 4, 4, 10
weakest, 2, 2, 35
annoyed, 1, 1, 3
came, 4, 4, 13
erosstarbowmodcom, 1, 1, 35
saying, 17, 16, 284
01h29m41s, 1, 1, 20
beaten, 1, 1, 1
contacted, 1, 1, 13
3rd4th, 1, 1, 0
api, 2, 1, 3
random, 22, 19, 126
fenner, 5, 5, 11
piss, 1, 1, 7
chuckle, 1, 1, 5
subreddit, 11, 9, 250
notlikethis, 1, 1, 8
liberty, 4, 4, 10
stepping, 1, 1, 2
participate, 1, 1, 3
keywords, 1, 1, -2
earth, 1, 1, 0
reinvented, 1, 1, 1
gameplaywise, 1, 1, 1
extraplanar, 1, 1, 84
execution, 1, 1, 1
copy, 2, 2, 12
proposed, 1, 1, 10
skirmishes, 1, 1, 3
shuffling, 1, 1, 2
ment, 1, 1, 66
situations, 3, 3, 44
explain, 3, 3, 46
bust, 2, 1, 1
appreciated, 1, 1, 2
theme, 3, 2, 3
dreamhack, 4, 4, 5
touched, 1, 1, 9
rich, 2, 1, 2
photo, 1, 1, 11
announce, 1, 1, 2
folder, 3, 2, 3
challengers, 1, 1, 8
weow, 2, 2, 5
wearing, 1, 1, 107
jyssuccess, 1, 1, 1
mixture, 1, 1, 2
dk, 1, 1, -8
dh, 3, 3, 13
schooler, 1, 1, 2
stop, 10, 10, 97
perceive, 1, 1, 9
blinking, 1, 1, 2
kinks, 1, 1, -3
petit, 1, 1, 54
sortofs, 1, 1, 10
12, 6, 6, 20
plats, 2, 1, 2
nathan, 1, 1, 1
dt, 1, 1, 1
dr, 1, 1, -2
net, 1, 1, 2
unfortunately, 7, 7, 21
rodent, 1, 1, 2
runs, 1, 1, 8
chronological, 2, 1, 84
bar, 5, 5, 18
pressed, 1, 1, 15
roasted, 1, 1, 75
aligulac, 2, 2, 8
16, 8, 8, 17
animation, 1, 1, 13
collusion, 1, 1, 8
patch, 6, 6, 8
twice, 1, 1, 2
bad, 13, 12, 54
cooldown, 3, 3, 14
stead, 1, 1, 1
shots, 5, 3, 9
18, 6, 3, 3
release, 4, 4, 28
myunsik, 2, 2, 44
counters, 1, 1, 15
steal, 1, 1, 3
steam, 2, 2, 12
ears, 2, 2, 2
respond, 1, 1, 1
swept, 1, 1, 2
implies, 1, 1, 2
testing, 1, 1, 3
desrow, 1, 1, 55
resist, 1, 1, 17
depends, 2, 2, 4
decided, 4, 4, 75
allegedly, 1, 1, -3
result, 4, 4, 22
inno, 2, 2, 35
hero, 7, 7, 17
trolled, 1, 1, 2
brst, 3, 3, 3
best, 47, 41, 416
subject, 4, 2, 6
02, 3, 3, 3
03, 1, 1, 2
00, 133, 8, 111
said, 12, 9, 98
capacity, 1, 1, 11
07, 1, 1, 2
04, 4, 2, 1
05, 2, 2, 7
sorta, 1, 1, 1
away, 16, 14, 96
iirc, 2, 2, 4
nioskr, 1, 1, 2
lotv, 19, 17, 64
keypresses, 1, 1, 1
winrate, 2, 2, 3
irl, 1, 1, 1
yew, 1, 1, 1
hopefully, 2, 2, 9
sorts, 1, 1, 6
approach, 4, 4, 38
shields, 2, 1, 1
letting, 3, 3, 11
reddit, 11, 10, 50
suck, 1, 1, 1
terms, 4, 4, 16
redblue, 1, 1, 3
imgurcom7teqo54, 2, 1, 3
rolled, 1, 1, 1
confusion, 1, 1, 3
aesthetic, 2, 2, 5
weak, 3, 3, 7
however, 10, 10, 193
southeast, 1, 1, 1
ypgt, 1, 1, 107
broncos, 1, 1, -1
wr, 2, 1, 2
extent, 2, 2, 96
wp, 4, 4, 34
downgrade, 1, 1, -4
00pm, 3, 3, 46
improve, 6, 6, 9
suggested, 1, 1, 1
received, 2, 2, 35
gameschat, 1, 1, 0
ryerson, 1, 1, 1
country, 1, 1, 1
ill, 1, 1, 2
readers, 2, 1, 1
34m13s, 1, 1, 20
players, 57, 49, 313
0a, 2, 2, 6
games, 80, 59, 420
gamer, 1, 1, 1
crank, 1, 1, 2
cherry, 2, 2, 4
operating, 1, 1, 5
argue, 1, 1, 3
disappears, 1, 1, 2
asked, 5, 5, 405
protech, 1, 1, 1
19h, 1, 1, 26
tough, 3, 3, 9
betting, 1, 1, 3
stronk, 2, 2, 13
2nd, 6, 6, 55
inbetween, 3, 3, 1
tons, 1, 1, 1
proplayers, 1, 1, 2
framework, 1, 1, 1
uncorroborated, 1, 1, -3
news, 1, 1, 1
trust, 7, 5, 51
hitler, 1, 1, -21
speak, 2, 2, 4
casters, 14, 7, 119
stomped, 2, 2, 8
apologized, 1, 1, 1
iimgurcomv6i2bhtgifv, 1, 1, 6
immobile, 2, 2, 10
puts, 1, 1, 8
africadar_es_salaam, 3, 3, 3
dillydally, 1, 1, -8
three, 11, 9, 92
quickly, 8, 5, 30
ting, 3, 1, 5
confident, 1, 1, 1
much, 59, 50, 474
reccomended, 1, 1, 1
aggresive, 1, 1, 1
interest, 2, 2, 21
basic, 3, 3, 3
expected, 3, 3, 5
threw, 2, 2, 0
website, 4, 4, 10
life, 10, 10, 18
innocent, 1, 1, 55
relaxing, 1, 1, 8
attacked, 4, 4, 38
concerning, 1, 1, 31
uncommon, 1, 1, 1
jeon, 1, 1, 107
dota, 2, 2, 5
lift, 1, 1, -5
masters, 11, 10, 33
personally, 5, 5, 6
catch, 2, 2, 5
worked, 3, 3, 15
sad, 7, 6, 70
spin, 1, 1, 58
steamrolled, 1, 1, 1
cunt, 3, 2, 56
chill, 1, 1, 34
tide, 1, 1, 5
tank, 10, 9, 21
forum, 1, 1, 1
reapers, 10, 9, 37
air, 7, 6, 25
aim, 1, 1, 2
near, 2, 2, 3
melted, 1, 1, 2
neat, 1, 1, 2
applies, 1, 1, 10
appeals, 1, 1, 3
balance, 19, 17, 107
drs, 1, 1, -2
ibleeedorange, 1, 1, 24
spawn, 4, 1, 8
opt, 1, 1, 11
played, 34, 30, 219
prettty, 1, 1, 5
top3, 1, 1, 1
64bit, 2, 1, 1
ii, 9, 6, 43
player, 34, 32, 271
cant, 7, 7, 21
im, 21, 16, 65
zealots, 2, 2, -1
owwwoaahhhoooohhh, 1, 1, 6
controversy, 1, 1, 3
mouse, 16, 8, 23
id, 3, 3, 9
disappear, 1, 1, 3
blowjob, 1, 1, -6
antiga, 2, 2, 3
modmap, 1, 1, 2
suggest, 5, 5, 33
make, 57, 49, 461
earlygame, 1, 1, 3
linked, 4, 4, 20
beside, 2, 2, 9
potentially, 3, 3, 38
split, 7, 7, 41
incorrectly, 1, 1, 75
success, 2, 2, 2
several, 5, 4, 6
spartan, 2, 2, -26
showing, 3, 3, 72
european, 3, 3, 30
wheel, 1, 1, 58
fairly, 6, 6, -4
plating, 3, 1, 2
feelsbergman, 1, 1, 8
biles, 1, 1, 3
partners, 1, 1, 1
firecake, 22, 11, 256
pick, 13, 10, 64
hang, 1, 1, 117
03h10m20s, 1, 1, 20
rain, 1, 1, 2
hand, 8, 3, 9
otheeeeeer, 1, 1, 4
constricting, 2, 1, 2
someting, 1, 1, 1
beastyqt, 1, 1, 1
kim, 3, 3, 15
animations, 2, 2, 13
jealous, 1, 1, -8
opportunity, 1, 1, -3
thoughts, 7, 7, 48
kid, 1, 1, 1
oldboy, 2, 2, 88
144, 2, 1, 18
practiced, 2, 2, 2
04042010, 1, 1, 84
humble, 1, 1, 4
suffering, 1, 1, 1
tho, 4, 4, 34
contact, 3, 3, 12
greatest, 3, 3, 8
freecs, 2, 2, 5
claims, 1, 1, 0
islandtype, 1, 1, 17
left, 10, 7, 114
kpop, 1, 1, 1
leagues, 7, 7, 20
bellow, 1, 1, 1
protocol, 10, 6, 53
birth, 1, 1, 2
sentence, 2, 1, 1
yea, 2, 2, 18
prioritising, 1, 1, 1
laptop, 6, 5, 45
expanding, 1, 1, 2
sleepy, 2, 2, 4
jaedong, 9, 7, 103
aside, 1, 1, 1
iimgurcomnu120hlgifv, 1, 1, 2
quotes, 1, 1, 84
goggles, 1, 1, 1
meta, 2, 2, 6
thanks, 26, 24, 79
human, 2, 2, 74
facts, 1, 1, 1
yep, 2, 2, 14
yes, 22, 16, 40
yet, 14, 14, 27
thankx, 1, 1, 1
previous, 2, 2, 11
adding, 2, 2, 2
replayed, 1, 1, 2
unique, 5, 4, 11
elo, 1, 1, 84
mix, 1, 1, 18
similarities, 1, 1, 4
unfold, 1, 1, 75
bwtzgzfnle4, 1, 1, 6
passive, 1, 1, 1
sitstanddesk, 1, 1, 6
shout, 1, 1, 26
321, 1, 1, 17
board, 1, 1, 2
easy, 13, 12, 28
prison, 1, 1, -1
zillion, 1, 1, 2
pitiful, 1, 1, 0
east, 1, 1, 16
humanity, 1, 1, 2
kaelaris, 1, 1, 1
scvs, 2, 2, -4
viking, 4, 1, 11
desire, 1, 1, 2
yandere, 1, 1, 1
casting, 9, 8, 182
boxed, 1, 1, 1
thx, 4, 4, 9
s2sl, 1, 1, 3
leftright, 1, 1, 6
possible, 12, 11, 103
caps, 1, 1, 1
possibly, 2, 2, 3
boxes, 1, 1, 6
counterintuitive, 1, 1, 2
background, 1, 1, 1
performance, 6, 4, 20
judge, 1, 1, 0
roach, 4, 4, 6
burns, 1, 1, 35
dreams, 1, 1, 1
disadvantage, 1, 1, 84
avilo, 2, 2, 4
screens, 1, 1, 55
gifv, 3, 3, 9
amon, 13, 3, 8
jyp, 1, 1, 6
easytoaccess, 1, 1, 9
55, 1, 1, 1
56, 1, 1, 3
demuslim, 1, 1, 2
50, 7, 7, 22
protocal, 2, 2, 26
specific, 3, 3, 12
informative, 1, 1, 2
steps, 2, 2, 35
lays, 1, 1, 7
night, 8, 8, 52
analyzing, 1, 1, 84
security, 2, 2, 6
matchup, 9, 9, 75
burself, 1, 1, 0
right, 39, 33, 259
old, 8, 8, 17
deal, 10, 10, 75
people, 48, 43, 469
yarin, 1, 1, 1
relinquished, 1, 1, 1
successfully, 1, 1, 2
relief, 1, 1, 2
somehow, 5, 5, 102
dead, 2, 2, 8
unnecessary, 1, 1, 8
multigame, 1, 1, 3
ravagerling, 1, 1, 15
whichever, 1, 1, 3
escape, 2, 2, 8
dear, 1, 1, -1
pain, 8, 1, -2
indirect, 1, 1, 26
nonesportsports, 1, 1, 1
archetype, 3, 2, 10
tutorial, 3, 3, 7
confusing, 1, 1, 1
strategic, 1, 1, 1
rmorrow, 1, 1, 4
toknow, 1, 1, 46
bottom, 2, 2, 3
circumvent, 1, 1, 3
dlc, 1, 1, 5
1514hatchery, 1, 1, 1
comments, 7, 7, 11
creative, 4, 4, 79
everything, 15, 14, 55
asking, 3, 3, -2
embodies, 1, 1, 32
lings, 1, 1, 2
420, 1, 1, -2
beating, 2, 2, 8
core, 4, 2, 9
shakes, 1, 1, 3
midlate, 2, 2, 2
deleted, 7, 7, -15
arbitrary, 1, 1, 2
circlejerk, 1, 1, -28
terraces, 2, 2, 9
lmao, 3, 3, 23
constructive, 1, 1, -2
viewer, 3, 3, 17
skt1, 2, 2, 33
defensive, 2, 2, 10
notorious, 1, 1, 17
maralekos, 1, 1, 65
post, 24, 18, 199
super, 10, 10, 38
underpowered, 1, 1, 8
firecakein, 1, 1, 1
plug, 3, 3, -22
limitation, 1, 1, 2
mechanically, 2, 2, 6
fps, 4, 2, 2
months, 9, 8, 37
beta, 3, 3, 17
cheesedelphia, 1, 1, 3
magazine, 1, 1, 1
plut, 1, 1, 1
plus, 7, 5, 38
warhammer, 1, 1, 4
done, 19, 16, 82
islands, 6, 6, 7
twitch, 8, 8, 44
slightly, 2, 2, 4
obs, 1, 1, 1
nerfzergportraits, 1, 1, 1
considerations, 2, 2, 10
refeature, 1, 1, 1
whats, 4, 4, 11
civil, 1, 1, 117
profession, 1, 1, 1
beneficial, 1, 1, 4
soo, 9, 7, 135
theorycrafting, 1, 1, 17
valuable, 1, 1, 8
sos, 1, 1, 2
seperates, 1, 1, 5
laval, 1, 1, 20
balanced, 10, 9, 22
shoots, 1, 1, 11
reducing, 1, 1, 6
soon, 3, 3, 9
rounds, 3, 3, 39
strangely, 1, 1, 15
wan, 9, 8, 57
familiarize, 1, 1, 1
support, 7, 7, 97
flying, 3, 3, 8
available, 1, 1, 3
nova, 1, 1, 5
class, 3, 1, 9
avail, 1, 1, 2
fucking, 13, 13, 110
accordingly, 1, 1, 1
way, 56, 43, 335
reddits, 1, 1, 3
music, 1, 1, 0
europemoscow, 3, 3, 3
winnings, 1, 1, -1
war, 14, 9, 119
vods, 8, 8, 54
happy, 8, 8, 87
lowest, 2, 2, 2
head, 5, 5, -4
medium, 2, 2, 2
offering, 2, 2, 2
understandably, 1, 1, 8
becoming, 2, 2, 6
6, 4, 3, 3
forever, 3, 3, 3
gripes, 1, 1, 3
wireless, 2, 2, 24
hear, 6, 5, 42
fastest, 1, 1, 3
approval, 1, 1, 37
removed, 2, 2, -12
true, 3, 3, 2
officially, 1, 1, 5
nerf, 11, 9, 156
congratulations, 1, 1, 1
responding, 1, 1, 11
portions, 1, 1, 2
builds, 13, 12, 50
versions, 2, 2, 7
negativity, 1, 1, 16
morning, 1, 1, 4
120150, 1, 1, 3
emotional, 1, 1, 1
stages, 7, 5, 77
raxbeforedepot, 1, 1, 17
average, 2, 2, 16
30m, 1, 1, 1
150, 1, 1, 2
juvenile, 1, 1, 1
proud, 1, 1, 3
sticks, 1, 1, 4
classic, 5, 4, 44
toss, 11, 8, 13
tournament, 38, 29, 285
somebody, 1, 1, 3
diamond, 7, 6, 17
exist, 1, 1, 2
leviathans, 1, 1, 1
timezone, 6, 3, 3
awhile, 2, 2, 12
annoying, 3, 3, 5
check, 13, 11, 282
shit, 21, 18, 87
physical, 1, 1, 6
rottiharstem, 1, 1, 11
wallstanksbunkers, 1, 1, 6
dying, 1, 1, 5
tit, 1, 1, 25
na, 18, 16, 77
stake, 1, 1, 75
victorys, 1, 1, -8
thorscv, 1, 1, 1
reality, 1, 1, 111
til, 1, 1, 1
ny, 1, 1, 3
interested, 4, 4, 60
tempestcarrier, 1, 1, 1
creep, 3, 3, 2
holding, 2, 2, 6
test, 8, 4, 28
depot, 3, 2, 3
asiakolkata, 3, 3, 3
realize, 2, 2, 6
thoughtout, 1, 1, 2
picture, 2, 2, 10
phoenix, 2, 2, 54
faction, 1, 1, 1
models, 1, 1, 2
surprise, 1, 1, 1
welcome, 3, 3, 2
notepad, 1, 1, 3
update, 11, 9, 93
pants, 1, 1, 0
fell, 2, 2, 5
invested, 1, 1, 2
ammount, 1, 1, 1
regame, 2, 1, 55
rolling, 1, 1, 91
weekend, 3, 2, 6
diamonds, 1, 1, 1
died, 1, 1, 4
um, 1, 1, 3
younger, 2, 2, 5
happening, 3, 3, 5
assume, 3, 3, 15
flag, 1, 1, 2
together, 11, 11, 19
spanked, 1, 1, 6
safe, 1, 1, 2
apart, 4, 4, 4
time, 81, 72, 607
push, 4, 4, 9
serious, 4, 4, -6
leenock, 9, 6, 39
lineup, 4, 2, 36
paced, 1, 1, 8
ergling, 1, 1, 1
concept, 5, 4, 44
managed, 4, 4, 86
switched, 1, 1, 6
01h41m51s, 1, 1, 20
particular, 3, 3, 29
activated, 1, 1, 5
focus, 5, 5, 24
rog, 1, 1, 3
leads, 2, 2, 10
manager, 1, 1, 9
selection, 2, 2, 14
battle, 4, 4, 5
sould, 1, 1, 2
milk, 1, 1, 11
row, 5, 5, 91
certainly, 2, 2, 22
hovers, 1, 1, 3
msl, 1, 1, 3
graph, 2, 2, 38
flash, 16, 5, 113
disgusting, 2, 2, 23
beste, 1, 1, 1
passage, 1, 1, 3
countdown, 1, 1, 18
0, 5, 5, 11
finally, 6, 6, 60
prolonging, 1, 1, 1
promoting, 3, 2, 16
bronzesilvergoldplat, 1, 1, 1
pay, 6, 6, -12
addon, 2, 1, -2
1012, 1, 1, -3
division, 1, 1, 2
advantage, 1, 1, 9
sponsors, 1, 1, 1
choice, 5, 4, 21
sgt, 3, 3, 3
tanks, 7, 7, 10
sigh, 1, 1, 1
word, 1, 1, 3
trouble, 1, 1, 5
exact, 5, 5, 62
minute, 3, 3, 5
cool, 25, 20, 59
rotating, 1, 1, 6
dating, 1, 1, 2
impressive, 5, 5, 19
trifecta, 1, 1, 2
level, 24, 22, 347
turns, 1, 1, 5
rights, 1, 1, 2
peeps, 1, 1, 1
dia, 1, 1, 2
standards, 1, 1, 1
leave, 11, 9, 55
p, 4, 4, 6
soooo, 2, 2, 7
hwaiting, 1, 1, 1
teal, 1, 1, 1
team, 39, 35, 409
quick, 7, 7, 21
loads, 1, 1, 10
spent, 1, 1, -3
round, 3, 3, 37
added, 5, 5, 115
lawsuitconscious, 1, 1, 6
twitchtvmaralekos, 1, 1, 65
hte, 1, 1, 1
unexpected, 2, 2, 3
says, 10, 9, 71
regret, 1, 1, 2
porn, 8, 8, 14
sucks, 3, 3, 41
prediction, 2, 2, 6
sign, 3, 3, 9
cost, 2, 1, 1
radar, 1, 1, 2
entertained, 1, 1, -8
comforting, 1, 1, 1
nzst, 3, 3, 3
baracks, 1, 1, 2
adds, 3, 3, 5
stands, 5, 4, 31
mirroed, 1, 1, 8
heres, 1, 1, 4
zerglings, 1, 1, 2
starbowmodcom, 1, 1, 35
sucksexxx, 1, 1, 2
bo5, 1, 1, 6
replys, 1, 1, 1
current, 9, 8, 159
handed, 1, 1, 6
goes, 5, 5, 23
belshir, 1, 1, 1
1015, 1, 1, 2
boost, 2, 2, 39
filled, 2, 2, 66
1234, 1, 1, 2
burn, 1, 1, 1
serras, 1, 1, 1
kst, 3, 3, 3
heavily, 1, 1, 1
guardian, 1, 1, 6
compound, 1, 1, 1
learn, 8, 8, 137
epilogue, 2, 1, 5
french, 7, 7, 15
plz, 2, 2, -4
upgrade, 5, 5, 17
groups, 6, 4, 6
alone, 3, 3, 8
along, 6, 5, 46
refused, 1, 1, 1
iimgurcomjrzab6ipng, 1, 1, 2
appears, 1, 1, 1
change, 18, 13, 174
wait, 18, 15, 249
box, 1, 1, 1
boy, 1, 1, 26
incoming, 2, 2, 8
twitchtvstorm_sc2_pl, 1, 1, 65
institute, 1, 1, 20
shift, 4, 3, 33
bot, 10, 8, 13
otherside, 1, 1, 1
timings, 9, 9, 59
example, 7, 7, 45
broodwar, 2, 2, 6
women, 1, 1, 1
10ish, 1, 1, 1
suggestion, 6, 4, 9
upvote, 1, 1, -5
usually, 5, 5, 8
weird, 7, 7, 61
pause, 1, 1, 2
esport, 3, 3, 5
love, 42, 37, 364
hst, 3, 3, 3
shelled, 1, 1, 2
extra, 3, 3, 11
problematic, 1, 1, 9
bs, 1, 1, 10
prefer, 1, 1, 18
compare, 1, 1, 3
edrama, 1, 1, -4
losing, 2, 2, 89
flexibility, 1, 1, 2
randoms, 1, 1, 4
fake, 2, 2, 8
rarely, 1, 1, 2
crisis, 1, 1, 2
rallthingszerg, 1, 1, 3
handled, 3, 2, 76
working, 5, 4, 18
sake, 2, 2, 19
positive, 3, 2, 17
angry, 1, 1, 2
mst, 3, 3, 3
dude, 7, 7, 241
predictions, 3, 3, 42
intense, 5, 4, 7
insider, 1, 1, -11
live, 10, 8, 79
seccondly, 1, 1, 1
msk, 3, 3, 3
opposed, 2, 2, 18
wondering, 4, 4, 5
memory, 1, 1, 153
believing, 1, 1, 1
msc, 1, 1, 3
today, 13, 13, 230
entrance, 1, 1, 2
sharing, 5, 5, 11
riot, 1, 1, 6
sessions, 1, 1, -2
towers, 5, 5, 71
share, 1, 1, 1
acceptable, 1, 1, 5
maximise, 1, 1, 1
visual, 2, 2, 13
savior, 1, 1, 84
02h13m39s, 1, 1, 9
sit, 2, 2, 3
prophecy, 1, 1, 5
given, 3, 3, 1
effort, 4, 4, 19
easiest, 3, 3, 7
fly, 2, 2, 19
logos, 1, 1, 3
8pm, 1, 1, 6
ab74hhlovdg, 1, 1, 4
lattency, 1, 1, 2
thousands, 2, 1, -8
pretend, 1, 1, 16
ptit, 1, 1, 7
soul, 1, 1, 65
reviews, 1, 1, 6
hardest, 3, 2, 6
bugs, 2, 2, 7
slowness, 1, 1, 2
growing, 1, 1, 11
making, 18, 17, 25
ibs, 1, 1, 1
placements, 2, 1, 5
champion, 3, 3, 10
streak, 1, 1, 84
heart, 3, 3, 3
crazy, 5, 4, 8
money, 8, 7, 11
trump, 1, 1, 8
stream, 22, 19, 571
nexus, 5, 2, 2
attribute, 1, 1, 9
awesome, 20, 18, 251
confused, 2, 2, 27
choke, 10, 4, 2
topic, 1, 1, 1
heard, 5, 5, 58
xdd, 1, 1, 2
238, 1, 1, 8
dropped, 3, 3, 22
allowed, 5, 5, 23
500000, 1, 1, 2
_m7_xzn8d7m, 1, 1, 5
230, 1, 1, 8
qualifiers, 4, 3, 5
drama, 2, 2, 14
rays, 1, 1, 1
winter, 7, 6, -7
tilt, 1, 1, 28
discussion, 4, 4, 82
means, 6, 5, 20
ping, 4, 4, 8
brain, 1, 1, 70
1, 43, 35, 208
till, 5, 5, 18
sunday, 1, 1, 1
upgrades, 3, 2, 3
resolution, 1, 1, 1
pure, 1, 1, 1
liftworkout, 1, 1, 2
tile, 1, 1, 1
pacifichonolulu, 3, 3, 3
teasers, 1, 1, 1
guarantee, 1, 1, 6
nonstop, 3, 3, 82
economy, 1, 1, 2
map, 133, 62, 270
aoe, 6, 5, 17
designer, 1, 1, 1
hypered, 1, 1, 1
huge, 5, 4, 127
may, 9, 9, 119
max, 2, 2, -22
omen, 1, 1, -6
spot, 4, 4, 9
stil, 1, 1, 2
rifchin, 1, 1, -21
twoplayer, 1, 1, 1
mac, 4, 3, 3
pasting, 1, 1, 3
designed, 4, 4, 9
battlenet, 3, 3, 17
commit, 1, 1, 1
date, 2, 2, 3
heroes, 3, 3, 13
daaaaang, 1, 1, 0
data, 1, 1, 5
compatibility, 1, 1, 3
man, 15, 15, 53
wwwyoutubecomwatch, 12, 9, 273
natural, 18, 10, 24
remember, 6, 6, 44
correlate, 1, 1, 6
hellbats, 2, 1, 11
whenever, 2, 2, 25
maybe, 25, 24, 69
carriers, 3, 3, 3
blinkreaper, 1, 1, 1
aesthetically, 1, 1, 1
xelnaga, 10, 4, 13
devs, 1, 1, 17
complaining, 2, 2, 36
switch, 4, 4, 106
reaper, 12, 9, 64
april, 1, 1, 5
sc, 3, 3, 3
pulled, 1, 1, 1
impactful, 1, 1, 1
publish, 1, 1, 1
extractor, 4, 1, 1
serving, 1, 1, 5
shoes, 1, 1, 6
seeing, 11, 9, 126
indeed, 2, 2, 10
pointed, 1, 1, 1
werent, 1, 1, 2
midnight, 1, 1, 2
years, 13, 13, 8
course, 5, 4, 24
cuts, 6, 5, 49
differs, 1, 1, 17
cold, 1, 1, 1
still, 61, 55, 361
blooded, 1, 1, 1
blocked, 2, 2, 10
farmed, 1, 1, 3
overlord, 3, 2, 2
group, 12, 9, 96
thank, 10, 9, 65
took, 5, 5, 81
maps, 62, 22, 175
interesting, 20, 19, 225
specifics, 1, 1, 3
jim, 11, 4, 12
sexiest, 1, 1, 1
hot, 2, 2, 1
decreases, 1, 1, -2
proleague2016, 1, 1, 0
platform, 1, 1, 1
coaching, 3, 1, 1
offers, 2, 2, 6
gtx, 1, 1, 1
main, 24, 16, 179
texas, 1, 1, 20
instantly, 2, 2, 18
non, 1, 1, 9
within, 2, 2, 29
qualifier, 6, 5, 105
disparate, 1, 1, 2
3, 52, 50, 347
matches, 9, 6, 49
3v3, 1, 1, 2
alist, 1, 1, 1
projectiles, 1, 1, 13
interview, 1, 1, 2
imgurcomvkwvv8q, 1, 1, 2
rifkinzg, 1, 1, 55
half, 9, 7, 8
killed, 1, 1, 10
matched, 1, 1, 3
cop, 1, 1, 1
execute, 2, 2, 32
twitchtvsc2proleague, 1, 1, 245
baguette, 1, 1, 4
january, 2, 2, 149
drop, 11, 10, 41
revert, 2, 2, 35
possibilities, 1, 1, 1
tradescandal, 1, 1, 1
gasless, 1, 1, 1
showcasing, 1, 1, 84
entirely, 2, 2, 8
cliffs, 1, 1, 13
concerts, 1, 1, 1
turtle, 1, 1, 5
redgreen, 1, 1, 3
en, 2, 2, 246
eh, 1, 1, 1
bloop, 1, 1, 1
snute, 1, 1, 65
eg, 2, 2, 8
abnormal, 1, 1, 1
yeah, 8, 8, 66
sitstand, 1, 1, 6
defensesbuildings, 1, 1, 2
challenges, 2, 2, 2
challenger, 1, 1, 34
replay, 13, 10, 239
sponsor, 1, 1, 2
entering, 2, 2, 6
year, 8, 8, 21
krat, 3, 3, 3
okay, 3, 3, 20
happen, 7, 7, 68
teams, 5, 5, 5
intended, 2, 2, 4
troll, 2, 2, 77
living, 4, 3, 5
shown, 1, 1, 1
accomplish, 1, 1, 3
bly, 4, 3, 70
gamers, 2, 2, 2
3rd, 6, 6, 7
factors, 1, 1, 1
furthermore, 1, 1, 2
multiplayer, 6, 5, 6
startrophy, 1, 1, 3
looking, 22, 19, 110
replacing, 1, 1, 26
seriously, 4, 4, 9
opener, 3, 3, 6
internet, 1, 1, 1
azubu, 1, 1, 1
dominate, 1, 1, 2
correct, 6, 6, 128
shows, 2, 2, 87
maneuver, 1, 1, 15
earlier, 2, 2, 9
monster, 2, 2, 85
siege, 9, 9, 30
perfectly, 2, 2, 4
iimgurcomij4stjvjpg, 1, 1, 1
ourous, 2, 1, 5
quite, 12, 12, 122
920, 1, 1, 2
advantages, 1, 1, 1
demanding, 2, 2, 6
besides, 3, 3, 11
14ish, 1, 1, 1
quits, 1, 1, 72
chen, 1, 1, 13
customs, 1, 1, 1
marine, 9, 7, 18
clicked, 1, 1, 15
card, 4, 3, 16
care, 3, 3, 7
joeyray, 1, 1, 4
advance, 6, 5, 9
training, 3, 3, 49
marred, 1, 1, 3
discussing, 5, 3, 37
spam, 1, 1, 2
honest, 2, 2, 7
motion, 1, 1, -2
thing, 15, 15, 42
place, 11, 8, 56
vision, 4, 1, 2
routes, 1, 1, 1
promotion, 1, 1, -28
star, 1, 1, 1
think, 89, 84, 774
teammates, 1, 1, 2
first, 24, 23, 261
blind, 3, 3, 227
cheese, 6, 5, 42
romania, 1, 1, 1
initial, 2, 1, 8
saving, 1, 1, 3
symmetry, 2, 2, 9
bed, 2, 2, 9
omitted, 1, 1, 20
xd, 2, 2, 7
ailsavoiding, 1, 1, -2
shipyard, 3, 3, 68
fast, 5, 5, 37
directly, 3, 3, 18
habitation, 1, 1, 1
vote, 1, 1, 1
impossible, 2, 2, 11
message, 9, 9, 129
fight, 8, 6, 4
open, 9, 7, 17
archon, 13, 6, 48
size, 4, 3, 17
tingling, 1, 1, 6
little, 13, 13, 204
afterthought, 1, 1, 3
district, 1, 1, 6
stuck, 4, 4, 5
reactionary, 2, 1, 1
xpac, 1, 1, 2
structured, 1, 1, 3
anyone, 29, 27, 270
soreness, 1, 1, 6
2, 77, 60, 617
draft, 3, 1, 3
fiery, 1, 1, 1
rifken, 1, 1, 13
structures, 2, 2, 10
speaks, 1, 1, 1
friend, 6, 5, 16
gives, 2, 2, 3
gotten, 1, 1, 18
mining, 1, 1, 1
taketv, 3, 3, 77
mostly, 5, 5, 62
season, 16, 13, 69
mkp, 1, 1, 9
huh, 1, 1, 3
artifact, 1, 1, 2
snatch, 1, 1, 1
broadcast, 10, 2, 36
released, 1, 1, 3
ridiculous, 1, 1, 3
antidote, 1, 1, 1
quirky, 1, 1, -5
x3, 1, 1, 15
tourny, 1, 1, 2
population, 1, 1, 1
11, 4, 3, 38
10, 17, 17, 155
13, 5, 5, 95
translate, 1, 1, 18
15, 8, 7, 9
14, 8, 5, 5
17, 4, 2, 1
2162016, 1, 1, 16
19, 5, 4, 68
favors, 1, 1, 2
professionaly, 1, 1, 1
cinematics, 1, 1, 2
transferred, 1, 1, 1
earlymid, 3, 3, 38
future, 9, 9, 61
aamp, 1, 1, 20
dqed, 1, 1, 5
asleep, 1, 1, 4
marines, 14, 12, 34
sabosevenz, 1, 1, 4
proactive, 1, 1, 16
browser, 1, 1, 18
disruptors, 2, 2, 7
addressing, 1, 1, 26
cn, 1, 1, 2
san, 1, 1, 20
angel, 2, 2, 6
pro, 17, 16, 86
premier, 4, 3, 30
turned, 2, 2, 18
locations, 2, 2, 2
infuse, 1, 1, 5
nerfed, 3, 3, 23
prestigious, 1, 1, 8
say, 26, 24, 117
style, 13, 13, 62
cap, 1, 1, 1
arkitas, 1, 1, 9
saw, 8, 8, 89
marathon, 1, 1, 1
invite, 1, 1, 37
coach, 1, 1, 2
wcs, 12, 11, 21
form, 4, 4, 13
vanishes, 2, 1, 5
efficient, 2, 2, -10
hourslong, 1, 1, 1
inspired, 1, 1, 3
foreigner, 4, 4, 4
ideas, 9, 5, 22
note, 2, 2, 27
omfg, 1, 1, 10
ideal, 1, 1, 2
potential, 10, 10, 48
take, 28, 25, 125
online, 6, 6, 34
destroy, 4, 3, 8
concern, 1, 1, 8
switching, 2, 2, 6
channel, 8, 8, 29
closer, 3, 3, 24
begin, 1, 1, 37
sure, 18, 16, 176
multiple, 5, 5, 9
c95, 1, 1, 1
normal, 6, 5, 14
track, 1, 1, 3
price, 1, 1, 2
knew, 7, 6, 123
paid, 1, 1, 6
falls, 1, 1, -3
rematch, 2, 2, 166
donation, 2, 2, 7
nutella, 1, 1, 1
importantly, 2, 2, 5
bestkt, 1, 1, 0
queens, 1, 1, 2
practise, 1, 1, -11
wc3, 4, 4, 16
neuro, 2, 2, 5
especially, 13, 12, 46
nerfs, 1, 1, 2
considered, 3, 3, 4
lates, 1, 1, 2
later, 8, 6, 11
sale, 1, 1, 2
ogaming, 1, 1, 1
properly, 2, 2, 2
jittery, 1, 1, 72
professional, 1, 1, 2
width, 1, 1, 2
drastically, 1, 1, 1
shot, 4, 3, 21
show, 5, 5, 86
german, 1, 1, 65
rstarcraftcirclejerk, 1, 1, 5
kinds, 1, 1, 2
discovered, 1, 1, 1
bright, 1, 1, 35
8m2g, 1, 1, 2
flack, 2, 1, 75
artsmusique, 1, 1, 1
aggressive, 4, 4, 38
dll, 1, 1, 2
boom, 1, 1, 25
ground, 13, 8, 42
slot, 2, 2, 35
slow, 9, 8, 92
ratio, 1, 1, 6
relies, 1, 1, 17
title, 4, 4, 18
daybreak, 1, 1, 1
daily, 6, 6, 133
dick, 7, 6, 39
outside, 2, 2, 9
going, 31, 30, 226
implemented, 1, 1, 2
incredulous, 1, 1, 1
developed, 1, 1, 2
bikinishow, 1, 1, 10
godlike, 1, 1, 84
ranking, 2, 2, 71
predict, 1, 1, -1
5060, 1, 1, 3
exaggeration, 1, 1, 2
get, 93, 74, 639
ffs, 1, 1, 70
replaces, 2, 2, 12
thrones, 1, 1, 1
truly, 6, 5, 120
ssl, 9, 9, 33
corsair, 1, 1, 5
myi, 1, 1, 25
tfal2s9r7vaamp, 1, 1, 1
invited, 2, 1, 55
anachronic, 1, 1, 1
secondary, 3, 1, 5
prime, 2, 2, 20
regarding, 7, 7, 182
resource, 1, 1, 2
settings, 3, 3, 5
frustrated, 2, 2, 10
colossus, 3, 3, 4
queue, 1, 1, 1
yield, 2, 2, 10
summary, 2, 2, 9
sum, 1, 1, -3
admins, 3, 1, 55
stupid, 2, 2, 16
source, 2, 2, 3
worries, 2, 2, 10
worrying, 1, 1, 2
drag0n, 1, 1, 3
wiki, 2, 2, 4
mappers, 1, 1, 26
huniepop, 1, 1, 1
espn, 4, 2, 3
innovative, 1, 1, 1
ends, 1, 1, 5
23autotldr, 1, 1, -2
essence, 1, 1, 5
actively, 1, 1, -6
college, 2, 2, 23
anyways, 2, 2, 10
japan, 1, 1, 2
unaltered, 2, 2, 6
calendar, 1, 1, 1
sport, 1, 1, 1
caster, 2, 2, 36
rager, 1, 1, 2
wonder, 8, 8, 43
exterminating, 1, 1, 1
clips, 1, 1, 2
detect, 3, 3, 3
aggro, 2, 1, 1
farmers, 1, 1, 1
ways, 6, 5, 11
jumped, 2, 2, 4
review, 2, 2, 35
rbroodwar, 1, 1, 1
sites, 1, 1, 3
colours, 1, 1, 3
4th, 6, 4, 9
behind, 5, 5, 16
reading, 4, 4, 69
moaned, 1, 1, 1
across, 4, 4, 122
wouldve, 1, 1, 11
24, 1, 1, 1
notice, 5, 4, 10
jobs, 2, 1, 1
vertical, 2, 1, 6
messed, 1, 1, 2
33, 2, 1, 2
comp, 1, 1, 1
screen, 3, 3, 57
4656hv, 1, 1, 5
crucified, 1, 1, 14
3cc, 1, 1, 6
autoaim, 1, 1, 1
blame, 1, 1, 37
adept, 2, 2, -5
zerus, 1, 1, 2
skirmishing, 1, 1, 3
medivac, 2, 2, 20
jk, 1, 1, -1
article, 5, 4, -4
cities, 1, 1, 7
come, 12, 12, 177
byes, 1, 1, 5
canceling, 1, 1, -3
fulfill, 1, 1, 5
z, 6, 5, 23
installation, 1, 1, 1
missions, 1, 1, 3
gimmicky, 3, 1, 1
kicking, 1, 1, 1
many, 22, 22, 41
stupidest, 1, 1, 0
trades, 1, 1, 1
according, 3, 3, 10
temper, 3, 1, 1
personal, 1, 1, 5
disappointment, 1, 1, 1
exceptionally, 1, 1, 2
remake, 1, 1, 2
75, 1, 1, 5
avoided, 1, 1, 37
franchise, 1, 1, 2
comes, 7, 7, 17
finnished, 1, 1, 1
drogo, 12, 12, 98
polt, 4, 4, -53
madness, 1, 1, 5
enjoyable, 5, 4, 15
color, 1, 1, 1
effective, 2, 2, 3
authenticity, 1, 1, 2
period, 2, 2, 91
pop, 1, 1, 6
60, 2, 2, 2
poo, 2, 1, 1
63, 1, 1, 10
anti, 1, 1, 2
confirmed, 1, 1, 3
learning, 3, 2, 9
nationality, 1, 1, -6
69, 3, 1, 2
deffends, 1, 1, 2
consider, 2, 2, 4
abusable, 1, 1, 2
considering, 6, 5, 40
destroyed, 3, 3, 11
cycling, 1, 1, 3
tuning, 1, 1, 2
jking, 1, 1, 65
capable, 1, 1, 11
stretch, 1, 1, 2
west, 6, 5, 39
informed, 1, 1, 2
vacation, 1, 1, 3
mark, 3, 3, 4
subscriber, 2, 2, 7
punished, 2, 2, 12
combined, 1, 1, 72
acre, 1, 1, 9
rampsbridges, 1, 1, 2
coinflippy, 1, 1, -13
borders, 1, 1, 4
hardly, 1, 1, 2
systems, 1, 1, 1
wants, 8, 7, 54
wonderful, 1, 1, 21
direction, 1, 1, 6
enable, 1, 1, 1
lanes, 1, 1, 1
gist, 1, 1, 1
tasteless, 2, 2, 12
newbies, 1, 1, 2
400, 1, 1, 8
biblethump, 2, 2, 7
wwwtwitchtvnoregret_, 1, 1, 2
observers, 1, 1, 3
slower, 1, 1, 1
pppfffttt, 1, 1, -4
shitty, 3, 3, -14
teamyp, 1, 1, 3
stems, 1, 1, 1
zerling, 1, 1, 1
hardcore, 1, 1, 3
careful, 3, 3, 4
irrelevant, 1, 1, 1
former, 2, 2, 3
scrap, 1, 1, 1
case, 6, 4, 19
terrans, 8, 7, 7
stronggrow, 1, 1, 6
youdns, 1, 1, 3
worried, 1, 1, 1
cash, 1, 1, -1
awfull, 1, 1, 2
trick, 1, 1, 3
cast, 10, 10, 158
sometime, 3, 3, 51
familiar, 1, 1, 4
promising, 1, 1, 1
situation, 8, 7, 178
slapping, 1, 1, 1
region, 3, 2, 2
coolest, 1, 1, 3
ive, 4, 4, 50
ctrl, 1, 1, 1
characteristics, 1, 1, 9
basetrade, 2, 2, 28
coffee, 1, 1, 6
bros, 2, 2, 4
commander, 1, 1, 4
refinery, 1, 1, 3
middle, 9, 7, 22
good, 95, 86, 460
dafuq, 1, 1, 2
12th, 1, 1, 3
ironic, 1, 1, 6
marineking, 9, 6, 266
technology, 1, 1, 20
shines, 1, 1, 8
pruning, 1, 1, 17
different, 17, 13, 50
missiles, 1, 1, 11
bans, 1, 1, 2
sence, 1, 1, 1
media, 1, 1, 6
granted, 3, 3, 35
muh, 1, 1, 2
sketchy, 2, 1, -3
spellsinger, 1, 1, 65
rightand, 1, 1, 6
figures, 2, 2, 21
struggling, 2, 2, 67
regime, 1, 1, 3
events, 5, 3, 14
workplace, 1, 1, 6
week, 11, 11, 108
visually, 2, 2, 0
finish, 6, 4, 7
sieged, 1, 1, 2
screenshot, 2, 2, 20
disadvantages, 1, 1, 1
enjoyment, 2, 2, 7
whining, 2, 2, 2
rebuilding, 1, 1, 5
cheers, 2, 2, 20
running, 6, 6, 19
macroing, 2, 2, -2
rallthingsprotoss, 1, 1, 3
changing, 2, 2, 3
totally, 4, 4, 4
uymt6tn9qe, 1, 1, 6
bane, 1, 1, 1
slightest, 1, 1, 2
keeping, 1, 1, 8
fungalling, 1, 1, 1
pennsylvania, 1, 1, 7
pathable, 2, 2, 35
roughly, 2, 2, 3
goldbases, 1, 1, 1
without, 16, 12, 83
solve, 1, 1, 2
xteam, 1, 1, 1
kept, 1, 1, 75
model, 3, 2, 11
otherwise, 4, 4, 14
canceled, 1, 1, -3
frontpage, 2, 2, 5
bodies, 1, 1, 6
charged, 1, 1, 0
summer, 1, 1, 1
214, 1, 1, 6
215, 2, 2, 26
212, 1, 1, 6
213, 1, 1, 6
rare, 2, 2, 2
object, 1, 1, 13
generally, 2, 2, 2
armour, 6, 1, 2
protoss, 42, 36, 233
cutscenes, 1, 1, 1
rest, 5, 5, 96
surrenders, 1, 1, 3
relevant, 1, 1, 37
kill, 8, 6, 26
leeway, 1, 1, 2
aspect, 4, 4, 13
touch, 3, 3, 121
polish, 1, 1, 65
adrenal, 2, 1, 2
speed, 5, 3, 16
greasemonkey, 1, 1, 3
weekly, 1, 1, 117
goliath, 1, 1, 1
announcement, 7, 5, 137
xdxdxdxd, 1, 1, -5
generator, 1, 1, 5
masturbate, 1, 1, 2
thinking, 12, 8, 62
hatchlairhive, 1, 1, 1
oach, 1, 1, 1
seems, 20, 20, 128
except, 5, 5, 18
desktop, 2, 2, 4
cc, 2, 2, 4
lets, 5, 5, 5
setting, 4, 4, 25
4, 22, 21, 173
fieldkeywords, 2, 1, 6
firecakes, 1, 1, 55
heavier, 1, 1, 9
tuesday, 5, 4, 52
real, 8, 8, 171
sub, 2, 2, 6
around, 30, 27, 219
spectacular, 2, 2, 2
blowout, 1, 1, 15
rules, 10, 10, 175
gonne, 1, 1, 1
employer, 1, 1, -6
confines, 1, 1, 3
early, 24, 17, 82
nb_sb_noss_2, 1, 1, 6
grid, 3, 3, 13
dispatch, 1, 1, 5
listening, 3, 3, 17
libs, 2, 2, -2
world, 11, 9, 18
aiming, 1, 1, 3
pst, 10, 6, 49
mod, 3, 3, 19
clan, 1, 1, 2
developers, 1, 1, 3
ultralisksized, 1, 1, 2
sieging, 1, 1, 1
depos, 1, 1, 2
overhyped, 1, 1, 0
streamers, 7, 6, 79
serves, 2, 2, 12
server, 11, 8, 135
facing, 2, 2, 3
audience, 1, 1, 18
blitz, 1, 1, 3
either, 11, 11, 54
occasions, 1, 1, 2
lerilak, 3, 3, 68
tower, 4, 3, 8
reynor, 1, 1, 65
stationary, 1, 1, 6
reduced, 2, 2, 7
recognize, 1, 1, 1
grouping, 1, 1, 1
eventually, 1, 1, 1
wwwtwitchtvtaketv, 1, 1, 65
tvz, 7, 7, 2
tvt, 12, 8, 44
replays, 2, 2, 5
tvp, 1, 1, 1
competition, 4, 3, 196
kasparov, 1, 1, 5
infestors, 3, 2, 7
table, 3, 2, 9
sen, 1, 1, 4
playin, 1, 1, 1
racial, 2, 2, 9
yoi8tuquwtg, 1, 1, 5
organizing, 1, 1, 1
matching, 1, 1, 1
airtoss, 1, 1, 1
hitbox, 1, 1, 8
faster, 2, 2, 7
poll, 1, 1, 17
genetics, 1, 1, -2
noob, 4, 4, 22
micro, 15, 13, 30
highest, 1, 1, -1
footing, 1, 1, 1
overly, 1, 1, 8
stops, 3, 3, 7
reallocating, 1, 1, 1
corrosive, 2, 2, 130
inject, 1, 1, 2
stopped, 3, 3, 9
tlpd, 2, 1, 84
destroys, 2, 2, 15
felt, 8, 8, 125
progamermon, 1, 1, 7
pylons, 1, 1, 129
zest, 22, 15, 159
asap, 2, 2, 3
lmfao, 1, 1, 6
indestructible, 1, 1, -3
equivalent, 1, 1, 1
notable, 1, 1, 2
hunt, 2, 2, 4
broken, 8, 5, 45
ydralisk, 1, 1, 1
admits, 1, 1, 51
found, 6, 6, 39
tweetposteramp, 4, 2, 6
roaming, 2, 1, 2
exciting, 6, 6, 0
throw, 1, 1, 6
_, 6, 4, 11
session, 1, 1, 1
stone, 1, 1, 1
ol, 1, 1, 1
ok, 3, 3, 82
ace, 10, 8, 67
hopkins, 1, 1, 16
wwwtwitchtvgsl, 1, 1, 1
cares, 1, 1, 2
favorite, 7, 7, 16
meaning, 2, 2, 4
islandlike, 1, 1, 9
lillekanin, 1, 1, 65
stand, 7, 5, 33
youve, 1, 1, 12
ou, 1, 1, 1
mean, 17, 14, 71
backup, 1, 1, -26
road, 2, 2, 13
op, 5, 5, 19
ensare, 1, 1, 1
ladies, 1, 1, 153
burning, 1, 1, 5
follows, 1, 1, 5
communication, 1, 1, 17
spreading, 2, 2, 4
child, 2, 1, 8
geyser, 2, 1, 2
2v2, 5, 5, 15
everyone, 19, 19, 129
accounts, 3, 2, 4
lively, 1, 1, 7
determine, 1, 1, 1
dreaming, 2, 2, 7
annoys, 1, 1, 98
nowadays, 1, 1, 11
technically, 2, 2, 6
23, 4, 4, 8
log, 1, 1, 35
prepare, 1, 1, 3
area, 3, 3, 20
removing, 2, 2, 4
nzdt, 3, 3, 3
hey, 8, 8, 16
lol, 15, 15, 93
start, 26, 19, 181
drank, 1, 1, 4
low, 11, 11, 27
lot, 39, 30, 64
house, 4, 4, -21
valley, 1, 1, 20
heh, 1, 1, 1
wwwbasetradetvrules, 2, 2, 57
750, 1, 1, 1
complete, 7, 7, 51
enough, 10, 10, 84
millenium, 1, 1, 1
lane, 2, 1, 1
cabinet, 1, 1, 1
beginners, 1, 1, 117
poet, 1, 1, 0
20160216, 2, 2, 6
1v1s, 1, 1, 3
tankivac, 3, 2, 17
mice, 2, 1, 6
trying, 14, 13, 50
uses, 1, 1, 2
buying, 1, 1, 2
longer, 9, 9, 29
abused, 1, 1, 3
pull, 1, 1, 6
rush, 7, 5, 23
rage, 1, 1, 28
default, 4, 3, 21
spamming, 1, 1, -28
taeja, 1, 1, 6
csl, 1, 1, 6
postures, 1, 1, 6
peeking, 1, 1, 1
dirty, 1, 1, 1
flats, 1, 1, 2
grass, 1, 1, 3
agree, 5, 5, 77
affection, 1, 1, 153
expect, 3, 3, 10
detailed, 1, 1, 9
faaahuuuuuuuun, 1, 1, 6
playlists, 1, 1, 84
videos, 6, 6, 21
ai, 5, 4, 77
certain, 10, 10, 94
citation, 1, 1, 0
sales, 1, 1, 0
watcher, 1, 1, 2
file, 2, 2, 4
watched, 7, 7, 41
horse, 1, 1, 3
ghosts, 1, 1, 2
fill, 3, 3, 28
americaanchorage, 3, 3, 3
ideally, 2, 2, 15
idiot, 2, 2, -11
bored, 1, 1, 2
drivers, 1, 1, 1
2000, 1, 1, 2
saturday, 1, 1, 15
tight, 1, 1, 6
prism, 1, 1, -4
americanew_york, 3, 3, 3
5, 12, 12, 64
grenade, 2, 2, 7
residentsleeper, 1, 1, 7
poor, 1, 1, 3
polar, 1, 1, 1
championship, 2, 2, 5
lagtv, 1, 1, 4
regardless, 4, 4, 80
separate, 3, 3, 4
korhal, 1, 1, 1
drift, 1, 1, 1
6rm2g, 1, 1, 2
includes, 2, 2, 19
gifts, 1, 1, 1
oracle, 2, 1, 2
important, 9, 8, 45
recent, 3, 3, -4
diablo, 1, 1, 5
suited, 1, 1, 2
tackle, 3, 3, 11
rlztrbu8bpi, 1, 1, 3
finals, 5, 5, 91
pool, 13, 12, 83
unresponsive, 1, 1, 2
building, 1, 1, 1
rekt, 1, 1, 1
individual, 2, 1, 8
difficulties, 1, 1, 6
calls, 1, 1, 4
unload, 1, 1, 15
kaceytron, 1, 1, 2
odds, 1, 1, 5
curve, 2, 2, 11
collegiate, 2, 2, 36
mass, 4, 4, 5
adam, 1, 1, 0
hugely, 1, 1, 1
thors, 1, 1, 3
unranked, 4, 4, 8
husky, 2, 2, 10
starting, 8, 8, 85
original, 5, 5, 23
refuge, 1, 1, 2
represent, 1, 1, 9
surrounded, 1, 1, 1
forget, 6, 4, 95
pointing, 2, 2, -2
caused, 1, 1, 1
lack, 5, 5, 99
month, 9, 9, 155
executing, 1, 1, 1
code, 14, 9, 29
viability, 1, 1, 9
welfare, 1, 1, -6
dish, 1, 1, 2
follow, 5, 5, 14
meditation, 2, 2, 0
scv, 2, 2, 5
voids, 1, 1, 1
causes, 2, 2, 1
ulrena, 3, 3, 37
yolo, 1, 1, 9
referring, 1, 1, 26
vikings, 1, 1, 2
ty, 24, 18, 96
tv, 2, 2, 70
tt, 1, 1, 6
whoever, 1, 1, 9
tr, 1, 1, 1
ts, 1, 1, 6
thursday, 1, 1, 65
spirit, 3, 3, 36
tl, 6, 4, 8
ti, 1, 1, 1
nodes, 1, 1, 2
enjoying, 3, 3, 9
crest, 4, 4, 68
ta, 4, 4, 19
sound, 5, 4, 14
zergling, 3, 3, 12
global, 3, 2, 11
incorporate, 1, 1, 1
overpowered, 1, 1, 8
sitting, 1, 1, 6
headerssnoo, 1, 1, 6
faq, 6, 6, 13
saved, 2, 2, 6
coloured, 1, 1, 3
overlay, 1, 1, 2
scout, 5, 5, 40
balancing, 1, 1, 15
decide, 4, 4, 6
fall, 2, 2, 12
awful, 4, 4, 37
kappa, 3, 3, 49
24th, 1, 1, 3
difference, 4, 4, 16
ticker, 1, 1, 3
sc2, 48, 43, 191
treating, 1, 1, 1
pueblo, 1, 1, 16
ranting, 1, 1, 7
tampermonkey, 1, 1, 3
list, 6, 4, 89
joined, 3, 3, 94
tefel, 1, 1, 65
large, 6, 6, 30
adjust, 1, 1, 1
filling, 1, 1, 1
small, 12, 10, 105
biological, 1, 1, 129
economically, 1, 1, 1
20th, 1, 1, 3
andor, 2, 1, 9
ten, 1, 1, 0
tea, 1, 1, 1
planetary, 1, 1, 4
past, 10, 9, 16
freestarter, 1, 1, 1
rate, 5, 5, 106
design, 2, 2, 61
settled, 1, 1, 1
wife, 1, 1, 4
zerg, 56, 46, 121
tes, 2, 2, 2
casual, 1, 1, 17
returned, 1, 1, 2
creatures, 1, 1, 5
stood, 1, 1, 13
pictwittercom, 1, 1, 1
psychosomatic, 1, 1, -2
section, 4, 4, 133
devenu, 1, 1, 1
rallthingsterran, 2, 2, 4
version, 2, 2, -1
run, 1, 1, 1
learned, 3, 3, 7
recharge, 1, 1, 1
movement, 2, 2, 3
full, 4, 4, 14
skyrockets, 1, 1, 1
mad, 2, 1, 13
installations, 1, 1, 0
ban, 8, 7, 148
gif, 2, 2, 19
vet, 1, 1, 2
answers, 2, 2, 85
revenge, 1, 1, 5
hours, 13, 13, 30
wild, 2, 1, 10
threads, 3, 3, 86
handers, 1, 1, 6
relaxation, 1, 1, -2
hast, 3, 3, 3
november, 1, 1, 5
strong, 17, 15, 50
legend, 1, 1, 1
ingame, 6, 5, 41
youporncom, 1, 1, 107
ahead, 2, 2, 19
tweets, 1, 1, 1
introductory, 1, 1, 84
allows, 3, 3, 46
prion, 5, 4, 12
experience, 7, 7, 85
amount, 15, 14, 163
social, 1, 1, 6
action, 2, 2, 17
toxicity, 1, 1, 1
options, 3, 2, 1
offlimits, 1, 1, 1
point, 13, 13, 270
via, 3, 3, 6
followed, 2, 2, 1
vid, 1, 1, -3
suddenly, 1, 1, 1
requiring, 1, 1, 2
excellently, 1, 1, 41
put, 12, 12, 40
chunky, 1, 1, 8
aesthetics, 3, 3, 2
aimed, 1, 1, 117
toys, 1, 1, 2
pulls, 1, 1, -3
suits, 1, 1, 3
pathing, 8, 6, 98
select, 4, 4, 20
marauders, 2, 2, 2
eye, 2, 2, 6
takes, 10, 8, 83
answered, 1, 1, 1
two, 30, 24, 259
error, 2, 2, 6
gmt08, 1, 1, 10
anger, 1, 1, 13
splash, 1, 1, 2
gorgeous, 1, 1, 2
taken, 5, 5, 9
kick, 1, 1, 11
microing, 1, 1, 11
baneling, 1, 1, 1
flat, 2, 2, 12
lineups, 2, 1, 6
door, 1, 1, 1
knows, 3, 3, 12
twittercomrif_kingz, 1, 1, 5
nal_ra, 3, 2, 88
company, 3, 2, 23
stutter, 1, 1, 2
videoclip, 1, 1, 9
csgo, 1, 1, 3
excuse, 1, 1, 34
domination, 1, 1, 84
controlling, 3, 3, 4
basically, 8, 7, 66
varying, 2, 2, 10
known, 1, 1, 8
producing, 1, 1, 3
glad, 4, 4, 22
none, 2, 2, 8
fatal, 1, 1, 11
hour, 3, 3, 6
offender, 1, 1, 3
wwwredditcomrscvrush, 1, 1, 6
recall, 1, 1, 1
starcrat, 1, 1, 0
dev, 1, 1, 117
acts, 2, 2, 9
awe, 1, 1, 1
categorizing, 1, 1, 2
bias, 1, 1, -6
indicating, 1, 1, 107
v, 14, 11, 302
smurf, 3, 3, 2
strategies, 7, 7, 33
playable, 3, 3, 21
walling, 1, 1, 1
aspirant, 1, 1, 1
def, 2, 2, 6
history, 2, 2, 6
beautiful, 9, 9, 1
stubborn, 2, 2, 2
f2, 1, 1, 3
bestholdkr, 1, 1, -1
pushes, 3, 3, 12
scan, 1, 1, 5
teamcoaches, 1, 1, 18
rustled, 1, 1, 111
suggestions, 3, 3, 12
accept, 3, 3, 112
deadlift, 1, 1, 153
collision, 2, 2, 85
unzip, 1, 1, 2
numbers, 2, 2, 24
sense, 9, 9, 210
station, 3, 2, 2
dorito, 1, 1, 6
insignificantly, 1, 1, 21
information, 9, 6, 145
needs, 6, 6, 21
rather, 5, 5, 51
plans, 4, 4, 11
breaking, 7, 5, 43
nationwars, 2, 1, 1
menus, 4, 3, 22
occasionally, 3, 3, 13
dota2, 1, 1, 13
moves, 1, 1, -3
gerenal, 1, 1, 1
cst, 4, 2, 36
explains, 2, 2, 3
css, 2, 2, 15
rpics, 1, 1, 24
plant, 1, 1, -3
tried, 15, 13, 63
suppose, 1, 1, 1
advice, 6, 6, 15
symmetric, 1, 1, 8
tries, 2, 2, 4
plane, 1, 1, 2
brands, 1, 1, 6
coming, 2, 2, 6
capitalize, 1, 1, 1
response, 2, 2, 3
nonetheless, 1, 1, 10
elegiggle, 1, 1, 3
short, 1, 1, 1
morphing, 1, 1, 1
footer, 1, 1, 1
read, 7, 7, 59
clump, 1, 1, 5
shady, 1, 1, 3
doctor, 1, 1, 5
proleaguewhat, 1, 1, 24
dragon, 14, 14, 256
atx, 1, 1, 3
nvidia, 2, 2, 3
putting, 4, 4, 3
redirecting, 2, 1, 98
dream, 3, 3, 3
playing, 65, 54, 159
greats, 1, 1, 2
gungfubanda, 1, 1, 65
instaled, 1, 1, 1
help, 19, 18, 184
finalized, 2, 2, 35
scvrush, 1, 1, 6
sooo, 3, 2, -9
mission, 8, 4, 8
trade, 1, 1, 11
abysmal, 1, 1, -3
held, 3, 3, 41
isnt, 1, 1, 1
organize, 1, 1, 11
replies, 1, 1, -2
instea, 1, 1, 10
hell, 6, 6, 7
itt, 1, 1, 2
attacking, 1, 1, 3
unhealthy, 1, 1, 1
bummed, 1, 1, 1
25, 3, 3, 8
26, 1, 1, 84
blast, 1, 1, 2
20, 7, 7, 40
21, 4, 3, 3
22, 2, 2, 4
figuring, 2, 2, 35
energies, 1, 1, 3
pcs, 1, 1, -26
solving, 1, 1, 26
29, 1, 1, 20
actually, 21, 19, 131
late, 17, 16, 102
parts, 1, 1, 3
ruining, 1, 1, 5
zerglingsized, 1, 1, 2
deathball, 1, 1, 1
might, 23, 17, 41
ally, 1, 1, 28
lookout, 1, 1, 9
someone, 20, 18, 61
return, 3, 2, 12
calm, 1, 1, 1
yo, 1, 1, 4
food, 2, 2, 10
zergterranprotoss, 1, 1, 1
ye, 1, 1, 3
floating, 1, 1, 5
units, 34, 22, 69
snowball, 1, 1, 8
cet, 4, 4, 68
belittle, 1, 1, 0
chobo, 1, 1, -3
yp, 17, 16, 226
complain, 1, 1, 2
viewers, 5, 3, -4
easily, 9, 9, 57
nb_sb_ss_i_1_8, 1, 1, 6
2p, 1, 1, 8
imprisoned, 1, 1, 5
everytime, 1, 1, -3
coping, 1, 1, -2
always, 25, 25, 97
2x, 1, 1, 8
hotkeys, 9, 7, -4
mirrornaturals, 1, 1, 2
altering, 1, 1, 3
habits, 1, 1, 2
wwwtwitchtvstarcraft, 4, 2, 36
uploads, 1, 1, 2
2b, 1, 1, 16
die, 4, 4, 4
bronzeplat, 2, 2, 7
universit, 1, 1, 20
americasao_paulo, 3, 3, 3
friendship, 1, 1, 14
ports, 1, 1, 3
heavy, 5, 5, 19
blegh, 1, 1, 4
posts, 2, 2, 19
energy, 1, 1, 1
hard, 22, 20, 45
reduce, 5, 5, 44
idea, 21, 17, 264
organises, 1, 1, -4
accidentally, 1, 1, 2
extended, 1, 1, -2
connect, 3, 3, 9
beyond, 2, 2, 23
absurdity, 1, 1, 0
event, 2, 2, 5
really, 111, 92, 577
alcohol, 1, 1, 3
wondered, 2, 2, 17
unnatural, 1, 1, 6
since, 51, 42, 362
cq2zbsvp1pa, 1, 1, 245
research, 2, 2, 1
si, 1, 1, 1
acting, 2, 2, 16
sktmvp, 1, 1, 5
inwards, 1, 1, 6
7, 7, 6, 22
reminder, 1, 1, 10
cyclone, 1, 1, 1
offline, 5, 5, 20
issue, 11, 11, 23
highground, 1, 1, 2
ass, 7, 5, 5
powertrippin, 1, 1, 38
belief, 1, 1, 17
moan, 1, 1, 1
favored, 1, 1, 3
confidence, 2, 2, 3
vac, 1, 1, 1
mmr, 8, 8, 31
difficulty, 2, 1, 1
reason, 14, 13, 48
base, 26, 19, 65
included, 1, 1, 16
proxy, 2, 2, -6
imagine, 6, 5, 9
ask, 11, 11, 254
beginning, 3, 3, 14
guy, 12, 9, 132
bring, 1, 1, 1
thread, 20, 18, 707
launch, 1, 1, 6
script, 1, 1, 3
positioning, 1, 1, 3
terrible, 2, 2, 4
insignificant, 1, 1, 2
youtubednm0hw_vbqi, 1, 1, 1
moreless, 1, 1, 10
apocalypse, 1, 1, 65
fallen, 1, 1, 1
assign, 1, 1, 1
solidly, 1, 1, 1
feed, 1, 1, 7
major, 1, 1, 3
superbowl, 1, 1, -1
dont, 11, 10, 24
simply, 5, 5, 38
upper, 3, 2, 9
feel, 41, 37, 181
artanis, 4, 1, 5
number, 5, 5, 24
fancy, 2, 1, 6
broadcasted, 1, 1, 55
talked, 1, 1, 3
dominating, 1, 1, 0
climbing, 1, 1, 2
invader, 6, 3, 39
cups, 2, 2, 90
miss, 4, 4, 79
temples, 1, 1, 18
rankedladders, 1, 1, 2
2fr, 1, 1, 117
guess, 10, 10, 25
hots, 12, 12, 40
discussed, 1, 1, 75
jet, 1, 1, 11
2119, 1, 1, 15
leading, 3, 3, 12
5th, 6, 2, -1
pms, 1, 1, -2
180, 1, 1, 3
least, 12, 12, 75
swarm, 5, 4, 8
avex, 3, 2, 29
assumption, 2, 2, 39
expand, 1, 1, 9
storm, 2, 2, 6
dealing, 1, 1, 8
master, 6, 6, 27
moar, 1, 1, 5
listed, 1, 1, 10
complained, 1, 1, 1
muscles, 1, 1, -2
option, 1, 1, 2
pump, 1, 1, 1
exploded, 1, 1, 1
hotel, 2, 2, 5
mentality, 1, 1, 2
tfc, 1, 1, 11
chair, 2, 2, 18
part, 11, 10, 44
livestream, 2, 2, 36
favorable, 1, 1, 2
gpu, 1, 1, 1
focusing, 1, 1, 2
tft, 2, 2, 3
trolls, 1, 1, 1
believe, 9, 8, 67
stairs, 1, 1, 1
patches, 1, 1, 2
king, 1, 1, 1
kind, 14, 14, 49
airbrush, 1, 1, 1
prevent, 3, 3, 7
double, 9, 6, 21
wwwpatreoncomscvrush, 1, 1, 6
grey, 1, 1, 2
vocal, 1, 1, 3
annihilation, 2, 2, 5
nevertheless, 2, 2, 5
supposed, 3, 3, 17
macro, 3, 3, -1
dts, 2, 1, 2
templar, 1, 1, 5
imgurcomoiqfp8a, 1, 1, 379
wasnt, 1, 1, 1
alongside, 1, 1, 9
ages, 2, 2, -7
ultras, 12, 5, 6
contest, 3, 3, 4
3dcomputersamp, 2, 1, 6
philly, 1, 1, 3
orders, 2, 2, 6
showcased, 1, 1, 11
lie, 3, 3, 112
nights, 1, 1, 2
silvers, 1, 1, 1
depending, 3, 3, 39
self, 2, 2, -23
mercs, 1, 1, 1
playedplayed, 1, 1, 3
flaming, 1, 1, 1
astronomic, 1, 1, 84
also, 51, 44, 290
costs, 1, 1, 1
build, 16, 16, 113
millenia, 1, 1, 5
finding, 2, 2, 9
maintain, 1, 1, 8
zagara, 4, 3, 8
buff, 2, 2, 12
club, 1, 1, 1
play, 138, 110, 933
towards, 6, 5, 40
64, 1, 1, 1
rereshing, 1, 1, 5
english, 6, 6, 74
reach, 1, 1, 2
plat, 3, 3, 10
jst, 3, 3, 3
nfd5lpy8jjw, 1, 1, 1
sponsored, 2, 2, 3
plan, 2, 2, 3
amas, 1, 1, 91
thrusters, 1, 1, 11
nothing, 10, 10, 82
seasons, 2, 2, 11
iimgurcomjfzdk9rgifv, 1, 1, 1
extremely, 5, 5, 20
breakspain, 1, 1, -2
salary, 1, 1, 7
raving, 1, 1, 0
mckerrigan, 1, 1, 1
mineral, 6, 4, 8
encourage, 1, 1, 2
mobile, 5, 3, 29
clear, 6, 6, 39
popularity, 1, 1, 3
cover, 2, 1, 2
kr, 5, 5, 273
americaphoenix, 3, 3, 3
exp, 1, 1, 2
kt, 10, 6, 19
asus, 1, 1, 3
recks, 1, 1, 2
notch, 1, 1, 4
physics, 2, 2, 6
shoutout, 1, 1, 9
minimal, 1, 1, -3
sector, 1, 1, 5
216, 1, 1, 16
bo3, 2, 2, 6
gold, 16, 12, 19
fond, 3, 3, 4
interceptors, 1, 1, 1
redirects, 1, 1, 3
favour, 1, 1, 1
cdt, 3, 3, 3
3x3, 1, 1, 9
relation, 1, 1, 2
hyped, 2, 2, 6
rts, 7, 7, 91
stalker, 3, 3, 36
carefully, 1, 1, 1
defender, 1, 1, 9
font, 3, 3, 11
fine, 3, 3, 6
overwhelmed, 2, 2, 17
faces, 1, 1, 1
impact, 3, 3, 21
unhelpful, 3, 3, 3
ulat, 3, 3, 3
nervous, 1, 1, 2
ruin, 1, 1, 1
discord, 2, 2, 120
distributed, 1, 1, 5
starters, 1, 1, 6
bastion, 2, 1, 8
iem, 8, 6, 25
pretty, 42, 41, 306
factor, 2, 2, 75
8, 13, 9, 54
circle, 1, 1, 1
rotterdam, 2, 2, 36
teamssponsors, 1, 1, 2
begins, 1, 1, 1
hit, 8, 7, 31
1312, 1, 1, 2
distance, 6, 2, 11
streamer, 5, 5, 95
banned, 9, 7, 16
unconventionally, 1, 1, 2
cheaper, 3, 2, 3
famous, 1, 1, 59
feels, 11, 11, 44
nerchio, 1, 1, 65
closely, 2, 2, 35
competing, 2, 2, 68
3xx, 1, 1, 1
salut, 1, 1, 1
imitating, 1, 1, 9
sill, 1, 1, 1
enemy, 4, 4, 19
uncomfort, 1, 1, 2
glorified, 1, 1, 2
riven, 1, 1, 8
cry, 1, 1, 1
remove, 3, 3, 8
acusation, 1, 1, 202
spiked, 1, 1, -4
common, 7, 7, 34
mca64launcher, 1, 1, 1
activity, 5, 2, 3
hype, 9, 8, 40
x, 8, 8, 34
battlegrounds, 1, 1, 1
rear, 1, 1, 3
tourney, 2, 2, -14
namegt, 2, 1, 17
greetings, 1, 1, 1
insane, 7, 7, 50
pvp, 8, 8, 92
set, 11, 9, 127
mouseclicks, 1, 1, 1
achieved, 2, 2, 8
throwing, 1, 1, 8
tree, 1, 1, 1
pvz, 12, 10, 97
enjoyed, 5, 5, 14
sex, 2, 2, 3
achieves, 1, 1, 0
see, 65, 55, 456
defense, 1, 1, 202
pocketed, 1, 1, 1
sea, 3, 2, 2
eitheror, 1, 1, 1
close, 7, 6, 25
1v1, 6, 5, 19
definitely, 7, 5, 37
learnt, 1, 1, 153
degree, 1, 1, 5
expert, 1, 1, 16
visiting, 1, 1, 3
wow, 12, 12, 91
currently, 12, 12, 68
please, 19, 19, 159
hatcheries, 1, 1, 2
ups, 1, 1, 1
groundlow, 1, 1, 1
wol, 11, 11, 36
fans, 1, 1, -8
various, 4, 3, 38
6080, 1, 1, 1
probably, 14, 13, 53
viewership, 1, 1, -6
conditions, 2, 2, 3
wide, 1, 1, 1
europe, 5, 5, 22
solo, 3, 2, 11
seeded, 1, 1, 3
korea, 10, 9, 26
recently, 5, 5, 78
creating, 1, 1, 1
missing, 2, 2, 11
initially, 2, 2, 35
attention, 3, 3, 72
mastermind, 1, 1, 84
americast_johns, 3, 3, 3
unstoppable, 1, 1, 2
dang, 1, 1, 11
madellisk, 1, 1, 1
hotkey, 7, 5, 21
understanding, 1, 1, 4
bronze, 12, 9, 40
league, 18, 12, 46
c, 1, 1, 2
hahaha, 1, 1, 1
last, 18, 17, 132
license, 4, 1, 5
desired, 1, 1, 1
powers, 1, 1, 1
barely, 2, 2, 72
thor, 1, 1, 1
became, 2, 2, 30
alot, 5, 4, 6
focused, 1, 1, 8
bots, 3, 3, 3
whole, 4, 4, 6
finds, 3, 3, 94
load, 1, 1, 17
liked, 6, 6, 7
consume, 1, 1, 3
sexking, 1, 1, 3
superstrong, 1, 1, 6
simple, 6, 6, 146
sweet, 2, 2, 6
unupgraded, 1, 1, 2
alright, 1, 1, 1
ravager, 21, 14, 164
whatever, 5, 5, 22
header, 1, 1, 6
scrub, 1, 1, 1
challonge, 1, 1, 6
consideration, 1, 1, 1
outta, 1, 1, 25
throughout, 2, 2, 11
expensive, 2, 2, 3
platinum, 2, 2, 11
ps, 1, 1, 1
xpost, 2, 2, 2
described, 2, 2, 7
60fps, 1, 1, 2
pt, 2, 1, 6
duo, 1, 1, 153
monthly, 1, 1, 65
create, 4, 3, 26
zergs, 6, 6, 18
due, 6, 5, 17
strategy, 7, 7, 52
hitting, 1, 1, 15
pc, 5, 4, 6
dropping, 4, 4, 19
damn, 5, 5, 59
armory, 1, 1, 6
threaten, 1, 1, -7
extreme, 1, 1, 1
pl, 1, 1, 65
pm, 10, 2, 36
resting, 1, 1, 6
fights, 2, 2, 9
lifesaglitch, 1, 1, 0
gay, 2, 2, 12
fire, 5, 5, 55
tespa, 3, 3, 38
blizz, 6, 5, 5
else, 12, 12, 107
appearantly, 1, 1, 18
races, 5, 5, 10
understand, 11, 7, 99
specifically, 1, 1, 2
grills, 2, 2, 3
despite, 3, 3, -11
laptopit, 1, 1, -6
bile, 5, 5, 139
handling, 2, 2, 4
look, 17, 17, 51
frozen, 1, 1, 72
straight, 2, 2, 7
bill, 1, 1, 0
pace, 2, 2, 12
seed, 1, 1, 1
replaced, 1, 1, 1
match, 37, 22, 231
behavior, 1, 1, 3
involved, 2, 2, 13
fun, 30, 27, 74
larry, 1, 1, 3
gmt, 6, 3, 3
guide, 1, 1, 117
loop, 1, 1, 2
theres, 2, 2, 2
vod, 6, 6, 99
swim, 1, 1, 1
larger, 2, 2, 44
hoping, 4, 4, 9
cents, 1, 1, 1
incredible, 2, 2, 5
rip, 3, 3, 24
integrity, 1, 1, 1
disappointing, 1, 1, 75
confining, 2, 2, 22
chasm, 1, 1, -3
ready, 3, 3, 16
rid, 2, 2, 8
leaving, 3, 2, 15
nathanias, 2, 2, 36
funny, 2, 2, 3
handsome, 1, 1, 6
confirms, 1, 1, 3
kills, 3, 3, 31
anymore, 4, 4, 5
paying, 1, 1, 2
belong, 1, 1, -9
some1, 1, 1, 1
nun, 1, 1, 55
ama, 12, 11, 618
copying, 2, 2, 4
9, 3, 3, 12
ray, 1, 1, 4
loomin, 1, 1, 3
composition, 1, 1, 1
resources, 1, 1, 2
higher, 2, 2, 7
composision, 1, 1, 2
2v2s, 1, 1, 1
arrives, 1, 1, 2
bon, 1, 1, 1
paths, 9, 5, 39
keys, 1, 1, 5
defeat, 1, 1, 1
wwwtwitchtvptitdrogo, 1, 1, 5
yesterday, 3, 3, 8
alert, 1, 1, 10
sc2replaystats, 1, 1, 3
moment, 5, 5, 96
levels, 3, 3, 3
liquids, 1, 1, 7
user, 1, 1, 1
dxseat, 1, 1, 1
009, 9, 3, 3
asiaseoul, 3, 3, 3
officeplace, 1, 1, 6
built, 1, 1, 13
dark, 15, 8, 103
lower, 7, 7, 9
ravagers, 13, 9, 31
score, 1, 1, 37
liquipedia, 4, 4, 62
poland, 1, 1, 1
moba, 1, 1, 2
anybody, 1, 1, 4
analysis, 2, 1, 84
grind, 1, 1, 72
hatchery, 2, 2, 4
person, 8, 8, 7
edge, 1, 1, 15
2gd, 1, 1, 153
machinery, 1, 1, 5
inspirational, 1, 1, 1
swiss, 2, 2, 36
entry, 1, 1, 8
meanwhile, 1, 1, 4
gsl, 16, 13, 31
know, 53, 46, 351
confirm, 1, 1, 3
distances, 2, 2, 4
positioned, 1, 1, 1
abilities, 1, 1, 1
2960, 1, 1, 2
ergonomic, 2, 1, 6
kespea, 1, 1, 3
rule, 2, 1, 37
competitive, 6, 6, 49
distracting, 1, 1, 1
lilbowblizzcon, 1, 1, 3
questions, 11, 10, 212
using, 9, 7, 10
useful, 2, 2, 2
northern, 1, 1, 3
alignment, 3, 1, 9
wib, 3, 3, 3
contradicting, 1, 1, 1
cut, 7, 5, 48
cus, 1, 1, 37
cup, 3, 3, 12
alternate, 2, 1, 9
guaranteed, 1, 1, 1
fitting, 2, 2, 108
exclusively, 1, 1, 2
makers, 1, 1, 3
shouting, 1, 1, 0
09, 3, 3, 3
tweak, 1, 1, 3
ohh, 1, 1, 1
unplayable, 1, 1, 6
vetoing, 1, 1, 1
submissions, 2, 2, 35
remaining, 4, 2, 35
surprised, 2, 2, 0
5c29nst2r7u, 1, 1, 6
ridiculously, 2, 2, 20
bio, 2, 2, 130
complaint, 1, 1, 1
march, 4, 3, 89
finalize, 2, 2, 35
format, 7, 6, 50
big, 16, 15, 199
couple, 11, 10, 51
laughed, 2, 2, 8
unlimited, 1, 1, 2
epicloud, 1, 1, 26
matters, 2, 2, 5
game, 166, 112, 1062
foreigners, 2, 2, 5
vestige, 1, 1, 1
damage, 13, 6, 153
bit, 28, 24, 56
wings, 3, 3, 9
helpful, 1, 1, 2
knock, 3, 3, 8
outright, 1, 1, 2
rotate, 1, 1, 6
submission, 3, 3, 44
shaped, 1, 1, -2
defended, 1, 1, 3
ro16, 1, 1, 9
entertainement, 1, 1, 1
relmer, 1, 1, 65
glove, 1, 1, 115
rifkin, 18, 16, 412
consensus, 1, 1, 1
mirror, 2, 2, 2
continue, 1, 1, 1
keke, 1, 1, -1
unitbased, 1, 1, 9
wrecked, 1, 1, 1
popular, 6, 5, 103
kreygasm, 2, 2, 4
fault, 2, 2, 92
healthy, 2, 2, 21
privately, 1, 1, 75
often, 6, 6, 17
hinted, 1, 1, 1
absolutely, 8, 8, 124
spring, 1, 1, 3
noobs, 1, 1, -13
1st, 4, 4, 38
back, 47, 41, 471
b4, 1, 1, 41
streaming, 3, 3, 6
strongest, 1, 1, 3
economic, 1, 1, 9
replaying, 1, 1, 64
grenades, 1, 1, 2
unfavorable, 1, 1, 2
curious, 1, 1, 1
onnnn, 1, 1, 4
oddly, 1, 1, 31
pale, 1, 1, -1
patchtoss, 1, 1, -1
preparing, 1, 1, 3
koprulu, 1, 1, 5
obviously, 1, 1, 55
minimap, 2, 2, 6
describing, 3, 2, 10
closest, 1, 1, 1
affects, 2, 2, 38
decision, 3, 3, 18
pros, 5, 5, 20
benefit, 1, 1, 129
per, 3, 3, 19
multitask, 1, 1, 1
glynnis, 1, 1, 1
innovation, 6, 5, 37
pee, 1, 1, 25
scvrushcom, 1, 1, 6
worst, 1, 1, 3
t_t, 1, 1, 1
masterclass, 1, 1, 2
eating, 2, 2, 16
08, 3, 3, 3
performed, 1, 1, 15
martin, 1, 1, 1
perpendicular, 2, 1, 6
stem, 1, 1, 17
feelings, 1, 1, 2
restrictive, 1, 1, 8
step, 5, 3, 36
bw, 5, 5, 25
launchers, 1, 1, 2
nowhere, 1, 1, 25
chant, 1, 1, 2
universe, 1, 1, 4
feb, 1, 1, 10
aswell, 1, 1, 15
troops, 1, 1, 1
faith, 2, 2, 26
comcast, 1, 1, 8
minglee, 1, 1, 3
ublock, 1, 1, 13
anything, 19, 16, 123
comps, 1, 1, 2
firing, 2, 2, 4
hatches, 1, 1, 2
tsmbjergsen, 1, 1, 5
nydus, 4, 4, 53
deserves, 1, 1, 52
range, 6, 4, 25
attackspeeddamage, 1, 1, 11
idk, 3, 3, 5
shitting, 1, 1, 0
charm, 1, 1, 1
genre, 1, 1, 17
idc, 1, 1, 0
block, 3, 3, 3
channeling, 1, 1, 3
liberator, 2, 2, 2
david, 4, 4, 16
significant, 1, 1, 1
matchfixing, 4, 4, 207
johns, 1, 1, 16
hivemind, 1, 1, 75
celebrities, 1, 1, 1
servers, 5, 5, 22
queenravager, 1, 1, 3
unsub, 1, 1, 12
progamer, 3, 3, 39
patreon, 2, 2, 18
sucksexx, 2, 2, 133
defensible, 2, 2, -4
france, 3, 2, 3
nst, 3, 3, 3
clutch, 1, 1, 4
explaining, 2, 2, 10
twitchtvpughydude, 1, 1, 65
rows, 1, 1, -3
computer, 4, 2, 40
arcade, 2, 2, 3
hydra, 3, 3, 89
mythic, 1, 1, 65
openers, 2, 2, 3
question, 22, 22, 245
long, 22, 19, 130
custom, 6, 6, 62
doubt, 4, 4, 10
bruh, 1, 1, -3
forward, 7, 7, 32
ayy, 1, 1, -8
spawning, 2, 1, 1
islandish, 1, 1, 1
scared, 2, 2, 7
opponent, 7, 7, 20
files, 2, 2, 21
https, 80, 41, 767
katrina, 1, 1, 1
proleague, 8, 8, 60
frost, 5, 5, 7
simulator, 1, 1, 1
boys, 1, 1, 0
subjectively, 1, 1, 8
link, 28, 18, 96
reacties, 1, 1, 1
newer, 1, 1, 8
delta, 1, 1, 1
upright, 1, 1, 6
groundbased, 2, 2, 35
line, 7, 7, 23
immortal, 3, 3, 4
ceremonies, 1, 1, 5
posted, 1, 1, 55
info, 10, 10, 87
liberators, 6, 5, 9
intuitive, 1, 1, 72
sounds, 4, 4, 15
burrows, 1, 1, 4
us, 11, 10, 81
ur, 3, 3, 7
planet, 3, 3, 10
windows, 1, 1, 1
ui, 1, 1, 1
uk, 2, 1, 1
sakura, 1, 1, 1
supposedly, 1, 1, 5
buildingsarmies, 1, 1, 1
similar, 9, 9, 127
called, 4, 4, 125
bacicly, 1, 1, 2
sometimes, 11, 11, 30
tiniest, 1, 1, 13
shortcuts, 1, 1, 6
likewise, 1, 1, 2
toughest, 1, 1, 1
pas, 1, 1, 1
char, 1, 1, 1
skeptical, 1, 1, -3
single, 7, 7, 28
chat, 8, 7, 150
bitch, 1, 1, 1
nyduses, 1, 1, 1
dragging, 1, 1, 1
australiasydney, 3, 3, 3
hail, 1, 1, 3
suffice, 1, 1, 13
akst, 3, 3, 3
nah, 1, 1, 0
peace, 2, 2, 3
competitors, 1, 1, 5
afford, 1, 1, 15
nap, 1, 1, 1
points, 13, 10, 127
nat, 4, 1, 8
forge, 1, 1, 1
mindset, 1, 1, 8
confine, 1, 1, 21
manhattan, 1, 1, 7
nice, 18, 17, 51
iimgurcomop4r6qagif, 1, 1, 183
sc2links, 2, 2, 1
cheesy, 1, 1, 1
clean, 1, 1, 3
beatiful, 1, 1, 66
favourite, 7, 5, 175
fruitdealeresk, 1, 1, 33
kansas, 2, 2, 36
problems, 7, 7, 16
helping, 2, 2, 1
twittercomthescvrush, 1, 1, 6
drag, 1, 1, 9
cater, 1, 1, 2
allowing, 1, 1, 3
utterly, 1, 1, 14
weigh, 1, 1, 17
olso, 1, 1, 6
autoreplayuploader, 1, 1, 3
sides, 3, 3, 58
ago, 9, 9, 64
scouting, 3, 2, 2
land, 2, 2, 7
fighter, 1, 1, 11
algorithm, 1, 1, 2
lurker, 1, 1, 1
blend, 1, 1, 1
age, 2, 2, 5
required, 5, 5, 18
youtube, 16, 16, 40
microsoft, 1, 1, 18
depth, 2, 2, 3
asiajakarta, 3, 3, 3
lans, 2, 2, 5
broad, 1, 1, 2
far, 16, 16, 54
2008, 1, 1, 2
2009, 2, 2, 20
intentional, 1, 1, -3
hello, 6, 6, 134
gt, 185, 16, 194
restraining, 1, 1, 28
scratch, 1, 1, 1
vimperator, 1, 1, 2
results, 12, 6, 49
gg, 6, 6, 32
iems, 1, 1, 8
ugh, 1, 1, 1
gang, 1, 1, 3
edt, 3, 3, 3
mythology, 1, 1, 2
go, 43, 39, 279
gm, 7, 6, 9
gl, 1, 1, 1
gj, 1, 1, 3
issues, 8, 8, 62
seemed, 2, 2, 4
36664, 1, 1, -2
tais, 1, 1, 1
byul, 1, 1, 1
iii, 1, 1, 2
requesting, 1, 1, 13
messes, 1, 1, 1
send, 4, 4, 25
nose, 1, 1, 1
literary, 1, 1, 2
oclock, 1, 1, 2
critical, 2, 2, -1
helps, 8, 8, 21
maryland, 1, 1, 16
charity, 3, 2, -11
friendly, 1, 1, 28
sent, 4, 4, 28
uploaded, 2, 2, 4
overgrowth, 4, 4, 7
queen, 3, 3, 8
assault, 1, 1, 5
mainstream, 2, 2, 3
walled, 2, 2, 20
oo, 2, 2, 4
continues, 2, 2, 27
offrace, 2, 2, 6
cheapquick, 1, 1, 1
facebook, 1, 1, 6
commute, 1, 1, 3
telling, 3, 2, 89
drinking, 1, 1, 0
176x176, 1, 1, 8
minerals, 2, 2, 6
categories, 2, 1, 2
posture, 2, 2, -9
timely, 1, 1, 1
entire, 4, 4, 6
byun, 1, 1, 1
succeed, 1, 1, 5
evo, 1, 1, 2
positions, 1, 1, 11
button, 3, 3, 15
fabulous, 1, 1, 0
hive, 2, 1, 2
feasible, 1, 1, 3
try, 35, 32, 319
race, 27, 23, 63
min, 1, 1, 2
imgur, 3, 3, 23
havent, 1, 1, 1
joey, 1, 1, 4
limitations, 1, 1, 2
smaller, 3, 3, 21
raveger, 1, 1, 1
visuals, 2, 2, 54
championshipshow, 1, 1, 3
silly, 1, 1, 3
video, 7, 5, 11
traveling, 1, 1, 1
picked, 3, 2, 3
tilesets, 1, 1, 2
download, 3, 3, 25
dynamics, 2, 2, 17
zp, 1, 1, 1
click, 21, 14, 109
index, 1, 1, 1
mcdonalds, 1, 1, 15
poke, 1, 1, -3
plays, 7, 7, 208
power, 5, 5, 101
giving, 4, 4, 95
slight, 1, 1, 11
find, 28, 24, 148
access, 4, 4, 39
consistently, 3, 3, 9
waiting, 6, 6, 57
volatile, 1, 1, 1
duran, 1, 1, 5
tournaments, 20, 18, 121
body, 6, 3, 8
lee, 1, 1, 8
stance, 2, 2, 93
exchange, 1, 1, 0
respectively, 1, 1, 3
commercial, 1, 1, 1
corners, 2, 2, 19
following, 2, 2, 3
infestor, 2, 2, 4
let, 18, 16, 176
healing, 1, 1, 3
others, 4, 4, 6
downvote, 3, 3, 3
layout, 6, 4, 13
e, 1, 1, 3
attract, 1, 1, 1
loser, 1, 1, 37
win7, 1, 1, 1
painfully, 1, 1, 13
great, 41, 37, 261
engage, 2, 2, 72
lowground, 2, 2, 5
technical, 1, 1, 2
32, 3, 3, 38
31, 3, 3, 6
30, 14, 10, 6
latency, 1, 1, 1
34, 5, 4, 37
engine, 2, 2, 3
spines, 1, 1, 1
1530, 1, 1, -2
popcorn, 1, 1, 11
opinion, 11, 11, 110
climb, 1, 1, 2
makes, 16, 15, 298
thats, 2, 2, 2
mapmakers, 1, 1, 2
named, 1, 1, 5
writer, 1, 1, 1
addresses, 1, 1, 5
blizzard, 24, 22, 229
claim, 1, 1, 1
win, 39, 29, 196
app, 2, 2, 19
manage, 1, 1, 1
redditcom, 3, 2, 107
bend, 1, 1, 6
streamed, 1, 1, 1
decrease, 1, 1, -2
names, 1, 1, 5
dwarven, 1, 1, 1
apm, 3, 2, -1
bindings, 1, 1, 2
tools, 2, 2, 63
gateway, 2, 2, 20
cloud, 4, 4, 4
predicted, 2, 1, 1
standing, 3, 2, 8
use, 32, 27, 109
refers, 1, 1, 2
figure, 3, 3, 4
usa, 3, 2, 6
remains, 2, 2, 14
next, 12, 10, 264
nexi, 1, 1, 1
camera, 4, 3, 14
lilbow, 4, 4, 12
save, 2, 2, 3
iner, 1, 1, 9
chip, 1, 1, 1
sort, 9, 9, 141
payout, 1, 1, 6
clever, 1, 1, 2
upcoming, 2, 2, 6
comparison, 1, 1, -1
started, 20, 18, 139
becomes, 2, 2, 17
occurred, 1, 1, 10
fuck, 9, 9, 31
sore, 1, 1, 2
carrying, 1, 1, 3
golddiamond, 1, 1, 2
baby, 1, 1, 3
central, 14, 9, 64
disabling, 1, 1, 2
starter, 1, 1, 2
subscription, 1, 1, 5
customer, 3, 3, 8
torn, 1, 1, 3
account, 9, 4, 14
practicing, 2, 2, 3
cquality, 1, 1, 1
7pm, 1, 1, 6
oh, 6, 6, 67
strategically, 1, 1, 3
rushecon, 1, 1, 9
disruptor, 1, 1, 5
anywhere, 1, 1, 7
obvious, 6, 6, 64
client, 1, 1, 1
nostalgic, 1, 1, 8
island, 11, 6, 40
spl, 1, 1, 5
drops, 3, 3, 4
didnt, 2, 2, 36
proof, 1, 1, 379
control, 17, 13, 125
cthulhus, 1, 1, 1
weaker, 1, 1, 129
akdt, 3, 3, 3
links, 6, 6, 137
lock, 2, 2, -2
coolness, 1, 1, 3
purposes, 1, 1, 2
high, 13, 13, 42
effectively, 2, 2, 2
tag, 4, 4, 111
pulling, 2, 2, 14
something, 35, 33, 282
tab, 2, 2, 2
ascension, 1, 1, 0
dominant, 4, 4, 6
voice, 1, 1, -6
sir, 1, 1, 1
varied, 2, 2, 10
psion, 1, 1, 0
guru, 1, 1, 65
holds, 1, 1, 2
pickupescapesplit, 1, 1, 6
regions, 3, 3, 53
located, 1, 1, 9
varies, 1, 1, 1
instead, 11, 11, 59
smurfs, 1, 1, 9
sin, 1, 1, 8
profile, 2, 2, 28
buildings, 3, 3, 18
aspiring, 1, 1, 2
watch, 30, 26, 276
act, 1, 1, 2
rstarcraft, 6, 4, 91
abuse, 4, 4, 11
wrist, 2, 1, 6
macrogames, 2, 2, 3
disobeying, 1, 1, 13
autograph, 1, 1, 3
overreacting, 1, 1, 1
ambiguous, 1, 1, 1
realized, 2, 2, 17
sry, 1, 1, 1
quickest, 1, 1, 2
somethig, 1, 1, 2
bind, 1, 1, 2
chitinous, 3, 1, 2
subreddits, 5, 5, 135
lines, 3, 3, 11
texturing, 1, 1, 1
200200, 1, 1, 2
honestly, 8, 7, 13
allow, 4, 4, 7
gogogo, 1, 1, 245
favourites, 2, 2, 3
steins, 1, 1, 4
sc2linkscom, 1, 1, 1
longest, 2, 2, 92
houston, 1, 1, 20
20132014, 2, 1, 2
waltzed, 1, 1, 6
produces, 1, 1, 3
move, 16, 16, 81
reserves, 1, 1, 20
outage, 1, 1, 3
suprised, 1, 1, 8
produced, 1, 1, 1
131, 1, 1, 7
including, 4, 4, 12
looks, 28, 25, 250
firecakesc2, 1, 1, 5
mentioned, 5, 5, 80
bunch, 4, 3, 14
perfect, 7, 7, 62
delay, 2, 2, 17
brood, 9, 6, 114
outer, 1, 1, 2
la, 1, 1, 4
banner, 1, 1, 3
nostalgia, 3, 3, 87
li, 1, 1, 7
cringe, 1, 1, -2
lt, 17, 15, 225
willing, 7, 7, 27
choose, 11, 9, 252
2015, 3, 3, 6
covered, 1, 1, 2
derelict, 1, 1, 2
hoejja, 2, 2, 88
2010, 6, 2, 87
striders, 1, 1, 1
2012, 1, 1, 1
koreans, 10, 9, 7
dae, 2, 2, -15
greater, 1, 1, 2
asiashanghai, 3, 3, 3
auto, 4, 4, 20
outlined, 1, 1, 1
practice, 11, 11, 40
mediocre, 1, 1, -6
dat, 2, 2, 5
mention, 2, 2, 2
cutting, 1, 1, -7
hands, 4, 3, 12
front, 10, 7, 13
oldskool, 1, 1, 1
winterstarcraft, 1, 1, 3
day, 24, 24, 250
establishes, 1, 1, 1
mods, 3, 3, 10
neeb, 10, 10, 55
edit, 16, 14, 108
warned, 2, 1, 37
university, 15, 5, 42
2001005050, 1, 1, 1
1751255050, 1, 1, 31
bttv, 12, 9, 222
mode, 5, 5, 43
truth, 1, 1, 0
toxic, 1, 1, 0
uninteresting, 1, 1, 15
greedier, 1, 1, 15
flair, 7, 5, 31
showering, 1, 1, 1
blacklisted, 1, 1, 2
armies, 2, 2, 2
freaking, 1, 1, 2
gary, 1, 1, 5
mpamaking, 1, 1, 8
related, 4, 4, 14
strat, 1, 1, -3
temp0, 1, 1, 6
static, 2, 1, 2
measure, 2, 2, 25
80, 3, 3, 10
array, 1, 1, 1
87, 1, 1, 84
special, 1, 1, 3
empires, 1, 1, 3
huk, 1, 1, 1
obliterates, 1, 1, 5
kids, 1, 1, 3
bukake, 1, 1, 2
defend, 6, 5, 17
chaos, 2, 2, 5
banelings, 2, 1, 2
feudal, 1, 1, 2
upset, 1, 1, 1
include, 1, 1, 2
bae, 1, 1, 5
situational, 1, 1, 1
cest, 3, 3, 3
hilarious, 6, 6, 13
imgurcoma4hxwn, 1, 1, 26
memes, 3, 3, 2
memer, 1, 1, -1
cause, 5, 5, 9
red, 1, 1, 10
achievements, 2, 2, 2
shitload, 1, 1, 1
jessica, 1, 1, 1
interactions, 1, 1, 6
averted, 1, 1, 2
talken, 1, 1, 1
economicaggressive, 1, 1, 9
ultralisks, 2, 2, 4
promptly, 1, 1, 6
clarify, 2, 2, 40
completely, 9, 9, 36
york, 3, 3, 43
20reportamp, 2, 2, 6
anyhow, 1, 1, 8
compositions, 1, 1, 2
additional, 3, 3, 75
wwwredditcom, 1, 1, 10
interaction, 2, 2, 8
allies, 1, 1, 1
concussive, 1, 1, 1
afternoon, 1, 1, 2
ruins, 5, 5, 39
could, 44, 34, 280
pughy, 1, 1, 65
heartbreaking, 1, 1, 9
timer, 2, 1, 1
times, 5, 5, 4
conversation, 2, 2, 8
length, 1, 1, 6
produce, 3, 3, 9
wrote, 1, 1, 1
qualifying, 3, 3, 47
hence, 1, 1, 3
footnotes, 1, 1, 10
south, 5, 2, 36
specialistif, 2, 1, -2
ufeardragon64, 1, 1, 26
ibuypower, 1, 1, 1
skreli, 1, 1, 1
ethnic, 1, 1, 4
powerful, 2, 2, 10
scene, 14, 13, 107
owned, 1, 1, 1
jesus, 1, 1, 2
improving, 2, 2, 10
warcraft, 7, 5, 104
submit, 2, 2, 4
soso, 1, 1, 3
blows, 1, 1, 5
kidding, 2, 2, 5
quality, 8, 8, 22
afreeca, 2, 2, 5
utc, 8, 5, 9
leftbottom, 1, 1, 2
americadenver, 3, 3, 3
playlist, 1, 1, 12
dated, 1, 1, -1
bonus, 3, 3, 134
fair, 4, 4, -23
chanman, 1, 1, 1
guys, 17, 17, 78
creator, 3, 2, 12
system, 4, 4, 5
grow, 1, 1, 2
priority, 3, 3, 3
attack, 18, 11, 54
laddering, 3, 3, 13
vetoes, 1, 1, 3
esports, 9, 9, 176
chargelotarchon, 2, 2, 3
messing, 2, 2, 13
final, 3, 2, 6
misunderstood, 1, 1, 2
gear, 1, 1, 6
punish, 1, 1, 3
explanation, 1, 1, 3
exactly, 8, 8, 72
startale, 1, 1, 1
stress, 1, 1, 6
nudity, 1, 1, 1
biggest, 4, 4, 13
regards, 2, 2, 43
uconn, 1, 1, 6
wonderfull, 1, 1, 1
branches, 2, 1, 1
elite, 2, 1, 1
keyboardmouse, 1, 1, 6
loved, 3, 3, 4
liquid, 1, 1, 1
morph, 1, 1, 1
boring, 1, 1, 6
pointers, 1, 1, 2
weekold, 1, 1, 2
submitted, 4, 4, 4
mousing, 1, 1, 6
aztecs, 1, 1, 2
ebays, 1, 1, 9
turtling, 1, 1, -3
bet, 5, 5, 33
allin, 2, 2, 38
ra1, 1, 1, 1
counter, 8, 8, 31
false, 2, 1, 10
2014, 1, 1, 25
neutralize, 1, 1, -3
journey, 1, 1, 1
vacs, 1, 1, 1
partnership, 1, 1, 1
comfortable, 2, 2, 3
tonight, 5, 4, 22
discussions, 1, 1, 26
defending, 4, 3, 0
chambers, 1, 1, 2
need, 30, 30, 209
manitoba, 1, 1, 6
apparently, 1, 1, -6
clearly, 4, 4, 2
viewed, 2, 1, 1
yesterdays, 1, 1, 5
bronzies, 1, 1, 5
afraid, 1, 1, 11
congrats, 2, 2, 7
tldr, 1, 1, 1
able, 21, 19, 127
mid, 2, 2, 2
battles, 2, 2, 6
arm, 5, 2, 4
instance, 1, 1, 9
concerns, 1, 1, 2
demolished, 1, 1, 1
dare, 1, 1, 14
jail, 1, 1, 16
korean, 17, 12, 63
blades, 1, 1, 5
playerbase, 1, 1, 3
2016, 7, 6, 9
unless, 6, 6, 76
combat, 1, 1, 1
centre, 1, 1, 2
grandmaster, 1, 1, 9
montana, 1, 1, 20
hearthstone, 8, 4, 46
06, 3, 3, 2
vultures, 1, 1, 2
attempting, 1, 1, 5
placement, 1, 1, 0
url, 2, 1, 6
nobody, 3, 3, 4
katowice, 6, 4, 18
0aplease, 2, 2, 6
request, 3, 3, 191
face, 6, 6, 13
looked, 2, 2, 30
lots, 4, 4, 8
absurd, 1, 1, 1
lategame, 2, 2, 3
normally, 2, 2, 3
grilzz, 1, 1, 3
fact, 7, 7, 83
goals, 1, 1, 1
impression, 1, 1, 13
ferais, 1, 1, 1
mrpink, 1, 1, 65
location, 2, 2, -1
cute, 3, 3, 12
text, 3, 3, 16
agreed, 1, 1, 1
anyway, 11, 10, 53
purely, 1, 1, 2
planning, 1, 1, 1
progame, 1, 1, 84
tryed, 1, 1, 1
naga, 1, 1, 2
fear, 2, 2, -9
eyes, 5, 5, 19
shield, 3, 3, 12
one, 84, 74, 417
blizzcon, 1, 1, 2
5pm, 2, 2, 36
based, 8, 7, 6
knowledge, 2, 2, 9
micros, 1, 1, 2
winner, 1, 1, 1
pickup, 2, 2, 24
controls, 1, 1, 1
controll, 1, 1, 2
bases, 16, 11, 50
enaugh, 1, 1, 1
jak, 1, 1, 2
riding, 1, 1, 1
piano, 2, 1, 6
partially, 1, 1, 2
local, 1, 1, 7
forfeit, 2, 1, 55
hope, 18, 18, 70
meant, 2, 2, 11
destiny, 1, 1, 2
insight, 1, 1, 17
handle, 1, 1, 1
watching, 13, 13, 35
beat, 10, 10, 25
convert, 1, 1, 1
flirting, 1, 1, 1
overall, 5, 5, 20
lucky, 1, 1, 15
120, 1, 1, 1
tbh, 3, 3, 9
123, 1, 1, 1
perfection, 1, 1, 3
words, 3, 3, 7
consecutive, 2, 1, 2
timing, 4, 4, 65
x1000000, 1, 1, 5
matchups, 4, 4, 23
scrolling, 1, 1, 13
areas, 3, 3, 7
evolution, 1, 1, 3
conclusion, 1, 1, -8
ended, 1, 1, 65
h, 2, 2, 7
expansions, 2, 2, 3
calling, 2, 2, 86
kerrigan, 9, 3, 8
stuff, 13, 12, 41
wish, 6, 6, 20
misdirection, 1, 1, 13
grab, 2, 2, 35
fixed, 1, 1, 5
dpi, 1, 1, 2
knowing, 5, 4, 67
btw, 5, 5, 10
mineralvespene, 1, 1, 1
exists, 1, 1, 2
timezones, 3, 3, 3
arsed, 1, 1, 1
whatevs, 1, 1, 1
edition, 2, 2, 67
legacy, 5, 4, 101
scroll, 1, 1, 1
desperate, 1, 1, 0
omg, 2, 2, 5
leilak, 1, 1, 0
29m14s, 1, 1, 20
commandsometime, 1, 1, 2
stats, 11, 9, 91
interacting, 1, 1, 17
placed, 3, 3, 7
rif_kingz, 1, 1, 5
invulnerable, 2, 2, 16
nature, 2, 2, 35
starleague, 3, 3, 12
willpower, 1, 1, 24
tend, 5, 5, 19
wo, 8, 8, 22
state, 5, 3, 95
converted, 3, 3, 3
rakshir, 1, 1, 2
closed, 1, 1, 3
horrible, 3, 3, 8
progress, 2, 2, 4
neither, 1, 1, 1
keypressunit, 1, 1, 1
email, 2, 2, 6
mainly, 1, 1, 3
bought, 3, 3, 7
meepo, 1, 1, 13
comparable, 1, 1, 1
handful, 1, 1, -3
ability, 8, 5, 142
sheep, 1, 1, 1
opening, 4, 4, 37
sortof, 33, 16, 227
whuuuuuuuuh, 1, 1, 2
supplant, 1, 1, 2
implementing, 1, 1, 2
job, 6, 6, 65
traffic, 1, 1, 1
key, 2, 2, 2
useless, 1, 1, -3
optional, 2, 1, 1
distribution, 1, 1, 6
legit, 2, 2, 6
thumb, 1, 1, 1
restrictions, 1, 1, 8
figured, 1, 1, 23
instant, 1, 1, 33
ramps, 3, 1, 3
career, 2, 2, 154
joke, 6, 6, 32
taking, 14, 13, 120
ramp, 13, 9, 40
equal, 1, 1, 0
etc, 14, 13, 48
moderators, 1, 1, 117
ranked, 11, 6, 19
streams, 3, 3, 32
sports, 2, 2, 11
cleanest, 1, 1, 62
fielder, 1, 1, 1
behaviour, 1, 1, 2
safely, 3, 3, 30
jersey, 5, 5, 140
chest, 1, 1, 1
comment, 8, 8, 140
adjusted, 1, 1, 6
unclear, 1, 1, 2
wtf, 3, 3, 30
cm, 1, 1, 117
excruciatingly, 1, 1, 3
wall, 6, 5, 31
removal, 1, 1, 9
ca, 29, 28, 269
leipzig, 6, 6, 31
ce, 1, 1, 1
walk, 1, 1, 7
reborn, 1, 1, 5
subscribe, 1, 1, 4
faves, 1, 1, 2
laugh, 4, 4, 20
gave, 3, 3, 17
rpi, 1, 1, 6
respect, 3, 3, 7
winning, 3, 3, 92
occasionaly, 1, 1, 2
admin, 3, 2, 35
blink, 4, 3, 5
quit, 1, 1, 1
second, 7, 7, 113
addition, 3, 3, 4
decent, 4, 3, -22
gtr, 1, 1, 1
literal, 1, 1, 0
smurfing, 5, 3, 3
slowly, 1, 1, -2
pissed, 1, 1, 25
ah, 2, 2, 42
indicators, 5, 2, 14
positivity, 1, 1, 8
waste, 1, 1, 2
define, 1, 1, 9
angled, 1, 1, 1
describe, 1, 1, 9
diversity, 2, 2, 27
feardragon, 1, 1, 6
progaymer, 1, 1, 2
wellbesides, 1, 1, 3
wwwamazoncomsref, 2, 1, 6
hmm, 1, 1, 1
gun, 1, 1, 2
graphics, 1, 1, 11
rashes, 1, 1, 1
general, 8, 8, 45
chunkness, 1, 1, 8
wwwteamliquidnet, 1, 1, 1
divisions, 1, 1, 3
multi, 1, 1, 3
unfavorite, 2, 1, 7
welcoming, 1, 1, 16
splits, 2, 2, 2
unlike, 1, 1, 1
fearful, 1, 1, 11
starbow, 3, 3, 9
appearance, 1, 1, 16
cursor, 3, 3, 25
stunning, 3, 2, 84
2013, 1, 1, 2
windowlocation, 2, 1, 10
promoted, 1, 1, 1
1514, 1, 1, 1
happened, 6, 6, 26
fanchants, 1, 1, 1
periods, 2, 2, 8
supply, 3, 3, -1
va, 1, 1, 4
pdt, 3, 3, 3
sc2castscom, 1, 1, 1
almost, 17, 16, 81
mobilitybased, 1, 1, 9
delusion, 1, 1, 0
thus, 1, 1, 18
site, 6, 6, 21
vs, 51, 32, 386
opportunities, 1, 1, 1
dual, 1, 1, 2
lifetime, 1, 1, -3
foreign, 5, 5, 25
starcraft, 54, 41, 446
orbital, 3, 3, 68
mutas, 4, 2, 5
1998, 1, 1, 1
wwwtwitchtvfenn3r, 1, 1, 22
perhaps, 2, 1, 9
wwwredditcomrnfl, 1, 1, 3
views, 1, 1, -23
cross, 3, 2, 9
bestoffive, 2, 2, 36
member, 1, 1, 1
strange, 2, 2, 68
digging, 1, 1, 2
inch, 1, 1, 2
party, 4, 4, 29
android, 1, 1, 1
gets, 15, 14, 123
difficult, 4, 4, 58
spell, 2, 2, 7
http, 93, 50, 938
lookin, 1, 1, 1
coached, 1, 1, 6
dusk, 4, 4, 36
teamliquid, 5, 4, 123
losira, 3, 3, 7
drink, 1, 1, 11
upon, 3, 3, 16
effect, 2, 2, 3
phd, 2, 2, 6
coaches, 1, 1, 2
discouraged, 1, 1, 3
fucked, 1, 1, 37
frequently, 1, 1, 1
nation, 1, 1, 2
lobby, 1, 1, 55
identity, 1, 1, 5
ofc, 1, 1, 2
mech, 5, 4, 140
center, 1, 1, 1
fully, 1, 1, 2
approve, 1, 1, -8
weapon, 1, 1, 84
tp, 1, 1, 5
well, 57, 49, 237
fighting, 3, 3, 20
thought, 11, 10, 139
sheer, 1, 1, 1
command, 1, 1, 5
sets, 2, 2, 2
firstly, 1, 1, 1
position, 15, 12, 66
fail, 1, 1, 7
audio, 1, 1, 11
ahoy, 1, 1, -6
usual, 2, 2, 3
bending, 1, 1, 6
upgraded, 1, 1, 2
underdog, 2, 2, 8
less, 12, 12, 47
xel, 1, 1, 2
downvotes, 2, 2, -5
jonsnow, 1, 1, 1
tcs, 2, 2, 36
mistaken, 1, 1, 1
grubby, 2, 2, 10
recap, 1, 1, 20
mistakes, 4, 4, 16
distant, 1, 1, 2
kantuva, 1, 1, 1
tone, 1, 1, 1
skill, 9, 8, 124
illinois, 1, 1, 20
spells, 1, 1, 2
462qeh, 1, 1, 1
selfironysarcasm, 1, 1, 5
reckoning, 1, 1, 1
pushed, 1, 1, 2
ads, 1, 1, 2
scent, 1, 1, 4
surreal, 1, 1, 84
watchtowers, 2, 1, 2
jeff, 1, 1, 0
blatant, 1, 1, 75
deposits, 1, 1, 1
bullshit, 3, 3, 8
googling, 1, 1, 7
reasons, 3, 3, 12
add, 7, 7, 150
wet, 3, 3, 3
usage, 2, 2, 12
lurkers, 11, 6, 19
smart, 4, 4, 25
impassable, 1, 1, 3
resolved, 1, 1, 5
gods, 1, 1, 2
increased, 3, 3, 18
ample, 1, 1, -3
utah, 1, 1, 20
february, 1, 1, 9
nonkr, 4, 2, 26
scii, 1, 1, 2
community, 24, 16, 143
facial, 1, 1, 5
desk, 2, 2, 7
press, 3, 3, 17
immediately, 1, 1, 11
1614hatchery, 1, 1, 1
looong, 1, 1, 2
name, 5, 5, 122
loss, 3, 3, -11
incredibly, 1, 1, 3
necessary, 3, 3, 19
like, 181, 153, 895
lost, 11, 11, 143
waddling, 1, 1, 3
efficiency, 2, 1, 1
journalism, 1, 1, 107
admitted, 1, 1, 2
loses, 3, 2, 7
sized, 1, 1, 8
hosts, 2, 2, 38
journalist, 1, 1, 2
lose, 10, 10, 44
explaination, 1, 1, 1
become, 7, 6, 0
works, 4, 4, 5
page, 11, 9, 188
smoothness, 1, 1, 17
accessible, 1, 1, 2
sequence, 1, 1, 1
twitter, 7, 7, -11
shrekabobbopd, 1, 1, 10
searching, 1, 1, 5
alive, 5, 4, 94
iiiit, 1, 1, 10
hair, 2, 2, 18
melee, 1, 1, 1
aedt, 3, 3, 3
homo, 1, 1, 9
111, 2, 2, 2
110, 1, 1, 3
proper, 3, 3, 73
home, 3, 2, 9
happens, 4, 4, 77
est, 7, 5, 39
charges, 1, 1, 28
ugothmor621, 1, 1, 1
literally, 10, 8, 20
avoid, 5, 5, 9
lean, 2, 2, 15
constantly, 1, 1, 11
resultsmaps, 1, 1, 15
5amp, 1, 1, 1
leap, 1, 1, 3
passion, 1, 1, 35
happend, 1, 1, 1
screwed, 2, 2, 12
selfpromotion, 2, 2, 3
mined, 1, 1, 2
esl, 6, 6, 71
observer, 1, 1, 1
qaudrant, 1, 1, 1
ripped, 1, 1, 153
noise, 1, 1, 1
schedule, 5, 4, 8
selecting, 1, 1, 2
rock, 7, 6, 42
expansion, 3, 3, 4
pressure, 2, 2, 11
proceeded, 1, 1, 4
r, 3, 3, 4
repair, 1, 1, -5
scrims, 1, 1, 2
hella, 1, 1, 10
stage, 3, 3, 53
throne, 1, 1, 72
actual, 3, 3, 20
getting, 20, 18, 184
freedom, 1, 1, 2
basis, 1, 1, 75
harder, 4, 4, 10
recognized, 1, 1, 1
epiphany, 1, 1, 3
dominion, 2, 2, 6
introduced, 3, 3, 6
documentary, 2, 1, 1
ndt, 3, 3, 3
peak, 4, 3, 87
em, 1, 1, 1
3ccs, 1, 1, 9
portrait, 2, 2, 2
keeps, 1, 1, 2
creativity, 1, 1, 2
zones, 2, 2, 19
terraform, 2, 2, 2
backing, 1, 1, 3
487, 1, 1, 84
cancerous, 1, 1, 1
doesnt, 2, 2, 0
pacificauckland, 3, 3, 3
tiny, 3, 3, 22
likeliness, 1, 1, -4
roads, 1, 1, 1
couldnt, 2, 2, 9
whos, 2, 2, 57
pointless, 1, 1, 3
badass, 1, 1, 1
akilon, 1, 1, 2
4on4, 1, 1, 2
legends, 1, 1, 3
bannerbutton, 1, 1, 18
rivals, 1, 1, 1
transfer, 4, 1, 5
minority, 1, 1, 3
spiral, 1, 1, 5
noticed, 6, 6, 26
rushes, 2, 2, 2
hyun, 1, 1, 3
figuratively, 1, 1, 14
development, 1, 1, 1
o_o, 1, 1, 1
2152016, 1, 1, 20
overlords, 1, 1, 1
basetradetv, 5, 4, 38
naturally, 3, 3, 3
function, 3, 1, 10
stopping, 1, 1, 8
buy, 4, 4, 62
north, 2, 2, 19
destructible, 6, 6, 9
hs, 1, 1, 2
hp, 2, 2, -4
reminds, 6, 6, 37
hi, 8, 8, 23
gain, 2, 2, 37
hm, 1, 1, 5
yeaaa, 1, 1, 2
apollo, 3, 2, 156
hf, 1, 1, 3
eat, 4, 4, 14
count, 4, 4, 94
made, 23, 21, 263
wise, 1, 1, 1
places, 1, 1, 2
whether, 2, 2, -1
dangerous, 2, 2, 6
official, 6, 6, 156
smooth, 1, 1, 2
flip, 3, 3, 38
signed, 2, 2, 113
record, 2, 2, 84
gaps, 1, 1, 0
limit, 1, 1, 3
invest, 1, 1, 2
problem, 8, 8, 86
piece, 2, 2, 8
minutes, 8, 8, 17
display, 2, 2, 4
ring, 1, 1, 1
ex, 1, 1, 5
mechanics, 3, 2, 2
dots, 1, 1, 5
supreme, 1, 1, 4
rifkins, 1, 1, 6
paint, 1, 1, 1
moron, 1, 1, -13
contribute, 1, 1, 1
ins, 1, 1, 1
twist, 2, 2, 12
eu, 5, 5, 23
beats, 1, 1, 33
implement, 2, 2, -2
4p, 3, 1, 8
crystals, 1, 1, 5
commentators, 2, 2, 36
girl, 1, 1, 6
worse, 5, 5, -7
inc, 1, 1, 10
uskiks, 1, 1, 59
diego, 1, 1, 20
compared, 7, 6, 33
variety, 1, 1, 1
46, 2, 2, -2
47, 1, 1, 1
45, 2, 2, -3
40, 3, 3, 0
lately, 5, 5, 60
zvz, 7, 6, 153
details, 1, 1, 13
sick, 4, 4, 47
aest, 3, 3, 3
u, 10, 8, 13
zvp, 4, 3, 82
clicks, 1, 1, 1
zvt, 7, 5, 5
stat, 2, 2, 31
repeat, 1, 1, 15
rtimezonesimplifier, 3, 3, 3
monday, 2, 1, 20
gas, 4, 4, 7
stay, 2, 2, 12
directory, 2, 2, 5
chance, 6, 6, 50
smiley, 1, 1, 1
pathways, 1, 1, 1
kinda, 5, 5, -9
100k, 1, 1, 3
dreampool, 1, 1, 2
outclassing, 1, 1, 6
friends, 10, 10, 9
exposure, 1, 1, 5
sidebar, 1, 1, 1
coat, 1, 1, 1
breaks, 4, 4, 7
amp, 13, 6, 5
samsung, 1, 1, 5
ranks, 3, 3, 6
anime, 1, 1, 4
space, 7, 6, 13
jakatak, 2, 2, -10
intentionally, 1, 1, 11
portion, 1, 1, 1
write, 1, 1, -6
compete, 6, 6, 218
esportstv, 1, 1, 1
m3dnfsjf0_q, 1, 1, 6
searched, 1, 1, 1
lives, 1, 1, 5
steamrolls, 1, 1, 2
20ii, 1, 1, 1
sayle, 1, 1, 23
strategical, 1, 1, 3
tanking, 4, 4, 12
