Word, Frequency, Comment Frequency, Net Score
limited, 2, 2, 4
clamoring, 2, 2, -3
gatekeeper, 1, 1, 17
magnetic, 1, 1, 7
personally, 9, 9, 34
galactica, 2, 2, 2
foul, 1, 1, 6
chaos, 2, 2, -3
four, 4, 4, 15
cdrom, 1, 1, 4
woods, 1, 1, 8
sleep, 2, 2, 401
asian, 1, 1, 25
controversial, 1, 1, 24
hanging, 1, 1, 2
captain, 49, 30, 516
hate, 21, 19, 131
poorly, 3, 3, 68
relationships, 4, 4, 19
whose, 4, 3, 11
husbandtobe, 1, 1, 0
backup, 1, 1, 3
eligible, 1, 1, 4
electricity, 1, 1, 0
skipping, 6, 6, 59
buffyangel, 1, 1, 5
honourary, 1, 1, 3
archaeologist, 1, 1, 1
lore, 1, 1, 1
sorry, 2, 2, 24
pride, 1, 1, 6
im, 2, 2, 3
worth, 12, 12, 56
founding, 1, 1, 4
showy, 1, 1, 3
alternating, 1, 1, 4
plants, 1, 1, 1
file, 1, 1, 7
asteroids, 1, 1, 2
risk, 1, 1, 1
muthafuckin, 1, 1, 2
dynamic, 3, 3, 23
rise, 1, 1, 7
costume, 2, 2, 8
eugenics, 2, 1, 1
fantastically, 1, 1, 6
gritty, 1, 1, 24
every, 24, 21, 94
confederate, 1, 1, 1
affect, 1, 1, 2
genesis, 1, 1, 9
jorel, 1, 1, 0
bringing, 1, 1, 4
encounter, 1, 1, 6
ferenginar, 1, 1, 14
tickets, 3, 2, 5
school, 4, 4, 13
basics, 1, 1, 3
beam, 2, 2, 6
uhmsbountya, 1, 1, 3
pinch, 1, 1, 3
companies, 1, 1, 6
wednesday, 1, 1, 4
correct, 3, 3, 37
nacelle, 1, 1, 1
samurai, 1, 1, 0
convenience, 1, 1, 2
debris, 1, 1, 1
red, 7, 7, 37
enhance, 2, 2, 5
heading, 1, 1, 3
optolythic, 1, 1, 2
enjoy, 13, 13, 89
ahead, 1, 1, 1
overdo, 1, 1, 0
force, 3, 3, 3
leaders, 3, 2, 51
tired, 2, 2, 24
till, 1, 1, 2
baiting, 1, 1, 44
betazoids, 1, 1, 2
guidelines, 1, 1, 1
montalban, 1, 1, 1
japanese, 2, 2, 10
meaninglessly, 1, 1, 3
second, 13, 13, 281
attended, 1, 1, 6
prosper, 1, 1, 1
20723amp, 1, 1, 1
noises, 1, 1, 17
friendships, 1, 1, 6
implemented, 2, 2, 46
specs, 1, 1, 2
machines, 1, 1, 2
theory, 1, 1, 2
even, 65, 49, 291
established, 3, 3, 13
hide, 4, 2, 22
ruthless, 1, 1, 0
saved, 1, 1, 0
umhb210, 1, 1, 4
selected, 2, 2, 5
orchestra, 1, 1, 2
fingers, 1, 1, 1
asia, 1, 1, 25
lights, 1, 1, 2
2269, 1, 1, 45
substory, 1, 1, 1
new, 86, 49, 135
increasing, 1, 1, 0
ever, 22, 20, 159
admiral, 2, 2, 90
disney, 1, 1, -4
2265, 1, 1, 45
mays, 1, 1, 3
unmotivated, 1, 1, 0
simultaneously, 6, 6, 27
behavior, 3, 3, 173
hera, 1, 1, 89
never, 34, 33, 186
feisty, 1, 1, 2
meh, 2, 2, 27
hundreds, 2, 2, 7
met, 2, 2, 5
blackinterest, 1, 1, 3
studio, 5, 5, 7
pursuit, 1, 1, 1
27scut, 1, 1, 2
humility, 1, 1, 8
active, 3, 3, 7
underrepresented, 2, 2, 114
100, 9, 7, 58
excelsior, 2, 2, 4
16, 2, 2, 2
growing, 4, 4, 70
celebration, 1, 1, 2
argh, 1, 1, 3
cyclical, 1, 1, 2
substance, 2, 2, 4
daughter, 1, 1, 1
forum, 1, 1, 3
auction, 3, 2, 41
items, 2, 2, 3
k, 1, 1, 0
changed, 9, 6, 22
medicalline, 1, 1, 3
typically, 3, 3, 3
bro, 1, 1, 2
adopt, 2, 2, 6
itunes, 2, 2, 25
credit, 4, 4, 57
crap, 3, 3, 64
decadethe, 1, 1, 2
military, 7, 6, 31
aka, 1, 1, 0
engineers, 1, 1, 8
catalyzed, 1, 1, 24
cancellation, 1, 1, 1
ricardo, 1, 1, 1
pairings, 1, 1, 0
criticism, 1, 1, 6
golden, 1, 1, 16
fantastic, 11, 10, 106
fix, 5, 5, 501
letting, 2, 2, 24
conman, 1, 1, 0
_never_, 1, 1, 1
split, 1, 1, 2
precident, 1, 1, 2
possessing, 1, 1, 2
explained, 2, 2, 8
excuse, 2, 2, 14
highly, 5, 5, 15
psychological, 2, 2, 7
unix, 1, 1, 6
undesirable, 1, 1, 1
moral, 5, 5, 15
guests, 1, 1, 4
hindsight, 1, 1, 1
stand, 9, 7, 35
total, 2, 2, 17
nccretirement, 1, 1, 12
kobayashi, 2, 1, 3
opponents, 1, 1, 3
plot, 27, 18, 72
charge, 4, 3, 6
would, 175, 104, 1208
249509, 1, 1, 4
commissioned, 1, 1, 2
marine, 3, 2, 9
achieve, 1, 1, 1
risa, 1, 1, 1
inevitable, 1, 1, 29
music, 6, 6, 88
calm, 2, 2, 12
typo, 1, 1, 1
retaking, 1, 1, 0
strike, 2, 2, 6
survive, 4, 4, 27
25th, 1, 1, 9
type, 6, 5, 52
separated, 1, 1, 1
descent, 1, 1, 8
asteroid, 1, 1, 1
posting, 4, 4, 24
holy, 4, 4, 16
relax, 3, 3, 16
successful, 2, 2, 28
brings, 3, 3, 38
dressing, 1, 1, 18
haha, 2, 2, 2
wars, 8, 5, 19
warp, 24, 13, 38
aware, 5, 5, 32
barelyhidden, 1, 1, 1
warm, 1, 1, 0
short, 3, 3, 11
excellent, 5, 5, 34
hole, 1, 1, 1
hold, 6, 6, 70
95, 1, 1, 1
must, 9, 7, 16
00s, 1, 1, 2
morally, 2, 2, 3
1995, 1, 1, 7
1994, 1, 1, 3
worf, 30, 21, 145
1996, 2, 2, 6
pursue, 1, 1, 0
1998, 1, 1, 3
work, 15, 15, 265
roof, 1, 1, 10
mt, 3, 3, 29
tng, 164, 106, 643
17060, 1, 1, 1
intsaleid, 1, 1, 1
era, 9, 8, 22
lightyears, 1, 1, 8
concepts, 3, 3, 29
appendage, 1, 1, 2
akin, 2, 2, 8
example, 4, 4, 20
summarizes, 1, 1, 3
jelico, 1, 1, 5
transition, 1, 1, 4
moping, 2, 2, 2
estate, 1, 1, 4
give, 18, 17, 51
bennett, 1, 1, 1
551, 1, 1, 3
vash, 2, 2, 5
involve, 1, 1, 17
foods, 2, 2, 18
overheard, 1, 1, 8
want, 33, 33, 210
imperfect, 1, 1, 1
appointment, 1, 1, 1
keep, 11, 10, 38
attract, 1, 1, 2
guarantee, 1, 1, 89
garbage, 1, 1, 18
aging, 2, 1, 4
iggy, 1, 1, 0
trill, 1, 1, 2
stride, 1, 1, 9
provide, 2, 2, 5
travel, 19, 13, 55
thousands, 2, 2, 5
feature, 1, 1, 18
revisit, 1, 1, 2
machine, 2, 2, 2
amazing, 9, 8, 29
writers, 17, 15, 72
ent, 17, 16, 75
conn, 1, 1, 4
opposite, 2, 2, 7
significance, 1, 1, 7
interview, 2, 2, 44
isolinear, 1, 1, 2
ordinary, 1, 1, 2
beach, 1, 1, 1
massive, 4, 4, 19
badly, 1, 1, 1
quicktime, 1, 1, 1
viewsreen, 1, 1, 3
mess, 1, 1, 2
reconciled, 2, 2, 91
filming, 2, 1, 2
lump, 1, 1, 2
customs, 2, 2, 23
objectively, 1, 1, 15
londo, 1, 1, 5
wrong, 15, 14, 86
jumping, 1, 1, 1
buffs, 1, 1, 3
lay, 1, 1, 1
destined, 2, 2, 3
510, 1, 1, 25
president, 2, 2, 3
asset, 1, 1, 4
nostupidhashtags, 1, 1, 28
arch, 1, 1, 1
lesbian, 4, 3, 9
las, 1, 1, 6
complacent, 1, 1, 0
pegg, 13, 12, 37
attempt, 3, 3, 21
third, 4, 4, 5
occasions, 1, 1, 8
datatype, 1, 1, 0
attracts, 1, 1, 1
appreciate, 2, 2, 9
lost, 8, 7, 31
subplots, 1, 1, 16
viewscreen, 3, 3, 67
baggage, 2, 2, 27
maintain, 1, 1, 4
funniest, 1, 1, 14
latched, 1, 1, 3
enter, 3, 2, 47
humour, 1, 1, 1
worst, 8, 8, 30
enterpriserefit, 1, 1, 1
first, 120, 92, 534
ritesa, 1, 1, 9
order, 13, 13, 176
cardassia, 1, 1, 0
operations, 6, 4, 10
longer, 4, 2, 5
chokes, 1, 1, 1
executed, 5, 4, 27
interpretation, 1, 1, 3
feedback, 1, 1, 3
office, 1, 1, 24
deck, 8, 3, 23
numbers, 4, 3, 8
vary, 1, 1, 9
barrett, 1, 1, 5
blatent, 1, 1, 1
teen, 3, 2, 10
st2st3st4, 1, 1, 2
64000, 1, 1, 3
silliness, 1, 1, 3
slimmer, 1, 1, 2
speculating, 3, 3, 13
futuristic, 1, 1, 5
fit, 6, 6, 49
somewhere, 5, 5, 5
edith, 1, 1, 9
interaction, 1, 1, 3
betrayed, 2, 1, 1
expectations, 2, 2, 8
imo, 6, 6, 26
writing, 14, 12, 103
better, 46, 43, 257
rescued, 2, 2, 61
truest, 1, 1, 1
production, 3, 3, 5
compelling, 1, 1, 1
differently, 3, 3, 8
enlisted, 2, 2, 7
infogrames, 1, 1, 1
whips, 1, 1, 0
_good_, 2, 1, 1
hidden, 2, 2, 89
cred, 1, 1, 1
easier, 1, 1, 3
_a, 1, 1, 1
genuinely, 1, 1, 2
versus, 2, 2, 5
affected, 1, 1, 3
widely, 2, 2, 11
confuse, 1, 1, 3
downs, 1, 1, 2
safe, 1, 1, 0
oneil, 1, 1, 1
break, 2, 2, 1
esteemed, 1, 1, 89
bang, 1, 1, 2
contesting, 1, 1, 1
hiring, 1, 1, 10
effects, 13, 11, 93
hooking, 1, 1, 398
altogether, 1, 1, 2
one, 126, 98, 580
linuxdienetman5cpm, 1, 1, 7
81amp, 1, 1, 2
represents, 4, 3, 206
potatoes, 1, 1, 1
reasonably, 1, 1, 3
cerebrums, 1, 1, 1
rocks, 1, 1, 2
explode, 1, 1, 1
skills, 1, 1, 2
plain, 2, 2, 2
fringes, 1, 1, 1
lockout, 1, 1, 1
conflict, 11, 8, 41
arrow, 1, 1, 0
went, 16, 15, 95
side, 5, 3, 19
s1, 3, 3, 30
mean, 22, 17, 159
rebooted, 3, 3, -4
interruption, 1, 1, 0
winn, 10, 8, 74
stressful, 1, 1, 10
periodical, 1, 1, 0
series, 108, 76, 409
posthugh, 1, 1, 1
romulans, 8, 4, 37
overhated, 1, 1, 0
parasites, 1, 1, 2
strips, 1, 1, 1
photograph, 1, 1, 3
forgot, 2, 2, 9
navy, 1, 1, 4
twok, 2, 1, 1
newb, 2, 1, 6
xp, 4, 2, 5
contend, 1, 1, 2
grubs, 1, 1, 3
reused, 1, 1, 3
gon, 3, 3, 7
rp, 1, 1, -1
network, 4, 4, 19
4725, 1, 1, 2
god, 6, 6, 20
gog, 1, 1, 1
diesel, 1, 1, 46
tomorrow, 2, 2, 47
content, 5, 5, 23
hoshi, 1, 1, 6
daniel, 1, 1, 1
undeserved, 1, 1, 2
rc, 1, 1, 2
medicine, 1, 1, 44
got, 63, 53, 419
ro, 4, 1, 0
forth, 1, 1, 1
ryan, 1, 1, 18
centauri, 1, 1, 5
foundation, 2, 1, 2
perception, 1, 1, 3
turning, 2, 2, 12
city, 4, 4, 5
tasha, 5, 4, 8
qualifications, 1, 1, 14
revenge, 2, 2, 3
free, 3, 3, 19
standard, 4, 4, 6
admits, 1, 1, 4
masterpiece, 2, 2, 0
formation, 1, 1, 4
struggle, 2, 2, 3
elsewhere, 2, 2, 10
cavemen, 1, 1, 3
estimate, 1, 1, 2
wanted, 14, 13, 99
gameplay, 1, 1, 28
universally, 1, 1, 6
soundcloud, 2, 2, 25
personalities, 1, 1, 14
conform, 1, 1, 2
enormous, 2, 2, 2
1455558700amp, 1, 1, 2
graduated, 1, 1, 2
ds9, 165, 87, 430
argument, 2, 2, 3
zapped, 1, 1, 2
messages, 2, 2, 5
days, 16, 11, 790
ups, 1, 1, 2
silicon, 1, 1, 0
disturbed, 1, 1, 0
100000, 1, 1, 4
unknown, 1, 1, 1
tied, 2, 2, 4
uses, 2, 2, 8
hannibal, 4, 3, 14
onto, 2, 2, 9
caught, 2, 2, 9
speeds, 1, 1, 3
humanoids, 5, 1, 0
duties, 1, 1, 17
99999, 1, 1, 4
already, 16, 15, 163
features, 6, 6, 23
hearsay, 1, 1, 7
psychic, 1, 1, 2
uwilliamshatner, 1, 1, 9
encouraging, 1, 1, 0
rank, 9, 7, 42
hearing, 4, 4, 11
lovable, 1, 1, 14
rant, 1, 1, 4
featured, 1, 1, 3
alarm, 1, 1, 1
wrapper, 2, 2, 4
another, 22, 21, 86
drones, 1, 1, 2
miserable, 1, 1, 57
176, 1, 1, 1
immensely, 1, 1, 11
clarity, 1, 1, 1
dti, 1, 1, 1
trashing, 1, 1, 24
emperor, 1, 1, 5
magnificent, 1, 1, 1
likely, 10, 8, 33
similarly, 1, 1, 5
tor, 1, 1, 1
tos, 89, 56, 337
13006000, 1, 1, 45
girls, 1, 1, 8
heights, 1, 1, 2
needed, 4, 3, 7
quinto, 1, 1, 2
tmptff, 1, 1, 3
master, 1, 1, 4
starfleet, 25, 17, 175
klingons, 27, 16, 78
hollywood, 1, 1, 46
john, 1, 1, 46
massively, 1, 1, 1
ranging, 1, 1, 24
listen, 2, 2, 27
urban, 1, 1, 2
avatar, 1, 1, 0
fanatical, 1, 1, 19
offhand, 2, 2, 2
happily, 1, 1, 2
serve, 2, 2, 5
took, 14, 13, 47
direct, 3, 3, 83
task, 1, 1, 8
predictable, 1, 1, 4
somewhat, 5, 5, 85
alexandermama, 1, 1, 0
wasted, 1, 1, 4
shortly, 2, 2, 10
spoiler, 3, 3, 5
trek, 256, 141, 1329
critism, 1, 1, 0
showed, 6, 5, 14
older, 6, 5, 14
tree, 1, 1, 24
scenes, 21, 14, 73
packed, 2, 2, 1
project, 3, 3, 6
matter, 7, 7, 38
classes, 3, 3, 13
silly, 2, 2, 45
friend, 7, 6, 25
iron, 1, 1, 0
okuda, 1, 1, 2
knights, 1, 1, 10
joy, 1, 1, 1
feeling, 5, 5, 45
powers, 2, 2, 4
minus, 1, 1, 45
screenplay, 1, 1, 4
bridge, 32, 14, 155
gallifrey, 1, 1, 1
fashion, 2, 1, 2
sees, 1, 1, 2
groaning, 1, 1, 0
exploring, 11, 5, 12
ran, 2, 2, 11
navigate, 1, 1, 44
modern, 10, 10, 24
mind, 13, 12, 51
3afebruary11th2016, 1, 1, 4
fandom, 2, 2, 3
transporters, 1, 1, 2
talking, 8, 8, 75
seed, 2, 2, 4
manner, 1, 1, 3
prerecorded, 2, 2, 51
seen, 26, 25, 266
seem, 22, 22, 111
picks, 1, 1, 5
relatively, 2, 2, 6
triangle, 1, 1, 19
forced, 2, 2, 25
410000, 1, 1, 4
genuine, 3, 3, 24
1969, 2, 1, 1
concrete, 1, 1, 1
latter, 1, 1, 2
blurays, 3, 2, 3
1960, 1, 1, 3
isolated, 1, 1, 0
oriented, 1, 1, 1
fitting, 1, 1, 17
practices, 1, 1, 44
ribbon, 1, 1, 1
doors, 1, 1, 3
sleeper, 1, 1, 1
pretos, 1, 1, 2
lefler, 1, 1, 2
hulunetflixamazon, 1, 1, 2
exactly, 2, 2, 7
committing, 1, 1, 3
though, 43, 39, 287
denominator, 1, 1, 4
philosophy, 1, 1, 1
panel, 2, 2, 14
translator, 3, 3, 7
regular, 5, 4, 9
germany, 1, 1, 22
artifact, 1, 1, 41
splinter, 1, 1, 0
commanding, 3, 3, 4
phase, 3, 3, 5
coil, 1, 1, 2
bsg, 3, 1, 1
jean, 1, 1, 2
grave, 1, 1, 1
morality, 2, 2, 3
promotions, 3, 3, 7
episode, 112, 71, 454
richard, 2, 2, 143
medical, 14, 7, 44
prophets, 3, 3, 30
definitely, 18, 17, 113
tech, 8, 6, 13
digit, 2, 2, 21
enterprise, 90, 60, 233
lancie, 1, 1, 1
entertaining, 7, 7, 20
throwaway, 2, 2, 3
annoyed, 7, 6, 22
came, 12, 11, 30
adventurish, 1, 1, 2
saying, 6, 6, 336
disappeared, 1, 1, 6
lyrics, 5, 4, 5
marvel, 1, 1, 1
visitor, 2, 2, 4
armament, 1, 1, 0
subreddit, 4, 4, 64
mokbara, 1, 1, 44
colors, 1, 1, 8
radio, 2, 2, 455
emotions, 4, 4, 38
stepping, 1, 1, 4
keywords, 1, 1, 2
earth, 13, 12, 77
romulus, 1, 1, 10
enjoyed, 6, 6, 16
irrational, 1, 1, 6
caper, 1, 1, 0
capes, 1, 1, 6
execution, 3, 3, 7
inappropriate, 1, 1, 1
clicked, 1, 1, 8
homeworld, 1, 1, 2
louise, 3, 3, 44
implementation, 2, 2, 42
explain, 4, 4, 23
appreciated, 1, 1, 10
tostng, 1, 1, 1
theme, 9, 8, 31
dillemas, 1, 1, 6
remus, 1, 1, 10
rick, 1, 1, 7
pursuing, 1, 1, 0
folks, 6, 6, 21
announce, 2, 2, 24
population, 1, 1, 89
tge, 1, 1, 2
indepth, 2, 2, 8
continuity, 5, 5, 6
capper, 1, 1, 1
judzia, 2, 1, 25
establishes, 1, 1, 2
colorful, 1, 1, 4
10, 8, 8, 63
observant, 1, 1, 1
deforest, 1, 1, 3
stop, 8, 8, 49
fluid, 1, 1, 2
geek, 1, 1, 1
amazon, 3, 3, 13
beefing, 1, 1, 1
despite, 7, 7, 41
report, 1, 1, 4
onboard, 2, 2, 5
saturn, 1, 1, 2
dr, 19, 15, 117
nurse, 1, 1, 8
14, 6, 2, 3
earl, 1, 1, 1
assigned, 1, 1, 14
runs, 1, 1, 7
chronological, 1, 1, 1
bar, 1, 1, 1
blast, 1, 1, 1
stalwarts, 1, 1, 1
countries, 2, 2, 4
imgurcomyeaxkf4, 1, 1, 0
officially, 2, 1, 49
s03e09, 1, 1, 23
trace, 1, 1, 24
humanism, 1, 1, 5
emh, 1, 1, 0
idiotic, 1, 1, 2
disco, 2, 2, 10
twice, 4, 4, 65
bad, 41, 31, 211
erupt, 1, 1, 0
stead, 1, 1, 2
internships, 1, 1, 2
shots, 1, 1, 1
release, 3, 2, 5
aesthetic, 1, 1, 4
told, 4, 4, 23
explanations, 3, 3, -1
treklore, 1, 1, 6
ears, 2, 2, 13
respond, 1, 1, 3
blew, 1, 1, 1
decides, 2, 2, 17
disaster, 1, 1, 0
reference, 5, 5, 9
shuttlebay, 2, 1, 3
testing, 1, 1, 0
1960s, 1, 1, 2
detection, 1, 1, 0
stng, 1, 1, -2
depends, 2, 2, 2
decided, 7, 6, 92
swindlers, 1, 1, 0
result, 3, 3, 21
horrendous, 1, 1, 8
discussions, 2, 2, 1
hero, 1, 1, 0
best, 58, 49, 293
techniques, 2, 2, 5
voyage, 9, 8, 53
01, 1, 1, 4
draws, 1, 1, 2
temptation, 1, 1, 9
lots, 4, 3, 10
away, 17, 16, 352
09, 2, 2, 71
wikipedia, 3, 3, 7
yet, 18, 17, 118
stamps, 1, 1, 4
unable, 1, 1, 3
discovers, 1, 1, 0
props, 3, 2, 58
traits, 1, 1, 2
sorts, 1, 1, 0
encounters, 1, 1, 0
shields, 3, 2, 5
lethargic, 1, 1, 0
warrior, 3, 2, 5
men, 7, 7, 39
terms, 2, 2, 17
hundred, 1, 1, 2
sortamp, 1, 1, 1
nature, 1, 1, 0
wo, 10, 9, 43
trekking, 1, 1, 4
weak, 10, 8, 38
however, 14, 14, 112
bioware, 1, 1, 10
equals, 2, 1, 1
stripped, 1, 1, 3
pathprefix, 1, 1, 1
wear, 3, 3, 22
extent, 1, 1, 1
exploratory, 1, 1, 7
news, 4, 2, 12
intelligent, 1, 1, 3
223304, 1, 1, 3
improve, 1, 1, 1
adapting, 2, 2, 11
ranges, 2, 2, 49
essentially, 2, 2, 6
cow, 1, 1, 2
farout, 1, 1, 1
coy, 1, 1, 3
infinitely, 1, 1, 25
games, 5, 5, 24
planned, 1, 1, 4
receives, 1, 1, 4
logic, 1, 1, 24
distinction, 1, 1, 3
argue, 5, 4, 97
disappears, 1, 1, 0
asked, 4, 4, 25
con, 3, 2, 5
whining, 1, 1, 24
supports, 2, 2, 11
presumably, 3, 2, 22
tone, 1, 1, 9
appeared, 3, 3, 30
vast, 1, 1, 8
seizure, 1, 1, 5
represented, 1, 1, 89
258, 1, 1, 4
terrorism, 1, 1, 2
initiative, 1, 1, 0
translates, 1, 1, 1
path, 1, 1, 1
andorians, 1, 1, 3
trust, 2, 2, 5
bureaucratic, 1, 1, 19
speak, 2, 2, 3
code, 2, 2, 11
s1e1, 2, 1, 14
dorn, 2, 2, 18
proceeded, 1, 1, 6
home01a, 1, 1, 12
engines, 5, 4, 26
parley, 1, 1, 16
curiosity, 1, 1, 2
jadzia, 4, 4, 64
binge, 3, 3, 8
three, 7, 7, 103
tragedy, 2, 1, 5
bothers, 2, 2, 42
commission, 2, 2, 5
much, 78, 64, 396
windowviewer, 1, 1, 1
interest, 2, 2, 9
basic, 8, 6, 15
expected, 3, 2, 4
headrests, 2, 1, 1
lovely, 1, 1, 2
shits, 1, 1, 1
correction, 2, 2, 8
villans, 2, 1, 4
threw, 1, 1, 10
website, 2, 2, 4
life, 20, 18, 514
walter, 1, 1, 5
deeper, 2, 2, 5
attacked, 2, 2, 4
concerning, 1, 1, 1
dismiss, 1, 1, 0
writting, 1, 1, 1
microwormhole, 2, 1, 0
enterprises, 1, 1, 0
chill, 4, 4, 116
vulcan, 8, 6, 27
tapping, 1, 1, 12
child, 3, 2, 3
catch, 1, 1, 14
enterprisee, 1, 1, 0
worked, 7, 7, 60
crossover, 2, 2, 14
steamrolled, 1, 1, 3
enterprisec, 1, 1, 3
applied, 1, 1, 5
unpopular, 2, 2, 14
exception, 2, 2, 3
laforge, 4, 4, 106
reciprocal, 1, 1, 24
woah, 3, 1, 5
launches, 1, 1, 1
quadrants, 1, 1, 0
1xxxx, 1, 1, 1
act, 4, 4, 43
near, 3, 3, 2
mates, 1, 1, 2
neat, 2, 2, 37
viii, 1, 1, 2
penultimate, 1, 1, 4
stopping, 1, 1, 1
voice, 7, 7, 149
leaves, 1, 1, 1
natives, 1, 1, 6
imagination, 1, 1, 2
microjump, 1, 1, 1
seven, 11, 9, 79
kumbaya, 1, 1, 1
eden, 1, 1, 3
played, 8, 8, 39
explanation, 4, 4, 10
fakes, 1, 1, 5
ii, 3, 3, 6
shame, 4, 4, 27
cant, 1, 1, 3
exit, 1, 1, 3
jared, 1, 1, 2
creepy, 1, 1, 0
ramifications, 1, 1, 3
hyperdrive, 1, 1, 1
insensitive, 1, 1, 1
ie, 1, 1, 2
id, 3, 3, 4
upn, 3, 3, 23
grown, 1, 1, 4
museums, 1, 1, 1
confirmed, 1, 1, 1
resetting, 1, 1, 4
miniature, 2, 2, 5
disrupted, 1, 1, 1
things, 40, 36, 233
make, 58, 46, 237
batonpassing, 1, 1, 1
wound, 1, 1, 2
jerry, 1, 1, 1
linked, 1, 1, 1
forehead, 2, 2, 3
commits, 1, 1, 2
complex, 5, 5, 47
belly, 1, 1, 4
big, 39, 34, 281
80s, 4, 4, 19
success, 1, 1, 11
several, 6, 6, 12
grows, 1, 1, 8
voyager, 72, 51, 258
fairly, 4, 4, 12
shatner, 8, 7, 37
screw, 1, 1, 46
disagreement, 1, 1, 1
pick, 4, 4, 49
torpedoes, 5, 4, 8
kirkactor, 1, 1, 26
evil, 2, 2, 4
hand, 6, 6, 451
corruption, 1, 1, 0
berserk, 1, 1, 2
depict, 1, 1, 1
characters, 58, 45, 357
constitution, 3, 3, 9
workings, 1, 1, 1
ncc1701, 2, 2, 4
headquarters, 1, 1, 3
opportunity, 2, 2, 2
thoughts, 10, 8, 88
kid, 9, 9, 39
mentioning, 1, 1, 14
vengeful, 1, 1, 7
kept, 5, 4, 13
piccard, 1, 1, 14
romp, 1, 1, 3
matters, 2, 2, 5
changes, 5, 4, 11
1975, 1, 1, 2
failing, 2, 2, 3
neptune, 1, 1, 2
lcd, 1, 1, 2
intrigue, 1, 1, 2
tho, 3, 3, 10
campy, 1, 1, 2
ijs0hhozfq, 1, 1, 2
contact, 20, 18, 75
qualities, 1, 1, 2
mother, 1, 1, 89
obrian, 1, 1, 5
sociopath, 1, 1, 2
left, 6, 4, 12
opinions, 7, 7, 24
endless, 2, 2, 3
reeks, 1, 1, 0
protocol, 1, 1, 14
nerdiest, 2, 1, 1
yea, 1, 1, 2
photo, 1, 1, 1
engine, 1, 1, 1
unfair, 1, 1, 3
crewed, 1, 1, 18
aside, 3, 3, 33
nearing, 1, 1, 1
bandwidth, 1, 1, 4
thanks, 11, 11, 420
human, 18, 12, 168
facts, 1, 1, 89
followed, 1, 1, 1
yes, 21, 20, 120
executive, 1, 1, 1
portrayed, 3, 3, 25
50th, 3, 3, 50
previous, 4, 4, 22
adding, 1, 1, 2
wellresearched, 1, 1, 3
enters, 3, 3, 46
collars, 1, 1, 7
bebopfirefly, 1, 1, 2
instance, 2, 2, 8
kell, 1, 1, 3
regarded, 1, 1, 2
character, 64, 49, 450
passive, 1, 1, 7
shout, 1, 1, 6
spread, 1, 1, 0
keeler, 1, 1, 9
board, 2, 2, 21
lives, 5, 5, 29
technological, 1, 1, 2
repopulate, 2, 2, 3
fanfiction, 1, 1, 18
save, 3, 3, 4
plasma, 2, 2, 3
humanity, 6, 4, 8
laying, 1, 1, 6
kronosqonos, 2, 2, 16
basset, 1, 1, 11
casting, 5, 5, 25
dignity, 1, 1, 4
jailbreak, 1, 1, 8
survival, 6, 5, 65
rehash, 2, 2, 5
possible, 6, 6, 25
isolationists, 1, 1, 0
possibly, 3, 3, 23
cultural, 1, 1, 0
unification, 1, 1, 0
qonos, 1, 1, 10
background, 7, 7, 69
wanting, 1, 1, 2
judge, 1, 1, 1
shadow, 1, 1, 1
unique, 1, 1, 0
advanced, 5, 4, 31
apart, 4, 4, 10
desire, 1, 1, 0
brought, 4, 4, 13
rewatching, 5, 5, 15
gift, 1, 1, 4
glitch, 1, 1, 1
nude, 1, 1, 3
performing, 1, 1, 2
manual, 2, 2, 4
unnecessary, 3, 3, 11
darn, 1, 1, 1
specific, 6, 6, 15
informative, 2, 2, 5
imgurcomaxbo2w, 1, 1, 3
officer, 34, 15, 152
night, 6, 5, 46
rarely, 1, 1, 8
invaluable, 1, 1, 3
security, 3, 3, 6
grotesquely, 1, 1, 1
sometime, 1, 1, 3
whomever, 1, 1, 2
tastes, 1, 1, 57
unexplored, 1, 1, 0
cancelled, 1, 1, 18
right, 16, 15, 61
old, 25, 22, 102
deal, 13, 12, 129
people, 71, 52, 346
needle, 1, 1, 3
easy, 4, 4, 16
ironically, 1, 1, 4
dead, 9, 9, 112
oh, 5, 5, 57
chests, 1, 1, 1
born, 2, 2, 2
productions, 1, 1, 4
jupiter, 1, 1, 2
whichever, 1, 1, 1
statistic, 1, 1, 2
borg, 29, 13, 70
pain, 2, 2, 7
bore, 1, 1, 4
guess, 6, 6, 12
weakest, 1, 1, 16
enemies, 3, 1, 0
ignore, 1, 1, 2
dense, 1, 1, 2
combat, 3, 3, 6
bottom, 2, 2, 4
armed, 1, 1, 19
flare, 1, 1, 1
nerdist, 1, 1, 16
comments, 4, 4, 11
creative, 2, 2, 1
everything, 21, 18, 54
asking, 3, 3, 49
exposition, 1, 1, 5
unit, 1, 1, 1
embodies, 1, 1, 7
denied, 1, 1, 4
payed, 1, 1, 4
differentness, 1, 1, 17
romans, 1, 1, 3
displayed, 1, 1, 8
overrated, 3, 3, 27
core, 6, 6, 28
buttonscontrols, 1, 1, 2
knew, 2, 2, 8
bold, 4, 3, 24
energy, 1, 1, 2
subscriptions, 1, 1, 3
deleted, 1, 1, 2
devil, 1, 1, 2
reflection, 2, 2, 4
decisions, 2, 2, 21
costs, 1, 1, 3
translated, 2, 2, 12
sift, 1, 1, 4
bangup, 1, 1, 0
phew, 1, 1, 1
amuses, 1, 1, 4
mishandled, 1, 1, 3
flaws, 5, 4, 9
post, 6, 6, 31
super, 11, 11, 60
underpowered, 1, 1, 2
tribbles, 3, 2, 7
digestible, 1, 1, 1
weighing, 1, 1, 2
derailed, 1, 1, 25
cowboy, 1, 1, 2
attacks, 1, 1, 8
simians, 1, 1, 1
dollars, 1, 1, 1
citizens, 4, 1, 0
sr_1_1, 1, 1, 2
compliment, 4, 3, 32
plunging, 1, 1, 0
magazine, 1, 1, 4
plus, 6, 6, 70
afternoon, 1, 1, 9
stoked, 1, 1, 4
insecurity, 1, 1, 2
commit, 1, 1, 0
lacked, 2, 2, 7
eps, 1, 1, 1
slightly, 7, 5, 21
automatically, 3, 2, 21
nixon, 1, 1, 141
rockhard, 1, 1, 8
primitive, 4, 3, 5
macduff, 2, 1, 5
dilemma, 1, 1, 0
subs, 1, 1, 2
lied, 1, 1, 6
presence, 1, 1, 16
civil, 3, 1, 0
sickbay, 1, 1, 3
puzzle, 2, 2, 8
lien, 1, 1, 6
sol, 1, 1, 3
obscene, 1, 1, 1
son, 2, 2, 10
device, 3, 1, 7
beings, 1, 1, 1
armored, 1, 1, 1
wrap, 2, 2, 40
versions, 2, 2, 3
soon, 5, 3, 15
annoyance, 1, 1, 3
rely, 3, 2, 5
stereotype, 1, 1, 2
undiscovered, 7, 6, 51
majel, 1, 1, 5
support, 6, 4, 8
constantly, 3, 3, 59
knowing, 3, 3, 22
overblown, 1, 1, 2
reduced, 1, 1, 2
tame, 2, 2, 4
forhead, 1, 1, 3
fucking, 8, 7, 18
joseph, 1, 1, 2
utopian, 1, 1, 1
way, 63, 45, 235
crews, 2, 2, 2
fairness, 1, 1, 2
call, 2, 2, 102
factions, 1, 1, 0
war, 23, 13, 67
happy, 5, 5, 36
polaron, 1, 1, 5
became, 5, 4, 25
head, 10, 10, 28
insurrection, 6, 6, 16
entrenched, 2, 2, 3
imgurcomavfnhq, 1, 1, 1
form, 5, 5, 2
offer, 4, 4, 11
understandably, 1, 1, 6
attempted, 1, 1, 0
differences, 2, 2, 16
kim, 1, 1, 6
landing, 1, 1, 20
back, 43, 40, 223
jive, 1, 1, 0
hear, 10, 7, 62
odyssey, 1, 1, 2
justify, 1, 1, 2
yo, 1, 1, 6
sustained, 1, 1, 1
removed, 2, 2, 1
true, 11, 10, 92
bondish, 1, 1, 14
humiliate, 1, 1, 1
jellyfish, 3, 2, 18
outdid, 1, 1, 4
portions, 1, 1, 1
tack, 1, 1, 4
streaming, 10, 9, 73
pillowfight, 1, 1, 2
inside, 4, 3, 3
dollhouse, 1, 1, 1
maximum, 2, 2, 6
tell, 11, 11, 70
considered, 5, 5, 3
eridani, 1, 1, 6
adore, 2, 1, 1
nerdy, 4, 3, 9
smashed, 2, 2, 2
mmmmm, 1, 1, 8
duet, 6, 4, 19
stages, 2, 2, 3
nerds, 1, 1, 1
examples, 2, 2, 9
trim, 1, 1, 1
150, 1, 1, 4
trio, 3, 2, 9
proud, 3, 3, 10
proved, 1, 1, 4
moore, 1, 1, 9
computing, 1, 1, 3
mishaps, 1, 1, 9
escape, 1, 1, -1
covers, 2, 2, 25
drive, 4, 2, 3
dear, 1, 1, 0
ruin, 2, 2, 2
exist, 2, 2, 4
promised, 2, 2, 15
waysneural, 1, 1, 2
empath, 1, 1, 1
ship, 53, 34, 184
annoying, 3, 3, 17
sympathy, 1, 1, 15
check, 3, 3, 6
shit, 16, 13, 56
standardized, 1, 1, 20
pipe, 2, 2, 11
lot_, 1, 1, 1
discriminate, 1, 1, 0
faithful, 1, 1, 2
authoritative, 1, 1, 11
na, 3, 3, 7
stake, 1, 1, 4
sisko, 10, 10, 40
actor, 13, 12, 77
reality, 2, 2, 5
nx, 2, 1, 3
interested, 6, 5, 9
role, 4, 4, 65
justification, 1, 1, 4
holding, 3, 3, 54
oscar, 1, 1, 11
test, 21, 9, 141
tie, 2, 2, 22
namco, 1, 1, 1
realize, 3, 3, 7
unbalanced, 2, 2, 26
picture, 14, 14, 94
aorund, 1, 1, 0
intend, 1, 1, 7
slaves, 1, 1, 2
faction, 2, 1, 0
models, 3, 3, 3
felt, 17, 12, 74
convincing, 3, 2, 41
update, 2, 2, 5
katra, 1, 1, 4
trailers, 1, 1, 3
journey, 3, 3, 3
intent, 2, 2, 4
ridges, 2, 2, 4
scores, 1, 1, 9
transporter, 4, 4, 16
110th, 1, 1, 7
omega, 1, 1, 1
died, 5, 4, 26
tracked, 1, 1, 2
billion, 1, 1, 2
younger, 3, 2, 8
shootout, 1, 1, 4
apologizing, 1, 1, 3
happening, 6, 6, 10
leah, 2, 2, 105
assume, 5, 5, 32
lowdown, 1, 1, 4
moved, 1, 1, 10
comfortable, 1, 1, 3
together, 12, 12, 63
stealing, 1, 1, -1
loyal, 1, 1, 1
maniac, 1, 1, 7
reception, 1, 1, 7
time, 92, 72, 574
push, 2, 2, 5
serious, 4, 4, 420
restored, 1, 1, 5
stick, 7, 6, 22
concept, 5, 1, 0
newbie, 1, 1, 3
broke, 1, 1, 3
chain, 5, 4, 119
whoever, 2, 2, 8
dance, 1, 1, 3
skip, 14, 11, 95
global, 2, 2, 230
rod, 1, 1, 6
focus, 9, 6, 20
sympathetic, 1, 1, 2
themes, 4, 4, 13
manager, 1, 1, 2
mile, 1, 1, 3
wrappages, 1, 1, 1
jarring, 1, 1, 1
skin, 1, 1, 8
battle, 4, 4, 8
spaced, 1, 1, 8
mill, 1, 1, 4
brainstimulation, 1, 1, 5
resourceful, 1, 1, 6
row, 1, 1, 18
idealism, 1, 1, 8
adoptive, 1, 1, 17
certainly, 10, 9, 25
uneven, 1, 1, 9
depend, 1, 1, 16
zone, 2, 1, 0
religion, 3, 3, 5
sworn, 2, 2, 3
promote, 3, 2, 2
swoon, 1, 1, 1
father, 2, 2, 45
child_, 1, 1, 25
countdown, 1, 1, 328
0, 2, 2, 7
finally, 10, 10, 54
indoctrination, 1, 1, 1
chaplain, 1, 1, 14
supplies, 1, 1, 1
text, 1, 1, 2
discovering, 1, 1, 0
analogous, 2, 1, 2
circumstances, 2, 2, 6
oversight, 1, 1, 1
turnabout, 2, 2, 3
adviser, 1, 1, 24
jeri, 1, 1, 18
federation, 29, 14, 57
jerk, 1, 1, 6
1990, 1, 1, 1
laced, 1, 1, 6
frequencies, 1, 1, 4
blackops, 1, 1, 3
none, 4, 4, 21
unfamiliar, 1, 1, 2
choice, 7, 7, 100
vegas, 1, 1, 6
rationality, 1, 1, 3
cook, 1, 1, 17
word, 4, 3, 10
trouble, 5, 5, 12
little, 27, 25, 107
exact, 2, 2, 5
minute, 1, 1, 43
cool, 24, 22, 109
drag, 1, 1, 2
1701, 1, 1, 11
countermeasures, 1, 1, 5
clouds, 1, 1, 2
impressive, 1, 1, 4
level, 6, 6, 16
die, 4, 4, 27
dig, 2, 2, 25
posts, 1, 1, 8
brother, 6, 5, 42
disease, 1, 1, 2
gul, 2, 2, 34
leave, 4, 4, 8
item, 1, 1, 36
strelated, 1, 1, 3
science, 8, 6, 32
quick, 1, 1, 5
guy, 6, 6, 66
modelmaker, 1, 1, 2
fletcher, 3, 3, 44
shave, 1, 1, 2
prevent, 1, 1, 5
iconic, 2, 2, 2
droid, 1, 1, 0
slower, 3, 3, 6
occurrence, 1, 1, 5
thin, 2, 2, 5
trend, 2, 2, 7
sigh, 1, 1, 2
ezri, 3, 2, 27
repetitive, 1, 1, 1
inconsequential, 1, 1, 3
sign, 5, 4, 32
captures, 1, 1, 4
wellthoughout, 1, 1, 1
cost, 1, 1, 0
mysteriously, 1, 1, 3
shirts, 1, 1, 3
pale, 1, 1, -1
rough, 5, 5, 21
unravels, 1, 1, 5
adds, 1, 1, 40
appear, 7, 5, 339
movies, 56, 43, 219
filler, 1, 1, 4
idealistic, 1, 1, 3
uniform, 7, 6, 24
current, 7, 7, 39
rub, 1, 1, 2
suspect, 4, 3, 148
handed, 1, 1, 18
goes, 19, 17, 116
eaten, 1, 1, 44
voyageri, 1, 1, 1
crashing, 1, 1, 3
boost, 1, 1, 18
weytahn, 1, 1, 3
filled, 3, 3, 8
budgets, 1, 1, 3
satisfy, 1, 1, 1
explosion, 1, 1, 2
dwarf, 1, 1, 1
channeled, 1, 1, 8
heavily, 4, 4, 21
learn, 7, 5, 25
late, 1, 1, 3
s6, 1, 1, 5
french, 1, 1, 0
understanding, 9, 6, 57
water, 1, 1, 57
evident, 1, 1, 2
nemesis, 11, 11, 37
baseball, 1, 1, 17
groups, 2, 2, 8
address, 1, 1, 24
alone, 6, 5, 31
along, 14, 12, 59
constructive, 1, 1, 6
appears, 4, 4, 13
change, 9, 9, 40
dosbox, 1, 1, 1
box, 2, 2, 13
boy, 7, 7, 106
male, 8, 3, 27
incoming, 2, 1, 4
redemption, 1, 1, 0
canadian, 2, 2, 13
brilliant, 1, 1, 1
shift, 5, 4, 14
guilty, 1, 1, 2
marrone, 1, 1, 4
commonly, 1, 1, 1
untrek, 1, 1, 2
queue, 1, 1, 1
bulkier, 1, 1, 1
protagonist, 1, 1, 3
scenario, 1, 1, 8
usually, 6, 6, 10
weird, 6, 5, 57
barclay, 2, 2, 15
430, 1, 1, 2
plotted, 1, 1, 1
pause, 1, 1, 8
dick, 1, 1, 14
love, 70, 57, 268
morals, 2, 2, 2
extra, 3, 3, 17
vger, 1, 1, 2
problematic, 1, 1, 1
neither, 1, 1, 1
prefer, 10, 10, 35
logical, 2, 2, 86
1966, 1, 1, 24
overarching, 2, 2, 4
inexplicable, 1, 1, 1
logically, 1, 1, 89
nero, 1, 1, 3
1st, 1, 1, 4
crime, 1, 1, 0
market, 1, 1, 1
culluh, 1, 1, 3
everybody, 1, 1, 5
voices, 1, 1, 1
handled, 4, 4, 26
working, 3, 3, 5
sake, 1, 1, 3
positive, 1, 1, 57
angry, 4, 4, 9
visit, 3, 3, 6
angela, 8, 7, 40
intense, 1, 1, 5
live, 3, 3, 9
slog, 2, 2, 6
wonderfully, 1, 1, 0
opposed, 3, 3, 12
https, 37, 22, 106
memory, 11, 7, 30
films, 23, 18, 128
scope, 4, 2, 3
associated, 1, 1, 3
today, 7, 7, 92
loving, 2, 2, 4
photoshopped, 1, 1, 4
nongendered, 1, 1, 8
staying, 2, 2, 2
abrams, 3, 3, 20
faith, 5, 4, 13
afford, 1, 1, 4
share, 3, 3, 18
apparent, 2, 2, 4
fuel, 1, 1, 1
visual, 1, 1, 25
couple, 13, 12, 61
geordi, 7, 7, 91
shafts, 2, 1, 3
cases, 2, 2, 9
phasers, 3, 3, 7
effort, 3, 3, 0
nonstereotypical, 1, 1, 16
fly, 6, 6, 19
watson, 1, 1, 1
graphic, 1, 1, 4
deserved, 2, 2, 26
cardassians, 1, 1, 3
shuttlecrafts, 1, 1, 14
whaaaat, 1, 1, 9
car, 1, 1, 9
pretend, 1, 1, 1
soul, 7, 6, 25
cheating, 1, 1, 9
cat, 1, 1, 9
reviews, 3, 3, 49
values, 4, 3, 27
9th, 1, 1, 4
following, 6, 6, 13
making, 9, 9, 34
rehashes, 1, 1, 3
arrive, 1, 1, 22
extras, 1, 1, 1
lighthearted, 1, 1, 14
heart, 9, 8, 30
crazy, 5, 5, 6
months, 1, 1, 2
internet, 1, 1, 18
trump, 1, 1, 8
figure, 4, 4, 50
mirrors, 1, 1, 3
nexus, 4, 4, 13
expanding, 1, 1, 0
awesome, 6, 6, 90
arise, 2, 2, 442
fuck, 4, 4, 5
topic, 5, 5, 53
problemsolving, 1, 1, 0
sued, 1, 1, 1
goofy, 2, 2, 2
dropped, 1, 1, 1
cardie, 1, 1, 1
allowed, 4, 4, 7
voyagerent, 1, 1, 5
spanning, 1, 1, 8
simulation, 1, 1, 3
breaking, 3, 3, 6
quark, 11, 10, 23
233, 1, 1, 2
behindthescenes, 2, 2, 2
disgrace, 1, 1, 25
fuming, 1, 1, 0
s3, 2, 2, 6
s2, 4, 4, 13
discussion, 1, 1, 3
means, 4, 4, 6
dinner, 2, 2, 11
pine, 1, 1, 26
s4, 1, 1, 5
1, 36, 30, 221
immune, 1, 1, 0
selfsealing, 1, 1, 10
pure, 2, 2, 15
genocide, 2, 2, 28
speaks, 4, 4, 4
5928, 2, 2, 48
dominance, 1, 1, 1
rewatched, 2, 2, 1
deteriorate, 1, 1, 0
product, 1, 1, 1
paramount, 1, 1, 7
60042, 1, 1, 2
crashes, 1, 1, 29
huge, 14, 11, 58
may, 14, 12, 53
max, 1, 1, 9
clone, 3, 3, 22
whodunnit, 1, 1, 6
rites, 1, 1, 2
cease, 1, 1, 3
ushanoxilt, 1, 1, 2
explored, 4, 1, 0
designed, 4, 4, 8
courses, 1, 1, 2
date, 12, 8, 73
end, 24, 17, 40
suck, 2, 2, 9
spouted, 1, 1, 25
data, 40, 31, 637
grow, 6, 6, 23
unbelievably, 1, 1, 0
man, 17, 16, 519
relinquish, 1, 1, 1
prob, 1, 1, 2
wwwyoutubecomwatch, 9, 7, 39
shutting, 1, 1, 12
remember, 23, 23, 196
johnson, 2, 2, 70
oculus, 1, 1, 3
whenever, 4, 4, 63
maybe, 14, 14, 35
arrange, 1, 1, 3
st, 15, 13, 20
q, 14, 10, 152
complaining, 1, 1, 36
switch, 1, 1, 1
block, 1, 1, 7
deconstruction, 1, 1, 5
misplaced, 2, 2, 5
pulled, 2, 2, 18
sf, 1, 1, 3
talk, 5, 4, 23
nearly, 3, 3, 11
tagged, 1, 1, 1
serving, 1, 1, 3
xfiles, 1, 1, 3
piece, 1, 1, 6
feb, 1, 1, 1
food, 1, 1, 6
indeed, 1, 1, 3
counsellor, 1, 1, 17
becausewell, 1, 1, 1
mainly, 1, 1, 1
raised, 2, 2, 19
entity, 1, 1, 0
ended, 5, 4, 5
episodes, 48, 38, 254
experiments, 1, 1, 1
nbsp, 10, 1, 4
pitch, 1, 1, 1
cold, 1, 1, 4
still, 51, 43, 125
battlestar, 3, 3, 3
worship, 1, 1, 0
tendency, 1, 1, 3
blocked, 1, 1, 5
embellishments, 1, 1, 3
avid, 1, 1, 46
group, 4, 4, 14
monitor, 1, 1, 23
curly, 1, 1, 6
acknowledge, 1, 1, 7
torn, 1, 1, 2
interesting, 42, 31, 161
organisation, 1, 1, 4
facility, 1, 1, 3
hot, 2, 2, 54
startrek, 2, 2, 15
forms, 4, 4, 7
platform, 1, 1, -4
window, 1, 1, 18
offers, 1, 1, 7
aped, 1, 1, 1
celebrate, 1, 1, 1
caretaker, 1, 1, 1
mail, 1, 1, 2
chances, 3, 3, 7
main, 17, 15, 172
texas, 1, 1, 14
happened, 7, 7, 38
toys, 2, 1, 2
non, 1, 1, 1
misread, 1, 1, 1
symbiote, 1, 1, 7
bajorcardassia, 1, 1, 6
views, 2, 1, 4
nod, 1, 1, 0
esparza, 1, 1, 2
nog, 4, 2, 6
introduce, 3, 3, 9
delighted, 1, 1, 24
tucker, 1, 1, 14
answer, 7, 6, 99
qualified, 3, 2, 16
conquer, 2, 2, 1
half, 2, 2, 26
recap, 1, 1, 5
thus, 4, 4, 7
discuss, 1, 1, 24
accommodate, 1, 1, 1
dabo, 2, 2, 5
name, 11, 9, 27
411537, 1, 1, 3
chuckled, 1, 1, 3
explains, 1, 1, 3
awkwardly, 1, 1, 398
drop, 2, 2, 9
assholes, 1, 1, 1
realistic, 1, 1, 1
veiny, 1, 1, 2
quadrant, 11, 2, 2
pilot, 6, 5, 40
hijack, 1, 1, 0
photoshoot, 1, 1, 4
trope, 2, 2, 16
cousin, 1, 1, 3
em, 1, 1, 2
afu, 1, 1, 1
frankly, 1, 1, 24
en, 1, 1, 1
individuals, 1, 1, 3
secondary, 2, 2, 3
challenged, 2, 2, 11
eg, 1, 1, 2
beloved, 1, 1, 3
yeah, 13, 12, 77
armada, 1, 1, 2
interestingmuch, 1, 1, 1
telltale, 1, 1, 9
farewell, 1, 1, 2
begun, 1, 1, 0
year, 14, 11, 95
ft, 1, 1, 6
girl, 3, 3, 4
cumberbatch, 3, 3, 17
obsession, 1, 1, -6
ep, 3, 3, 3
fanpatronizing, 1, 1, 2
canada, 2, 2, 14
living, 4, 4, 406
shown, 4, 3, 48
jackson, 1, 1, 1
3rd, 2, 2, 49
space, 38, 28, 115
profit, 2, 2, 46
antiwar, 1, 1, 0
arcs, 11, 9, 37
looking, 15, 14, 214
seriously, 5, 5, 12
stupid, 4, 4, 49
intermix, 1, 1, 4
failshe, 1, 1, 1
s5, 1, 1, 5
suggesting, 1, 1, 45
formula, 1, 1, 1
receiving, 1, 1, 1
happenings, 1, 1, 0
managed, 1, 1, 3
shows, 34, 29, 479
uncalledfor, 1, 1, 5
rebuilding, 1, 1, 0
romana, 1, 1, 0
earlier, 7, 7, 71
bolts, 3, 3, 30
contain, 1, 1, 1
aged, 1, 1, 2
possibility, 1, 1, -4
quite, 26, 18, 76
hulu, 1, 1, 1
leeway, 1, 1, 3
unusually, 1, 1, 48
rebel, 1, 1, 2
intensely, 1, 1, 4
selfrighteous, 2, 2, 14
respectattention, 1, 1, 25
remainder, 1, 1, 1
explorers, 1, 1, 0
card, 1, 1, 7
care, 12, 11, 237
advance, 2, 2, 20
training, 2, 2, 5
flying, 1, 1, 2
language, 3, 3, 24
amanda, 1, 1, 12
interacted, 1, 1, 6
fb, 1, 1, 1
thumbs, 1, 1, 2
honest, 3, 3, 49
motion, 10, 10, 65
thing, 38, 34, 119
place, 19, 18, 163
aboard, 1, 1, 0
swing, 1, 1, 2
timelines, 3, 3, 6
promotion, 6, 6, 42
think, 119, 89, 780
1001, 1, 1, 2
1000, 3, 2, 46
origin, 4, 4, 49
info, 2, 2, 2
henry, 2, 1, 4
saving, 1, 1, 6
xo, 2, 2, 6
apocalypse, 1, 1, 3
bargaining, 1, 1, 3
roommate, 1, 1, 10
georgi, 1, 1, 0
americans, 1, 1, 89
amidst, 1, 1, 14
directly, 4, 4, 113
backyard, 1, 1, 1
vote, 3, 3, 20
impossible, 3, 3, -1
message, 4, 3, 330
fight, 8, 8, 75
open, 4, 4, 13
replicator, 2, 2, 7
engineer, 7, 6, 62
ranty, 1, 1, 12
breen, 2, 2, 23
given, 11, 11, 91
necessarily, 2, 2, 2
checked, 3, 3, 28
wrath, 16, 10, 30
stuck, 3, 3, 24
meaningful, 4, 3, 2
lens, 2, 2, 5
callous, 2, 2, 2
oftstated, 1, 1, 3
anyone, 17, 15, 170
indicate, 1, 1, 45
2, 39, 35, 212
tragic, 1, 1, 4
terrifying, 1, 1, 6
consistent, 2, 2, 25
convention, 1, 1, 6
white, 3, 3, 3
bits, 2, 2, 46
exerted, 1, 1, 1
rosario, 3, 3, 4
gives, 11, 11, 34
slasher, 1, 1, 4
eyes, 2, 2, 5
mostly, 8, 8, 47
ownership, 1, 1, 3
season, 61, 41, 216
wax, 3, 1, 1
huh, 2, 2, 3
accurately, 1, 1, 7
cmdr, 1, 1, 5
expanse, 4, 4, 14
broadcast, 4, 3, 5
released, 2, 2, 12
hurt, 1, 1, 14
ridiculous, 1, 1, 2
soren, 1, 1, 0
butt, 2, 1, 1
bobw, 1, 1, 3
quad, 1, 1, 2
occurring, 2, 1, 3
copy, 4, 4, 22
holder, 1, 1, 4
semantics, 1, 1, 3
inventor, 1, 1, 0
11, 1, 1, 0
professionals, 2, 2, 22
television, 6, 5, 73
12, 3, 3, 5
15, 4, 4, 24
darmok, 3, 3, 8
17, 1, 1, 4
wormhole, 2, 1, 0
favors, 2, 2, 3
require, 2, 2, 10
resemble, 1, 1, 4
sceneepisode, 1, 1, 2
accesses, 1, 1, 7
balanced, 1, 1, 24
future, 16, 13, 97
unparalleled, 2, 2, 24
miles, 2, 2, 44
accessed, 1, 1, 7
counselor, 6, 6, 64
wandering, 1, 1, 1
damned, 2, 2, 21
post911, 1, 1, 2
published, 1, 1, 2
questionable, 1, 1, 3
coconut, 1, 1, 398
supersized, 1, 1, 1
san, 1, 1, 12
expire, 1, 1, 12
sulu, 4, 4, 58
topics, 5, 3, 32
premier, 1, 1, 4
turned, 2, 2, 90
locations, 1, 1, 3
sad, 3, 3, 3
ant, 1, 1, 1
competent, 1, 1, 2
say, 40, 33, 209
conspiracy, 1, 1, 89
heck, 2, 2, 24
voiced, 2, 2, 93
tngstyle, 1, 1, 7
saw, 7, 7, 11
marathon, 2, 2, 3
cassandra, 1, 1, 0
speakers, 1, 1, 43
nuanced, 3, 3, 7
wink, 2, 1, 2
warriors, 1, 1, 0
answering, 2, 2, 9
ideas, 9, 7, 32
peacekeeping, 1, 1, 0
equipment, 1, 1, 0
18th, 1, 1, 4
take, 38, 31, 376
online, 7, 3, 9
creatively, 1, 1, 18
green, 7, 6, 39
personalized, 1, 1, 2
encouraged, 1, 1, 17
blunt, 1, 1, 1
switching, 1, 1, 4
channel, 1, 1, 4
200, 2, 2, 4
begin, 2, 2, 7
sure, 29, 27, 306
multiple, 3, 3, 13
theatre, 1, 1, 3
normal, 4, 2, 19
track, 4, 3, 14
selar, 1, 1, 3
price, 2, 2, 3
keeps, 2, 2, 60
phases, 1, 1, 7
paid, 1, 1, 2
falls, 1, 1, 0
boiling, 1, 1, 12
beta, 2, 2, 8
weller, 1, 1, 1
importantly, 2, 2, 10
satirical, 1, 1, 1
pleasure, 1, 1, 2
noncannon, 1, 1, 5
inserted, 1, 1, 3
khaaaann, 1, 1, 1
michelle, 1, 1, 46
forever, 5, 4, 5
especially, 12, 11, 60
room, 10, 7, 88
discarding, 1, 1, 0
misfire, 1, 1, 4
later, 21, 19, 151
sale, 3, 2, 40
archaeology, 1, 1, 1
inuniverse, 2, 2, 6
tngds9voyager, 1, 1, 7
greed, 1, 1, 1
bending, 1, 1, 1
whew, 1, 1, 1
voodoo, 1, 1, 1
uncle, 1, 1, 3
sexing, 1, 1, 1
basically, 13, 13, 99
salt, 1, 1, 3
cuz, 1, 1, 3
_especially, 1, 1, 1
event, 1, 1, 1
rating, 2, 2, 1
stimulator, 1, 1, 5
shot, 5, 5, 38
liking, 2, 2, 9
show, 103, 65, 582
lotus, 2, 1, 7
cheap, 2, 2, 14
contemporary, 1, 1, 4
merit, 1, 1, 2
tamerlane, 1, 1, 4
bright, 2, 2, 2
ama, 1, 1, 4
inconsistent, 3, 3, 6
leeta, 1, 1, 15
corner, 1, 1, 2
aggressive, 1, 1, 4
superb, 1, 1, 12
imagined, 2, 2, 6
ground, 3, 3, 9
ghost, 1, 1, 2
slow, 12, 11, 40
singlemindedly, 1, 1, 24
title, 11, 7, 47
ferengi, 14, 7, 51
17amp, 1, 1, 3
proportion, 1, 1, 89
behind, 9, 8, 39
nutshell, 1, 1, 3
staid, 1, 1, 1
going, 52, 46, 581
black, 13, 7, 145
4600, 1, 1, 2
holobyte, 1, 1, 1
caroline, 1, 1, 8
ranking, 6, 6, 34
viewpoint, 1, 1, 0
get, 103, 93, 542
contracts, 1, 1, 12
assistant, 1, 1, 0
witness, 1, 1, 1
supercarrier, 1, 1, 11
tilting, 1, 1, 2
expectation, 3, 2, 17
tholians, 1, 1, 0
truly, 7, 7, 56
upgrade, 1, 1, 1
unimportant, 1, 1, 3
fantasize, 2, 1, 17
outlet, 1, 1, 4
_must_, 1, 1, 1
personable, 1, 1, 7
recommending, 2, 2, 2
gen, 5, 5, 6
gem, 1, 1, 2
freaking, 1, 1, 2
prime, 15, 10, 48
slender, 1, 1, 1
regarding, 2, 2, 6
academic, 1, 1, 8
artist, 1, 1, 4
communicates, 1, 1, 3
droids, 1, 1, 2
heeeyah, 1, 1, -1
attitude, 2, 2, 58
batshit, 1, 1, 1
worried, 4, 4, 11
jokes, 1, 1, 1
bigoted, 1, 1, 8
worries, 2, 2, 42
scott, 3, 3, 80
finishing, 1, 1, 1
marred, 1, 1, 2
worrying, 1, 1, 1
vision, 7, 6, 7
wiki, 1, 1, 0
corridors, 1, 1, 1
sucky, 1, 1, 2
batleth, 1, 1, 2
violated, 2, 2, 7
signs, 2, 2, 4
bargain, 1, 1, 3
actively, 1, 1, 7
college, 1, 1, 2
contains, 2, 2, 14
calendar, 2, 2, 3
ruined, 2, 2, 14
clumsily, 1, 1, 1
wonder, 7, 7, 40
cadets, 3, 3, 7
planet, 22, 19, 93
satisfying, 1, 1, 2
gkar, 2, 1, 5
dk1, 1, 1, 3
ways, 12, 10, 25
subsequent, 1, 1, 9
review, 6, 4, 8
hybrid, 1, 1, 2
sites, 1, 1, 4
weapons, 7, 5, 11
4th, 1, 1, 1
outside, 7, 7, 72
favourites, 1, 1, 6
mandarin, 1, 1, 7
cautiously, 1, 1, 46
justified, 1, 1, 2
reading, 8, 8, 155
aphrodesiacs, 1, 1, 1
across, 7, 7, 11
decks, 2, 1, 3
travels, 1, 1, 1
communicators, 1, 1, 6
notice, 5, 5, 65
august, 1, 1, 4
useful, 1, 1, 1
personae, 1, 1, 2
unlocks, 2, 1, 3
screen, 9, 7, 57
guntoting, 1, 1, 3
26, 3, 3, 29
killing, 4, 3, 68
ale, 1, 1, 1
elijah, 1, 1, 4
jj, 5, 5, 13
_their_, 1, 1, 6
subspace, 1, 1, -1
article, 11, 11, 78
tuc, 1, 1, 3
come, 19, 19, 126
fish, 1, 1, 1
illiquid, 1, 1, 4
reaction, 2, 2, 4
dates, 5, 5, 71
perceptions, 1, 1, 3
missions, 4, 3, 7
saratoga, 2, 2, 90
many, 27, 26, 108
region, 1, 1, 1
according, 5, 5, 28
moreso, 1, 1, 0
follows, 1, 1, 2
personal, 6, 6, 6
concentrate, 1, 1, 4
iv, 4, 4, 17
dated, 6, 6, 52
5g5qtwg5oo8, 1, 1, 4
wishful, 1, 1, 19
commandline, 1, 1, 3
guardians, 1, 1, 2
longshot, 1, 1, 17
tryla, 1, 1, 89
franchise, 13, 13, 244
inherant, 1, 1, 20
decades, 1, 1, 2
duty, 5, 5, 17
among, 5, 5, 63
afterwards, 1, 1, 1
characterization, 4, 3, 9
kazon, 6, 4, 54
phenomenal, 1, 1, 5
damar, 1, 1, 23
hurts, 1, 1, 6
period, 1, 1, 2
pop, 5, 5, 8
60, 2, 2, 5
spoilers, 2, 2, 2
anti, 1, 1, 2
3000, 1, 1, 0
learning, 2, 2, 19
serialization, 2, 2, 17
constant, 1, 1, 0
pod, 1, 1, 0
crew, 38, 24, 147
consider, 3, 3, 7
boat, 1, 1, 17
considering, 3, 3, 6
destroyed, 4, 4, 11
unusual, 1, 1, 0
trolling, 1, 1, -4
cycling, 2, 1, 4
realises, 1, 1, 3
cares, 2, 2, 32
huminisim, 1, 1, 5
rebuild, 1, 1, 0
classic, 2, 2, 6
informed, 1, 1, 1
territorial, 1, 1, 0
bandcamp, 1, 1, 2
mark, 2, 2, 6
cared, 2, 2, 1
maru, 2, 1, 3
workshop, 1, 1, 24
punished, 1, 1, 9
motives, 1, 1, 6
peaceful, 3, 3, 22
prototype, 1, 1, 7
earths, 1, 1, 25
ruining, 1, 1, -1
wants, 3, 3, 9
direction, 1, 1, 1
dramatis, 1, 1, 2
preworf, 1, 1, 52
busting, 1, 1, 30
newbies, 1, 1, 6
offered, 1, 1, 3
blessing, 1, 1, 4
photon, 3, 3, 11
nonscientist, 1, 1, 24
output, 1, 1, 2
dramatic, 1, 1, 2
proven, 1, 1, 3
917g, 1, 1, 1
hashtag, 1, 1, 29
standup, 1, 1, 1
hardcore, 2, 2, 5
evidence, 1, 1, 2
dorm, 2, 2, 16
former, 2, 2, 0
talented, 2, 2, 48
case, 8, 7, 29
msdos, 1, 1, 8
terrans, 1, 1, 1
idr, 1, 1, 20
developing, 2, 2, 4
chrihan, 1, 1, 10
engineering, 5, 5, 11
professional, 1, 1, 16
roddenberry, 9, 8, 36
trick, 1, 1, 0
cast, 15, 13, 138
intended, 3, 3, 7
rylance, 1, 1, 2
quaint, 1, 1, 2
starstudded, 1, 1, 46
tpol, 6, 6, 94
squeezed, 1, 1, 23
situation, 4, 4, 24
margin, 1, 1, 2
spotlight, 1, 1, 1
ive, 3, 2, 46
eventually, 7, 6, 18
park, 1, 1, 6
informational, 1, 1, 3
brow, 1, 1, 4
engaged, 3, 2, 0
ivi, 2, 2, 15
reignited, 1, 1, 0
commander, 13, 7, 124
middle, 3, 3, 6
someone, 21, 19, 101
embrace, 1, 1, 17
believable, 1, 1, 0
ironic, 1, 1, 1
somebody, 2, 2, 3
protein, 1, 1, 1
engages, 1, 1, 1
technology, 3, 3, 8
everyday, 1, 1, 0
worry, 2, 2, 4
movements, 1, 1, 2
medicinal, 1, 1, 1
different, 38, 29, 115
soccer, 1, 1, 17
develop, 7, 6, 14
harsh, 1, 1, 25
considerable, 1, 1, 2
doctor, 12, 11, 43
pax, 1, 1, 0
media, 3, 3, 5
granted, 2, 2, 3
horatio, 2, 1, 7
reminded, 2, 2, 4
tour, 2, 2, 2
trip, 4, 4, 6
shifts, 1, 1, 5
epoch, 1, 1, 6
interact, 2, 2, 3
arguments, 1, 1, 11
shell, 1, 1, 2
defines, 1, 1, 3
events, 4, 4, 9
theorizes, 1, 1, 4
berry, 1, 1, 11
week, 14, 9, 27
visually, 1, 1, 3
jeffrey, 1, 1, 5
extended, 3, 3, 7
closest, 1, 1, 5
mockery, 2, 2, 2
kelvin, 2, 2, 4
publicized, 1, 1, 0
vedek, 1, 1, 2
drives, 2, 2, 54
producers, 1, 1, 0
average, 1, 1, 6
running, 4, 4, 4
harris, 1, 1, 2
favorites, 2, 2, -4
dalai, 1, 1, 3
consensus, 1, 1, 3
mcbride, 2, 1, 2
nonhumanoid, 3, 1, 0
totally, 8, 8, 64
six, 1, 1, 10
tracking, 1, 1, 4
theater, 2, 1, 3
largely, 2, 2, 2
luddite, 1, 1, 2
random, 2, 2, 2
reenergized, 1, 1, 0
lady, 1, 1, 3
roughly, 2, 2, 69
pacing, 2, 2, 6
substantive, 1, 1, 4
dtf, 1, 1, 10
shore, 1, 1, 1
without, 21, 18, 107
bot, 1, 1, 2
menagarie, 1, 1, 2
relied, 1, 1, 25
model, 2, 2, 2
canceled, 1, 1, 4
amazed, 1, 1, 2
7of9, 1, 1, -1
summer, 1, 1, 1
garaktype, 1, 1, 2
possesed, 1, 1, 0
plotline, 1, 1, 4
generally, 11, 11, 32
cpm, 4, 2, 15
personhood, 1, 1, 2
rest, 17, 16, 104
recycled, 1, 1, 1
civilized, 1, 1, 1
kill, 5, 4, 18
greetings, 1, 1, 4
aspect, 2, 2, 1
touch, 1, 1, -3
nuuniverse, 2, 2, 8
rewatch, 6, 5, 6
speed, 9, 4, 21
guides, 2, 2, 4
captured, 1, 1, 24
weekly, 2, 2, 7
insight, 1, 1, 0
preventing, 1, 1, 0
death, 4, 4, 10
clueless, 1, 1, 3
winner, 1, 1, 11
stepchild, 1, 1, 7
thinking, 10, 8, 102
photons, 2, 2, 4
cryogenics, 1, 1, 3
seems, 18, 17, 100
except, 10, 10, 15
pallet, 1, 1, 4
color, 1, 1, 4
lets, 1, 1, 1
setting, 5, 4, 22
watchable, 2, 2, 2
treatment, 3, 2, 15
samples, 1, 1, 4
overview, 1, 1, -1
plenty, 1, 1, 1
republic, 1, 1, 10
struck, 2, 2, 3
malcolm, 2, 2, 45
careers, 2, 2, 27
destroyedbe, 1, 1, 8
real, 24, 23, 234
riker, 15, 14, 107
jake, 1, 1, 3
aspects, 1, 1, 4
around, 24, 20, 134
easily, 5, 5, 19
read, 13, 12, 85
digital, 1, 1, 1
uncreative, 1, 1, 1
slicker, 1, 1, 2
mot, 1, 1, 1
misremember, 1, 1, 0
department, 2, 2, 5
bitch, 1, 1, 2
preference, 1, 1, 3
listening, 2, 2, 13
parody, 1, 1, 1
using, 7, 7, 46
cd, 2, 2, 3
disappointed, 4, 4, 7
threaten, 1, 1, 3
deage, 1, 1, 2
fortune, 1, 1, 0
particle, 1, 1, 5
redhead, 2, 2, 49
patrick, 2, 2, 8
collective, 1, 1, 0
combines, 1, 1, 2
dilithium, 1, 1, 2
beefier, 1, 1, 1
oddly, 1, 1, 1
audience, 7, 6, 70
either, 17, 14, 98
fully, 3, 3, 33
beverly, 1, 1, 3
served, 2, 2, 10
chinese, 2, 2, 4
ceremonial, 1, 1, 43
65, 1, 1, 2
filling, 1, 1, 1
exposed, 1, 1, 1
existing, 1, 1, 1
gaggle, 1, 1, 8
30, 1, 1, 1
commandeer, 1, 1, 0
paris, 1, 1, 6
l, 1, 1, 1
exposes, 1, 1, 5
eddie, 1, 1, 8
ng, 1, 1, 3
dvdbluray, 1, 1, 1
laughed, 1, 1, 2
moreover, 1, 1, 1
images, 6, 4, 21
racial, 1, 1, 29
uhnari, 1, 1, 101
biological, 1, 1, 17
matching, 1, 1, 2
sack, 1, 1, 1
provided, 2, 2, 43
mood, 1, 1, 6
ashes, 1, 1, 0
memories, 9, 7, 16
tube, 1, 1, 3
footing, 1, 1, 7
recorded, 2, 2, 5
slick, 1, 1, 4
stops, 1, 1, 3
resonate, 1, 1, 4
flow, 1, 1, 3
critical, 1, 1, 16
kms, 1, 1, 2
moot, 1, 1, 3
23rd, 1, 1, 1
aussie, 1, 1, 1
remind, 1, 1, 11
bleeding, 1, 1, 2
redid, 1, 1, 0
911, 1, 1, 4
decent, 4, 4, 11
refer, 1, 1, 6
measuring, 1, 1, 2
biased, 1, 1, 8
egocentric, 1, 1, 8
reasonable, 4, 4, 12
power, 10, 7, 21
intimate, 2, 2, 9
seconds, 2, 2, 8
staite, 2, 2, 7
equivalent, 2, 2, 4
poise, 1, 1, 3
weirdest, 1, 1, 1
broken, 1, 1, 4
anniversaryjudgement, 1, 1, 9
seducing, 1, 1, 0
starship, 10, 10, 69
raul, 1, 1, 2
talosians, 2, 2, 3
throw, 3, 3, 19
fondness, 1, 1, 0
comparison, 1, 1, 1
stone, 1, 1, 4
ok, 6, 6, 18
stations, 2, 2, 5
og, 1, 1, 1
industry, 1, 1, 18
capable, 6, 6, 60
discussed, 1, 1, 4
develops, 1, 1, 0
janeways, 1, 1, 1
mixes, 1, 1, 0
practical, 2, 1, 1
addition, 1, 1, 1
boldly, 1, 1, 0
fell, 1, 1, 1
greatly, 4, 4, 33
uhhhhhhh, 1, 1, 0
luck, 2, 2, 49
os, 3, 2, 11
road, 3, 3, 0
op, 2, 2, 2
ladies, 2, 2, 404
referenced, 3, 3, 27
protests, 1, 1, 0
burning, 1, 1, 41
flawed, 2, 2, 4
image, 4, 3, 16
limmericks, 1, 1, 3
vacation, 1, 1, 1
freaked, 1, 1, 1
secure, 2, 2, 13
references, 6, 5, 15
burton, 2, 2, 17
portrayal, 1, 1, -4
annoys, 1, 1, 3
nowadays, 1, 1, 2
bubbly, 1, 1, 3
breath, 2, 2, 20
fast, 9, 6, 54
fill, 4, 4, 13
log, 2, 2, 5
backwater, 1, 1, 19
assumed, 4, 4, 8
hey, 4, 4, 16
lol, 2, 2, 3
start, 36, 30, 141
mindless, 2, 2, 50
sinclair, 1, 1, 89
low, 5, 4, 11
lot, 53, 45, 266
cultures, 2, 2, 2
valley, 1, 1, 24
utf8amp, 1, 1, 2
allergic, 1, 1, 1
sg1, 2, 2, 8
purgatory, 1, 1, 1
complete, 5, 5, 66
troi, 23, 16, 188
enough, 21, 21, 87
fundamentals, 1, 1, 4
regard, 2, 2, 11
lane, 1, 1, 3
amongst, 1, 1, 7
benedict, 2, 2, 6
foreheads, 1, 1, 3
suffers, 1, 1, 3
gore, 1, 1, 4
survived, 1, 1, 1
e, 1, 1, 1
pitched, 1, 1, 1
trying, 15, 12, 36
buying, 1, 1, -4
faster, 3, 3, 17
belanna, 1, 1, 6
october, 1, 1, 7
naming, 1, 1, 3
engage, 1, 1, 1
intermission, 1, 1, 2
recurring, 2, 2, 8
resolving, 1, 1, 1
cushions, 1, 1, 1
sadness, 1, 1, 1
taught, 1, 1, 17
slenderness, 1, 1, 1
dirty, 2, 2, 58
spockprime, 1, 1, 1
site, 1, 1, 2
tad, 1, 1, 1
politically, 1, 1, 24
agree, 18, 17, 144
strongly, 1, 1, 4
gone, 9, 8, 21
intents, 1, 1, 18
palate, 1, 1, 1
ad, 1, 1, 2
videos, 1, 1, 2
cinema, 2, 2, 6
conundrum, 1, 1, 0
certain, 4, 4, 23
upscale, 1, 1, 1
measurement, 1, 1, 2
al, 1, 1, 3
watches, 6, 3, 67
fellow, 3, 3, 11
maxed, 1, 1, 2
cbs, 10, 10, 397
intro, 4, 4, 6
stardate, 14, 7, 78
planets, 6, 4, 10
girlfriend, 2, 2, 3
watched, 20, 20, 154
glitzy, 1, 1, 24
russel, 1, 1, 1
nerd, 2, 2, 47
film, 40, 22, 171
mccoy, 8, 8, 84
tedious, 1, 1, 2
camp, 1, 1, 0
beaming, 2, 1, 3
izzard, 1, 1, 8
idiot, 1, 1, 4
personnel, 2, 2, 2
yogi, 1, 1, 0
comedies, 1, 1, 1
field, 9, 6, 24
2001, 4, 4, 9
5, 21, 18, 54
stumbles, 1, 1, 4
someones, 1, 1, 1
undermined, 1, 1, 3
announcements, 1, 1, 1
puppy, 1, 1, 3
babylon, 3, 3, 8
thousand, 1, 1, 1
stargate, 5, 4, 9
setused, 1, 1, 36
kelley, 1, 1, 3
formed, 1, 1, 0
treks, 1, 1, 1
60s, 3, 3, 14
separate, 6, 5, 11
students, 1, 1, 2
overwhelmingly, 1, 1, 89
symbol, 1, 1, 0
berman, 3, 3, 26
whistling, 1, 1, 43
includes, 1, 1, 1
walker, 1, 1, 46
important, 8, 8, 24
dramas, 1, 1, 2
terry, 1, 1, 7
chris, 1, 1, 1
486, 1, 1, 2
revolve, 1, 1, 2
archiveorg, 1, 1, 2
missed, 3, 3, 19
building, 1, 1, 16
bandai, 1, 1, 1
promolol, 1, 1, 2
2009, 10, 7, 26
assets, 1, 1, 1
calls, 1, 1, 0
wife, 4, 3, 15
requires, 1, 1, 1
odds, 2, 2, 14
vulcania, 1, 1, 6
reasonbto, 1, 1, 2
controller, 1, 1, 3
scroll, 1, 1, 1
moonlight, 1, 1, -1
scorpion, 1, 1, 3
directors, 3, 3, 47
passed, 1, 1, 14
mass, 1, 1, 10
00000, 2, 1, 4
doddling, 1, 1, 12
cores, 1, 1, 1
overseas, 1, 1, 2
songs, 1, 1, 1
starting, 9, 8, 16
original, 38, 33, 158
nimoy, 2, 2, 7
represent, 2, 2, 7
surrounded, 1, 1, 2
sci, 4, 4, 10
forget, 2, 2, 4
founder, 2, 2, 26
crucial, 1, 1, 16
lack, 3, 3, 5
dollar, 1, 1, -4
month, 1, 1, 1
pique, 1, 1, 1
thoughtful, 3, 3, 48
subtle, 2, 2, 8
eat, 4, 3, 463
ellenbot, 1, 1, 0
messy, 1, 1, 3
follow, 2, 2, 6
disk, 2, 1, 7
religious, 6, 6, 40
children, 1, 1, 0
metamorph, 2, 2, 12
hmmm, 1, 1, 11
garibaldi, 1, 1, 5
bassett, 7, 6, 29
glimpse, 1, 1, 7
rights, 2, 2, 11
ron, 1, 1, 9
scared, 1, 1, 0
tv, 26, 24, 120
lining, 1, 1, 1
themed, 1, 1, 1
thursday, 2, 1, 4
spirit, 6, 4, 13
butfor, 1, 1, 1
tl, 2, 2, 6
program, 4, 3, 25
robber, 1, 1, 1
27s_test, 1, 1, 17
lin, 2, 1, 46
nacelles, 2, 1, 1
dogs, 1, 1, 3
enjoying, 5, 5, 10
ta, 6, 6, 24
weeks, 5, 5, 84
sound, 6, 5, 160
orc, 1, 1, -6
woman, 5, 4, 143
b5, 2, 2, 8
worse, 8, 8, 37
song, 11, 10, 50
hitchhiker, 1, 1, 1
horror, 1, 1, 1
faq, 2, 1, 2
souls, 1, 1, 1
puzzles, 1, 1, 2
psychologist, 1, 1, 4
allaround, 1, 1, 16
fan, 15, 14, 106
decide, 1, 1, 4
fall, 1, 1, 1
awful, 5, 4, 18
ratched, 1, 1, 8
24th, 4, 4, 8
difference, 8, 8, 78
chekov, 1, 1, 1
chakotay, 1, 1, 24
effectlike, 1, 1, 10
revitalized, 1, 1, 1
enjoyable, 2, 2, 7
pre, 1, 1, -1
heaven, 2, 2, 7
17th, 1, 1, 4
disregarding, 1, 1, 8
crossovers, 4, 4, 16
list, 8, 8, 40
joined, 1, 1, 0
kkkirk, 1, 1, 1
large, 7, 5, 59
sand, 1, 1, 17
laughs, 1, 1, 12
fluent, 1, 1, 0
harry, 3, 3, 16
small, 10, 9, 35
study, 2, 2, 4
louie, 2, 1, 7
flick, 1, 1, 2
wage, 1, 1, 24
titled, 2, 2, 22
andor, 1, 1, 44
examination, 1, 1, 4
olds, 1, 1, 2
harder, 2, 2, 13
pass, 2, 2, 7
unheard, 1, 1, 2
sync, 1, 1, 4
hasbro, 1, 1, 1
past, 7, 7, 51
zero, 2, 2, 9
titles, 2, 2, 3
design, 6, 3, 4
perspective, 8, 7, 20
lawyer, 1, 1, 4
trangressions, 1, 1, 1
podcasts, 1, 1, 2
situated, 1, 1, -2
crests, 2, 2, 2
canonical, 1, 1, 2
juice, 1, 1, 1
90s, 3, 3, 6
commentaries, 1, 1, 2
darkness, 34, 22, 150
pointandclick, 1, 1, 9
clock, 2, 1, 3
nana, 1, 1, 2
deeply, 5, 5, 19
section, 6, 4, 40
resume, 1, 1, 2
anniversary, 3, 3, 50
overload, 1, 1, 1
public, 2, 2, 23
version, 9, 7, 40
reboots, 4, 4, 5
2387, 1, 1, 3
scientists, 2, 2, 32
tribute, 2, 2, 4
mum, 1, 1, 1
upvoted, 1, 1, 2
daily, 1, 1, 2
revealing, 1, 1, 4
turmoil, 1, 1, 0
obrien, 5, 5, 102
full, 18, 15, 146
jefferies, 1, 1, 1
memorized, 1, 1, 1
hahaha, 1, 1, 65
supposedly, 2, 2, 8
answers, 2, 2, 12
hours, 9, 7, 9
favourable, 1, 1, 0
kyamo, 1, 1, 0
submarine, 1, 1, 3
excess, 1, 1, 24
strong, 14, 10, 82
respect, 2, 2, 8
transformation, 1, 1, 2
uninhabited, 1, 1, 1
arena, 1, 1, 2
pleasant, 2, 2, 10
rite, 1, 1, 10
division, 1, 1, 17
houses, 1, 1, 1
jim, 2, 2, 7
introductory, 2, 2, 3
experience, 11, 11, 81
pics, 1, 1, 3
significantly, 1, 1, 3
prior, 2, 2, 6
amount, 3, 3, 6
disputes, 1, 1, 0
cousins, 1, 1, 10
social, 1, 1, 4
action, 30, 21, 135
mentions, 2, 2, 7
sealing, 1, 1, 17
narrow, 1, 1, 3
skippable, 2, 1, 2
llap, 1, 1, 14
sticking, 1, 1, 4
via, 5, 3, 29
depart, 1, 1, 0
talos, 1, 1, 1
family, 9, 9, 68
thirtysix, 1, 1, 8
suddenly, 2, 2, 10
clapping, 4, 1, 43
vin, 1, 1, 46
halle, 1, 1, 11
screens, 3, 2, 4
put, 21, 17, 99
trained, 3, 3, 33
_motherfucking_, 1, 1, 11
hooked, 1, 1, 2
theatrical, 1, 1, -8
establish, 1, 1, 4
helmsman, 1, 1, 1
tractor, 1, 1, 3
khan, 20, 13, 48
takes, 10, 9, 76
haaaaatttted, 1, 1, 12
answered, 1, 1, 2
grumpy, 1, 1, 1
wiped, 1, 1, 5
destination, 1, 1, 4
hearthhh, 1, 1, 1
two, 38, 36, 394
comparing, 1, 1, 5
6, 23, 16, 128
mysterious, 1, 1, 5
halfblack, 1, 1, 1
fret, 1, 1, 25
hurrah, 1, 1, 2
achieving, 1, 1, 3
minor, 6, 6, 12
horses, 1, 1, 29
flaw, 1, 1, 3
knows, 12, 10, 524
formality, 1, 1, 3
definition, 2, 2, 4
immersion, 1, 1, 10
canon, 8, 6, 36
company, 2, 2, 3
archer, 3, 3, 3
leonard, 2, 2, 14
vm, 1, 1, 7
tested, 4, 4, 16
autistic, 1, 1, 1
encouragement, 1, 1, 8
impulse, 19, 6, 11
particular, 4, 4, 6
known, 6, 6, 8
foundations, 1, 1, 1
hurry, 1, 1, 5
ridiculousness, 1, 1, 2
glad, 5, 5, 22
eventuality, 1, 1, -4
commanded, 1, 1, 5
respected, 2, 2, 5
keeping, 2, 2, 2
carelessly, 1, 1, 3
thread, 1, 1, 2
hour, 5, 3, 28
debates, 1, 1, 5
recall, 6, 6, 46
created, 3, 3, 10
levar, 2, 2, 17
pr, 1, 1, 6
besides, 1, 1, 1
remain, 1, 1, 1
sudden, 1, 1, 3
nine, 9, 8, 59
sciency, 1, 1, 4
evolved, 1, 1, 1
v, 31, 22, 119
knocked, 1, 1, 6
spaniard, 1, 1, 1
_sale_and_auction, 1, 1, 36
_my, 1, 1, 25
history, 7, 7, 37
beautiful, 2, 2, 50
bashir, 8, 7, 35
atrocious, 1, 1, 1
challenging, 2, 2, 6
5xxxx, 1, 1, 1
stated, 1, 1, 0
rodriguez, 1, 1, 46
longterm, 1, 1, 2
approved, 1, 1, 4
suggestions, 2, 2, 3
captive, 1, 1, 1
accept, 3, 3, 8
terrible, 9, 9, 25
pushed, 1, 1, 1
minimum, 1, 1, 0
metamorphosis, 1, 1, 1
attain, 1, 1, 2
sense, 17, 17, 170
interpreted, 1, 1, 24
repackaged, 1, 1, 1
tolerant, 1, 1, 18
dress, 1, 1, 2
species, 7, 6, 9
earpiece, 1, 1, 4
reputation, 1, 1, 1
information, 7, 7, 34
needs, 10, 9, 190
sr, 1, 1, 2
early, 12, 11, 68
goal, 2, 2, 4
wellwritten, 2, 2, 29
rather, 9, 9, 38
stid, 10, 3, 31
acts, 1, 1, 0
hugh, 2, 2, 1
algorithms, 3, 2, 10
poverty, 1, 1, 2
fame, 1, 1, 1
hampered, 1, 1, 1
automatic, 2, 2, 5
glowing, 1, 1, 2
occasionally, 1, 1, 6
scifi, 5, 5, 23
cling, 1, 1, 1
picardrikerdataworf, 1, 1, 49
expecting, 1, 1, 4
vians, 1, 1, 1
ensemble, 1, 1, 46
conceived, 1, 1, 3
creature, 1, 1, 1
schultz, 1, 1, 1
cardassian, 5, 5, 24
fights, 3, 3, 25
gina, 3, 3, 35
okay, 5, 5, 89
tried, 7, 7, 43
basiclly, 1, 1, 2
advice, 2, 2, 9
par, 1, 1, 8
reflect, 1, 1, 6
tries, 2, 2, 7
fc, 1, 1, 0
blood, 7, 6, 31
coming, 5, 3, 2
_not_, 1, 1, 1
fi, 4, 4, 10
ethics, 2, 2, 5
sloppy, 1, 1, 46
klingonness, 3, 2, 19
response, 3, 3, 46
contrived, 1, 1, 14
burns, 1, 1, 17
imagery, 1, 1, 4
trois, 1, 1, 17
introspective, 1, 1, 5
crowded, 1, 1, 1
coat, 2, 2, 1
author, 3, 2, 2
bugs, 1, 1, 0
throws, 1, 1, 2
deserted, 1, 1, 7
generic, 3, 3, 23
equally, 3, 3, 11
wishes, 1, 1, 3
fuckin, 1, 1, 1
barclaydwight, 1, 1, 1
pay, 2, 2, 8
banks, 2, 2, 11
facebook, 2, 2, 5
ega, 1, 1, 7
stewart, 3, 3, 14
dream, 3, 3, 13
playing, 10, 10, 34
rounded, 1, 1, 3
help, 12, 7, 17
rand, 1, 1, 15
developed, 4, 4, 9
heartfelt, 2, 2, 27
redshirts, 1, 1, 1
mission, 14, 9, 35
trade, 2, 2, 20
held, 2, 2, 8
spices, 1, 1, 3
appeals, 1, 1, 0
stardates, 12, 6, 33
discrepancy, 1, 1, 2
committed, 2, 1, 0
strength, 1, 1, 1
hell, 7, 6, 29
smiling, 1, 1, 54
suffer, 1, 1, 36
wiping, 1, 1, 3
nchik, 1, 1, 9
dont, 4, 4, 3
24, 2, 2, 8
25, 2, 2, 3
style, 6, 6, 11
27, 1, 1, 1
thrilling, 2, 2, 6
21, 1, 1, 25
salary, 1, 1, 1
dozens, 1, 1, 5
picard, 35, 25, 191
probe, 1, 1, 12
guinan, 1, 1, 5
actually, 39, 34, 178
halfcaucasian, 1, 1, 1
holberg, 1, 1, 1
detected, 1, 1, 0
parts, 13, 12, 45
systems, 3, 3, 11
peanuts, 1, 1, 0
wellexplored, 1, 1, 0
might, 27, 23, 383
alter, 1, 1, 3
wry, 2, 2, 2
good, 114, 89, 570
return, 5, 5, 5
janeway, 6, 5, 30
severely, 5, 5, 34
ya, 4, 4, 8
sucker, 1, 1, 1
unreal, 1, 1, 1
ye, 1, 1, 1
predator, 2, 1, 10
prejudices, 1, 1, 0
primary, 1, 1, 1
underground, 1, 1, 2
tougher, 1, 1, 44
shred, 1, 1, 3
dealing, 1, 1, 1
magic, 2, 1, 3
viewtype, 1, 1, 1
lightens, 1, 1, 2
complain, 4, 4, 8
bigger, 6, 4, 8
sucked, 1, 1, 40
mystery, 3, 1, 0
bryan, 4, 4, 33
shipsthe, 1, 1, 1
capacity, 1, 1, 5
rebootingremaking, 1, 1, 1
everytime, 1, 1, 3
dialation, 1, 1, 20
always, 38, 35, 188
decimal, 3, 2, 21
helming, 1, 1, 46
exploitation, 1, 1, 2
inoffensive, 1, 1, 9
2d, 1, 1, 1
scarcely, 1, 1, 0
habits, 1, 1, 141
stopped, 5, 5, 11
gender, 5, 4, 210
notated, 1, 1, 2
found, 11, 11, 134
repeating, 1, 1, 18
friendship, 4, 3, 45
trailer, 6, 5, 71
referred, 4, 3, 26
heavy, 3, 3, 12
reigned, 1, 1, 14
flatmate, 1, 1, 1
everyone, 25, 23, 145
someday, 1, 1, 1
pirates, 2, 1, 0
generation, 11, 11, 39
intruder, 2, 2, 3
hard, 19, 17, 39
jjverse, 2, 2, 22
idea, 34, 32, 250
adam, 1, 1, 1
accidentally, 2, 2, 19
engaging, 2, 1, 0
bickering, 1, 1, 14
finish, 7, 7, 15
expect, 8, 8, 109
fist, 2, 2, 10
sketched, 1, 1, 2
quantum, 1, 1, 5
checkov, 1, 1, 8
beyond, 8, 8, 80
butthurt, 1, 1, 4
navigator, 2, 2, 2
really, 151, 92, 546
deals, 1, 1, 1
speciescultural, 1, 1, 16
divide, 1, 1, 0
psychology, 1, 1, 4
p, 3, 3, 111
since, 26, 21, 194
projected, 1, 1, 3
denotes, 1, 1, 1
overused, 1, 1, 8
acting, 10, 9, 47
reappearing, 2, 2, 8
safety, 3, 3, 12
overrode, 1, 1, 3
7, 13, 10, 41
paradise, 1, 1, 1
sid, 1, 1, 1
issue, 7, 6, 20
ftl, 8, 5, 11
salute, 1, 1, 1
borgwar, 1, 1, 18
divisive, 1, 1, 3
hailing, 1, 1, 4
pun, 1, 1, 1
drink, 3, 3, 408
belief, 1, 1, 2
pathetic, 1, 1, 15
grand, 1, 1, 2
timeline, 14, 8, 16
team, 5, 4, 7
reallys, 1, 1, 1
forgive, 2, 2, 28
dune, 1, 1, 1
mmm, 2, 2, 16
difficulty, 1, 1, 0
reason, 16, 16, 109
cookie, 1, 1, 4
imperial, 1, 1, 2
members, 6, 5, 51
imagine, 7, 7, 37
ask, 5, 5, 62
heads, 2, 1, 1
beatuiful, 1, 1, 1
beginning, 10, 10, 24
kamala, 2, 2, 12
toetotoe, 1, 1, 1
director, 4, 3, 54
benefits, 2, 2, 9
service, 5, 5, 6
underwhelming, 1, 1, 11
327114, 1, 1, 4
computers, 1, 1, 8
sitcom, 1, 1, 43
terribly, 2, 2, 2
american, 3, 2, 1
prejudice, 3, 3, 3
elective, 1, 1, 4
threat, 2, 2, 22
anecdote, 1, 1, 2
pilots, 3, 3, 8
top, 9, 7, 14
noobfreshmanmaggot, 1, 1, 1
botany, 1, 1, 1
major, 4, 4, 29
mr, 3, 2, 1
trekkie, 2, 2, 70
seeming, 2, 1, 4
probability, 1, 1, 10
nonline, 1, 1, 4
feel, 24, 22, 112
relate, 2, 2, 2
knocking, 1, 1, 4
number, 8, 8, 339
fancy, 1, 1, 1
revive, 1, 1, 2
feet, 1, 1, 17
instances, 1, 1, 1
armitage, 1, 1, 2
talked, 3, 3, 82
done, 17, 16, 101
construct, 1, 1, 1
soapy, 1, 1, 0
bland, 1, 1, 46
says, 7, 7, 98
fiction, 2, 1, 1
miss, 7, 6, 30
spockbones, 1, 1, 30
stage, 2, 2, 3
regret, 1, 1, 16
corporal, 1, 1, 6
moan, 1, 1, 4
story, 27, 21, 118
fuller, 10, 8, 252
guest, 1, 1, 4
script, 3, 3, 49
introduction, 4, 4, 5
divorce, 1, 1, 1
interviews, 1, 1, 1
swipe, 1, 1, 1
notepad, 1, 1, 7
deanna, 2, 2, 23
least, 18, 17, 153
broccoli, 1, 1, 5
st4, 1, 1, 89
paint, 2, 2, 1
st6, 1, 1, 1
station, 10, 8, 22
identity, 4, 3, 3
storm, 1, 1, 11
arguing, 1, 1, 1
majority, 1, 1, 28
destruction, 3, 1, 0
recovered, 1, 1, 3
semimeta, 1, 1, 1
selling, 1, 1, 0
kids, 1, 1, 2
option, 1, 1, 7
relationship, 5, 5, 31
trapped, 1, 1, -1
exploded, 1, 1, 2
wildly, 2, 2, 4
mentality, 1, 1, 0
interviewed, 1, 1, 24
inch, 1, 1, 3
required, 1, 1, 49
1415, 1, 1, 2
assumption, 1, 1, 49
part, 36, 31, 252
differentiate, 1, 1, 2
protege, 1, 1, 1
believe, 5, 5, 61
importand, 1, 1, 6
remake, 3, 3, 5
king, 1, 1, 4
kind, 17, 15, 79
grew, 2, 2, 5
commiserate, 1, 1, 36
stb, 1, 1, 7
tuvok, 1, 1, 1
nympho, 1, 1, 2
gotten, 5, 5, 66
plowed, 1, 1, 2
grey, 1, 1, 1
vocal, 1, 1, 3
tog, 1, 1, 0
bride, 1, 1, 14
stv, 1, 1, 2
determined, 1, 1, 24
contrary, 1, 1, 4
supposed, 9, 8, 107
sedate, 2, 2, 2
elaborate, 1, 1, 2
seamlessly, 1, 1, 4
treated, 1, 1, 7
remembers, 1, 1, 3
interactive, 2, 1, 3
silence, 1, 1, 10
uniforms, 10, 6, 30
parmac, 1, 1, 14
scarcity, 2, 2, 59
storytelling, 1, 1, 7
wasnt, 2, 2, 21
alongside, 1, 1, 0
ages, 1, 1, 0
juicy, 1, 1, 1
kling, 2, 1, 2
download, 3, 3, 11
smaller, 1, 1, 1
sentences, 1, 1, 1
warmly, 1, 1, 2
sinkhole, 1, 1, -1
karl, 1, 1, 2
goldsmith, 2, 1, 1
sell, 2, 2, 3
ratings, 1, 1, 18
speaking, 4, 4, 23
built, 3, 3, 144
drunk, 3, 3, 3
depending, 2, 2, 15
tarnish, 1, 1, 2
self, 5, 5, 25
sela, 1, 1, 0
jeffreycombs2017, 1, 1, 9
walk, 1, 1, 3
also, 69, 62, 377
entirety, 1, 1, 3
internal, 2, 2, 7
useless, 1, 1, 5
checklist, 1, 1, 1
finding, 3, 3, 2
commentary, 2, 2, 6
spotlighted, 1, 1, 2
interfered, 1, 1, 1
uniting, 1, 1, 1
transparent, 1, 1, 2
crapping, 1, 1, 4
play, 14, 13, 157
towards, 6, 5, 23
hurtle, 1, 1, 1
bottle, 1, 1, 1
koenig, 1, 1, 5
quote, 4, 4, 59
kai, 6, 6, 67
english, 4, 3, 12
supercruise, 2, 1, 1
react, 1, 1, 1
talky, 1, 1, 3
plan, 2, 2, 5
significant, 1, 1, 141
nothing, 22, 21, 146
seasons, 34, 26, 151
acquired, 1, 1, 4
extremely, 3, 3, 10
screenwriter, 1, 1, 1
funnier, 1, 1, 6
stands, 1, 1, 2
3areleasenotes, 1, 1, 4
understands, 3, 2, 6
constructed, 1, 1, 4
filesystem, 1, 1, 7
windows, 4, 3, 10
performances, 1, 1, 2
clear, 3, 3, 6
sometimes, 11, 10, 54
astounding, 1, 1, 6
federationstarfleet, 2, 1, 1
destruct, 2, 2, 2
transplant, 1, 1, 8
deluded, 1, 1, -3
barred, 1, 1, 5
cramped, 1, 1, 1
storyline, 2, 2, 13
artistic, 1, 1, 1
clean, 1, 1, 1
hornblower, 2, 1, 7
weigh, 1, 1, 0
latest, 2, 1, 4
attacking, 1, 1, 0
perimgoogle, 1, 1, 3
joining, 1, 1, 0
retreads, 1, 1, 2
thomas, 1, 1, 4
ugh, 1, 1, 9
particularly, 8, 7, 22
rebels, 1, 1, 6
gold, 2, 2, 11
journeys, 1, 1, 1
warships, 1, 1, 1
pennies, 1, 1, -4
fond, 2, 2, 3
hugging, 1, 1, 1
cvn, 1, 1, 2
remodulate, 1, 1, 2
hyped, 1, 1, 46
sfx, 1, 1, 3
stores, 1, 1, 1
fine, 5, 4, 58
find, 25, 24, 72
occupation, 2, 2, 5
degeneres, 1, 1, 0
wraps, 1, 1, 29
regulations, 1, 1, 3
highranking, 1, 1, 1
latinum, 1, 1, 10
writes, 1, 1, 4
writer, 5, 5, 55
rebooting, 1, 1, 3
blue, 1, 1, 2
technologically, 1, 1, 8
interacial, 1, 1, 8
randy, 1, 1, 54
central, 1, 1, 18
pretty, 52, 40, 170
money, 4, 4, 27
8, 5, 5, 31
circle, 1, 1, 6
canaris, 1, 1, 1
armour, 1, 1, 8
merged, 1, 1, 1
isolationist, 1, 1, 0
studybuddy, 1, 1, 2
hit, 3, 3, 11
1312, 1, 1, 45
meanwhile, 1, 1, 0
babble, 1, 1, 0
beams, 1, 1, 5
smell, 1, 1, 0
brink, 1, 1, 1
grocery, 1, 1, 1
trees, 1, 1, 24
cheaper, 1, 1, 4
ixckr3o6frc, 1, 1, 1
feels, 14, 11, 65
actress, 8, 6, 158
shared, 1, 1, 1
wynn, 1, 1, 12
robs, 1, 1, 2
edible, 1, 1, 1
alexander, 2, 1, 0
shines, 1, 1, 2
enemy, 4, 4, 21
fluff, 1, 1, 0
resolve, 1, 1, 1
roles, 1, 1, 0
19942002, 1, 1, 9
tff, 1, 1, 3
millenium, 1, 1, 1
plinkett, 1, 1, 2
landscape, 1, 1, 3
mistakes, 1, 1, 46
common, 7, 7, 23
hype, 1, 1, 10
x, 4, 4, 395
creates, 2, 2, 4
cringe, 1, 1, 7
wrote, 4, 4, 10
approaching, 4, 4, 21
cry, 2, 2, 2
body, 2, 2, 5
filmsshows, 1, 1, 0
art, 5, 3, 6
backtrack, 1, 1, 1
irredeemably, 1, 1, 2
carrying, 1, 1, 9
arrives, 1, 1, 3
sex, 3, 2, 81
culture, 14, 10, 53
see, 70, 49, 206
individual, 2, 2, 9
frontrunner, 1, 1, 4
sea, 4, 2, 36
spock, 37, 30, 229
11th, 2, 1, 4
phaserandwarpdrive, 1, 1, 3
paul, 2, 2, 54
romances, 1, 1, 0
feared, 1, 1, 1
learns, 1, 1, 3
fricking, 1, 1, 1
unsettling, 1, 1, 11
mine, 7, 6, 33
movie, 65, 41, 165
wow, 3, 3, 11
currently, 9, 9, 22
please, 9, 9, 67
coffee, 1, 1, 4
fans, 16, 14, 52
various, 6, 5, 403
futile, 1, 1, 26
wok, 5, 4, 32
probably, 45, 32, 247
burned, 1, 1, 18
halfway, 4, 4, 27
nope, 1, 1, 2
funeral, 2, 2, 1
15th, 1, 1, 4
wide, 1, 1, 3
europe, 1, 1, 4
intolerable, 2, 1, 1
makeup, 2, 2, 17
recently, 5, 5, 49
excessive, 1, 1, 25
missing, 7, 7, 72
initially, 2, 2, 5
sold, 4, 3, 38
attention, 5, 5, 15
yeras, 1, 1, 1
punch, 1, 1, 1
ultimate, 1, 1, 2
incident, 3, 3, 10
selectively, 1, 1, 5
factually, 1, 1, 1
premise, 5, 2, 16
genre, 3, 3, 9
coexisted, 1, 1, 1
bone, 1, 1, 1
pissed, 3, 3, 64
rehashing, 1, 1, 6
unstar, 1, 1, 22
last, 20, 19, 162
license, 2, 2, 10
caracters, 1, 1, 14
mexican, 1, 1, 1
foreign, 1, 1, 9
lwaxana, 1, 1, 0
roman, 1, 1, 1
intercept, 1, 1, 3
alot, 2, 2, 3
let, 17, 15, 68
corrupt, 1, 1, 4
whole, 24, 24, 252
messiah, 1, 1, 46
league, 1, 1, 25
load, 1, 1, 17
liked, 28, 21, 71
wouldnt, 2, 1, 2
5676, 1, 1, 4
point, 20, 19, 208
simple, 3, 3, 13
sweet, 2, 2, 4
acted, 2, 2, 12
editions, 1, 1, 2
smashing, 1, 1, 7
corresponds, 1, 1, 3
community, 2, 2, 15
holodeck, 4, 4, 104
successordescendant, 1, 1, 24
pm, 1, 1, 1
tennessee, 1, 1, 24
simply, 13, 11, 41
likes, 1, 1, 8
marveling, 1, 1, 5
linux, 2, 1, 7
rave, 1, 1, 1
sing, 1, 1, 7
throughout, 7, 7, 58
uvwboyaf1, 1, 1, 1
entail, 1, 1, 10
catwalk, 1, 1, 6
furthers, 1, 1, 4
xpost, 1, 1, 2
chick, 1, 1, 2
create, 1, 1, 1
overlook, 1, 1, 5
political, 11, 5, 33
due, 5, 5, 33
strategy, 1, 1, 0
hitting, 1, 1, 2
pc, 3, 3, 14
faithfully, 1, 1, 2
dropping, 3, 2, 3
damn, 11, 10, 65
mutiny, 1, 1, 1
ahhhh, 1, 1, 3
territory, 5, 2, 1
meeting, 1, 1, 43
kirok, 1, 1, 9
4, 19, 17, 67
dialogue, 8, 8, 76
lived, 5, 4, 44
flight, 1, 1, 1
sub, 1, 1, 3
gay, 7, 3, 3
counting, 1, 1, 1
fire, 4, 4, 6
priorityonepod, 1, 1, 4
precision, 1, 1, 1
storylines, 1, 1, 1
else, 22, 20, 74
moment, 2, 2, 10
35mm, 1, 1, 1
races, 3, 1, 0
understand, 15, 14, 51
bidding, 1, 1, 10
kawoosh, 1, 1, 2
island, 1, 1, 1
wedding, 1, 1, 1
presented, 4, 3, 10
unnecessarily, 1, 1, 1
prologue, 1, 1, 2
scottish, 2, 2, 3
extracted, 1, 1, 7
intriguing, 1, 1, 3
stolen, 1, 1, 0
conception, 1, 1, 7
look, 32, 29, 282
fleek, 1, 1, 1
lovibond, 1, 1, 2
solid, 8, 4, 7
straight, 1, 1, 89
budget, 11, 8, 25
protomatter, 1, 1, 9
pace, 2, 2, 3
sexuality, 4, 3, 20
replaced, 2, 2, 3
match, 4, 3, 151
reliably, 1, 1, 4
error, 1, 1, 3
fun, 14, 14, 111
fleet, 3, 3, 7
transcripts, 1, 1, 1
animated, 2, 2, 4
richter, 1, 1, 2
guide, 4, 3, 12
loop, 4, 2, 4
theres, 1, 1, 2
birthright, 1, 1, 4
detailed, 2, 2, 11
larger, 2, 2, 5
10000, 1, 1, 1
hoping, 6, 4, 5
century, 5, 5, 9
tnglike, 1, 1, 16
overlooked, 1, 1, 3
settles, 1, 1, 2
rip, 1, 1, 1
encountered, 3, 3, 25
disappointing, 1, 1, 3
quaid, 1, 1, 54
reads, 3, 3, 10
confining, 1, 1, 1
rshittydaystrom, 2, 2, 9
ready, 2, 2, 3
robin, 1, 1, 7
rid, 1, 1, 10
alliances, 2, 2, 43
voy, 15, 13, 36
escalating, 1, 1, 1
cuisine, 1, 1, 6
dominian, 1, 1, 0
lcars, 1, 1, 2
shirt, 2, 2, 28
anymore, 2, 2, 29
bioethics, 1, 1, 2
notch, 1, 1, 3
government, 1, 1, 2
recalibrated, 1, 1, 3
wwww, 1, 1, 1
rules, 4, 3, 9
bloodlines, 2, 2, 5
virtually, 1, 1, 1
terran, 1, 1, 1
peoples, 1, 1, 1
9, 4, 4, 21
organization, 1, 1, 1
dunno, 1, 1, 10
failure, 2, 2, 6
higher, 5, 5, 29
development, 11, 10, 72
used, 18, 16, 94
temporary, 1, 1, 0
itch, 2, 2, 2
dime, 1, 1, 1
bonus, 2, 2, 6
comprehensive, 1, 1, 1
gallery, 1, 1, 3
condescending, 2, 2, 9
assessment, 1, 1, 2
yesterday, 2, 2, 2
holidays, 1, 1, 1
interpersonal, 1, 1, 1
viewing, 5, 5, 160
nagus, 1, 1, 2
moving, 3, 3, 10
user, 1, 1, 4
plugs, 1, 1, 3
undoubtedly, 1, 1, 3
conveniently, 2, 1, 1
rerendering, 1, 1, 1
recent, 5, 5, 45
dark, 3, 3, 26
infiltrator, 1, 1, 5
database, 1, 1, 1
lethian, 1, 1, 1
spent, 3, 3, 8
obviously, 3, 3, 95
person, 6, 6, 23
synopsis, 1, 1, 19
edge, 6, 6, 25
garak, 2, 2, 2
sortby, 1, 1, 1
theatres, 1, 1, 3
entry, 2, 2, 5
chemistry, 4, 2, 6
spend, 4, 4, 11
know, 68, 59, 382
confirm, 4, 4, 12
ambassador, 4, 2, 17
abilities, 1, 1, 3
mom, 2, 2, 4
leaking, 1, 1, 1
birthday, 3, 2, 23
officers, 14, 10, 46
colt, 1, 1, 48
openly, 2, 2, 5
questions, 2, 2, 5
world, 9, 9, 47
rambo, 1, 1, 3
stuffemissary, 1, 1, 2
gems, 2, 2, 6
cut, 11, 10, 29
illusions, 1, 1, 1
ineffective, 1, 1, 3
rerelease, 2, 2, 5
hated, 9, 9, 30
queen, 1, 1, 1
alternate, 5, 4, 14
humanoid, 1, 1, 0
_exactly_, 1, 1, 4
signals, 1, 1, 24
source, 6, 6, 85
uncertainty, 1, 1, 1
parents, 2, 1, 17
homeland, 1, 1, 2
win, 1, 1, 36
snap, 2, 2, 84
violations, 1, 1, 0
excited, 4, 4, 10
surprised, 4, 4, 23
build, 2, 2, 6
ridiculously, 2, 2, 5
complaint, 1, 1, 1
manage, 1, 1, 1
march, 2, 2, 17
forces, 1, 1, 1
format, 2, 2, 14
rewatchability, 1, 1, 1
dvds, 3, 2, 6
showing, 7, 7, 46
tits, 1, 1, 6
annoyingevil, 1, 1, 11
shitty, 1, 1, 46
game, 23, 19, 97
alsothere, 1, 1, 1
screams, 1, 1, 1
intellectual, 1, 1, 46
extrapolating, 1, 1, 3
damage, 2, 1, 1
bit, 34, 26, 84
blech, 1, 1, 2
wings, 1, 1, 8
renegade, 1, 1, 89
stardrive, 1, 1, 2
nebulae, 1, 1, 4
13, 1, 1, 1
semi, 1, 1, 0
sincerely, 1, 1, 141
admittedly, 1, 1, 6
facets, 1, 1, 3
disks, 1, 1, 7
seemingly, 3, 3, 5
holes, 2, 2, 19
manifest, 1, 1, 1
separately, 5, 4, 35
communications, 1, 1, 1
millions, 1, 1, 5
continue, 6, 6, 15
80, 1, 1, 1
popular, 9, 9, 21
foolish, 1, 1, 1
essential, 1, 1, 1
terminology, 1, 1, 1
crescendo, 1, 1, 5
frakes, 2, 2, 1
google, 2, 2, 3
often, 8, 8, 55
course, 12, 11, 28
absolutely, 7, 5, 38
threads, 1, 1, 1
pals, 1, 1, 3
ivanova, 1, 1, 5
aired, 12, 12, 78
understood, 4, 4, 40
added, 2, 2, 17
mighty, 1, 1, 0
speculation, 1, 1, 3
costumes, 1, 1, 4
mirror, 4, 3, 6
curious, 4, 4, 30
fanfare, 1, 1, 1
saucer, 1, 1, 2
gradually, 1, 1, 4
scale, 6, 6, 38
sources, 1, 1, 1
pet, 1, 1, 0
affects, 1, 1, 2
measurements, 1, 1, 2
integration, 1, 1, 2
per, 1, 1, 25
marcus, 2, 2, 4
quickly, 1, 1, 1
pen, 1, 1, 3
civilization, 2, 2, 1
militaristic, 2, 2, 8
retro, 1, 1, 2
tends, 1, 1, 2
excluding, 1, 1, 3
epic, 5, 4, 18
redlettermedia, 2, 2, 4
apathetic, 1, 1, 0
cgi, 5, 2, 5
object, 1, 1, 2
run, 12, 10, 36
keiko, 10, 8, 127
requiem, 1, 1, 1
remembered, 1, 1, 2
lose, 1, 1, 1
continuing, 1, 1, 0
agreement, 1, 1, 328
stem, 3, 3, 30
feelings, 2, 2, 51
step, 3, 3, 53
joffrey, 1, 1, 4
nowhere, 3, 3, 29
claw, 1, 1, 2
ufp, 2, 2, 7
plots, 4, 4, 26
carol, 1, 1, 3
shine, 2, 1, 0
excelling, 1, 1, 2
anything, 22, 21, 143
netflix, 22, 17, 210
podcaster, 1, 1, 24
manny, 2, 1, 4
deadlock, 1, 1, 6
hologram, 2, 1, 65
audible, 1, 1, 9
drama, 7, 5, 3
deserves, 3, 3, 39
range, 3, 3, 71
rewrite, 2, 2, 6
idk, 1, 1, 2
slowpaced, 1, 1, 7
watchlist, 1, 1, 1
experiences, 1, 1, 6
italian, 1, 1, 1
daisies, 1, 1, 2
gamma, 11, 2, 1
culminates, 1, 1, 5
ppl, 1, 1, 2
seeing, 9, 9, 164
mechanics, 1, 1, 1
betazed, 2, 2, 16
letter, 1, 1, -1
terrorists, 1, 1, 19
narrated, 2, 2, 8
dude, 3, 3, 4
aliens, 8, 6, 9
within, 6, 6, 20
welldirected, 1, 1, 46
services, 1, 1, 2
racism, 1, 1, 1
primarily, 1, 1, 1
alpha, 6, 6, 20
contributor, 1, 1, 22
cho, 1, 1, 46
dwayne, 1, 1, 46
downhill, 1, 1, 1
stitcher, 1, 1, 24
selfdeprecating, 1, 1, 1
aristocratic, 1, 1, 2
pylons, 3, 1, 1
renewal, 2, 2, 10
nails, 2, 2, 3
bruv, 1, 1, 3
question, 17, 17, 59
long, 28, 27, 316
custom, 3, 3, 13
uncomfortable, 2, 2, 8
dukat, 2, 2, 34
doubt, 6, 5, 11
bantering, 1, 1, 14
rivalries, 1, 1, 0
forward, 13, 11, 65
prey, 1, 1, 19
bored, 1, 1, 2
footage, 2, 2, 44
opens, 2, 2, 36
stare, 1, 1, 4
files, 2, 2, 29
considerably, 1, 1, 6
rereleased, 1, 1, 2
tragedies, 1, 1, 2
atlantis, 1, 1, 2
wondering, 6, 6, 18
douchebag, 1, 1, 1
psicorps, 1, 1, 5
6um2aot_vl8, 1, 1, 20
properly, 1, 1, 36
link, 4, 4, 15
authority, 3, 3, 9
delta, 1, 1, 0
russian, 2, 1, 0
line, 14, 10, 29
dull, 4, 2, 2
raising, 1, 1, 49
posted, 3, 3, 5
directed, 1, 1, 0
ideals, 1, 1, 4
legacy, 1, 1, 1
sounds, 6, 6, 50
us, 31, 24, 297
clips, 2, 2, 5
mobile, 2, 2, 6
preemptive, 1, 1, 4
exploration, 18, 9, 10
uk, 5, 5, 33
highlight, 1, 1, 2
execs, 1, 1, 3
similar, 16, 15, 77
called, 10, 9, 28
lovers, 1, 1, 2
individuality, 1, 1, 0
popularity, 2, 2, 6
ordered, 1, 1, 3
worthwhile, 1, 1, 4
7937, 1, 1, 7
figured, 2, 2, 3
likewise, 1, 1, 2
recommendation, 1, 1, 2
influence, 1, 1, 24
halfcocked, 2, 2, 10
unreasonable, 1, 1, 1
imgurcomgallery0oknm, 1, 1, 11
single, 8, 8, 39
diverse, 1, 1, 6
necks, 1, 1, 1
whitewashing, 1, 1, 1
home, 17, 13, 79
psychopath, 1, 1, 0
tmp, 8, 5, 10
struggled, 1, 1, 0
hmmmmm, 1, 1, 8
rainbow, 1, 1, 132
passable, 1, 1, 6
paradox, 1, 1, 3
amounts, 1, 1, 4
fixing, 1, 1, 9
peace, 3, 3, 5
laughing, 1, 1, 14
dimmed, 1, 1, 0
translating, 1, 1, 3
occasional, 2, 1, 24
kirk, 26, 23, 128
points, 4, 4, 12
actors, 14, 12, 257
ellen, 1, 1, 0
corny, 2, 2, 8
forge, 1, 1, 0
kira, 10, 7, 52
west, 1, 1, 1
conference, 1, 1, 1
nice, 19, 12, 33
explaining, 1, 1, 3
elements, 3, 3, 22
cheesy, 2, 2, 3
users, 3, 2, 143
calculating, 1, 1, 1
favourite, 12, 10, 25
jealousy, 2, 2, 4
understatement, 1, 1, 10
problems, 8, 7, 41
visits, 2, 2, 4
occurred, 2, 2, 9
william, 4, 3, 6
meaning, 4, 4, 55
enterprised, 3, 3, 4
focuses, 1, 1, 2
depicting, 1, 1, 24
confusing, 3, 3, 10
structure, 1, 1, 16
ago, 8, 7, 32
tailored, 1, 1, 4
land, 5, 4, 25
lovefest, 1, 1, 1
practically, 1, 1, 12
dvd, 6, 6, 15
age, 5, 5, 28
unlocked, 1, 1, 3
youtube, 3, 3, 27
orbit, 3, 2, 3
departments, 2, 1, 3
postproduction, 1, 1, 2
2002, 1, 1, 3
2000, 2, 2, 19
nasa, 2, 1, 24
presenting, 1, 1, 0
nutrek, 2, 2, 5
far, 31, 29, 184
everywhere, 2, 2, 1
underrated, 1, 1, 4
svu, 1, 1, 2
memoryalpha, 1, 1, 36
gt, 18, 17, 146
guessing, 1, 1, 1
scratch, 3, 3, 4
broaden, 1, 1, 14
resistance, 2, 2, 28
overly, 1, 1, 3
alien, 9, 8, 41
grinning, 1, 1, 14
bulkhead, 1, 1, 8
franz, 1, 1, 2
sargon, 1, 1, 1
broader, 1, 1, 3
go, 56, 50, 199
sensors, 1, 1, 3
centers, 1, 1, 1
issues, 9, 9, 85
seemed, 5, 5, 66
pervert, 1, 1, 83
simon, 10, 9, 50
pope, 1, 1, 3
integral, 1, 1, 16
grass, 1, 1, 2
young, 4, 4, 5
send, 3, 3, 37
arrogance, 2, 2, 5
touches, 1, 1, 2
stable, 2, 2, 1
discretion, 1, 1, 14
dislike, 6, 6, 33
include, 2, 2, 17
friendly, 2, 2, 8
sent, 1, 1, 0
breathing, 1, 1, 3
ophelia, 1, 1, 2
listed, 2, 2, 26
continues, 3, 2, 1
implore, 1, 1, 2
hazing, 1, 1, 1
heard, 4, 4, 14
underrrated, 1, 1, 1
imgurcomr0wt24s, 1, 1, 20
nixed, 1, 1, 1
putting, 4, 4, 7
size, 2, 1, 1
accuse, 1, 1, 8
telling, 1, 1, 5
traveler, 1, 1, 2
remade, 1, 1, 28
ending, 8, 2, 2
continued, 2, 2, 5
necessitating, 1, 1, 4
ai, 1, 1, 3
legos, 1, 1, -2
entire, 11, 11, 41
partially, 1, 1, 2
menace, 1, 1, 3
positions, 3, 3, 19
notes, 1, 1, 4
shock, 1, 1, 4
michael, 3, 3, 20
wait, 4, 4, 6
try, 7, 7, 443
skipped, 1, 1, 3
race, 11, 9, 224
villians, 1, 1, 30
wolfram, 1, 1, 2
1668, 1, 1, 2
burden, 1, 1, 1
geordie, 1, 1, 1
havent, 2, 2, 16
firsttimer, 1, 1, 1
_were_, 1, 1, 1
solutions, 1, 1, 25
eye, 1, 1, 3
limitations, 2, 2, 3
dilute, 1, 1, 8
visuals, 1, 1, 4
rtlhinganhol, 1, 1, 2
crop, 1, 1, 6
jump, 4, 3, 7
carefully, 1, 1, 1
blowing, 1, 1, 2
video, 9, 9, 21
booth, 1, 1, 8
picked, 1, 1, 4
odo, 5, 5, 12
incidentally, 1, 1, 24
replicated, 1, 1, 17
bettermade, 1, 1, 2
odd, 4, 4, 46
click, 1, 1, 2
clich, 1, 1, 0
contingent, 1, 1, 14
flagship, 1, 1, 3
turn, 1, 1, 2
3x, 1, 1, 2
plays, 5, 3, 15
unavailable, 1, 1, 5
directive, 3, 2, 7
giving, 8, 7, 29
_far_, 1, 1, 18
helmets, 1, 1, 6
slight, 1, 1, 1
danger, 1, 1, 3
access, 8, 8, 35
consistently, 1, 1, 7
waiting, 1, 1, 22
experiment, 2, 2, 3
tosk, 1, 1, 1
crossed, 1, 1, 1
bird, 1, 1, 19
originalpostsearcher, 1, 1, 2
oneoff, 1, 1, 1
flash, 2, 1, 7
lessons, 1, 1, 3
downright, 1, 1, 3
klingon, 20, 18, 85
led, 1, 1, 11
lee, 2, 1, 2
exchange, 1, 1, 0
backstory, 3, 3, 2
gathered, 1, 1, 3
pushing, 2, 2, 6
indicator, 1, 1, 1
delivering, 1, 1, 4
comical, 1, 1, 7
desired, 1, 1, 0
explore, 8, 7, 13
les, 2, 1, 24
focused, 3, 3, 7
others, 10, 10, 63
consideration, 1, 1, 1
safer, 1, 1, 1
invented, 1, 1, 3
suggest, 3, 3, 26
stellar, 1, 1, 1
great, 79, 54, 591
trans, 2, 1, 3
survivor, 1, 1, 57
technical, 4, 4, 30
involved, 2, 2, 7
31, 1, 1, 6
reminiscent, 1, 1, 0
disadvantage, 2, 1, 1
35, 1, 1, 3
leaving, 6, 6, 17
soaryn, 1, 1, 0
ment, 1, 1, -2
leadership, 2, 2, 14
universallytranslate, 1, 1, 3
defeat, 1, 1, 24
shrunk, 1, 1, 2
opinion, 15, 15, 76
chang, 1, 1, 4
gene, 5, 5, 26
makes, 16, 16, 191
honor, 4, 4, 26
involves, 3, 3, 7
thats, 1, 1, 1
holmes, 4, 2, 26
firewalled, 1, 1, 5
named, 4, 3, 8
chains, 1, 1, 1
sat, 1, 1, 4
claim, 1, 1, 16
s01, 3, 2, 13
s02, 3, 2, 13
s03, 1, 1, 4
ensign, 10, 6, 11
330, 1, 1, 0
s06, 2, 1, 3
ticking, 1, 1, 1
standpoint, 3, 3, 7
addressed, 1, 1, 2
halfassed, 1, 1, 2
names, 6, 5, 72
resurrection, 1, 1, 1
buildup, 1, 1, 0
mokar, 1, 1, 3
resolutions, 1, 1, 1
thick, 2, 2, 12
redo, 1, 1, 3
standing, 1, 1, 3
use, 19, 18, 80
andreas, 1, 1, 5
stream, 2, 2, 3
usa, 1, 1, 22
remains, 3, 3, 6
chi, 2, 1, 2
next, 33, 30, 314
camera, 2, 2, 5
uss, 3, 2, 3
_, 1, 1, 6
typical, 3, 3, -1
timing, 1, 1, 1
jonathan, 2, 2, 1
chip, 1, 1, 7
sort, 14, 13, 49
slim, 1, 1, 1
upcoming, 1, 1, 0
started, 24, 23, 150
becomes, 1, 1, 0
calling, 1, 1, 2
factor, 1, 1, 18
karaoked, 1, 1, 6
confused, 1, 1, 8
deserve, 1, 1, 5
opposing, 2, 2, 14
ehigh, 1, 1, 1
boxes, 1, 1, 1
connie, 2, 2, 9
baby, 1, 1, 24
commited, 1, 1, 0
underfunded, 1, 1, 4
potential, 3, 3, 22
charity, 1, 1, 3
women, 1, 1, 89
depiction, 1, 1, 24
balls, 3, 3, 32
announcing, 1, 1, 4
f, 2, 2, 21
challenge, 1, 1, 2
jarringly, 1, 1, 4
shoulda, 1, 1, 9
anywhere, 1, 1, 3
obvious, 6, 6, 96
serialized, 2, 2, 17
praise, 1, 1, 24
freedom, 1, 1, 0
meet, 2, 2, 10
personality, 2, 1, 0
didnt, 2, 2, 5
fighter, 1, 1, 3
performed, 1, 1, 10
control, 4, 4, 13
wearing, 1, 1, 3
weaker, 4, 4, 15
bent, 1, 1, 3
tas, 7, 6, 22
favorite, 30, 24, 107
purposes, 1, 1, 18
pieces, 4, 4, 51
high, 7, 6, 414
ascension, 1, 1, 10
villain, 8, 5, 14
pulling, 2, 2, 10
something, 44, 37, 192
brownface, 1, 1, 1
bones, 7, 7, 97
wonderful, 1, 1, 0
serial, 1, 1, 7
4100048000, 1, 1, 45
overtly, 1, 1, 2
rods, 1, 1, 2
rape, 1, 1, 0
native, 2, 2, 17
entd, 1, 1, 1
comes, 1, 1, 1
united, 1, 1, 0
hints, 2, 2, 7
varied, 1, 1, 0
sit, 3, 3, 6
groovier, 1, 1, 4
purpose, 1, 1, 11
holds, 1, 1, 5
vulcanians, 1, 1, 6
tom, 1, 1, 6
fortunate, 1, 1, 36
traders, 1, 1, 0
brian, 1, 1, 2
lamp, 2, 1, 4
numerous, 2, 2, 58
sentiments, 1, 1, 22
forest, 2, 2, 25
2009present, 1, 1, 9
suspend, 1, 1, 2
instead, 10, 9, 36
mysteries, 3, 3, 11
comedy, 1, 1, 14
panic, 2, 2, 10
sin, 1, 1, 2
sim, 1, 1, 1
stock, 3, 3, 46
profile, 2, 1, 1
competentand, 1, 1, 4
hawt, 1, 1, 1
attend, 1, 1, 3
valentines, 4, 3, 4
watch, 62, 48, 287
immersed, 1, 1, 16
wallpaper, 2, 2, 5
unforgivable, 1, 1, 2
collection, 1, 1, 4
3, 20, 18, 124
permanent, 1, 1, 1
lama, 1, 1, 3
voyagerso, 1, 1, 21
ensigns, 1, 1, 4
tier, 5, 2, 7
ties, 1, 1, 0
spelling, 1, 1, 14
telepathic, 1, 1, 2
referring, 1, 1, 1
autograph, 1, 1, 1
boasting, 1, 1, 1
realized, 8, 8, 38
introduced, 1, 1, 4
physical, 1, 1, 2
sillier, 1, 1, 3
light, 5, 4, 17
lame, 1, 1, 14
lines, 5, 5, 17
correspond, 1, 1, 1
processor, 1, 1, 7
nonhuman, 2, 2, 21
chief, 3, 2, -8
honestly, 7, 7, 20
metaphors, 1, 1, 6
allow, 1, 1, 3
classy, 1, 1, 1
furious, 3, 1, 46
subsequently, 1, 1, 3
willie, 1, 1, 3
paan, 1, 1, 3
counted, 1, 1, 89
capabilities, 1, 1, 2
bajor, 2, 2, 39
lookwe, 1, 1, 5
mindset, 3, 2, 5
chaotica, 1, 1, 14
brahms, 2, 2, 105
reimaging, 1, 1, 2
reeling, 1, 1, 1
move, 8, 7, 47
bugle, 1, 1, 43
meter, 1, 1, 10
showrunner, 5, 4, 26
looping, 1, 1, 0
including, 3, 3, 65
looks, 10, 10, 63
horns, 2, 1, 43
mentioned, 3, 3, 15
heregt, 1, 1, 4
pervy, 1, 1, 1
seaquest, 1, 1, 3
galaxy, 10, 9, 29
bunch, 3, 3, 36
perfect, 5, 5, 45
write, 11, 9, 97
coto, 2, 1, 4
la, 2, 2, 2
chosen, 2, 2, 17
episodic, 1, 1, 1
ships, 29, 21, 53
nostalgia, 1, 1, 0
nostalgic, 1, 1, 7
lt, 5, 5, 200
thieves, 2, 1, 0
inconsistencies, 1, 1, 4
covered, 2, 2, 4
2017, 4, 4, 36
2016, 5, 3, 6
wellknown, 1, 1, 4
yeoman, 2, 2, 63
2013, 2, 2, 4
dad, 1, 1, 1
puts, 1, 1, 11
designs, 2, 1, 1
applause, 1, 1, 3
crash, 4, 4, 49
greater, 1, 1, 5
material, 3, 3, 9
uhura, 5, 4, 18
failhave, 1, 1, 8
mention, 5, 3, 2
courtroom, 2, 2, 3
kiss, 2, 1, 8
hands, 4, 4, 37
front, 2, 2, 3
rotation, 1, 1, 5
law, 2, 2, 18
cage, 1, 1, 1
handy, 2, 2, 11
emotion, 2, 2, 17
articles, 1, 1, 29
february, 6, 2, 5
spinoffs, 3, 3, 12
reinforcing, 1, 1, 5
orange, 1, 1, 1
edit, 8, 8, 59
warned, 1, 1, 6
equinox, 1, 1, 1
nicely, 2, 2, 4
dammn, 1, 1, 23
trap, 1, 1, 1
truth, 3, 3, 2
fields, 1, 1, 3
accounts, 1, 1, 20
uninteresting, 1, 1, 2
onscreen, 1, 1, 1
glasses, 2, 2, 25
homogeneous, 1, 1, 1
recommend, 10, 9, 32
activate, 1, 1, 1
500000crazy, 1, 1, 1
adventure, 4, 4, 6
acronyms, 1, 1, 6
unbelievable, 1, 1, 1
related, 4, 4, 43
society, 5, 3, 2
books, 3, 3, 12
increases, 1, 1, 1
incapable, 1, 1, 1
measure, 1, 1, 6
suite, 1, 1, 1
patch, 1, 1, 1
special, 10, 9, 45
category, 3, 3, 23
matt, 1, 1, 1
giant, 2, 2, 5
fundamentally, 1, 1, 4
sentiment, 2, 2, 9
frontier, 11, 10, 42
spectrum, 2, 2, 2
res, 1, 1, 1
defend, 2, 2, 25
wrist, 1, 1, 6
reboot, 18, 13, 83
wholly, 1, 1, 1
vcr, 1, 1, 4
mate, 2, 2, 1
ren, 1, 1, 1
socalled, 1, 1, 1
hilarious, 4, 4, 7
beef, 1, 1, 1
electronics, 1, 1, 2
brilliantly, 1, 1, 6
cause, 3, 3, 4
announcement, 1, 1, 17
announced, 4, 4, 7
torres, 4, 4, 31
shut, 2, 2, 13
intruded, 1, 1, 1
interactions, 3, 3, 6
spot, 3, 3, 5
70s, 2, 2, 8
madge, 1, 1, 89
2233, 1, 1, 3
completely, 11, 10, 48
surely, 1, 1, 2
york, 1, 1, 4
advisor, 1, 1, 17
conflicts, 2, 2, 2
stupidest, 1, 1, 12
anyhow, 1, 1, 1
bothered, 1, 1, 24
business, 2, 2, 3
afterward, 1, 1, 3
quo, 2, 2, 5
additional, 1, 1, 2
earthromulan, 1, 1, 1
helmsmen, 2, 1, 0
drinking, 1, 1, 1
hostile, 1, 1, 27
peeve, 1, 1, 0
ruins, 3, 2, 8
could, 74, 61, 307
khaaan, 1, 1, 3
confident, 2, 2, 26
times, 10, 10, 43
conversation, 1, 1, 24
pasting, 1, 1, 7
incarnation, 1, 1, -8
retain, 1, 1, 0
katsulas, 1, 1, 5
museum, 1, 1, 1
south, 1, 1, 0
mad, 1, 1, 2
exam, 1, 1, 2
finest, 1, 1, 1
isbn, 1, 1, 2
rader, 1, 1, 1
critique, 1, 1, 6
poignancy, 1, 1, 3
powerful, 2, 2, 12
scene, 16, 15, 155
owned, 1, 1, 1
jesus, 1, 1, 2
twat, 1, 1, 0
fits, 4, 4, 9
set, 19, 16, 67
glorified, 1, 1, 18
reached, 3, 3, 335
captains, 5, 5, 7
quality, 7, 7, 12
owning, 1, 1, 2
exosquad, 1, 1, 3
ancient, 1, 1, 0
sadly, 4, 4, 12
fascinating, 4, 4, 6
intention, 2, 2, 9
guys, 7, 6, 410
lauhging, 1, 1, 2
accent, 2, 2, 3
system, 18, 9, 20
rasmussen, 1, 1, 0
shockingly, 1, 1, 7
priority, 2, 1, 4
positing, 1, 1, 141
trending, 11, 8, 178
developer, 1, 1, 3
beside, 1, 1, 1
perfectly, 3, 3, 32
final, 19, 17, 74
scans, 1, 1, 5
interests, 1, 1, 24
noname, 1, 1, 27
weyoun, 1, 1, 23
stars, 6, 6, 12
discovered, 1, 1, 1
ambiguous, 1, 1, 0
hokey, 1, 1, 2
academy, 7, 5, 14
doomed, 2, 2, 13
nobody, 5, 5, 55
debate, 1, 1, 2
sisqo, 1, 1, 17
lists, 3, 3, 40
depressing, 1, 1, 0
disguised, 1, 1, 6
regards, 1, 1, 3
tended, 1, 1, 18
diminish, 1, 1, 1
july, 1, 1, 14
elite, 5, 4, 7
blind, 2, 2, 2
neck, 5, 3, 1
loved, 10, 10, 18
buddy, 2, 1, 6
hitlerinthebunker, 1, 1, 2
warfare, 1, 1, 1
boring, 17, 15, 71
bother, 2, 2, 26
westley, 1, 1, 7
bed, 3, 3, 4
politics, 2, 2, 1
farscape, 1, 1, 6
loves, 3, 3, 22
xenophobic, 1, 1, 0
embody, 1, 1, 1
dumb, 4, 4, 13
country, 9, 8, 55
tomalak, 1, 1, 5
projections, 1, 1, 1
immersive, 1, 1, 7
counter, 1, 1, 1
villains, 4, 3, 4
clip, 1, 1, 1
20121126173006amp, 1, 1, 1
viewer, 2, 2, 12
unchanged, 2, 2, 4
galactic, 1, 1, 1
villainy, 1, 1, 4
gscq_mn0evc, 1, 1, 3
tonight, 2, 2, 11
fail, 2, 2, 399
naomi, 1, 1, 4
ethnically, 1, 1, 1
close, 7, 7, 34
need, 30, 28, 299
whowhat, 1, 1, 27
blockbuster, 1, 1, 46
apparently, 2, 2, 2
clearly, 5, 5, 64
viewed, 1, 1, 5
template, 1, 1, 16
rihannsu, 1, 1, 10
devs, 1, 1, 4
afraid, 6, 5, 9
angle, 3, 3, 2
ferengis, 1, 1, 1
skillful, 1, 1, 4
tldr, 1, 1, 6
fanatic, 1, 1, -3
able, 13, 13, 105
battles, 4, 4, 6
arm, 1, 1, 1
pulaski, 6, 6, 60
mix, 3, 3, 7
relatives, 1, 1, 9
concerns, 1, 1, 3
combining, 1, 1, 1
asshole, 2, 2, 14
visor, 1, 1, 4
faceswap, 1, 1, 4
toughest, 1, 1, 3
firefly, 4, 4, 23
bay, 1, 1, 19
vulcans, 1, 1, 3
unless, 10, 8, 38
chair, 1, 1, 1
clash, 2, 2, 2
pastel, 1, 1, 4
passionately, 1, 1, 0
nonfans, 2, 1, 3
basket, 1, 1, 6
said, 26, 25, 126
connected, 1, 1, 4
peppered, 1, 1, 1
captainly, 1, 1, 2
delve, 1, 1, 1
nuisance, 1, 1, 4
sophisticated, 1, 1, 2
expired, 1, 1, 328
sfa, 1, 1, 1
evolutionarily, 1, 1, 1
pips, 1, 1, 3
hk, 1, 1, 1
reignite, 1, 1, 0
somehow, 1, 1, 8
upset, 2, 2, -3
imbecilic, 1, 1, 7
bajoran, 5, 4, 5
face, 8, 7, 45
looked, 7, 7, 14
noend, 1, 1, 6
impactful, 1, 1, 40
bun, 1, 1, 4
sd, 1, 1, 7
normally, 1, 1, 14
fact, 15, 14, 150
impression, 3, 3, 8
atmosphere, 1, 1, 3
selection, 1, 1, 1
nags, 1, 1, 0
entertain, 1, 1, 398
g4apqrbhqp8, 1, 1, 5
characterisation, 1, 1, 6
rainbows, 1, 1, 3
agreed, 5, 5, 18
supported, 1, 1, 1
scotty, 8, 8, 20
anyway, 8, 7, 203
1701d, 1, 1, 5
bring, 5, 5, 17
planning, 2, 2, 10
persona, 1, 1, 3
anybody, 2, 2, 2
fear, 1, 1, 2
darkest, 1, 1, 0
trivial, 1, 1, 4
agrees, 1, 1, 28
staff, 5, 3, 15
envy, 1, 1, 7
filmed, 4, 3, 10
based, 14, 12, 189
knowledge, 9, 9, 54
comfort, 2, 2, 13
earned, 1, 1, 4
combs, 1, 1, 5
hopeful, 1, 1, 0
buttons, 1, 1, 2
score, 1, 1, 4
tape, 1, 1, 4
tune, 2, 2, 7
riding, 1, 1, 29
inhabit, 2, 2, 5
pseudosequel, 1, 1, 1
local, 3, 3, 5
hangover, 1, 1, 14
hope, 23, 22, 204
skimps, 1, 1, 1
meant, 3, 3, 26
cube, 2, 2, 4
handle, 2, 2, 5
watching, 49, 45, 759
beat, 1, 1, 1
familiar, 4, 4, 44
hopefully, 1, 1, 15
overall, 9, 7, 22
rush, 1, 1, 4
speculated, 1, 1, 8
dumbing, 1, 1, 0
tbh, 1, 1, 0
ones, 7, 5, 15
perfection, 1, 1, 8
words, 2, 2, 81
bluray, 2, 2, 3
sisterinlaw, 1, 1, 9
years, 33, 27, 150
chips, 2, 2, 3
shaves, 1, 1, 8
areas, 4, 4, 10
smash, 1, 1, 1
fran, 1, 1, 12
glory, 1, 1, 2
brain, 8, 6, 39
upper, 2, 1, 6
approach, 4, 3, 6
married, 1, 1, 4
flagships, 5, 2, 4
realworld, 1, 1, 1
teams, 3, 2, 3
hollow, 1, 1, 4
influenced, 1, 1, 4
dome, 3, 1, 1
stuff, 35, 25, 100
wish, 11, 11, 21
grod, 1, 1, 9
grittier, 2, 2, 2
grab, 3, 3, 9
fixed, 1, 1, 7
generations, 14, 13, 33
view, 6, 6, 14
available, 7, 7, 19
exists, 5, 4, 32
ozwmoi5tyqs, 1, 1, 2
puddle, 1, 1, 2
shake, 1, 1, 1
humans, 5, 5, 33
lazy, 1, 1, 3
operates, 1, 1, 5
yearning, 1, 1, 1
computer, 5, 4, 11
flak, 1, 1, 4
faces, 1, 1, 1
desperate, 1, 1, 15
farrell, 1, 1, 7
battery, 1, 1, 2
closer, 2, 2, 5
walking, 4, 4, 14
phaser, 7, 7, 19
destiny, 1, 1, 1
insulting, 1, 1, 18
attempting, 1, 1, 0
pattern, 1, 1, 9
nightmare, 1, 1, -1
horribly, 2, 2, 7
tend, 2, 2, 20
favor, 2, 2, 22
written, 12, 12, 251
luc, 1, 1, 2
veneration, 1, 1, 24
correctly, 2, 2, 90
horrible, 7, 6, 10
exciting, 2, 2, 3
progress, 4, 4, 7
torpedo, 3, 3, 5
sabotage, 1, 1, 0
franchises, 1, 1, 2
bought, 2, 2, 5
sciences, 1, 1, 2
nudged, 1, 1, 1
ends, 3, 3, 2
andromeda, 1, 1, 1
ability, 3, 3, 55
opening, 1, 1, 2
importance, 1, 1, 7
audiovisual, 1, 1, 7
supernova, 1, 1, 16
technobabble, 3, 2, 30
deliver, 1, 1, 1
tobias, 1, 1, 2
gettable, 1, 1, 25
job, 13, 12, 50
backlash, 1, 1, 22
wimp, 2, 2, 2
sitting, 3, 3, 31
overhaul, 1, 1, 1
w, 2, 1, 4
mcdowell, 1, 1, 29
kes, 1, 1, 2
emitter, 1, 1, 4
legit, 2, 2, 6
staring, 1, 1, 16
tiers, 1, 1, 3
commenting, 1, 1, 4
career, 2, 2, 27
outrank, 1, 1, 14
taking, 6, 6, 65
miners, 1, 1, 2
equal, 4, 4, 52
wellacted, 1, 1, 0
rams, 1, 1, 1
followup, 1, 1, 2
etc, 8, 7, 33
admit, 5, 3, 5
figures, 1, 1, 1
tactical, 5, 4, 3
volley, 1, 1, 6
safely, 1, 1, 2
glorious, 1, 1, 5
otherwise, 4, 4, 9
comment, 4, 4, 9
18056, 1, 1, 7
cutscenes, 1, 1, 1
relevant, 3, 3, 77
proceeds, 1, 1, 3
unfold, 1, 1, -4
budgetary, 1, 1, 4
wall, 3, 3, 6
cb, 1, 1, 1
ca, 32, 29, 757
firstthird, 1, 1, 1
makin, 1, 1, 4
nonhumanoids, 3, 1, 0
denise, 1, 1, 2
subscribe, 2, 2, 28
disputed, 1, 1, 3
ab, 1, 1, 5
laugh, 1, 1, 1
sequences, 2, 2, 35
disturbing, 2, 2, 2
table, 3, 3, 6
characteri, 1, 1, -1
torsion, 1, 1, 1
quit, 1, 1, 3
yay, 2, 2, 2
outsider, 2, 2, 2
tremendous, 1, 1, 2
discrimination, 2, 2, 29
cannons, 2, 2, 5
arbitrary, 4, 3, 26
bbc, 1, 1, 1
yar, 1, 1, 2
underlying, 1, 1, 3
taste, 3, 3, 0
kahn, 2, 2, 6
willing, 2, 2, 60
slowly, 2, 1, 0
treat, 2, 2, 4
apprehensive, 1, 1, 3
techno, 1, 1, 0
waste, 3, 3, 14
louisiana, 1, 1, 0
killed, 5, 5, 53
define, 1, 1, 3
wtf, 1, 1, 1
suggested, 1, 1, 3
general, 14, 14, 47
finishes, 1, 1, 1
received, 1, 1, 6
route, 2, 2, 6
1350, 1, 1, 6
goldredblue, 1, 1, 3
protect, 1, 1, 5
finale, 1, 1, 6
crappy, 2, 2, 4
hmm, 3, 3, 6
finished, 9, 9, 65
microprose, 1, 1, 1
tense, 1, 1, 6
deep, 16, 13, 76
angles, 1, 1, 2
derivative, 1, 1, 2
kicks, 1, 1, -4
tangible, 1, 1, 1
vanity, 1, 1, 8
st5, 1, 1, 2
volunteer, 1, 1, 4
sybok, 3, 3, 11
novel, 1, 1, 2
unlike, 2, 2, 8
rom, 1, 1, 34
defining, 1, 1, 9
restaurant, 1, 1, 8
appearance, 3, 3, 4
value, 3, 3, 7
choices, 2, 2, 24
uggghhh, 1, 1, 14
mccartney, 1, 1, 8
owns, 2, 2, 2
balance, 1, 1, 2
skewed, 2, 1, 5
frustrating, 1, 1, 3
piloting, 1, 1, 2
supply, 1, 1, 1
dent, 1, 1, 8
hairpiece, 1, 1, 8
motif, 2, 2, 17
harddawncom, 1, 1, 1
almost, 18, 17, 103
vi, 2, 2, 7
sublight, 2, 2, 23
completed, 3, 2, 20
surprisingly, 3, 2, 18
surface, 2, 2, 8
vo, 1, 1, 2
helped, 3, 3, 23
funny, 7, 6, 30
vr, 1, 1, 1
lonely, 1, 1, 1
audiences, 5, 5, 10
sherlock, 2, 2, 26
turns, 1, 1, 6
partner, 1, 1, 5
portray, 1, 1, 1
education, 1, 1, 8
certifications, 1, 1, 2
standups, 1, 1, 1
perhaps, 7, 6, 195
began, 2, 2, 8
buddhist, 1, 1, 0
iimgurcomjltkykkjpg, 1, 1, 23
cross, 1, 1, 16
defiant, 7, 6, 28
pissweak, 1, 1, 1
member, 3, 3, 8
propensity, 1, 1, 8
unity, 3, 3, 11
strange, 4, 3, 18
moon, 1, 1, 3
conversations, 1, 1, 2
shuttle, 10, 9, 101
party, 2, 1, 3
android, 5, 5, 20
gets, 21, 18, 137
mindrape, 1, 1, 1
difficult, 6, 6, 13
injured, 1, 1, 3
ball, 2, 2, 8
http, 55, 33, 257
context, 2, 2, 3
novels, 2, 2, 28
rightfully, 1, 1, 18
appearances, 3, 2, 8
bald, 2, 1, 8
effect, 4, 4, 50
outcast, 1, 1, 0
reappeared, 1, 1, 6
2y7egqzqkzw, 1, 1, 4
dust, 1, 1, 2
whale, 2, 2, 15
indigenous, 1, 1, 3
collar, 1, 1, 3
expand, 3, 3, 9
pleasantly, 1, 1, 4
rift, 1, 1, 3
maquis, 3, 2, 4
center, 2, 2, 5
lunch, 1, 1, -4
mikkelson, 1, 1, 8
weapon, 1, 1, 2
garantee, 1, 1, 2
well, 63, 51, 517
banging, 1, 1, 1
fighting, 4, 2, 6
finds, 1, 1, 1
thought, 32, 30, 176
piracy, 2, 1, 1
drone, 1, 1, 3
command, 31, 14, 144
algorithmically, 1, 1, 1
sets, 9, 9, 21
position, 8, 6, 53
outgrow, 1, 1, 1
creators, 2, 2, -2
presume, 1, 1, 1
usual, 2, 2, 5
1275400, 1, 1, 4
restore, 2, 1, 5
cameo, 3, 3, 9
enormously, 1, 1, 8
sourced, 1, 1, 2
less, 8, 7, 7
moments, 13, 13, 126
storage, 3, 1, 7
accurate, 2, 2, 47
romulan, 7, 7, 31
weekend, 2, 2, 2
mistaken, 1, 1, 3
nazis, 1, 1, 3
stored, 1, 1, 2
distant, 2, 2, 5
rooms, 3, 2, 4
precisely, 1, 1, 28
seats, 1, 1, 3
tough, 1, 1, 2
skill, 3, 2, 7
glue, 1, 1, 3
gentlest, 1, 1, 2
taken, 7, 7, 95
2323, 1, 1, 3
web, 2, 2, 6
kindness, 1, 1, 8
console, 1, 1, 1
ads, 1, 1, 6
tight, 1, 1, 1
gmc, 3, 1, 3
dax, 4, 4, 35
podcast, 7, 5, 49
headed, 1, 1, 7
sky, 1, 1, 2
nastier, 1, 1, 0
antigay, 1, 1, 2
day, 24, 19, 69
reasons, 9, 9, 102
add, 3, 3, 14
book, 3, 3, 143
attractive, 1, 1, 6
crack, 1, 1, 1
destroy, 1, 1, 1
refit, 3, 2, 9
smart, 2, 2, 9
kick, 1, 1, 2
tests, 1, 1, 17
romanticized, 1, 1, 10
gods, 1, 1, 3
increased, 1, 1, 4
fate, 1, 1, 5
worlds, 2, 2, 4
masquerade, 1, 1, 1
spatial, 1, 1, 3
crushed, 1, 1, 3
qid, 1, 1, 2
superweapon, 1, 1, 7
five, 6, 5, 69
whatever, 6, 5, 23
facial, 2, 2, 24
immediately, 2, 2, 20
crusher, 21, 17, 135
devises, 1, 1, 5
descendant, 1, 1, 24
insert, 1, 1, 4
lincoln, 1, 1, 3
movingcamera, 1, 1, 1
necessary, 2, 2, 21
like, 226, 146, 883
20062008, 1, 1, 36
chairs, 1, 1, 1
securitytactical, 1, 1, 8
remaster, 1, 1, 1
spfx, 1, 1, 1
journalism, 1, 1, 1
tons, 1, 1, 0
nuspock, 2, 1, 3
garage, 1, 1, 1
_any_, 1, 1, 18
backed, 1, 1, 1
methuselah, 1, 1, 1
dresses, 1, 1, 1
teenager, 1, 1, 3
james, 1, 1, 14
offscreen, 1, 1, 5
become, 9, 7, 113
works, 5, 5, 20
page, 2, 2, 6
psychologically, 1, 1, 2
accessible, 1, 1, 3
poor, 3, 3, 16
traitors, 1, 1, 2
twitter, 1, 1, 4
dhavernas, 1, 1, 8
phenomena, 1, 1, 8
searching, 2, 2, 1
alive, 1, 1, 2
meld, 1, 1, 1
hair, 4, 4, 21
vessel, 1, 1, 2
growth, 1, 1, 1
downside, 2, 2, 2
band, 1, 1, 8
ish, 1, 1, 3
gave, 5, 5, 30
empire, 3, 2, 8
peter, 1, 1, 1
neglecting, 1, 1, 0
happens, 5, 5, 8
mahge, 1, 1, 2
highlighting, 1, 1, 5
aesthetically, 1, 1, 3
lead, 1, 1, 1
literally, 9, 7, 33
avoid, 2, 2, -6
academies, 1, 1, 1
inkling, 1, 1, 4
thank, 7, 7, 13
overlap, 1, 1, 1
14th, 1, 1, 2
leap, 1, 1, 1
passion, 1, 1, 4
assuming, 5, 5, 76
capability, 1, 1, 2
belt, 1, 1, 0
earthcentric, 2, 1, 3
demonstrated, 1, 1, 3
regain, 1, 1, 0
neelix, 7, 5, 90
hose, 1, 1, 0
filmone, 1, 1, 2
ps, 1, 1, 4
slur, 1, 1, 1
goatee, 1, 1, 8
renders, 1, 1, 1
shortage, 1, 1, 1
bathroom, 1, 1, 6
expansion, 1, 1, 0
paper, 1, 1, 19
wesley, 14, 9, 42
poignant, 1, 1, 5
petty, 2, 2, 2
although, 14, 12, 33
worthy, 1, 1, 0
metal, 1, 1, 2
infiltrating, 1, 1, 0
imaginary, 1, 1, 0
subbing, 1, 1, 3
adversary, 1, 1, 1
entirely, 4, 4, 22
hiding, 1, 1, 4
actual, 12, 8, 16
justin, 1, 1, 46
extension, 1, 1, 2
getting, 26, 25, 87
awwwwwwwwww, 1, 1, 1
universe, 31, 22, 83
foil, 1, 1, 0
miner, 1, 1, 2
st2009, 1, 1, 5
payoff, 1, 1, 5
statement, 2, 2, 1
futurist, 1, 1, 6
dominion, 9, 8, 48
mudd, 1, 1, 8
episide, 1, 1, 5
constraints, 1, 1, 4
documentary, 4, 4, 10
mulgrew, 1, 1, 6
unlikable, 1, 1, 14
software, 1, 1, 2
cadet, 4, 3, 10
alliance, 3, 1, 0
seasoned, 1, 1, 18
previously, 1, 1, 1
fancasting, 1, 1, 17
turbolift, 1, 1, 3
societies, 1, 1, 3
torpedos, 1, 1, 5
interstellar, 3, 3, 28
snuggling, 1, 1, 2
included, 2, 2, 17
promise, 1, 1, 1
tiny, 1, 1, 23
female, 12, 9, 129
secretive, 1, 1, 0
pillowfights, 1, 1, 2
dug, 2, 2, 4
pointless, 1, 1, 2
loss, 1, 1, 12
breathlessly, 1, 1, 8
niners, 1, 1, 3
captainy, 1, 1, 3
1980, 1, 1, 8
rivals, 1, 1, 2
andorian, 3, 3, 9
transfer, 1, 1, 1
buckle, 1, 1, 0
outline, 1, 1, 2
1988, 1, 1, 3
noticed, 3, 3, 24
bump, 1, 1, 1
bothering, 1, 1, 1
badder, 1, 1, 1
inner, 3, 3, 2
introvert, 1, 1, 5
biggest, 3, 3, 14
chhavran, 1, 1, 10
jemhadar, 1, 1, 3
beard, 2, 2, 15
buy, 5, 4, 11
complacency, 2, 1, 0
pressed, 1, 1, 10
thematic, 1, 1, 15
brand, 1, 1, 4
hq, 2, 2, 6
subjective, 1, 1, 1
reminds, 3, 3, 8
neutral, 2, 1, 0
hi, 3, 3, 28
contradictory, 1, 1, 4
gain, 3, 2, 52
hm, 1, 1, 13
hb, 1, 1, -4
multigovernmental, 1, 1, 19
delivers, 2, 2, -5
highest, 2, 2, 12
bug, 1, 1, 0
hd, 2, 2, 2
count, 3, 3, 22
spiritual, 1, 1, 1
made, 41, 36, 268
places, 4, 4, 20
whether, 6, 6, 17
dangerous, 3, 2, 13
gravitational, 2, 1, 1
official, 4, 3, 69
smooth, 1, 1, 1
prematurely, 1, 1, 1
w31, 1, 1, 1
record, 1, 1, 11
replay, 1, 1, 6
stories, 16, 15, 67
mads, 1, 1, 8
pumped, 2, 2, 1
cake, 2, 2, 18
classmen, 2, 1, 6
problem, 12, 12, 486
2360, 1, 1, 45
minutes, 6, 6, 43
uglier, 1, 1, 9
ring, 1, 1, 2
bajorans, 1, 1, 0
rightly, 1, 1, 18
0345340744, 1, 1, 2
deaths, 2, 2, 10
redeems, 1, 1, 2
jewel, 3, 2, 7
universal, 3, 3, 7
meaningless, 1, 1, 25
lowres, 1, 1, 1
affer, 1, 1, 20
twist, 1, 1, 3
lobes, 1, 1, 2
romance, 2, 2, 44
conan, 1, 1, 23
swordfight, 1, 1, 2
et, 1, 1, 3
dawson, 2, 2, 2
shooting, 2, 2, 5
identities, 1, 1, 6
happen, 7, 6, 16
diplomat, 1, 1, 3
compared, 7, 7, 113
rumors, 2, 2, 23
46, 3, 3, 8
deadly, 1, 1, 2
pad, 1, 1, 4
45, 2, 2, 16
offensive, 1, 1, 3
40, 2, 2, 51
lately, 1, 1, 1
default, 1, 1, -1
trekkies, 1, 1, 24
raktajino, 1, 1, 3
details, 6, 5, 13
lwa0ixa7q, 1, 1, 2
backwards, 1, 1, 5
listamp, 1, 1, 1
compete, 1, 1, 8
incredibly, 5, 5, 14
scandal, 1, 1, 3
conclusion, 1, 1, 3
montage, 3, 3, 9
troll, 1, 1, 44
repeat, 3, 3, 49
star, 192, 112, 1110
monday, 1, 1, 4
class, 14, 7, 20
june, 1, 1, 1
ultimately, 1, 1, 3
stay, 6, 6, 13
wellproduced, 1, 1, 1
chance, 5, 4, 35
weaponry, 1, 1, 2
backstage, 1, 1, 2
uncommon, 1, 1, -3
kinda, 10, 8, 20
badass, 1, 1, 1
gap, 1, 1, 1
friends, 5, 5, 12
upwards, 1, 1, 1
alienated, 1, 1, 3
breaks, 2, 2, 6
amp, 18, 5, 71
ranks, 4, 3, 15
blogs, 1, 1, 4
infuriated, 1, 1, 7
seceding, 1, 1, 0
lasted, 2, 2, 18
rule, 2, 2, 3
blog, 1, 1, 1
cerebral, 1, 1, 5
craft, 1, 1, 2
status, 2, 2, 5
situations, 4, 4, 75
villainous, 1, 1, 5
greeks, 1, 1, 3
tonnes, 1, 1, -6
expands, 1, 1, 7
