Word, Frequency, Comment Frequency, Net Score
skywalkers, 3, 2, 4
palpahoes, 1, 1, 6
postcredit, 1, 1, 8
obiwans, 3, 3, 3
sleek, 1, 1, 7
yikes, 1, 1, 86
dern, 13, 13, 1455
nursery, 1, 1, 1
bwing, 1, 1, 1
hanging, 1, 1, 8
upbut, 1, 1, 46
ridiculous, 2, 2, 3
captain, 4, 4, 23
hate, 8, 8, -60
consider, 2, 2, 56
looking, 18, 18, 153
votes, 1, 1, 1
tone, 1, 1, 6
buddy, 1, 1, 9
themes, 1, 1, 1
tweet, 3, 3, -7
sweetest, 1, 1, 198
contained, 1, 1, 1
endings, 1, 1, 3
temura, 1, 1, 7
lore, 1, 1, 5
lord, 4, 4, 156
sorry, 7, 7, 51
pride, 1, 1, 11
worth, 5, 5, 21
rescue, 1, 1, 1
wracked, 1, 1, 11
rise, 2, 2, 14
costume, 1, 1, 21
lololol, 1, 1, 5
definetly, 1, 1, 5
every, 19, 17, 440
yellow, 2, 2, 4
blasters, 1, 1, 1
goongas, 1, 1, 1
affect, 1, 1, 25
dvdbluray, 2, 2, 49
bringing, 2, 2, 6
cockpithead, 1, 1, 1
tagging, 1, 1, 11
tickets, 1, 1, 2
four, 2, 2, 4
school, 5, 5, 353
felucia, 1, 1, 3
progression, 2, 2, 137
upi, 1, 1, 7
skills, 2, 2, 29
fondly, 1, 1, 5
loneliness, 1, 1, 4
sculpt, 1, 1, 2
debris, 1, 1, 18
announced, 2, 2, 50
irrationally, 1, 1, 1
extruded, 1, 1, 1
settings, 1, 1, 2
geonosian, 2, 2, 35
triumph, 1, 1, 8
cmp, 1, 1, 784
enjoy, 5, 5, 3380
force, 69, 45, 737
specially, 2, 2, 2
tired, 3, 3, 13
consistent, 2, 1, 8
japanese, 1, 1, 10
nail, 1, 1, 2
messy, 2, 2, 32
likely, 7, 7, 107
summer, 2, 2, 2
helluva, 1, 1, 13
writing, 4, 3, 7
n, 1, 1, 1
ressurected, 3, 2, 1
specs, 1, 1, 13
machines, 2, 2, 50
monster, 3, 3, 51
even, 48, 41, 727
established, 3, 3, 3
errors, 2, 1, 46
hide, 2, 2, 2
religious, 1, 1, 3
beaten, 1, 1, 4
fingers, 1, 1, 4
children, 2, 2, 5
lights, 1, 1, 54
zoomed, 1, 1, 1
new, 42, 30, 1684
carpet, 1, 1, 4
ever, 20, 17, 459
admiral, 1, 1, 1
disney, 14, 13, 414
told, 3, 3, 128
helmets, 10, 10, 38
evolving, 1, 1, 1
kicked, 1, 1, 1
simultaneously, 2, 2, 51
screams, 1, 1, -10
whose, 1, 1, 1
never, 30, 22, 324
meh, 1, 1, 13
hundreds, 1, 1, 13
anticlimactic, 1, 1, 1
reported, 1, 1, 74
protection, 2, 1, 1
china, 4, 4, 26
chewbacca, 1, 1, 186
path, 6, 4, 19
100, 2, 2, 89
imgurcom078jsp9, 1, 1, 2
celebration, 7, 7, 222
chaotic, 1, 1, 1
kids, 5, 4, 369
daughter, 4, 4, 87
forum, 2, 2, 96
auction, 1, 1, 5
study, 1, 1, 7
changed, 1, 1, 0
approaches, 3, 2, 20
ignoring, 1, 1, 198
credit, 2, 2, 3
mentor, 1, 1, 3
smoke, 1, 1, 5
military, 2, 2, 85
changes, 4, 3, 79
rebel, 7, 7, 54
golden, 1, 1, 1
9k, 1, 1, 13
fix, 1, 1, 5
magically, 1, 1, 1
constipated, 1, 1, 0
explained, 2, 2, 22
highly, 2, 2, 79
brought, 2, 2, 6
pyramid, 1, 1, 1
assaults, 1, 1, 6
visualization, 1, 1, 4
padawan, 2, 2, 1858
glance, 2, 2, 33
teachings, 2, 1, 3
3dprint, 1, 1, 6
landscape, 7, 6, 67
experimentation, 1, 1, 0
plot, 6, 6, 10
cough, 1, 1, 5
dna, 1, 1, 1
spoke, 1, 1, 74
would, 168, 111, 5151
army, 6, 5, 478
browse, 4, 3, 97
hospital, 1, 1, 1
sparkiness, 1, 1, 1
laats, 1, 1, 4
arms, 2, 2, 120
leaks, 3, 2, 8
asses, 1, 1, 1
duel, 3, 2, 9
call, 7, 7, 314
lightsaber, 36, 31, 981
recommend, 2, 2, 7
strike, 1, 1, 0
survive, 1, 1, 1858
assessment, 1, 1, 46
tell, 8, 7, 446
slaughtered, 4, 3, 4
breathe, 1, 1, 66
beyond, 1, 1, 1
saber, 21, 16, 117
evening, 1, 1, -1
swtor, 1, 1, 4
kuciara, 1, 1, 13
expose, 1, 1, 46
haha, 3, 3, 10
wars, 75, 66, 1600
award, 4, 2, 982
jango, 13, 11, 106
phone, 2, 2, 201
interaction, 1, 1, 2
incompetent, 1, 1, 2
tying, 1, 1, 1
excellent, 2, 2, 74
99, 1, 1, 1
90, 2, 2, 193
hole, 2, 2, 6
hold, 7, 7, 118
casualties, 1, 1, 1
immature, 1, 1, 11
origin, 1, 1, 1
reshoots, 1, 1, 46
shoot, 5, 4, 50
ii, 4, 4, 262
peekaboo, 1, 1, 3
flora, 1, 1, 1
word, 5, 4, 14
wore, 1, 1, 21
player, 1, 1, 2
arndt, 1, 1, 46
carmex, 1, 1, 1
work, 16, 14, 67
refusing, 1, 1, 7
cinemas, 1, 1, 2
theories, 1, 1, 206
warn, 1, 1, 7
movies, 13, 12, 50
vow, 1, 1, 5
battlefront, 2, 2, 2
practicalities, 1, 1, 8
concepts, 1, 1, 5
endor, 2, 2, 22
rework, 1, 1, 1
example, 1, 1, 186
battlemeditation, 1, 1, 1
transition, 3, 3, 7
indicated, 1, 1, 13
give, 12, 11, 163
collegehumor, 1, 1, 24
climax, 2, 2, 4
hereit, 1, 1, 2
heartless, 1, 1, 3
honey, 1, 1, 13
foods, 1, 1, 74
overheard, 1, 1, 1
caution, 1, 1, 2
want, 37, 32, 1214
drive, 1, 1, 1
times, 6, 6, 172
worse, 5, 5, 71
preferably, 3, 3, 53
santana, 1, 1, 1
end, 31, 26, 177
recovery, 1, 1, 18
thing, 23, 21, 173
cannonarea, 1, 1, 54
agony, 1, 1, 3
travel, 3, 3, 100
damage, 1, 1, 1
stills, 1, 1, 3
50, 3, 2, 2
desclast_name, 1, 1, 74
answer, 3, 3, 24
scenesvisit, 1, 1, 46
config, 1, 1, 2
weaponry, 1, 1, 0
massive, 3, 3, 12
gaming, 1, 1, 2
shadaa, 1, 1, 1
_jedi_knight_ii_, 1, 1, 2
drones, 1, 1, 4
possum, 1, 1, 19
wrong, 7, 7, 146
woodsie, 1, 1, 1
lay, 1, 1, 2
righthand, 1, 1, 1
las, 1, 1, 1
rewrites, 1, 1, 24
effective, 1, 1, 18
wins, 2, 2, 23
aliens, 1, 1, 2
appreciate, 3, 3, 286
lost, 8, 8, 23
fictional, 2, 2, 6
childhood, 1, 1, 26
fulfilling, 1, 1, 3
green, 4, 4, 59
jungle, 1, 1, 3
keeps, 2, 1, 0
worst, 1, 1, 1
order, 28, 22, 375
operations, 1, 1, 18
gheri, 1, 1, 1
internalization, 1, 1, 4
executed, 1, 1, 1
interpretation, 1, 1, 20
feedback, 1, 1, 1
enter, 2, 2, 2
muffin, 3, 3, 125
facial, 1, 1, 5
satisfied, 1, 1, 2
droidswearing, 1, 1, 5
london, 5, 4, 246
japan, 11, 11, 32
brutal, 1, 1, 1
webisode, 1, 1, 2
ticket, 1, 1, 1
digest, 1, 1, 74
railthin, 1, 1, 1
accent, 5, 4, 50
fit, 7, 6, 63
somewhere, 5, 5, 43
screaming, 1, 1, 7
backpack, 1, 1, 1
striking, 1, 1, 6
imo, 2, 2, 12
crew, 4, 4, 96
better, 32, 27, 338
rescued, 1, 1, 5
production, 2, 2, 50
scraped, 1, 1, 1
fig, 1, 1, 1
millennium, 1, 1, 1
weeks, 3, 3, 4
fin, 1, 1, -14
easier, 1, 1, 1
snoke, 23, 15, 628
eventually, 10, 5, 99
affected, 1, 1, 80
combination, 2, 2, 75
prevented, 3, 3, 99
weakness, 2, 2, 11
safe, 3, 3, 15
prepping, 1, 1, 3
break, 2, 2, 8
starfleet, 1, 1, 80
plates, 4, 4, 19
downright, 1, 1, 2
lifelong, 1, 1, 8
rocky, 1, 1, 0
reasonably, 1, 1, 10
arrested, 1, 1, 11
explode, 2, 2, 21
xwing, 13, 9, 118
victory, 3, 2, 13
reasonable, 1, 1, 0
went, 14, 11, 400
upand, 1, 1, 5
side, 37, 29, 503
carlos, 1, 1, 2
mean, 21, 20, 139
snakes, 2, 1, 7
statue, 1, 1, 2
series, 6, 6, 18
innocent, 1, 1, 1
psyche, 1, 1, -9
celebrating, 1, 1, 23
taught, 1, 1, 3
logo, 1, 1, 1
dawn, 1, 1, 1
saturday, 1, 1, 198
brings, 2, 2, 3
borne, 1, 1, 46
large, 3, 3, 36
gon, 10, 9, 405
diction, 1, 1, 2
god, 10, 10, 103
tried, 7, 7, 266
eldrazi, 1, 1, 1
tomorrow, 2, 2, 222
content, 5, 4, 9
daniel, 1, 1, 6
remorse, 1, 1, 86
owning, 1, 1, 6
banning, 2, 1, 7
got, 40, 37, 1892
newly, 1, 1, 3
engineer, 1, 1, 3
smc, 1, 1, 784
twice, 2, 2, 11
guardianesque, 1, 1, 4
perception, 1, 1, 6
turning, 2, 2, 40
ill, 1, 1, 1
written, 1, 1, 2
threatened, 1, 1, 1
given, 4, 4, 40
free, 6, 6, 55
standard, 1, 1, 198
management, 1, 1, 1
lingerie, 1, 1, -4
struggle, 2, 1, 86
boosting, 1, 1, 5
enlightened, 1, 1, 2
wanted, 11, 10, 220
gameplay, 3, 1, 2
ultrasecretive, 1, 1, 4
zaps, 1, 1, 1
enormous, 1, 1, 1
ate, 5, 4, 325
r1, 1, 1, 11
r2, 2, 2, 18
created, 5, 5, 8
starts, 5, 2, 6
messages, 1, 1, 73
days, 10, 9, 101
tolerant, 1, 1, 2
creates, 1, 1, 1
heck, 1, 1, 0
delved, 1, 1, 38
unknown, 1, 1, 1858
arrived, 1, 1, 9
onto, 2, 2, 1
foes, 1, 1, 3
already, 14, 13, 165
hd, 1, 1, 1
features, 1, 1, 2
mudhole, 1, 1, 2
detailing, 2, 2, 11
ressurection, 3, 2, 1
landscapes, 1, 1, 5
rank, 1, 1, 11
hearing, 2, 2, 75
patame, 1, 1, 14
workings, 1, 1, 38
featured, 1, 1, 24
logical, 1, 1, 6
another, 16, 15, 548
comic, 7, 7, 35
ditch, 1, 1, 74
assortment, 1, 1, 3
hood, 1, 1, 0
andor, 1, 1, 7
timothy, 1, 1, 5
tactition, 1, 1, 3
ten, 2, 2, 3
service, 1, 1, 2
lego, 1, 1, 9
tor, 1, 1, 5
engagement, 1, 1, 1
top, 9, 8, 110
littlespicious, 1, 1, 28
vagina, 1, 1, 2
needed, 1, 1, 0
master, 11, 10, 183
wildly, 1, 1, 198
brainwash, 1, 1, 4
draft, 1, 1, 1
hollywood, 1, 1, 198
legs, 2, 2, 39
listen, 1, 1, 1
kiwi, 1, 1, 6
murder, 1, 1, 1
intestine, 1, 1, 74
moisture, 1, 1, 1
grandchildren, 1, 1, 3
bounty, 8, 6, 50
serve, 1, 1, 1
took, 17, 17, 283
direct, 1, 1, 11
sharebrag, 1, 1, 198
scant, 1, 1, 0
predictable, 2, 2, 2
somewhat, 1, 1, 5
peculiar, 1, 1, 1
kamino, 5, 4, 16
begins, 2, 2, 10
spoiler, 15, 12, 159
trek, 1, 1, 9
perfectly, 4, 4, 10
lothal, 2, 2, 7
showed, 2, 2, 4
miniatures, 1, 1, 1
nominate, 1, 1, 12
iimgurcompeuoxlzjpg, 1, 1, 1
crave, 1, 1, 0
mlrs, 1, 1, 18
project, 1, 1, 2
matter, 5, 5, 19
guilt, 8, 2, 97
friend, 14, 12, 307
spoiled, 4, 3, 44
knights, 18, 8, 105
feeling, 4, 4, 84
powers, 6, 6, 135
minus, 1, 1, 1
bridge, 1, 1, 1
rad, 2, 2, 16
sees, 4, 4, 31
younglings, 4, 3, 168
ran, 2, 2, 3
redesigned, 1, 1, 7
modern, 2, 2, 6
mind, 13, 12, 198
mine, 6, 6, 222
hosnian, 2, 2, 80
talking, 7, 7, 11
referred, 1, 1, 3
advising, 1, 1, 2
obssesed, 1, 1, 1
stalls, 1, 1, 2
seen, 27, 26, 555
seem, 7, 7, 85
edgy, 2, 2, 134
mint, 1, 1, 5
tells, 4, 3, 5
relatively, 2, 2, 3
forced, 3, 2, 95
strength, 7, 4, 112
hub, 1, 1, 1
neck, 2, 2, 2
responsible, 2, 2, 3
fitting, 1, 1, 1
amusing, 1, 1, -35
forces, 4, 4, 85
brains, 2, 2, 220
dopey, 1, 1, 1
completed, 1, 1, 5
blue, 9, 7, 133
hurtful, 1, 1, 66
though, 23, 22, 192
plagious, 1, 1, 46
iimgurcomd366djdjpg, 1, 1, 10
mother, 6, 2, 97
skits, 2, 2, 25
audition, 2, 2, 203
involving, 2, 2, 50
germany, 1, 1, 74
plenty, 2, 2, 17
phase, 8, 6, 260
cues, 1, 1, 2
marie, 3, 2, 982
smoocheroo, 1, 1, 5
grave, 1, 1, 2
sub, 2, 2, 201
bullied, 1, 1, 1
medical, 1, 1, 74
camp, 1, 1, -107
doe, 1, 1, 100
necessary, 1, 1, 8
imperials, 1, 1, 5
definitely, 12, 12, 570
tech, 2, 2, 18
caml, 1, 1, 29
left, 14, 14, 128
annoyed, 2, 2, 1
came, 15, 13, 308
marvel, 1, 1, 1
saying, 7, 6, 123
luminance, 1, 1, 19
bomb, 1, 1, 3
contacted, 1, 1, 74
confront, 1, 1, 7
random, 7, 6, 55
subreddit, 7, 6, 259
colors, 5, 4, 79
radio, 1, 1, 6
stepping, 1, 1, 5
apprentice, 1, 1, 3
king, 2, 2, 6
subtle, 2, 2, 4
bail, 3, 2, 17
enjoyed, 3, 3, 90
execution, 1, 1, 5
busy, 4, 3, 26
resemblance, 2, 2, 402
advanced, 2, 2, 7
situations, 3, 3, 9
delays, 1, 1, 46
ocd, 1, 1, 17
appreciated, 2, 2, 35
theme, 1, 1, 1
screening, 1, 1, 74
stabbing, 1, 1, 1
folks, 3, 3, 358
folder, 1, 1, 13
uroflbbq, 1, 1, 90
scripture, 1, 1, 11
personality, 3, 2, 0
continuity, 5, 4, 21
beheads, 1, 1, 1
schooler, 1, 1, -3
air, 1, 1, 5
stow, 1, 1, 1858
watch, 10, 10, 231
c3p0, 1, 1, 0
geek, 1, 1, 21
shutting, 2, 2, 272
haunted, 1, 1, 86
fugliest, 1, 1, 4
despite, 4, 4, 6
dv, 1, 1, 3
aaaaaaaaaaaaaargh, 1, 1, 327
dr, 1, 1, 198
ds, 2, 1, 3
runs, 1, 1, 19
electronicambient, 1, 1, 20
die, 3, 3, -2
countries, 1, 1, 11
nicely, 3, 3, 13
officially, 1, 1, 45
emo, 1, 1, 36
animation, 11, 10, 619
maciej, 1, 1, 13
patch, 1, 1, 2
decoys, 2, 1, 1
bad, 38, 27, 398
architecture, 2, 2, 4
shots, 9, 7, 114
isolation, 1, 1, 4
release, 5, 4, 54
ruins, 1, 1, 1858
thumbs, 2, 2, 2
blew, 1, 1, 10
distanced, 1, 1, 19
fair, 11, 10, 114
edited, 1, 1, 1
sensitivity, 1, 1, 1
roasted, 1, 1, 34
chesko, 1, 1, 16
decided, 6, 5, 64
result, 1, 1, 86
steal, 1, 1, 15
discussions, 1, 1, 46
hero, 1, 1, 2
sydow, 2, 1, 3
skulls, 1, 1, 47
best, 20, 20, 168
subject, 1, 1, 36
said, 10, 10, 376
capacity, 1, 1, 1
lotr, 1, 1, 5
away, 17, 13, 246
shaved, 3, 3, 29
artificial, 1, 1, 7
portrayed, 1, 1, 6
luminescent, 1, 1, 1
unable, 3, 3, 75
irl, 1, 1, 2
finger, 1, 1, 3
disprove, 1, 1, 46
props, 1, 1, 5
mum, 1, 1, 1
approach, 2, 2, 31
shields, 1, 1, 9
preserve, 2, 2, 16
warrior, 1, 1, 0
reddit, 8, 7, 1990
fetts, 1, 1, 5
terms, 4, 4, 115
vows, 1, 1, 86
wo, 4, 4, 102
weak, 1, 1, 1
however, 5, 5, 129
bioware, 1, 1, 13
boss, 1, 1, 1
nightmares, 2, 1, 86
buggers, 1, 1, 6
devour, 1, 1, 1
extent, 3, 3, 87
news, 6, 5, 347
hjngrtatrdg, 2, 2, 58
improve, 1, 1, 53
faced, 1, 1, 12
received, 2, 2, 85
essentially, 3, 3, 87
candidate, 1, 1, 2
met, 1, 1, 3
fault, 4, 4, 93
disarms, 1, 1, 1
menu, 1, 1, 2
chassis, 2, 1, 18
games, 6, 4, 6
backwards, 1, 1, 2
hypocrites, 1, 1, 11
indoctrinating, 1, 1, 1
contribution, 1, 1, 1
asked, 3, 3, 37
suggest, 2, 2, 36
presumably, 1, 1, 1
tough, 1, 1, 86
tmnt, 1, 1, -6
appeared, 2, 2, 75
irresponsible, 1, 1, 10
height, 1, 1, 3
prequelish, 1, 1, 6
active, 1, 1, 1
soilders, 1, 1, 1
quinn, 1, 1, 1
aftermath, 1, 1, 3
pregnancy, 1, 1, 4
250, 1, 1, 1
stares, 1, 1, 3
speak, 2, 2, 8
bathroom, 1, 1, 2
proceeded, 1, 1, 3
clip, 1, 1, 199
asks, 4, 4, 30
basis, 1, 1, 6
three, 9, 9, 79
tiny, 1, 1, 198
quickly, 3, 3, 112
confident, 1, 1, 45
much, 46, 44, 2442
undefeated, 1, 1, 2
basic, 2, 2, 20
expected, 1, 1, 74
lovely, 2, 2, 4
warmth, 1, 1, 86
duties, 1, 1, 5
location, 3, 2, 28
life, 15, 14, 230
tensing, 1, 1, 1
loft, 1, 1, 12
attacked, 2, 2, 17
hospitalized, 1, 1, 74
anh, 4, 4, 23
blurey, 1, 1, 30
kotr, 1, 1, 3
bath, 1, 1, 1
lift, 1, 1, 1
tapping, 1, 1, 2
koth, 1, 1, 1
personally, 4, 4, 67
aviation, 1, 1, 4
worked, 5, 5, 69
sad, 2, 2, 5
spin, 3, 3, 11
naval, 1, 1, 4
unpopular, 1, 1, 9
exception, 1, 1, 86
ahead, 2, 2, 6
3ajulianfaylona, 1, 1, 5
woah, 1, 1, -29
linkid, 1, 1, 784
excited, 9, 9, 2607
near, 4, 4, 11
conspiracy, 1, 1, -29
neat, 2, 2, 5
viii, 23, 20, 1062
slum, 1, 1, 6
voice, 20, 10, 40
leaves, 1, 1, 4
youtubeqds6re3hgo, 1, 1, 1
mistake, 3, 2, 2
remembering, 1, 1, 3
ix, 3, 3, 1
seven, 1, 1, 74
cons, 1, 1, 1
jealous, 2, 2, 4
furthering, 1, 1, 3
played, 4, 4, 12
pounds, 1, 1, 1
defeated, 3, 3, 14
expenses, 2, 1, 74
separatist, 2, 1, 1
shame, 2, 2, 4
wavebird, 1, 1, 2
im, 2, 2, 3
creepy, 2, 2, 8
plunge, 1, 1, 26
nailed, 1, 1, 2
id, 1, 1, 1
anakinlukes, 1, 1, 1
grown, 1, 1, 3
librariankeeper, 1, 1, 3
confirmed, 6, 5, 160
ignored, 1, 1, 1
vindicate, 1, 1, 45
rstarwarscomics, 1, 1, 8
prior, 1, 1, 1
things, 20, 18, 437
make, 46, 45, 551
transporting, 1, 1, 1
ep3, 1, 1, 3
rebellion, 1, 1, 23
speculating, 2, 2, 260
writer, 1, 1, 19
complex, 2, 2, 39
potentially, 1, 1, 46
harmony, 1, 1, 11
unfortunate, 1, 1, 1
silly, 2, 2, 8
colonies, 2, 2, 2
breaks, 2, 2, 220
entitled, 1, 1, 25
perimeter, 1, 1, 18
fairly, 2, 2, 199
bearded, 1, 1, 2
raid, 3, 2, 4
everett, 1, 1, 2
social, 3, 2, 3
hang, 1, 1, 23
evil, 4, 4, 26
greeted, 1, 1, 3
spgs, 1, 1, 18
threepio, 1, 1, 2
characters, 7, 5, 94
animations, 2, 2, 4
hans, 2, 2, 20
opportunity, 2, 2, 199
thoughts, 2, 2, 75
kid, 7, 7, 971
knockoff, 1, 1, 2
kept, 1, 1, 6
lucas, 5, 5, 24
xwings, 3, 3, 27
kylo, 65, 28, 1436
failing, 2, 2, 214
suffering, 1, 1, 3
ocean, 2, 2, 14
lukerey, 1, 1, 29
bladed, 3, 3, 22
contact, 4, 4, 95
greatest, 2, 2, 20
deploys, 1, 1, 1
voicing, 1, 1, 1
hearts, 1, 1, 1
shadowed, 1, 1, 14
opinions, 1, 1, 4
protocol, 1, 1, 1
background, 2, 2, 4
sentence, 1, 1, 1
yea, 2, 2, 40
photo, 3, 3, 5
3po, 1, 1, 12
fantastic, 5, 5, 14
overcompensated, 1, 1, 46
aside, 3, 3, 6
palpatine, 12, 11, 73
grades, 1, 1, 2
via, 1, 1, 3
psych, 1, 1, 30
thanks, 11, 11, 161
human, 4, 4, 130
facts, 1, 1, 2
yep, 1, 1, 7
yes, 12, 11, 47
yer, 2, 1, 10
yet, 9, 8, 227
succeeding, 1, 1, 1
previous, 7, 6, 151
adding, 3, 3, 9
stormtrooperloaf, 1, 1, 34
monitored, 1, 1, 0
stray, 1, 1, 2
han, 39, 23, 323
dished, 1, 1, 2
legion, 1, 1, 18
furry, 1, 1, 13
regarded, 1, 1, 1
character, 23, 21, 131
belongs, 2, 2, 4
obedient, 1, 1, 4
retreat, 1, 1, 0
easy, 5, 5, 25
pair, 1, 1, 6
save, 7, 7, 41
interprets, 1, 1, 4
leak, 1, 1, 2
gave, 6, 5, 17
phenominal, 1, 1, 52
novelvisual, 1, 1, 19
survival, 1, 1, 1
possible, 4, 4, 37
possibly, 4, 4, 69
birth, 1, 1, 36
wanting, 6, 6, 60
judge, 1, 1, 6
apart, 2, 2, -2
feelings, 2, 2, 11
dreams, 6, 5, 109
vanity, 1, 1, 26
shoulder, 2, 2, 26
sliced, 1, 1, 21
appearing, 1, 1, 5
gift, 2, 2, 1861
rewatching, 1, 1, 86
cooler, 4, 4, 19
57, 1, 1, 3
performing, 1, 1, 9
unnecessary, 2, 2, 14
xbox, 2, 2, 5
specific, 2, 2, 0
remind, 1, 1, 2
predesigned, 1, 1, 2
officer, 2, 2, 14
night, 4, 3, 64
moral, 1, 1, 1
security, 1, 1, 1
21276843, 1, 1, 784
whomever, 1, 1, 5
preorders, 1, 1, 10
sounded, 1, 1, 13
right, 33, 31, 827
old, 14, 11, 187
deal, 3, 3, 87
people, 43, 36, 719
teh, 3, 1, -19
deaf, 1, 1, 2
somehow, 2, 2, 6
dead, 9, 8, 357
manziel, 1, 1, 3
chests, 1, 1, 0
born, 1, 1, 2
manaan, 1, 1, 1
hassle, 1, 1, 1
roamed, 1, 1, 2
escape, 2, 2, 23
multiple, 2, 1, 2
extended, 1, 1, 11
archetype, 1, 1, 5
counts, 2, 2, 8
imgurcom0xxfxmy, 1, 1, 12
enemies, 2, 2, 2
prowess, 1, 1, 9
theatrical, 1, 1, 7
exploitable, 1, 1, 3
dense, 1, 1, 2
bottom, 1, 1, 1
purple, 1, 1, -1
lockdown, 1, 1, 1
opposite, 1, 1, 1
comments, 2, 2, 56
creative, 1, 1, 46
filming, 3, 3, 49
unstable, 2, 2, 2
adorable, 4, 4, 51
christmas, 1, 1, 1
wookiees, 2, 1, 3
core, 2, 2, 108
shakes, 1, 1, 74
impressionable, 1, 1, 3
rep, 1, 1, 45
deleted, 4, 4, 39
marketing, 1, 1, 1
pose, 1, 1, 11
circlejerk, 1, 1, 0
conformation, 1, 1, 0
newcomer, 3, 2, 982
mutters, 2, 1, 0
losing, 1, 1, 74
flaws, 1, 1, 3
post, 10, 9, 265
super, 2, 2, 3
properties, 2, 2, 63
proceed, 1, 1, 6
obj, 1, 1, 6
tekka, 5, 1, 3
obi, 8, 7, 28
dollars, 1, 1, 4
months, 11, 11, 251
maulgrievous, 1, 1, 2
trustworthy, 1, 1, 1
youtubewl15etrcasg, 1, 1, 4
conditioned, 1, 1, 1
iimgurcomnzlodjdjpg, 1, 1, 186
horizon, 1, 1, 1
memorable, 1, 1, 0
failures, 1, 1, 2
sept, 1, 1, 0
meddle, 1, 1, 1
aroundless, 1, 1, 2
match, 1, 1, 2
sip, 1, 1, 3
nerve, 1, 1, 86
raised, 4, 3, 84
dilemma, 1, 1, 1
va0rznkmblk, 1, 1, 1
cousins, 1, 1, 4
sithdark, 1, 1, 14
ahh, 1, 1, 6
honeymoon, 1, 1, 2
bound, 1, 1, 1858
son, 8, 7, 68
rendering, 1, 1, 1
beings, 1, 1, 19
explain, 6, 6, 130
raises, 1, 1, 4
formidable, 1, 1, 3
armada, 1, 1, 0
honored, 1, 1, 5
shoots, 3, 3, 46
wan, 8, 7, 30
oc, 1, 1, 137
weathered, 1, 1, 1
waits, 1, 1, 20
amazingly, 2, 2, 24
support, 7, 6, 101
flying, 7, 4, 55
jealousy, 1, 1, 1
vision, 5, 4, 25
fight, 8, 6, 60
avail, 1, 1, 1
stuck, 3, 3, 89
way, 38, 34, 314
shuttles, 1, 1, 1
quirky, 1, 1, 4
factions, 1, 1, 0
war, 8, 7, 97
across, 1, 1, 1
happy, 7, 6, 203
questionable, 1, 1, 11
head, 5, 5, 2
form, 2, 2, 47
offer, 1, 1, 2
attempted, 1, 1, 1
becoming, 2, 2, 2
gorgeous, 3, 3, 12
removes, 1, 1, 0
landing, 1, 1, 7
ford, 2, 2, 23
robert, 1, 1, 5
taken, 4, 4, 20
magnitude, 1, 1, 4
hear, 11, 11, 344
catalyst, 1, 1, 3
alliance, 1, 1, 1
removed, 3, 3, -8
true, 11, 11, 133
congratulations, 1, 1, 24
portions, 1, 1, 56
versions, 3, 3, 45
spun, 1, 1, 1
type, 3, 3, 77
inside, 2, 2, 14
crystal, 2, 2, 63
complaint, 1, 1, 11
nerdy, 1, 1, 13
emotional, 2, 2, 8
encompasses, 1, 1, 1
tonne, 1, 1, 3
proud, 2, 2, 28
disgrace, 1, 1, -107
sticks, 3, 3, 3
classic, 1, 1, 1
request, 1, 1, 74
forcewielding, 1, 1, 1
store, 1, 1, 12
wretched, 1, 1, 2
proven, 1, 1, 80
evidence, 1, 1, 23
exist, 4, 4, 9
fatherhood, 1, 1, 2
universes, 1, 1, 5
ship, 9, 7, 73
annoying, 2, 2, 7
trip, 2, 2, 13
shit, 17, 16, 962
physical, 2, 2, 10
pipe, 1, 1, 5
holy, 6, 6, 2546
dying, 1, 1, 206
glacier, 1, 1, 9
na, 11, 10, 410
whereas, 2, 2, 50
generally, 1, 1, 1
actor, 3, 2, 79
reality, 1, 1, 6
successful, 1, 1, 25
nz, 1, 1, 1
interested, 2, 2, 72
republic, 20, 14, 280
tutorial, 1, 1, 111
holding, 7, 7, 250
digital, 1, 1, 13
test, 1, 1, 346
tie, 4, 4, 35
confusing, 1, 1, 225
serieswise, 1, 1, 1
unbalanced, 1, 1, 1
picture, 4, 4, 19
trucktonne, 1, 1, 3
savage, 1, 1, 1
dies, 9, 7, 114
felt, 11, 10, 347
uniformly, 1, 1, 1
update, 3, 1, 74
trailers, 2, 1, 4
buddhists, 1, 1, 66
reign, 1, 1, 13
powerenergy, 1, 1, 4
humor, 1, 1, 1
weekend, 1, 1, 1
russo, 1, 1, 3
died, 11, 10, 131
jones, 1, 1, 13
holo, 1, 1, 254
happening, 5, 5, 115
excuse, 3, 3, 15
assume, 4, 4, 63
painting, 5, 3, 17
flag, 1, 1, 1
together, 11, 9, 154
beds, 1, 1, 346
loyal, 1, 1, 1
warm, 1, 1, 6
iimgurcomipl2kyejpg, 1, 1, 11
rstarwars, 2, 2, 3
time, 63, 45, 491
goaded, 1, 1, 7
serious, 2, 2, 8
banners, 1, 1, 8
stick, 3, 3, 94
snl, 2, 2, 7
cares, 2, 2, 13
concept, 1, 1, 2
managed, 4, 3, 1932
chain, 1, 1, 12
switched, 2, 2, 174
skit, 2, 2, -42
iimgurcomkvniptfjpg, 1, 1, 10
leads, 3, 3, 97
nitpicking, 1, 1, 21
theaters, 5, 3, 107
commissioned, 1, 1, 3
jarring, 1, 1, 1
skin, 1, 1, 7
battle, 23, 18, 228
wynn, 1, 1, 2
genetically, 1, 1, 9
milk, 1, 1, 26
layers, 1, 1, 13
certainly, 4, 4, 31
suicide, 1, 1, 10
everything, 24, 22, 249
95, 2, 2, 75
godless, 1, 1, 47
technique, 1, 1, 3
father, 14, 10, 113
disgusting, 1, 1, -15
gigs, 1, 1, 198
environment, 2, 2, 7
0, 1, 1, 6
finally, 4, 4, 123
glad, 4, 4, 11
marks, 1, 1, 2
discovering, 1, 1, 3
must, 10, 8, 20
tenacious, 1, 1, 5
federation, 1, 1, 22
sarlacc, 1, 1, 8
apeshit, 1, 1, 36
controls, 1, 1, 1
none, 2, 2, 9
choice, 6, 6, 35
vegas, 1, 1, 1
rbeards, 1, 1, 2
lynch, 1, 1, 3
tanks, 1, 1, 18
artwork, 3, 3, 10
cook, 2, 1, 1
join, 3, 3, 19
heredarth, 1, 1, 0
blast, 1, 1, 74
exact, 6, 4, 10
minute, 7, 6, 12
cool, 53, 51, 583
materialize, 1, 1, 74
stormtroopers, 6, 6, 207
jawline, 1, 1, 1
impressive, 7, 5, 13
level, 8, 8, 143
turns, 5, 5, 201
posts, 5, 5, 79
brother, 6, 6, 223
hopedfor, 1, 1, 74
leave, 2, 2, 198
pursue, 1, 1, 1
soooo, 1, 1, 44
settle, 1, 1, 0
team, 4, 4, 213
quick, 3, 3, 50
guy, 10, 8, 315
spent, 1, 1, 62
setup, 2, 2, 8
prevent, 1, 1, 0
talked, 2, 2, 93
says, 10, 9, 56
fearing, 1, 1, 1
contrasting, 1, 1, 50
seasoning, 2, 2, 188
8600, 1, 1, 10
okay, 5, 5, 74
discover, 2, 2, 4
piccolo, 1, 1, -4
sign, 3, 3, 8
slowed, 1, 1, 1
radar, 3, 3, 16
run, 4, 4, 73
cuddly, 1, 1, 3
port, 4, 4, 264
pawns, 1, 1, 246
wondering, 1, 1, 1
adds, 2, 2, 44
stands, 2, 2, 4
chimichanga, 1, 1, 4
metaphysical, 1, 1, 7
assistance, 1, 1, 74
realizing, 1, 1, 0
talprintscom, 1, 1, 6
reunite, 1, 1, 0
lt, 2, 2, 6
ancient, 1, 1, 2
goes, 5, 5, 157
falling, 1, 1, 11
curled, 1, 1, 6
1010, 1, 1, 9
mp, 1, 1, 2
supporting, 1, 1, 198
unsure, 1, 1, 1
reimagining, 1, 1, 13
funeral, 1, 1, 74
learn, 1, 1, 1
understanding, 2, 2, 22
water, 1, 1, 3
contemplate, 1, 1, 3
midichlorians, 1, 1, 2
crippled, 1, 1, 8
alone, 4, 3, 7
along, 11, 10, 44
appears, 3, 3, 124
change, 20, 18, 420
wait, 9, 9, 335
boy, 3, 3, 42
redemption, 4, 3, 7
battling, 1, 1, 5
brilliant, 2, 2, 57
increasing, 1, 1, 12
guilty, 3, 1, 11
united, 1, 1, 4
lakers, 1, 1, 2
accomplished, 1, 1, 0
myselfalthough, 1, 1, 5
fortress, 1, 1, 1
suggestion, 1, 1, 2
usually, 2, 2, 30
shifting, 1, 1, 8
weird, 9, 9, 312
montreal, 1, 1, 2
bolt, 1, 1, 25
utapau, 1, 1, 4
breathtaking, 1, 1, 199
treasure, 1, 1, 1
love, 66, 53, 776
extra, 2, 2, 10
tuxedo, 1, 1, 198
prefer, 5, 5, 29
marked, 2, 2, 47
bloody, 1, 1, 0
yaaassss, 1, 1, 1
_jedi_academy, 1, 1, 2
insultinghumiliating, 1, 1, 11
fake, 1, 1, 0
trackable, 1, 1, 0
crime, 1, 1, 62
firearm, 1, 1, 11
transplant, 1, 1, 41
everybody, 2, 2, 4
troops, 4, 4, 8
working, 3, 3, 23
flatline, 1, 1, 0
sake, 2, 2, -29
positive, 1, 1, 1
angry, 2, 2, 17
preshow, 1, 1, 1
visit, 3, 3, 206
tears, 2, 2, 3
intense, 2, 1, 0
live, 9, 8, 216
jam, 1, 1, -4
emptiness, 1, 1, 3
iphone, 1, 1, 2
https, 25, 23, 835
memory, 2, 2, 1
films, 5, 5, 49
overpoliticized, 1, 1, 19
today, 10, 8, 124
gryffindor, 1, 1, 1
sharing, 1, 1, 3
abrams, 1, 1, 74
levelsentire, 1, 1, 9
vaders, 1, 1, 1
acceptable, 1, 1, 5
apparent, 1, 1, 2
cintiq, 1, 1, 13
cannons, 1, 1, 1
teaser, 4, 4, 404
vaderi, 1, 1, 137
everywhere, 6, 6, 21
savior, 1, 1, 9
effort, 1, 1, 74
valued, 1, 1, 4
slogan, 1, 1, 6
anything, 17, 17, 105
defeats, 1, 1, 0
cas, 2, 1, 18
originally, 2, 2, 2
cap, 1, 1, 1
oscillator, 3, 2, 14
modified, 2, 2, 63
cat, 1, 1, 206
soup, 1, 1, 34
regions, 1, 1, 1858
believed, 1, 1, 74
making, 14, 14, 201
metal, 1, 1, 54
arrive, 1, 1, 46
unconditional, 1, 1, 86
iimgurcomgheffm4jpg, 1, 1, 10
claim, 1, 1, 1
crazy, 3, 3, 4
corrupted, 3, 3, 7
figure, 4, 4, 61
disagreeing, 1, 1, 6
december, 1, 1, 1861
kasdan, 1, 1, 46
confused, 6, 6, 796
agent, 1, 1, 2
topic, 2, 2, 48
heard, 6, 6, 89
chin, 2, 2, 3
dropped, 1, 1, 4
council, 1, 1, 11
allowed, 2, 2, 67
genitalia, 1, 1, 1
confuses, 1, 1, 1
counting, 1, 1, 13
faved, 2, 1, 2
pink, 1, 1, 2
ardnt, 1, 1, 46
redundancy, 2, 2, 12
nonchalant, 1, 1, 2
discussion, 2, 2, 8
watching, 6, 6, 14
brand, 1, 1, 1
1, 5, 5, 91
till, 1, 1, 1
emotionless, 1, 1, 4
pure, 4, 4, 92
plus, 5, 5, 32
max, 2, 1, 3
map, 3, 1, 3
staying, 2, 2, 200
jazz, 1, 1, 1
huge, 5, 5, 115
may, 27, 24, 239
coworker, 1, 1, 62
clone, 46, 30, 516
maz, 2, 2, 20
spot, 2, 2, 41
distastefully, 1, 1, 11
cease, 1, 1, 14
lucky, 1, 1, 4
alderaan, 1, 1, 9
4th, 1, 1, 3
mad, 2, 2, 1
purists, 1, 1, 1
date, 1, 1, 15
heroes, 1, 1, 5
truly, 2, 2, 13
guys, 5, 5, 153
grow, 2, 2, 31
man, 24, 22, 656
wwwyoutubecomwatch, 7, 7, 394
natural, 3, 3, 32
remember, 8, 7, 90
johnson, 4, 4, 596
tbh, 1, 1, 26
whenever, 2, 2, 207
maybe, 19, 18, 272
hoth, 1, 1, 4
sp, 1, 1, 46
sw, 7, 7, 75
benny, 1, 1, 6
su, 1, 1, 1
q, 1, 1, 5
sifodyas, 1, 1, 9
nosed, 1, 1, 1
subsisting, 1, 1, 74
offend, 2, 2, 14
tall, 3, 3, 81
upvoting, 1, 1, 73
conquests, 1, 1, 86
talk, 6, 5, 554
imagining, 1, 1, 399
cute, 3, 3, 19
tagged, 1, 1, 7
comfort, 2, 2, 9
shield, 1, 1, 1
yeremy, 1, 1, 1
indeed, 1, 1, 2
pointed, 1, 1, 90
haircut, 1, 1, 19
midnight, 1, 1, -1
consulting, 1, 1, 11
years, 16, 15, 157
ended, 7, 7, 106
episodes, 3, 3, 30
nefarious, 1, 1, 46
cuts, 1, 1, 1
cold, 2, 2, 5
still, 27, 25, 770
blooded, 1, 1, 3
dernist, 1, 1, 3
limbs, 1, 1, 1
group, 4, 4, 49
thank, 3, 3, 1935
mockup, 1, 1, 1
reluctant, 1, 1, 19
interesting, 14, 14, 810
toro, 2, 2, 982
torn, 1, 1, 9
joysticks, 1, 1, 0
amazing, 14, 14, 161
coordinates, 1, 1, 9
inflicted, 2, 2, 4
platform, 1, 1, 18
immortality, 2, 1, 0
occasionally, 1, 1, 246
policy, 4, 4, 53
jocasta, 1, 1, 3
main, 4, 4, 17
puzzle, 1, 1, 2
instantly, 1, 1, 206
showhe, 1, 1, 4
non, 1, 1, 11
recreate, 1, 1, 1
starkiller, 13, 12, 149
nod, 2, 2, 37
killer, 1, 1, 3
technician, 1, 1, 7
lukes, 2, 2, 133
touching, 2, 2, 1141
bestowed, 1, 1, 1858
killed, 8, 8, 56
wont, 3, 3, 11
execute, 1, 1, 11
holographic, 1, 1, 63
name, 9, 8, 248
thankful, 1, 1, 23
drop, 4, 4, 63
47, 1, 1, 12
realise, 1, 1, 26
entirely, 1, 1, 13
wallpapers, 1, 1, 1
cousin, 1, 1, 1
em, 2, 1, 10
square, 1, 1, 19
retrieve, 1, 1, 1
eh, 1, 1, 1
switching, 1, 1, 1
torch, 1, 1, 1
yeah, 13, 13, 358
challenges, 1, 1, 46
fires, 1, 1, 44
uncovered, 1, 1, 2
year, 10, 10, 284
eu, 4, 4, 7
assumption, 1, 1, 1
happen, 11, 9, 303
avoided, 1, 1, 2
obsession, 3, 3, 15
ep, 10, 7, 295
sticking, 1, 1, 1
intended, 3, 2, 17
troll, 1, 1, 1
living, 1, 1, 2
shown, 5, 4, 88
worth60, 1, 1, 56
opened, 2, 2, 12
space, 3, 3, -1
profit, 1, 1, 4
furthermore, 1, 1, 3
sunburnt, 1, 1, -3
factory, 1, 1, 4
thirst, 1, 1, 1
planets, 1, 1, 18
increase, 1, 1, 0
seriously, 4, 4, 64
jaime, 1, 1, 13
internet, 4, 4, 8
copout, 1, 1, 5
correct, 2, 2, 0
mascara, 1, 1, 10
inevitably, 1, 1, 7
theory, 11, 8, 189
thong, 1, 1, -6
buzz, 1, 1, 2
million, 3, 3, 40
quite, 6, 6, 43
disrespect, 1, 1, 1
disbelief, 2, 2, 12
pimp, 1, 1, 2
besides, 2, 2, 14
grandma, 1, 1, 1
phasma, 3, 3, 29
ominous, 1, 1, 1
care, 4, 4, 26
safadi, 1, 1, 13
training, 12, 10, 161
imhotep, 2, 1, 2
mos, 1, 1, 2
yup, 1, 1, 4
impose, 1, 1, 30
punk, 2, 2, 95
tries, 1, 1, 7
honest, 3, 3, 6
turn, 9, 9, 186
place, 13, 13, 26
aboard, 1, 1, 1858
cos, 1, 1, 2
promotion, 1, 1, 46
entrusted, 1, 1, 3
think, 84, 65, 4186
waited, 1, 1, 86
first, 65, 51, 742
emotion, 4, 3, 12
monochromatic, 1, 1, 1
xi, 1, 1, 2
saving, 1, 1, -1
surviving, 1, 1, 5
motel, 1, 1, 1
lone, 1, 1, 7
xd, 2, 2, 103
one, 104, 94, 3535
fast, 4, 3, 10
directly, 1, 1, 46
vote, 3, 2, 48
impossible, 2, 2, 80
message, 1, 1, 74
drove, 1, 1, 3
open, 6, 6, 41
george, 5, 5, 56
size, 2, 2, 7
politician, 1, 1, 10
city, 3, 3, 35
little, 31, 28, 2271
necessarily, 4, 4, 10
checked, 1, 1, -1
silent, 2, 2, 2
sheev, 4, 1, 11
gif, 2, 2, 2
caught, 1, 1, 3
europe, 1, 1, 4
anyone, 20, 18, 238
plains, 1, 1, 3
returns, 1, 1, 0
2, 20, 20, 231
tragic, 1, 1, 86
terrifying, 3, 3, 88
separatists, 3, 3, -3
realization, 1, 1, 46
white, 2, 2, 14
filter, 1, 1, -2
lingering, 1, 1, 86
gives, 3, 3, 2
meme, 1, 1, -3
exploring, 1, 1, 46
eyes, 4, 4, 53
hug, 1, 1, 0
mostly, 3, 3, 10
doubleblade, 1, 1, -19
season, 4, 3, 4
souuuulululuull, 1, 1, 6
weaponobject, 1, 1, 254
boba, 26, 15, 120
released, 8, 6, 14
dudes, 2, 2, 18
alas, 1, 1, -1
butt, 2, 2, 241
copy, 4, 4, 19
hux, 1, 1, 1
infiltrate, 1, 1, 9
boyfriend, 3, 2, 25
10, 5, 5, 294
13, 1, 1, 1
15, 1, 1, 0
unfortunately, 1, 1, 1
rival, 1, 1, 25
resemble, 1, 1, 2
r, 3, 2, -16
merits, 1, 1, 46
outcome, 1, 1, 5
anyways, 1, 1, 12
suggestions, 1, 1, 1
illness, 1, 1, 206
san, 5, 1, 3
swamped, 1, 1, 36
selection, 1, 1, 1
improbability, 1, 1, 8
turned, 2, 2, 79
descends, 1, 1, 1
ant, 1, 1, 5
iimgurcom9loxwo0png, 1, 1, 4
say, 20, 19, 98
narrator, 1, 1, 2
voiced, 1, 1, 7
breakfast, 1, 1, 5
pry, 1, 1, 198
wink, 1, 1, 1
efficient, 1, 1, 2
warriors, 1, 1, 3
fucking, 12, 11, 657
depicted, 1, 1, 1
ideas, 1, 1, 0
shocked, 1, 1, 0
note, 3, 3, 54
ideal, 2, 1, 1
potential, 7, 5, 53
take, 24, 23, 460
supply, 1, 1, 4
online, 3, 2, 76
interior, 1, 1, 0
destroy, 3, 3, 12
neeeeed, 1, 1, 6
tattoine, 1, 1, 12
takodana, 1, 1, 0
200, 1, 1, 1
begin, 5, 5, 220
sure, 27, 23, 681
pain, 3, 2, 87
normal, 1, 1, 4
price, 1, 1, 10
knew, 11, 11, 128
falls, 2, 2, 8
rematch, 1, 1, 0
assault, 1, 1, 7
exploited, 1, 1, 8
importantly, 3, 3, 7
printed, 3, 3, 8
rationale, 2, 2, 7
pleasure, 1, 1, 1
multiply, 1, 1, 86
fauna, 1, 1, 1
interacting, 1, 1, 3
forever, 3, 3, 16
aircranes, 1, 1, 18
especially, 5, 5, 16
room, 1, 1, 0
considered, 1, 1, 19
later, 10, 10, 139
sale, 1, 1, 2
rchimichanga, 1, 1, 1
inuniverse, 1, 1, 25
sunset, 1, 1, 46
slaves, 1, 1, 4
jumped, 1, 1, 1
understandable, 1, 1, 86
rating, 1, 1, 12
drastically, 3, 3, 4
shot, 36, 26, 622
show, 10, 10, 397
cheap, 1, 1, 1
merit, 1, 1, 1
discovered, 2, 2, 2
bright, 1, 1, 1
therapist, 1, 1, 1
hack, 1, 1, 5
corner, 4, 4, 6
data, 1, 1, 4
ground, 1, 1, 7
ubiplaneblues, 1, 1, 3
boundaries, 1, 1, 146
nala, 1, 1, 0
slow, 6, 5, 225
zahn, 1, 1, 5
stair, 1, 1, 111
title, 2, 2, 74
daily, 1, 1, 6
dick, 1, 1, 4
storms, 2, 2, 1
behind, 8, 8, 185
either, 10, 8, 118
truthering, 1, 1, 46
september, 2, 2, 25
going, 60, 53, 1270
black, 6, 5, 67
enthusiasm, 1, 1, 198
robe, 1, 1, 21
starkillers, 1, 1, 1
dispute, 1, 1, 0
godlike, 1, 1, 11
info, 2, 2, 22
iimgurcomktbpmosjpg, 1, 1, 46
sparring, 1, 1, 9
_jedi_knight_, 1, 1, 2
get, 73, 60, 1178
goodluck, 1, 1, 3
cannon, 1, 1, 12
szerakh, 1, 1, 1
backburner, 1, 1, 13
employers, 1, 1, 1
nearly, 2, 2, 8
justified, 1, 1, 1
freaking, 5, 5, 212
prime, 1, 1, 9
regarding, 3, 2, 8
associatelink, 1, 1, 1
501st, 3, 3, 9
chutes, 1, 1, 0
artist, 1, 1, 1
imgurcomw6du8iw, 1, 1, 2
droids, 2, 2, 47
thermal, 6, 5, 274
routinely, 1, 1, 2
morning, 2, 2, 200
jokes, 1, 1, 3
stupid, 2, 2, -6
brushsets, 1, 1, 13
husband, 1, 1, 21
wiki, 2, 2, 3
reveals, 3, 3, 53
unsee, 1, 1, 2
physically, 2, 2, 2
imposter, 1, 1, 19
fucktard, 1, 1, 2
blurred, 1, 1, 3
relative, 1, 1, 2
college, 2, 2, 4
us, 17, 14, 188
apologies, 1, 1, 46
unaltered, 2, 2, 14
surgery, 2, 1, 74
smashes, 1, 1, 1
constraints, 1, 1, 2
wonder, 8, 8, 22
um, 2, 2, 9
knowing, 1, 1, -1
satisfying, 3, 3, 89
voluntary, 1, 1, 10
wielding, 1, 1, 59
ways, 3, 3, 186
clapgt, 1, 1, 1
addled, 1, 1, 1
definite, 1, 1, 1
weapons, 2, 2, 22
3, 9, 9, 89
chewy, 2, 2, 2
enjoys, 1, 1, 2
reading, 6, 6, 37
checks, 1, 1, 10
arrival, 1, 1, 1
notice, 2, 2, -17
approvals, 1, 1, 2
screen, 4, 3, 4
genetic, 1, 1, 6
supermarket, 1, 1, 1
killing, 7, 7, 346
blame, 1, 1, 86
sandstorms, 1, 1, 2
concentrate, 1, 1, 2
spokes, 4, 4, 42
jj, 13, 6, 161
coma, 2, 2, 79
embraces, 1, 1, 77
cities, 1, 1, 3
come, 14, 14, 389
motivations, 1, 1, 25
reaction, 3, 2, 49
stun, 1, 1, 0
talented, 4, 4, 988
many, 16, 16, 184
according, 1, 1, 0
deduction, 1, 1, 4
personal, 1, 1, 3
fiddling, 1, 1, 1
desperately, 1, 1, 2
reluctantly, 1, 1, 0
improv, 2, 1, 198
expression, 1, 1, 5
prequel, 3, 3, 41
comes, 7, 5, 19
contractually, 1, 1, 3
hateful, 1, 1, 12
cancer, 7, 4, 304
moly, 1, 1, 2
color, 4, 4, 75
continuation, 1, 1, 1
indestructible, 1, 1, 3
period, 1, 1, 11
pop, 2, 2, 88
whatnot, 1, 1, 1
60, 1, 1, 3
61, 1, 1, 10
66, 2, 2, 2
extinct, 1, 1, 1
poe, 18, 14, 196
tub, 1, 1, 1
boat, 3, 3, 90
considering, 4, 4, 186
destroyed, 5, 5, 11
graphics, 1, 1, 2
trolling, 2, 2, 2
underworld, 2, 2, 13
capable, 2, 2, 4
brainwashing, 2, 2, 5
mark, 12, 12, 415
fleeing, 1, 1, 14
careful, 1, 1, 2
combined, 2, 2, 4
judging, 2, 2, 3
helicopter, 6, 6, 165
featuring, 2, 2, 70
fireplaces, 1, 1, 65
fiftieth, 1, 1, 1
wants, 5, 5, 31
offered, 3, 1, 74
wounds, 1, 1, 1858
wake, 1, 1, 198
external, 1, 1, 2
sidious, 3, 3, 352
irrelevant, 1, 1, 11
former, 3, 3, 4
pilot, 2, 2, 6
case, 2, 2, 1
rudolf, 1, 1, 1
inadequacies, 1, 1, 11
spanking, 1, 1, 277
engineering, 1, 1, 3
40000, 1, 1, 5
cast, 6, 6, 1014
electrocuted, 1, 1, 6
policies, 1, 1, 11
christiansen, 1, 1, 101
scum, 1, 1, 2
situation, 6, 5, 110
abducted, 1, 1, 1
coolest, 4, 4, 264
vest, 1, 1, 11
park, 2, 2, 14
secondary, 1, 1, 0
engaged, 2, 2, 9
sebulba, 2, 1, 16
commander, 1, 1, 1
middle, 1, 1, -3
jarjar, 1, 1, 1
someone, 20, 19, 271
eras, 1, 1, 2
mcgregor, 1, 1, 3
somebody, 2, 2, 13
protein, 1, 1, 74
mediocre, 1, 1, 1
eisley, 1, 1, 2
helmet, 12, 8, 324
different, 17, 16, 357
harsh, 2, 2, 33
lightsabered, 1, 1, 1
etc, 11, 9, 35
pay, 1, 1, 1
seeking, 1, 1, 1
amiibo, 1, 1, 6
sigils, 1, 1, 1
figurine, 1, 1, 2
struggling, 3, 3, 226
constructed, 1, 1, 54
events, 3, 3, 15
week, 2, 2, 82
exhaust, 4, 4, 264
finish, 2, 2, 14
closest, 1, 1, 5
enjoyment, 1, 1, 2
socially, 2, 2, 11
companion, 1, 1, 1
director, 1, 1, 7
running, 1, 1, 1
edges, 1, 1, 54
luckyyyyy, 1, 1, 0
favorites, 1, 1, 2
senator, 2, 2, 20
climbing, 1, 1, -8
sixweek, 2, 1, 74
totally, 10, 10, 348
six, 2, 2, 18
fuuuuuuck, 1, 1, 2216
wellorganized, 1, 1, 1
rain, 1, 1, 3
tracking, 2, 2, 137
theater, 2, 2, 86
floor, 2, 2, 7
magical, 1, 1, 1
without, 11, 11, 20
solve, 1, 1, 3
bottle, 1, 1, 3
inability, 1, 1, 74
model, 1, 1, 6
dathomiri, 1, 1, 0
bodies, 2, 2, 137
charged, 1, 1, 4
heaps, 1, 1, 5
truther, 1, 1, 46
peace, 2, 1, 1
gangs, 1, 1, 0
money, 5, 4, 78
armour, 2, 2, 28
neon, 1, 1, 1
rest, 8, 8, 113
recycled, 1, 1, 7
kill, 8, 7, 43
aspect, 1, 1, 1
touch, 4, 4, 201
hopeful, 1, 1, 8
speed, 4, 3, 55
dueling, 1, 1, 8
captured, 2, 2, 5
halfway, 1, 1, 0
blow, 3, 3, 32
announcement, 5, 5, 1070
death, 26, 23, 244
application, 1, 1, 3
thinking, 9, 9, 531
seems, 13, 13, 188
except, 5, 5, 97
civil, 1, 1, 4
backround, 1, 1, 6
pile, 1, 1, 39
treatment, 3, 1, 74
nonissue, 1, 1, 1
cb, 2, 2, 61
role, 7, 6, 48
struck, 1, 1, 46
xwingendor, 1, 1, 36
real, 12, 11, 400
rushmore, 1, 1, 1
fucked, 2, 2, 805
around, 16, 15, 276
kills, 1, 1, 0
unforeseen, 1, 1, 1
read, 10, 9, 303
replaced, 1, 1, 19
thrawn, 3, 2, 6
staffsaber, 1, 1, 8
prowse, 1, 1, 1
fridge, 2, 2, 13
early, 5, 5, 165
darn, 1, 1, 2
mom, 2, 2, 292
symbolism, 1, 1, 1
using, 10, 9, 42
walk, 2, 2, 9
lady, 2, 2, 29
meat, 3, 3, 28
unspoiler, 1, 1, -1
kennedy, 1, 1, -8
oddly, 2, 2, 60
audience, 3, 3, 35
coolbut, 1, 1, 1
doublestaff, 1, 1, 50
served, 2, 2, 87
upside, 1, 1, 1
assemblies, 1, 1, 1
curls, 1, 1, 19
intervene, 1, 1, 1
learning, 2, 2, 239
fives, 1, 1, 10
exposed, 3, 3, 22
failure, 1, 1, 2
40k, 1, 1, 1
titan, 1, 1, 1
moving, 1, 1, 1
calculated, 1, 1, 30
bantha, 1, 1, 39
respect, 1, 1, 5
images, 4, 4, 66
intact, 1, 1, 3
thinks, 3, 3, 15
provided, 1, 1, 46
dameron, 2, 1, 0
memories, 2, 2, 5
tube, 3, 3, 3
recorded, 1, 1, 1
overly, 1, 1, 2
stops, 2, 2, 44
moon, 4, 3, 7
critical, 1, 1, 1
ddo, 1, 1, 10
40s, 1, 1, 20
o0, 1, 1, 3
destroys, 1, 1, 80
syma, 2, 1, 0
welcome, 2, 2, 47
shadow, 1, 1, 3
roast, 1, 1, 5
business, 3, 3, 36
airways, 1, 1, 1
seconds, 3, 3, 535
sixth, 1, 1, 1
communicate, 2, 2, 12
weirdest, 1, 1, 198
forgetfulness, 1, 1, -1
credits, 1, 1, 3
morphs, 1, 1, 2
bosslogic, 1, 1, 1
terrified, 2, 2, 4
exciting, 1, 1, 4
venator, 1, 1, 6
throw, 1, 1, 1
oo, 1, 1, 1
comparison, 2, 2, 14
stone, 1, 1, 111
ol, 1, 1, 3
ok, 3, 3, 261
origins, 3, 2, 10
oh, 11, 11, 177
heeeeeeeere, 1, 1, 6
island, 7, 6, 37
shehulk, 1, 1, -11
discussed, 2, 2, 57
meal, 1, 1, 74
chop, 1, 1, 5
tremendous, 2, 2, 79
journey, 1, 1, 10
stand, 3, 3, 14
roam, 1, 1, 1
sadistic, 1, 1, 15
assassin, 2, 2, 5
road, 2, 2, 32
op, 21, 21, 212
teddy, 1, 1, 1
lands, 1, 1, 0
followed, 1, 1, 1
flawed, 1, 1, 30
vitiatevalkorion, 1, 1, 5
image, 7, 6, 70
smartassery, 1, 1, 1
child, 2, 2, 1
achto, 1, 1, 6
copies, 1, 1, 4
2v2, 1, 1, 1
2v1, 1, 1, 11
accounts, 1, 1, 3
paplatine, 1, 1, 2
garr, 1, 1, 3
tweetit, 1, 1, 2
stare, 1, 1, 0
hahahaha, 1, 1, 2
sparser, 1, 1, 2
hes, 3, 3, 12
strictly, 1, 1, 9
hey, 5, 5, 202
lol, 10, 10, 209
desert, 2, 2, 4
lor, 8, 1, 3
start, 7, 6, 368
futile, 1, 1, 86
lot, 24, 23, 468
valley, 1, 1, 16
treble, 1, 1, 4
morrison, 15, 8, 37
hookers, 1, 1, 1
complete, 2, 2, 3
kyber, 1, 1, 13
enough, 12, 10, 280
kotor, 4, 3, 19
imgurcomvsce32m, 1, 1, 534
delayed, 1, 1, 24
tripod, 1, 1, 4
spider, 2, 2, 10
land, 3, 3, 23
survived, 1, 1, 5
clones, 11, 10, 158
implies, 2, 2, 21
trying, 14, 13, 134
buying, 2, 2, 2
longer, 4, 4, 47
rush, 3, 3, 98
october, 2, 2, 198
arranged, 1, 1, 1
joint, 2, 1, 80
rage, 1, 1, 0
comics, 4, 4, 33
recurring, 1, 1, 2
jakku, 7, 6, 7
iimgurcom9zujohqjpg, 1, 1, 7
peeking, 1, 1, 6
dirty, 1, 1, 1
suitcase, 1, 1, 1
2f39836686amp, 1, 1, 5
hutt, 1, 1, 6
grass, 1, 1, 2
agree, 13, 12, 135
darker, 2, 2, 127
detailed, 1, 1, 1
gone, 8, 8, 88
legendsish, 1, 1, 5
leaked, 3, 3, 31
ad, 1, 1, 62
johnny, 1, 1, 3
mundi, 1, 1, 12
certain, 3, 3, 7
accents, 2, 1, 6
destroyer, 2, 2, 19
cringed, 1, 1, -1
deep, 1, 1, 2
general, 5, 5, 104
alarm, 1, 1, 9
intro, 1, 1, 2
file, 3, 3, 21
senate, 2, 2, 118
politics, 5, 4, 127
trend, 1, 1, 2
iimgurcombvp4fripng, 1, 1, 6
blues, 1, 1, 1
film, 18, 12, 205
tedious, 1, 1, 2
spice, 1, 1, 4
cemented, 1, 1, 3
infact, 1, 1, 3
28film, 1, 1, 1
coruscant, 5, 5, 30
tempting, 1, 1, 3
event, 3, 3, 1
field, 1, 1, 3
5, 4, 4, 24
hunt, 1, 1, 1
gambling, 1, 1, 7
thousand, 2, 2, 0
poor, 3, 3, 46
briefly, 1, 1, 1
executor, 1, 1, 5
obsessed, 1, 1, 137
impersonation, 1, 1, 2
students, 1, 1, 1
spoilers, 12, 11, 96
symbol, 4, 4, 29
teeth, 1, 1, 1
seriousness, 1, 1, 86
important, 8, 6, 105
terry, 1, 1, 3
included, 4, 3, 54
technicianhe, 1, 1, 4
awkwardly, 2, 2, 21
legal, 1, 1, 1
building, 1, 1, 111
booked, 2, 2, 75
remote, 1, 1, 10
calls, 1, 1, 0
wife, 7, 6, 362
taste, 1, 1, 6
casts, 1, 1, 1
odds, 1, 1, 74
mask, 2, 2, 16
stripes, 1, 1, 1
hello, 2, 2, 46
mimic, 1, 1, 230
imgurcomausf3ui, 1, 1, 1
firstorder, 2, 1, 4
44gb, 1, 1, 13
starting, 2, 2, 48
original, 7, 6, 130
represent, 1, 1, 1
liar, 1, 1, 2
forget, 3, 2, 199
pointing, 1, 1, 3
caused, 1, 1, 3
forbidden, 1, 1, 3
lack, 1, 1, 25
month, 3, 3, 21
grievous, 1, 1, 2
spacecraft, 1, 1, 2
code, 1, 1, 11
premiers, 1, 1, 3
talks, 2, 2, 147
follow, 4, 4, 10
meditation, 1, 1, 66
decisions, 1, 1, 13
reasoning, 1, 1, 23
causes, 1, 1, 1
kylos, 2, 1, 14
darthcleavagecom, 1, 1, 5
glimpse, 1, 1, 7
ots, 1, 1, 26
fletch, 1, 1, 2
hunting, 2, 2, 2
imma, 1, 1, 8
misses, 1, 1, 1
opportunities, 1, 1, 1
spirit, 1, 1, 9
tl, 1, 1, 198
program, 3, 2, 75
destroyers, 2, 2, 1
preserved, 1, 1, 3
siblings, 1, 1, 5
enjoying, 1, 1, 86
shmi, 3, 3, 20
hatefilled, 1, 1, 47
ta, 1, 1, 26
sound, 6, 5, 99
woman, 3, 3, 123
returned, 2, 2, 54
straightforward, 1, 1, 2
sitting, 1, 1, 7
horror, 1, 1, 1
results, 1, 1, 3
toss, 1, 1, 1
rogue, 4, 4, 524
fan, 12, 11, 473
interpreting, 1, 1, 14
decide, 3, 3, 11
fall, 10, 8, 226
awful, 1, 1, 2
labor, 1, 1, 1
bubbles, 1, 1, 0
difference, 6, 6, 10
showings, 1, 1, 4
snowcovered, 1, 1, 54
condition, 1, 1, 5
abandoned, 4, 4, 24
laura, 13, 13, 1418
washing, 1, 1, 0
forth, 1, 1, 19
list, 3, 3, 6
joined, 1, 1, 1
grandfather, 1, 1, 25
reminding, 1, 1, 3
sand, 2, 2, 4
whatup, 1, 1, 10
small, 10, 10, 140
conflicted, 1, 1, 1
mount, 1, 1, 1
blackout, 1, 1, -1
flick, 1, 1, 3
population, 1, 1, 13
instagram, 1, 1, 36
b29, 1, 1, 90
b24, 1, 1, 90
recluse, 1, 1, 1
past, 9, 9, 138
zero, 1, 1, 2
titles, 2, 2, 57
design, 12, 10, 57
perspective, 1, 1, 8
graflex, 1, 1, 1
pass, 1, 1, 32
kaminoans, 2, 2, 1
fanedit, 1, 1, 38
chuckle, 1, 1, 0
bass, 1, 1, 6
stood, 1, 1, 1
darkness, 8, 2, 116
carnivores, 1, 1, 1
clock, 1, 1, 9
sun, 3, 2, 2
zealots, 1, 1, 3
skywalker, 14, 11, 2003
brief, 1, 1, 1
emotions, 3, 2, 28
abo, 1, 1, 2
crush, 1, 1, 1
jedi, 76, 45, 2185
version, 5, 5, 95
issues, 1, 1, 1
t72, 1, 1, 18
learned, 3, 3, 116
leia, 25, 19, 465
apply, 1, 1, 2
method, 1, 1, 1
movement, 1, 1, 1
revealing, 1, 1, 6
tattoos, 1, 1, -35
full, 5, 5, 33
escaping, 1, 1, 1
midpoint, 1, 1, 46
loose, 2, 1, 1
answers, 1, 1, 1
revenge, 1, 1, 1
hours, 2, 2, 17
threads, 1, 1, 7
excess, 2, 2, 13
ignore, 1, 1, 1
strong, 10, 7, 111
shows, 1, 1, 1
legend, 1, 1, 1
thrift, 1, 1, 3
arena, 2, 1, 1
cockpit, 4, 4, 4
search, 4, 4, 48
colored, 2, 1, 13
conviction, 1, 1, 25
difficulty, 1, 1, 1
inspired, 2, 2, 92
experience, 6, 5, 84
1510, 1, 1, 9
soldier, 1, 1, 19
amount, 1, 1, 45
rexus, 1, 1, 0
horrified, 1, 1, 0
gear, 3, 2, 2
pick, 5, 5, 58
action, 1, 1, 3
mentions, 1, 1, 1
luck, 1, 1, 10
link, 2, 2, 231
options, 3, 3, 122
spoil, 2, 2, 4
flash, 1, 1, 24
depart, 1, 1, 1
lightsabers, 7, 6, 89
family, 9, 5, 85
suddenly, 6, 6, 293
cowardly, 1, 1, 19
relatedyou, 1, 1, 37
vii, 22, 10, 798
methodically, 1, 1, 1
put, 9, 9, 99
regiment, 1, 1, 18
ifvs, 1, 1, 18
aotc, 2, 2, 34
actress, 1, 1, -8
establish, 1, 1, 1
eye, 1, 1, 2
takes, 10, 9, 70
palpatines, 1, 1, 1
distinct, 2, 2, 16
revelation, 1, 1, 7
wiped, 1, 1, 3
contains, 2, 2, 4
wield, 4, 2, 4
two, 30, 29, 899
postcredits, 1, 1, 1
piggyback, 1, 1, 2
comparing, 1, 1, 86
splash, 1, 1, 1
archives, 1, 1, 3
yyz, 1, 1, 6
6, 3, 3, 4
mysterious, 3, 3, 92
autographs, 1, 1, 2
achieving, 1, 1, 1
minor, 1, 1, 11
teen, 2, 2, 4
flaw, 3, 2, 7
straightup, 1, 1, 86
door, 1, 1, 2
knows, 9, 7, 36
iimgurcomfucdguxgif, 1, 1, 0
canon, 8, 8, 35
company, 1, 1, 6
dammit, 1, 1, 2
tested, 1, 1, 206
landed, 1, 1, 3
hubris, 1, 1, 2
basically, 8, 7, 229
broke, 1, 1, 3
particular, 3, 3, 6
known, 5, 5, 17
ultimately, 1, 1, 2
mounted, 1, 1, 2
pretense, 1, 1, 4
nar, 2, 2, 5
weathering, 1, 1, 3
town, 1, 1, 74
helped, 3, 3, 89
keeping, 3, 3, 11
fatal, 1, 1, 4
salvador, 1, 1, 3
shielded, 1, 1, 10
recall, 3, 3, 15
sucks, 3, 3, 70
acts, 1, 1, 4
guards, 1, 1, 2
sudden, 2, 2, 38
del, 2, 2, 982
v, 7, 7, 394
canonically, 1, 1, 2
playable, 1, 1, 1
male, 1, 1, 3
mo, 1, 1, 3
lingered, 1, 1, 1
history, 1, 1, 11
beautiful, 4, 4, 342
f1, 1, 1, 3
compare, 1, 1, 3
needing, 1, 1, 1
swinging, 1, 1, 6
brown, 2, 2, 11
gunship, 1, 1, 8
share, 7, 6, 214
accept, 1, 1, 41
childishly, 1, 1, 4
states, 4, 4, 13
pushed, 2, 2, 47
sense, 20, 17, 274
lacks, 2, 2, 27
species, 2, 2, 3
simple, 3, 3, 8
condemn, 1, 1, 7
information, 4, 3, 58
needs, 4, 4, 18
beef, 1, 1, 3
court, 1, 1, 12
advantage, 1, 1, 1
awkward, 5, 5, 11
tarkin, 1, 1, 1
rather, 8, 7, 95
breaking, 1, 1, 11
american, 1, 1, 1
dismissed, 1, 1, 80
chopper, 7, 6, 22
disturbed, 1, 1, 11
hugs, 2, 1, 1
reyes, 1, 1, 6
explains, 1, 1, 5
ensemble, 1, 1, 4
sprinkle, 1, 1, 86
galactic, 1, 1, 86
plans, 5, 3, -2
suppose, 1, 1, 2
advice, 1, 1, 5
missions, 1, 1, 2
ballsy, 1, 1, 29
questioning, 1, 1, 2
triumphs, 1, 1, 2
minds, 1, 1, 2
eeth, 1, 1, 1
plane, 1, 1, 2
lighting, 3, 2, 201
adventure, 1, 1, 86
coming, 5, 5, 1877
transformation, 1, 1, 5
response, 1, 1, 74
bleak, 2, 2, 76
fo, 1, 1, 19
contrived, 1, 1, 80
short, 6, 6, 29
rationalize, 1, 1, 3
bugs, 1, 1, 2
dispensable, 1, 1, 246
pinewood, 2, 1, 46
shade, 1, 1, 25
media, 1, 1, -1
facebook, 2, 2, 4
hates, 1, 1, 3
dream, 3, 1, 0
playing, 5, 5, 26
photoshop, 2, 2, 47
iimgurcomuscu297gifv, 1, 1, 186
help, 9, 7, 343
esoteric, 1, 1, 0
developed, 2, 2, 2
ffs, 1, 1, -32
soon, 8, 8, 287
trade, 2, 2, 22
performance, 3, 3, 148
strawpollme6824332, 1, 1, 46
scientist, 1, 1, 0
scifi, 1, 1, 2
hell, 9, 8, 347
clumsily, 2, 2, 86
highlighted, 1, 1, 1
style, 7, 7, 258
20, 1, 1, 1
misspelled, 1, 1, 534
assaulting, 1, 1, 18
solving, 1, 1, 2
reluctance, 1, 1, 1
29, 1, 1, 1
actually, 31, 30, 4166
late, 4, 4, 36
resort, 1, 1, 1
parts, 3, 3, 3
ruining, 1, 1, 1
nifty, 2, 2, 2
braise, 1, 1, 34
might, 12, 9, 205
beak, 1, 1, 1
good, 48, 44, 2944
return, 10, 9, 1962
calm, 1, 1, 77
poorlychoreographed, 1, 1, 2
rerecorded, 1, 1, 7
delivered, 1, 1, 1
hunter, 6, 4, 16
inch, 1, 1, 3
comforted, 2, 2, 9
foot, 2, 2, 144
hunted, 1, 1, 41
complain, 1, 1, 0
bigger, 4, 4, 299
glassius, 1, 1, 208
mystery, 1, 1, 1
easily, 11, 11, 148
dvdbr, 1, 1, 3
always, 26, 24, 581
fetch, 2, 2, 9
presented, 1, 1, 46
2d, 1, 1, 13
bastila, 1, 1, 11
slimy, 2, 2, 10
mastered, 2, 2, 63
undiffused, 1, 1, 26
found, 12, 9, 777
repeating, 1, 1, 0
obligated, 1, 1, 3
marry, 1, 1, -17
trailer, 7, 7, 317
execs, 1, 1, 46
heavy, 3, 3, 88
status, 2, 2, 0
everyone, 14, 14, 382
mental, 1, 1, 206
weight, 5, 3, 137
visually, 1, 1, 6
hard, 5, 5, 18
idea, 17, 15, 446
dire, 1, 1, 6
suprised, 1, 1, 2
soulwise, 1, 1, 9
wires, 1, 1, 14
expect, 2, 2, 6
awakening, 2, 2, 9
slave, 2, 1, 86
fastforward, 1, 1, 9
quigons, 2, 2, 0
mates, 1, 1, 1
antarctic, 1, 1, 9
aldrin, 1, 1, 2
really, 79, 69, 1629
temuera, 1, 1, 6
try, 11, 11, 364
clarity, 1, 1, 9
missed, 2, 2, 5
wondered, 1, 1, 12
p, 3, 3, -23
nonflaired, 1, 1, 7
trooper, 9, 9, 42
since, 26, 23, 146
meditating, 2, 2, 9
hilt, 1, 1, 4
superfans, 1, 1, 1
research, 1, 1, 13
hayden, 1, 1, 101
acting, 6, 5, 219
health, 1, 1, 0
longtime, 1, 1, 46
7, 2, 2, 10
print, 2, 2, 13
offline, 1, 1, 198
induced, 1, 1, 5
issue, 5, 5, 16
ass, 7, 7, 9
drink, 5, 5, 17
belief, 1, 1, 1
dirt, 2, 2, 41
commits, 1, 1, 10
friday, 1, 1, 74
guess, 7, 7, 227
asc, 1, 1, 74
houses, 1, 1, 65
reason, 19, 14, 101
base, 18, 15, 213
youtubeqyjbpfqv1wq, 1, 1, 63
members, 3, 3, 1001
imagine, 10, 10, 219
ask, 4, 4, 42
beginning, 5, 5, 10
speculation, 1, 1, 101
gig, 1, 1, 2
thrown, 1, 1, 0
driven, 1, 1, 3
thread, 3, 3, 13
launch, 1, 1, 7
finland, 1, 1, 3
excluding, 1, 1, -6
cheering, 1, 1, 6
uncle, 2, 2, 87
fruit, 1, 1, 7
expecting, 2, 2, 28
threat, 2, 2, 4
daisy, 3, 3, 67
pilots, 1, 1, 0
fallen, 3, 3, 17
throws, 2, 2, 1
prerots, 1, 1, 5
reinforced, 1, 1, 11
major, 3, 3, 60
glowwwwwww, 1, 1, 6
dont, 2, 2, 8
slipped, 2, 2, 75
upper, 1, 1, 2
feel, 25, 23, 457
moderately, 1, 1, -35
number, 2, 2, 1
fancy, 2, 2, 70
valentine, 2, 2, 90
dust, 2, 2, 1
droid, 4, 4, 42
done, 20, 19, 327
embraced, 1, 1, 4
changing, 2, 2, 3
slower, 1, 1, 1
miss, 4, 4, 93
harbours, 1, 1, 11
utters, 1, 1, 1
story, 22, 16, 243
overreacted, 1, 1, 14
script, 8, 7, 91
leading, 2, 2, 0
threatening, 2, 2, 17
least, 15, 14, 148
cartoon, 2, 2, 82
pinned, 1, 1, 1
paint, 1, 1, 3
flimsy, 1, 1, 4
station, 3, 3, 3
quotes, 1, 1, 14
passed, 2, 1, 74
ton, 2, 2, 6
hundred, 1, 1, 13
recovered, 1, 1, 0
witnessing, 1, 1, 3
selling, 3, 3, 10
storm, 7, 7, 258
relationship, 1, 1, 38
exploded, 1, 1, 7
convinces, 1, 1, 1
tfa, 30, 27, 670
immediate, 1, 1, 86
prediction, 1, 1, 63
appreciation, 1, 1, 25
part, 15, 15, 177
favorable, 1, 1, 5
doctors, 2, 1, 74
reyr2chewie, 1, 1, 29
believe, 12, 9, 17
convinced, 3, 3, 82
obama, 1, 1, 12
kzw727ryig, 1, 1, 105
kind, 19, 19, 131
grew, 6, 5, 115
throttle, 1, 1, 1
stl, 2, 2, 8
double, 8, 6, 31
dagobah, 2, 2, 38
grey, 1, 1, -3
tensionless, 1, 1, 2
_jedi_outcast, 1, 1, 2
supposed, 7, 6, 96
dang, 1, 1, 3
sister, 3, 3, 10
toward, 1, 1, 74
remembers, 2, 2, 1861
risky, 1, 1, 74
motivation, 2, 2, 87
nominee, 2, 2, 982
suffocating, 1, 1, 2
tearfully, 1, 1, 0
fights, 1, 1, 0
organa, 3, 2, 6
emperors, 1, 1, 2
awoken, 1, 1, 5
substantial, 1, 1, -1
alike, 1, 1, 1
zs1j3vrxnm0, 1, 1, -1
emblem, 1, 1, 1
confirms, 1, 1, 784
orders, 2, 2, 4
vulnerable, 2, 1, 3
option, 2, 2, 120
sell, 1, 1, 1
paths, 1, 1, 86
speaking, 1, 1, 1
built, 1, 1, 45
self, 1, 1, 1
yoda, 16, 15, 158
also, 62, 52, 749
entirety, 1, 1, 9
internal, 1, 1, 4
useless, 1, 1, 8
showcases, 1, 1, 3
finding, 4, 4, 17
clambering, 1, 1, 1
anxiety, 1, 1, 1
play, 7, 7, 39
added, 2, 2, 49
chewiedies, 1, 1, -1
quote, 2, 2, 199
victim, 1, 1, 3
darth, 21, 16, 2366
screenings, 3, 3, 6
mace, 8, 6, 38
hired, 2, 2, 25
experiences, 1, 1, 1
plan, 3, 3, 33
eaten, 2, 2, 2
70, 1, 1, 11
nothing, 18, 17, 794
extremely, 2, 2, 4
underwear, 1, 1, -11
4, 2, 2, 3
bb8, 4, 3, 6
raekylo, 1, 1, 5
viciously, 1, 1, 0
mobile, 2, 2, 8
performances, 1, 1, 1
clear, 5, 4, 167
popularity, 2, 2, 1
cover, 6, 6, 69
altered, 1, 1, 1
traditional, 1, 1, 10
storyline, 1, 1, 25
clean, 2, 2, 6
hamil, 1, 1, 0
weigh, 1, 1, 1
notch, 1, 1, 5
blend, 1, 1, 1
joining, 1, 1, 8
filmed, 1, 1, 9
golf, 1, 1, 1
rebels, 8, 7, 79
gold, 3, 3, 1859
tyranus, 3, 2, 4
commissions, 1, 1, 13
rifle, 1, 1, 21
disappointed, 1, 1, -1
favour, 1, 1, 1
disciples, 1, 1, 3
vader, 48, 32, 2233
crayon, 1, 1, 16
hyped, 1, 1, 12
finn, 11, 10, 36
cameo, 1, 1, 101
screenshots, 1, 1, 2
find, 24, 20, 432
giant, 2, 2, 139
awakens, 10, 8, 308
music, 1, 1, 2
justice, 1, 1, 2
bewdys, 1, 1, 6
ruin, 4, 4, 8
less, 5, 5, 45
allwhite, 1, 1, 11
lightspeed, 4, 4, 47
beat, 4, 1, 2
failed, 6, 6, 16
fellow, 1, 1, 1
mustafar, 1, 1, 3
pretty, 35, 31, 353
factor, 1, 1, 9
8, 13, 12, 312
circle, 1, 1, 4
woops, 1, 1, 4
templecool, 1, 1, 9
discuss, 1, 1, 8
carrick, 1, 1, 1
hit, 4, 4, 179
paperweight, 1, 1, 8
repeats, 1, 1, 2
meanwhile, 4, 4, 302
luke, 200, 83, 2304
dread, 1, 1, 2
sunny, 1, 1, 26
grocery, 1, 1, 12
bug, 1, 1, 5
famous, 1, 1, 13
feels, 9, 5, 151
b, 1, 1, 3
dqar, 1, 1, 80
preparing, 3, 2, 74
theft, 1, 1, 1
combinations, 1, 1, 2
banner, 1, 1, 74
merchandise, 1, 1, 10
enemy, 1, 1, 3
exhibiting, 1, 1, 9
sources, 2, 2, 14
millenium, 3, 1, 0
collapsed, 1, 1, 1
wellprotected, 1, 1, 10
remove, 3, 3, 32
watched, 3, 3, 10
gotten, 1, 1, 1
hype, 1, 1, 22
doubles, 1, 1, 0
cringe, 2, 2, -11
locating, 1, 1, 12
insane, 3, 3, 74
kreia, 1, 1, 1
set, 12, 11, 241
art, 7, 7, 237
harrison, 2, 2, 23
arrives, 1, 1, 19
scenes, 5, 5, 75
crackly, 1, 1, 1
culture, 2, 2, 2
see, 81, 65, 2214
arc, 4, 3, 19
dumb, 2, 2, 2
sea, 1, 1, 6
tender, 1, 1, 34
close, 6, 6, 17
laat, 3, 2, 42
slam, 1, 1, 3
arm, 3, 3, 16
crosseyed, 1, 1, 0
knees, 1, 1, 0
twilek, 1, 1, -8
cosplay, 2, 2, 8
spirits, 3, 3, 113
visiting, 1, 1, 1
movie, 41, 35, 294
wow, 7, 7, 121
exchange, 1, 1, 3
please, 12, 10, 135
fans, 4, 4, 4
smallest, 1, 1, 46
probably, 25, 24, 556
burned, 1, 1, 5
nope, 1, 1, 0
uncanny, 2, 2, 19
available, 2, 2, 78
solo, 17, 10, 179
recently, 2, 2, 7
missing, 5, 5, 110
sold, 1, 1, 1
attention, 3, 3, -8
outfit, 1, 1, 5
shaped, 1, 1, 6
competent, 2, 2, 11
relying, 1, 1, 5
league, 1, 1, 86
unstar, 1, 1, 80
last, 27, 24, 611
reverse, 1, 1, 2
lookalike, 1, 1, 3
secrets, 2, 1, 0
barely, 5, 5, 51
sensitive, 1, 1, 3
connection, 3, 3, 35
became, 5, 4, 86
context, 2, 2, -3
forgotten, 1, 1, 10
focused, 1, 1, 5
corrupt, 1, 1, 19
whole, 18, 17, 247
liked, 13, 13, 70
reject, 1, 1, 1
oversleep, 1, 1, 9
point, 16, 15, 83
reasons, 5, 4, 6
sweet, 6, 6, 258
hcz9kq1hzy, 1, 1, 1
community, 3, 2, 75
coincidence, 1, 1, 3
skips, 1, 1, 29
rae, 1, 1, 5
simply, 3, 3, 96
cybernetic, 1, 1, 5
snokepromising, 1, 1, 1858
church, 1, 1, 3
mission, 1, 1, 1
duh, 1, 1, 33
raise, 2, 1, 74
pt, 2, 2, 88
tipoca, 1, 1, 1
create, 4, 4, 6
trilogy, 4, 4, 5
political, 5, 4, 67
due, 5, 4, 4
shinies, 1, 1, 1
teacher, 2, 2, 2
hitting, 3, 3, 245
secret, 2, 2, 362
dropping, 3, 3, 6
damn, 10, 10, 128
ireland, 2, 1, 46
extralong, 1, 1, 4
territory, 2, 2, 20
meeting, 1, 1, 29
moonsized, 1, 1, 3
empty, 2, 2, 4
freshman, 1, 1, 206
dialogue, 2, 2, 15
lived, 1, 1, 65
flight, 2, 2, 74
sending, 1, 1, 1
fire, 4, 4, 107
storylines, 2, 2, 6
else, 15, 13, 208
moment, 10, 9, 37
whatever, 6, 6, 1866
understand, 13, 13, 261
liver, 3, 3, 95
jsut, 1, 1, 1
demand, 1, 1, 7
fandom, 2, 2, 15
lucasarts, 1, 1, 1
hamill, 8, 8, 206
stolen, 1, 1, 1
uncertain, 1, 1, 3
look, 34, 32, 1078
pantheon, 1, 1, 0
solid, 1, 1, 4
straight, 5, 5, 79
tip, 1, 1, 1
twenty, 1, 1, 13
sw8, 1, 1, 7
smith, 1, 1, 2
redlight, 1, 1, 1
error, 1, 1, 4
fun, 15, 11, 174
fleet, 4, 4, 26
di, 1, 1, 1
animated, 2, 2, 10
youtubeagcrwgdkulw, 1, 1, 2
secluded, 1, 1, 9
hoping, 4, 4, 201
kashyyyk, 1, 1, 3
landowedge, 1, 1, 6
funded, 1, 1, 19
von, 2, 1, 3
misprint, 1, 1, 7
rip, 2, 2, 3
rancor, 1, 1, 39
decoration, 1, 1, 3
expressions, 1, 1, 6
35, 1, 1, 1
jpark, 1, 1, 2
ready, 3, 3, 85
rid, 1, 1, 1
cathar, 1, 1, 4
frown, 1, 1, 1
funny, 9, 9, 299
aged, 3, 3, 73
deadpool, 6, 6, 77
anymore, 5, 5, 41
decoy, 1, 1, 1
government, 1, 1, 19
giesbrecht, 1, 1, 74
ama, 1, 1, 7
reconstructed, 1, 1, 5
grand, 1, 1, 1
9, 3, 3, 60
yussss, 1, 1, 5
dozen, 1, 1, 2
gestures, 1, 1, 5
composition, 2, 2, 4
conflict, 1, 1, 1
development, 2, 2, 48
used, 20, 16, 2179
cartridge, 1, 1, 1
deathwhich, 1, 1, 86
bonus, 2, 2, 9
assignment, 1, 1, 4
gallery, 2, 2, 6
ultimate, 1, 1, 8
overweight, 1, 1, 1
yesterday, 1, 1, 198
flows, 1, 1, 19
alert, 1, 1, 198
viewing, 3, 3, 12
levels, 5, 4, 51
uses, 1, 1, 50
user, 3, 3, 58
necessity, 1, 1, 2
opted, 1, 1, 74
mindfucked, 1, 1, -2
recent, 1, 1, 0
dark, 33, 26, 319
finesse, 1, 1, 25
older, 3, 3, 0
infinity, 5, 5, 260
anybody, 2, 2, 3
sixbreasted, 1, 1, 3
obviously, 4, 4, 47
craves, 1, 1, 0
person, 12, 11, 2050
edge, 1, 1, 4
consistency, 1, 1, 34
kelly, 6, 4, 1068
skill, 1, 1, 6
genuinely, 1, 1, 77
spend, 2, 2, 7
darkside, 1, 1, 86
mtfbwy, 1, 1, 1
abilities, 5, 5, 96
burden, 2, 2, 88
amp, 3, 3, 7
quarters, 2, 2, 2
shape, 1, 1, 0
intervals, 1, 1, 2
circling, 2, 2, 2
questions, 3, 3, 17
world, 4, 4, 52
regardless, 3, 3, 13
alternative, 1, 1, 74
afro, 1, 1, 11
variants, 1, 1, 3
apple, 1, 1, 1
letting, 2, 2, 13
littleknown, 1, 1, 5
cut, 16, 12, 673
tablet, 1, 1, 13
majority, 1, 1, 1
wielders, 1, 1, 5
shaddy, 1, 1, 13
queen, 3, 3, 40
alternate, 2, 1, 46
chest, 2, 2, 67
source, 7, 5, 104
cue, 1, 1, 6
parents, 3, 3, 42
exhibition, 1, 1, 12
crying, 2, 2, 3
l0sfn_fq, 1, 1, 34
input, 1, 1, 13
furniture, 1, 1, 1
remaining, 2, 2, 51
surprised, 2, 2, 28
niece, 1, 1, 1
animate, 1, 1, 2
bio, 1, 1, 1
apartment, 1, 1, 1
operatordesigner, 1, 1, 2
march, 1, 1, 2
lacking, 1, 1, 1
format, 2, 2, 10
big, 17, 15, 2166
couple, 5, 5, 284
wookiee, 1, 1, 3
matters, 1, 1, 8
game, 21, 18, 172
quest, 1, 1, 3
blackjack, 1, 1, 1
falcon, 9, 6, 38
bit, 16, 16, 141
bullock, 1, 1, 1
ditching, 1, 1, 1
knock, 1, 1, 5
braindeveloped, 1, 1, 1
zayne, 1, 1, 1
follows, 1, 1, 12
wingreen, 11, 7, 35
heart, 3, 3, 10
collect, 2, 2, 5
continue, 1, 1, 9
indication, 1, 1, 86
popular, 2, 2, 17
stylish, 1, 1, 1
wellhated, 1, 1, 13
spins, 2, 2, 20
sketch, 3, 3, 112
google, 2, 2, 201
often, 4, 4, 13
absolutely, 6, 6, -5
goddamn, 1, 1, 76
fathers, 3, 2, 61
1st, 2, 1, 3
back, 44, 33, 471
understood, 1, 1, 11
towards, 5, 5, 124
20110713215940, 1, 1, 46
ornaments, 1, 1, 47
isnt, 1, 1, 2
curious, 3, 3, 37
battalion, 1, 1, 1
fanfare, 1, 1, 20
epix, 1, 1, -2
retcon, 1, 1, 5
gradually, 1, 1, 2
scale, 1, 1, 5
crashed, 1, 1, 2
contacts, 1, 1, 0
decision, 1, 1, 5
oblivion, 1, 1, 1
prop, 1, 1, 3
368071963amp, 1, 1, 784
lara, 1, 1, 39
1520, 1, 1, 1
jacen, 1, 1, -6
upbringing, 1, 1, 86
epic, 1, 1, 4
temple, 12, 5, 1865
inclination, 1, 1, 1
cgi, 1, 1, 0
object, 1, 1, 1
eating, 4, 3, 116
resolve, 1, 1, 1
nu, 1, 1, 3
rub, 1, 1, 11
reach, 1, 1, 198
jumps, 1, 1, 0
benicio, 2, 2, 982
fed, 1, 1, 1
step, 3, 2, 11
refuses, 1, 1, 1
crap, 5, 4, 100
1979, 1, 1, 5
wildlife, 1, 1, 3
1956, 1, 1, 5
wouldnt, 1, 1, 4
hutts, 1, 1, 4
iimgurcomuiqfsampng, 1, 1, 46
firing, 1, 1, 44
s74breonakc, 1, 1, 230
favor, 1, 1, 1
lieberman, 1, 1, 2
drama, 1, 1, 6
turret, 1, 1, 8
regular, 1, 1, 80
idk, 2, 2, 215
dialog, 1, 1, 86
slowpaced, 1, 1, 9
obiwan, 13, 11, 46
mouth, 2, 2, 85
hatred, 3, 3, 1865
complimentary, 1, 1, 86
consequently, 1, 1, 7
qtkt, 1, 1, 0
silence, 5, 4, 13
channeling, 1, 1, 2
credible, 1, 1, 2
seeing, 15, 14, 92
incharacter, 1, 1, 33
within, 3, 3, 7
framed, 1, 1, 1
binged, 1, 1, 1
lebron, 1, 1, 3
downhill, 1, 1, 1
calming, 1, 1, 1
span, 1, 1, 0
infuriating, 1, 1, 86
spam, 1, 1, 12
kathleen, 1, 1, -8
question, 8, 8, 27
terrarium, 1, 1, 1
long, 17, 15, 238
custom, 1, 1, 13
doubt, 2, 2, 6
prettier, 1, 1, 2
suit, 2, 2, 13
forward, 7, 7, 82
scariest, 1, 1, 2
bored, 1, 1, 13
twitter, 5, 5, 23
opposed, 2, 2, 15
files, 1, 1, 5
fragmented, 1, 1, 1
invite, 1, 1, 4
inches, 1, 1, 63
poster, 12, 11, 116
refined, 1, 1, 11
girlfriends, 1, 1, 1
hoped, 2, 1, 74
iimgurcomf3vl2tgjpg, 1, 1, 1
boys, 2, 2, 74
properly, 1, 1, 11
repeatedly, 1, 1, 2
episode, 34, 21, 1788
line, 6, 6, 45
brainwashed, 1, 1, 1
showcase, 1, 1, 25
deployed, 1, 1, 1
posted, 4, 3, 122
directed, 1, 1, 198
interview, 1, 1, 2
redeemed, 1, 1, 11
blockage, 2, 1, 74
sounds, 4, 4, 209
lifespan, 1, 1, 0
planet, 12, 10, 84
windows, 2, 2, 4
uh, 1, 1, 5
uk, 1, 1, 1
faded, 1, 1, 6
highlight, 2, 2, 76
similar, 8, 8, 151
called, 3, 3, 28
duelists, 1, 1, 21
yelled, 1, 1, 14
insignia, 1, 1, 19
individuality, 1, 1, 2
sometimes, 1, 1, 3
aerial, 1, 1, 3
flow, 1, 1, 66
influence, 1, 1, 3
compatriot, 1, 1, 8
hardly, 1, 1, 1
single, 7, 6, 230
warning, 2, 2, 34
instock, 1, 1, 6
reys, 1, 1, 69
curl, 1, 1, 1
liking, 2, 2, 5
phantom, 1, 1, 1
anthology, 1, 1, 8
amounts, 1, 1, 74
porkins, 2, 1, 258
nah, 2, 2, 10
malicious, 1, 1, -1
backs, 1, 1, 6
nal, 1, 1, 4
matching, 2, 2, 63
preventing, 2, 2, 7
b17, 1, 1, 90
points, 2, 2, 2
actors, 1, 1, 1
transport, 3, 2, 1876
grind, 1, 1, 34
sails, 1, 1, 5
eerily, 1, 1, 32
nice, 24, 22, 176
draw, 1, 1, 1
elements, 1, 1, 2
cheesy, 1, 1, 1
users, 2, 2, 18
princely, 1, 1, 86
lend, 1, 1, 10
favourite, 6, 6, 25
sided, 1, 1, 2
problems, 8, 7, 94
alreadydead, 2, 2, 6
helping, 2, 2, 2
tatooine, 4, 4, 38
meaning, 2, 2, 3
allowing, 5, 4, 66
utterly, 1, 1, 3
fisher, 2, 2, 26
lightning, 2, 2, 4
sides, 1, 1, 1
ago, 4, 4, 16
umutantchair, 1, 1, 46
happier, 3, 3, 270
rspace, 1, 1, 22
practically, 2, 2, 2
dvd, 1, 1, 4
age, 2, 2, 5
vehicles, 2, 2, 42
visual, 2, 2, 5
amused, 1, 1, 3
2000, 1, 1, 86
carrying, 1, 1, 66
narrative, 2, 2, 126
far, 16, 15, 259
fresh, 2, 2, 187
menace, 1, 1, 1
intentional, 2, 2, 4
gt, 16, 11, 1157
jason, 4, 4, 14
rplates, 1, 1, 1
resistance, 24, 14, 209
alien, 2, 2, 125
gf, 3, 3, 14
windy, 1, 1, 1
chirpy, 1, 1, 5
wut, 1, 1, 3
gang, 2, 2, 14
freakin, 2, 2, 199
go, 29, 24, 219
atat, 3, 3, 55
windu, 5, 5, 58
seemed, 4, 4, 85
concerned, 3, 3, 205
young, 6, 6, 62
send, 5, 5, 59
nose, 1, 1, 39
rall, 1, 1, -1
helps, 2, 2, 39
excluded, 1, 1, 2
dislike, 5, 5, 132
include, 6, 5, 985
sent, 1, 1, 0
honor, 1, 1, 2
highlyregarded, 1, 1, 5
breathing, 1, 1, 0
wished, 2, 2, 63
torture, 2, 2, 4
outside, 3, 3, 9
traumatised, 2, 2, 63
inclinations, 2, 1, 10
putting, 4, 4, 96
chooses, 1, 1, 9
telling, 3, 3, 5
remade, 1, 1, 1
ending, 28, 15, 142
continued, 4, 4, 80
arrange, 2, 1, 1
entire, 4, 4, 36
partially, 1, 1, 5
magic, 1, 1, 4
stiff, 1, 1, 1
knight, 6, 5, 7
notes, 1, 1, 21
wodrata, 1, 1, 3
michael, 9, 7, 146
attempts, 1, 1, 0
hive, 1, 1, 2
bully, 2, 1, 1
skellig, 9, 7, 123
kit, 2, 2, 4
dealt, 2, 1, 1858
iimgurcomfab70eyjpg, 1, 1, 186
relation, 1, 1, 3
configurations, 1, 1, 2
carter, 1, 1, 2
wrestling, 1, 1, 3
malice, 1, 1, 46
soul, 3, 3, 57
jump, 3, 2, 46
video, 4, 4, 170
picked, 1, 1, 2
earth, 2, 2, 3
comprehend, 1, 1, 1
believes, 2, 2, 87
odd, 3, 3, 50
makers, 1, 1, 3
depression, 1, 1, 1
required, 1, 1, 1
plays, 3, 3, 46
power, 22, 13, 158
paintings, 2, 2, 8
chicago, 1, 1, 198
giving, 1, 1, 7
fine, 3, 3, 4
saw, 14, 13, 197
5more, 1, 1, 1
access, 1, 1, 1
paying, 2, 2, -9
waiting, 4, 3, 23
capital, 3, 3, 74
kanaan, 1, 1, 1
crossed, 3, 2, 5
3d, 4, 4, 20
body, 7, 7, 56
melancholy, 1, 1, 3
led, 3, 3, 120
chose, 2, 2, 6
degree, 2, 2, 9
leg, 2, 2, 8
backstory, 2, 2, 3
gathered, 1, 1, 4
pushing, 2, 2, 149
lem, 1, 1, 2
slated, 1, 1, 198
following, 3, 3, 17
explore, 1, 1, 7
let, 13, 13, 801
slaughter, 1, 1, 3
others, 5, 5, 18
sexy, 1, 1, -4
ewok, 3, 3, 195
endorwith, 1, 1, 36
extreme, 1, 1, 13
doublebladed, 1, 1, 45
great, 32, 30, 467
engage, 1, 1, 0
broken, 2, 2, 3
involved, 7, 6, 268
30, 6, 6, 9
shades, 1, 1, 8
mandalorian, 2, 2, 19
leaving, 5, 4, 95
suggests, 1, 1, 19
repel, 1, 1, 4
resulting, 1, 1, 86
deceased, 1, 1, 7
defeat, 1, 1, 11
impressionist, 1, 1, 5
opinion, 2, 2, 11
makes, 34, 28, 680
maker, 1, 1, 7
hutta, 1, 1, 4
thats, 4, 4, 8
panicked, 1, 1, 46
drums, 1, 1, 2
danger, 2, 2, 81
win, 2, 2, 4
app, 2, 2, 8
manage, 1, 1, 1
danged, 1, 1, 2
prequels, 13, 13, 255
dumbest, 1, 1, 11
yavin, 2, 2, 7
scandal, 1, 1, 198
resolutions, 3, 2, 8
standing, 2, 2, 1
use, 16, 16, 228
usd, 1, 1, 10
stream, 1, 1, 198
inspiration, 1, 1, 3
remains, 1, 1, 46
whipping, 1, 1, 6
snacks, 1, 1, 9
next, 15, 13, 230
circumstances, 1, 1, 2
camera, 3, 3, 17
nexo, 2, 1, 0
cheeky, 1, 1, 62
vehicle, 2, 2, 130
timing, 1, 1, 5
awesome, 35, 35, 154
sort, 8, 8, 138
popped, 1, 1, 0
started, 5, 5, 7
becomes, 4, 3, 29
heir, 1, 1, 5
sory, 1, 1, 1
fuck, 9, 7, 1842
symbolizing, 1, 1, 14
dealings, 1, 1, 38
train, 1, 1, 22
appeal, 1, 1, 1
rubbish, 1, 1, 3
east, 1, 1, 5
iii, 1, 1, 41
hints, 1, 1, 3
tr8r, 1, 1, 2
escaped, 1, 1, 13
fooling, 1, 1, 16
iimgurcomyjzsierjpg, 1, 1, 3
ride, 2, 2, 5
ogt, 1, 1, 10
og, 1, 1, 2
anywhere, 2, 2, 7
obvious, 6, 6, 95
thin, 1, 1, 1
angsty, 1, 1, 30
meet, 1, 1, 25
closing, 1, 1, 3
inhibitor, 1, 1, 4
rehabilitation, 1, 1, 1858
control, 6, 6, 46
wedge, 1, 1, 1
tap, 1, 1, 19
links, 1, 1, 46
plate, 1, 1, 17
process, 7, 6, 53
favorite, 9, 9, 43
billboards, 1, 1, 1
promotional, 1, 1, -14
high, 7, 6, 444
villain, 6, 6, 16
assumptions, 1, 1, 1
pulling, 2, 1, 9
something, 29, 23, 492
publishable, 1, 1, 1
dignity, 1, 1, 9
boner, 1, 1, 8
drugs, 2, 2, 11
fett, 24, 10, 78
daring, 1, 1, 1
defective, 1, 1, 7
noises, 1, 1, 60
destroying, 2, 2, 1859
tamper, 1, 1, 0
holds, 3, 3, 5
differences, 1, 1, 2
poetry, 2, 2, -31
anakin, 54, 31, 1095
vimeocom155585885, 1, 1, 24
delay, 1, 1, 46
located, 2, 2, 9
animal, 1, 1, 15
suspend, 2, 2, 12
instead, 15, 14, 179
comedy, 2, 1, 198
stock, 2, 2, 12
disproves, 1, 1, 1
behindthescenes, 1, 1, 12
stop, 6, 6, 72
immersed, 1, 1, 0
wallpaper, 2, 2, 3
tied, 1, 1, 1
impulsive, 2, 2, 31
chiefs, 2, 1, 80
lama, 1, 1, 1
unoriginal, 1, 1, 2
fits, 5, 5, 156
ties, 1, 1, 3
spelling, 1, 1, -2
prostate, 1, 1, 1
redeeming, 1, 1, 1
pretemuera, 1, 1, 1
realized, 4, 3, 72
emperor, 12, 9, 37
inherent, 1, 1, 2
light, 15, 14, 344
brushes, 2, 1, 13
lines, 12, 11, 143
robot, 2, 2, 109
element, 1, 1, 1
vibe, 4, 4, 6
chief, 1, 1, 2
mandalorians, 2, 1, 0
honestly, 5, 5, 79
realizes, 2, 2, 277
allow, 1, 1, 66
crawling, 1, 1, 1858
necklace, 1, 1, 12
solos, 1, 1, 3
weirdlooking, 1, 1, 4
volunteers, 1, 1, 90
divided, 1, 1, 2
breast, 1, 1, 206
ignite, 2, 2, 63
ha, 1, 1, 5
zues, 1, 1, 9
pretending, 1, 1, 0
mute, 1, 1, 5
farming, 1, 1, 3
insight, 1, 1, 46
produced, 2, 2, 1
weirdly, 1, 1, 1
toodid, 1, 1, 21
grittier, 1, 1, 7
looks, 45, 42, 910
mentioned, 2, 2, 0
galaxy, 11, 8, 160
bunch, 4, 3, 4
perfect, 1, 1, 1
write, 2, 2, 108
le, 1, 1, 4
la, 4, 2, 260
chosen, 2, 2, 1861
hypothesize, 1, 1, 1
ships, 6, 6, 38
nostalgia, 1, 1, 1
emails, 1, 1, 74
hammil, 1, 1, 0
willing, 3, 3, 82
bluegreen, 1, 1, 13
2015, 1, 1, 46
covered, 2, 2, 139
2017, 1, 1, 1861
spreading, 1, 1, 9
dad, 8, 8, 363
designs, 4, 4, 469
ruined, 2, 1, -1
crash, 2, 2, 3
sword, 2, 2, 5
descendants, 1, 1, 1858
dam, 1, 1, 3
material, 2, 2, 13
mention, 3, 3, 21
cutting, 1, 1, 1
bothering, 2, 2, 17
legendary, 1, 1, 24
ambition, 5, 1, 86
front, 4, 3, 262
blacksploitation, 1, 1, 11
terrible, 2, 2, 6
realize, 4, 4, 96
worlds, 1, 1, 2
mods, 4, 4, 59
midfight, 1, 1, 9
greens, 1, 1, 1
profound, 1, 1, 86
edit, 13, 12, 174
preclude, 1, 1, 2
tran, 3, 2, 982
feast, 1, 1, 23
unpredictable, 1, 1, 0
doesnt, 1, 1, 12
truth, 2, 2, 12
crossing, 1, 1, 10
beneath, 1, 1, 9
circular, 1, 1, 3
legions, 1, 1, 19
flair, 2, 2, 22
profile, 1, 1, 2
studios, 2, 1, 46
cry, 1, 1, 1
pitty, 1, 1, 1
topheavy, 1, 1, 53
related, 2, 2, 4
climatic, 1, 1, 50
books, 1, 1, 3
doubled, 1, 1, 12
measure, 1, 1, 8
80, 3, 3, 135
lowquality, 1, 1, 4
special, 6, 6, 94
category, 1, 1, 5
secretly, 1, 1, 1
rex, 2, 2, 2
rey, 85, 44, 555
dvdblurey, 1, 1, 10
sentiment, 1, 1, 3
entertainment, 2, 2, 2
arriving, 3, 3, 129
res, 1, 1, 24
dismissal, 1, 1, 25
chaos, 2, 2, 11
swoon, 1, 1, 0
mate, 1, 1, 3
ren, 51, 22, 1067
hilarious, 1, 1, 2
memes, 2, 2, 74
technically, 1, 1, 12
cause, 3, 3, 88
sacrifice, 1, 1, 23
red, 14, 9, 45
philosophy, 1, 1, 2
unde, 1, 1, 8
dictionary, 2, 2, 22
jeff, 1, 1, -7
completely, 7, 7, 108
unquenchable, 1, 1, 1
surely, 2, 2, 3
greedo, 1, 1, 6
bothered, 3, 2, 132
likelihood, 1, 1, 1
princess, 1, 1, 21
1983, 1, 1, 8
scary, 2, 2, 227
pancreatic, 1, 1, 23
kipper, 1, 1, 5
goazan, 1, 1, 0
hostile, 1, 1, 3
g, 2, 1, 6
spill, 1, 1, -1
itok, 1, 1, 34
could, 56, 44, 872
scars, 1, 1, 137
duelist, 1, 1, 11
keep, 20, 19, 290
conversation, 1, 1, 1
chicken, 1, 1, 105
birthday, 2, 2, -1
hence, 3, 3, 25
chills, 1, 1, 10
sabers, 6, 6, 74
tacked, 1, 1, 1
blown, 5, 4, 9
badassery, 1, 1, 2
possessing, 1, 1, 5
powerful, 18, 13, 61
scene, 35, 27, 641
jesus, 2, 2, 827
chewie, 14, 9, 88
kotor2, 1, 1, 1
bitch, 3, 3, 67
drastic, 1, 1, 4
signify, 1, 1, 45
noticed, 4, 3, 11
quality, 2, 2, 7
suck, 1, 1, 1
occurred, 2, 2, 13
reread, 1, 1, 1
dahmer, 1, 1, -7
sadly, 1, 1, 74
reference, 1, 1, 1
strict, 1, 1, 4
bears, 1, 1, 1
revealed, 1, 1, 0
chased, 1, 1, 39
system, 5, 4, 83
retreats, 1, 1, 0
attack, 7, 6, 22
intermediate, 1, 1, 1
clonetrooper, 1, 1, 238
decorations, 1, 1, 3
ankle, 1, 1, 2
travelled, 1, 1, 3
messing, 1, 1, 5
final, 7, 7, 226
painful, 1, 1, 1
photoshopped, 1, 1, 16
interests, 2, 1, 10
stars, 5, 5, 62
academy, 19, 9, 1017
explanation, 7, 6, 32
exactly, 3, 3, 22
stress, 1, 1, 3
environmental, 1, 1, 6
bombers, 1, 1, 90
grandpa, 1, 1, 3
applauds, 1, 1, 1
videogames, 1, 1, 1
intonation, 1, 1, 1
overwhelming, 1, 1, 86
completes, 1, 1, 50
blind, 2, 2, 3
badlands, 1, 1, 0
loved, 3, 3, 9
ben, 23, 10, 170
frequent, 1, 1, 2
morph, 1, 1, 3
boring, 1, 1, 2
bother, 1, 1, 44
preexport, 1, 1, 13
popping, 1, 1, 2
tortured, 1, 1, 86
overpowered, 1, 1, 1
individual, 2, 2, 4
loves, 4, 3, 88
identical, 1, 1, 9
beetee, 1, 1, 8
torrent, 1, 1, 4
bet, 2, 2, 4
skelling, 1, 1, 25
drunk, 1, 1, 4
plummeted, 1, 1, 5
wakes, 1, 1, 0
zbrush, 1, 1, 230
poester, 1, 1, 3
villainy, 1, 1, 2
fanbase, 1, 1, 1
tonight, 1, 1, 1138
fail, 2, 2, 139
unlikely, 2, 2, 33
need, 14, 14, 242
interrogating, 1, 1, 6
corral, 1, 1, 1
apparently, 2, 2, 8
clearly, 2, 2, 34
triplezero, 1, 1, 8
bastard, 1, 1, 4
afraid, 1, 1, 1
angle, 2, 2, 19
dishes, 2, 2, 2
congrats, 2, 2, 28
4000, 1, 1, 74
able, 12, 9, 187
battles, 3, 3, 7
mix, 1, 1, 86
stormtrooper, 7, 6, 50
asshole, 3, 3, 30
accuracy, 1, 1, 4
fuels, 2, 1, 86
unless, 2, 2, 32
theatres, 1, 1, 3
combat, 6, 5, 16
plugging, 1, 1, 3
parenting, 2, 2, 3
vengeance, 1, 1, 1858
demise, 1, 1, 3
representation, 1, 1, 2
learnt, 1, 1, 1
awe, 1, 1, 6
future, 6, 6, 32
delivery, 2, 1, 2
r2d2, 1, 1, 0
spaceflight, 1, 1, 2
nobody, 3, 3, 18
gather, 1, 1, 9
upset, 1, 1, 4
face, 24, 21, 917
looked, 7, 7, 161
ignited, 1, 1, 2
manipulative, 1, 1, 3
cloaked, 1, 1, 1
artificially, 1, 1, 30
pictures, 3, 3, 9
stark, 2, 2, 3
normally, 1, 1, 12
tiiimmmbberrrrrrr, 1, 1, 3
fact, 12, 11, 626
goals, 1, 1, 24
infographic, 1, 1, 1
impression, 1, 1, 5
atmosphere, 1, 1, -4
currently, 1, 1, 2
deviation, 1, 1, 8
text, 4, 3, 274
agreed, 1, 1, 3
supported, 1, 1, 74
anyway, 3, 3, 121
connect, 1, 1, 5
bring, 10, 10, 179
alltime, 1, 1, 1
planning, 1, 1, 1
traitor, 1, 1, 10
w848, 1, 1, 54
bedroom, 1, 1, 6
soldiers, 1, 1, 1
rough, 1, 1, 86
debate, 2, 2, 7
decade, 1, 1, 0
staff, 1, 1, 45
lando, 1, 1, 4
sparky, 1, 1, 1
pause, 1, 1, 46
based, 4, 4, 12
miniseries, 1, 1, 3
upvote, 2, 2, 16
winner, 2, 2, 982
jar, 6, 3, 37
hyperspace, 1, 1, 0
terminal, 1, 1, 23
held, 4, 4, 6
score, 1, 1, 206
satan, 1, 1, 77
shinny, 1, 1, 7
dooku, 13, 10, 143
local, 1, 1, 74
hope, 17, 16, 171
meant, 3, 3, 17
move, 3, 3, -19
handle, 1, 1, 46
pets, 1, 1, 6
means, 4, 4, 49
canyons, 1, 1, 0
familiar, 2, 2, 1
dope, 2, 2, 40
chopsticks, 1, 1, 1
overall, 3, 3, 64
poodoo, 1, 1, 39
act, 2, 2, 14
beam, 1, 1, 254
awww, 1, 1, 2
ones, 9, 9, 118
legitimate, 1, 1, 19
bluray, 1, 1, 2
buyer, 1, 1, 4
penetrate, 1, 1, 8
plox, 1, 1, 2
chips, 1, 1, 4
binds, 1, 1, 19
symbols, 1, 1, 2
evolution, 3, 3, 10
rescuing, 1, 1, 4
course, 8, 8, 144
h, 1, 1, -107
calling, 2, 2, 41
motherhood, 1, 1, 2
stuff, 11, 11, 144
contain, 1, 1, 0
including, 1, 1, 13
grab, 2, 2, 3
grad, 1, 1, 3
qo, 1, 1, 5
view, 4, 4, 6
spotted, 1, 1, 46
guessing, 3, 3, 188
btw, 3, 3, 39
plotnecessitated, 1, 1, 2
iimgurcomxto729xjpg, 1, 1, 10
terrain, 3, 2, 3
freeze, 3, 3, 37
edition, 2, 2, 37
legacy, 1, 1, 3
reinforcements, 1, 1, 1
distract, 1, 1, 30
desperate, 1, 1, 8
omg, 1, 1, 2
closer, 1, 1, 3
wire, 6, 2, 21
destiny, 1, 1, 9
jurassic, 1, 1, 14
clearing, 1, 1, 18
posing, 1, 1, 24
nature, 1, 1, 86
fighters, 4, 3, 26
thumb, 2, 1, 1
unseeing, 1, 1, 10
melt, 1, 1, 3
blaster, 3, 3, 47
state, 1, 1, 1
convince, 1, 1, 7
arguable, 1, 1, 2
correctly, 2, 2, 16
horrible, 2, 2, 108
crude, 1, 1, 1
limit, 1, 1, 1
postmovie, 1, 1, 1
kidneys, 1, 1, 74
thumbnail, 1, 1, 1
mainly, 1, 1, 2
bought, 3, 3, 17
ttake, 1, 1, 10
aaaaaaaaaa, 1, 1, 1
ends, 3, 2, 1
contestwinning, 1, 1, 6
opening, 2, 2, 13
importance, 1, 1, 3
joy, 1, 1, 5
ballturret, 1, 1, 90
fisto, 1, 1, 2
efficiency, 1, 1, 5
job, 18, 18, 308
key, 6, 6, 97
snokeisyaddlecom, 1, 1, 45
kev, 1, 1, 2
cp, 1, 1, 10
straights, 1, 1, 6
legit, 1, 1, 6
david, 2, 2, 4
commands, 1, 1, 2
figured, 2, 2, 11
drum, 1, 1, 3
secured, 1, 1, 0
umbara, 2, 2, 7
joke, 2, 2, -4
taking, 6, 6, 41
drug, 1, 1, 5
juhani, 4, 4, 31
april, 3, 3, 4
grief, 1, 1, 8
passing, 4, 4, 116
retweets, 1, 1, 12
e, 2, 1, -28
comment, 5, 5, 125
mudstick, 1, 1, 8
co, 2, 1, 46
wtf, 1, 1, 2
deathstar, 1, 1, 1
wall, 4, 4, 43
troubles, 1, 1, 32
ca, 27, 26, 380
cg, 1, 1, 11
cd, 1, 1, 86
betrayed, 2, 2, 11
laugh, 2, 2, 7
carbon, 1, 1, 8
confronts, 1, 1, 0
winning, 1, 1, 0
cu, 1, 1, 26
quit, 1, 1, 4
kenobi, 5, 5, 16
second, 8, 8, 169
addition, 3, 3, 2
decent, 2, 2, 243
hunters, 1, 1, 33
deaths, 1, 1, 3
effortlessly, 1, 1, 1
window, 1, 1, 208
responds, 2, 2, 3
rogwa, 2, 2, 5
ai, 2, 2, 98
reindeer, 1, 1, 1
slowly, 2, 2, 1
whisper, 1, 1, 5
proposal, 1, 1, 1
fallscrashes, 1, 1, 12
troopers, 8, 7, 344
newcanon, 1, 1, 1
suggested, 1, 1, 7
stopped, 1, 1, 1
senses, 2, 2, 6
controlled, 1, 1, 10
painted, 1, 1, 13
route, 1, 1, 137
vince, 1, 1, 3
nicked, 1, 1, 1
protect, 4, 4, 15
crappy, 1, 1, 137
ewan, 3, 3, 6
finished, 3, 3, 51
accident, 1, 1, 1
tense, 2, 1, 0
roasting, 1, 1, 186
angles, 2, 2, 2
2014, 1, 1, 9
bulb, 1, 1, 3
painter, 1, 1, 5
homer, 1, 1, 6
wood, 1, 1, 5
multi, 2, 2, 3
novel, 1, 1, 2
laser, 1, 1, 1
wily, 1, 1, 1
unlike, 1, 1, 0
plain, 2, 2, 77
widescreen, 2, 2, 4
appearance, 2, 2, 4
value, 1, 1, 11
specifically, 3, 3, 10
dsii, 1, 1, 6
memorizing, 1, 1, 2
tweets, 1, 1, 2
dude, 12, 12, 217
balance, 1, 1, 2
happened, 9, 8, 119
maul, 10, 8, 1896
sith, 24, 12, 154
crafted, 1, 1, 0
motif, 1, 1, 1
manually, 1, 1, 2
almost, 3, 2, 2
blood, 5, 5, 2
insanely, 2, 2, 6
thus, 1, 1, 1
site, 1, 1, 2
encouragement, 1, 1, 74
lust, 1, 1, 1
vs, 4, 2, 3
audiences, 1, 1, 198
sympathiser, 1, 1, 14
dual, 1, 1, 59
lifetime, 1, 1, 10
partner, 1, 1, 8
sits, 1, 1, 25
greater, 2, 1, 3
loyalists, 1, 1, 0
obituary, 1, 1, 74
enriching, 1, 1, 6
shooting, 6, 6, 99
shiny, 1, 1, 3
perhaps, 5, 4, 189
began, 1, 1, 1858
dali, 1, 1, 3
cross, 1, 1, 1
proceeds, 1, 1, 1
member, 3, 3, 12
matches, 1, 1, 1
imgurcomkpkk9pvjpg, 1, 1, 180
strange, 3, 3, 38
flower, 1, 1, 5
digging, 1, 1, 20
units, 1, 1, 1
party, 2, 1, 74
gets, 14, 14, 2153
tapped, 1, 1, 5
disciple, 2, 2, 14
ot, 3, 2, 2
garish, 2, 2, 5
practice, 1, 1, 1
http, 50, 43, 3096
slightly, 3, 3, 9
promo, 1, 1, 725
logic, 2, 2, 2
upon, 2, 2, 1888
outcast, 4, 2, 4
colouring, 1, 1, 1
student, 1, 1, 3
goddid, 1, 1, 29
sisters, 1, 1, 0
build, 1, 1, 1
identity, 1, 1, 2
destruction, 2, 2, 13
retard, 1, 1, 2
center, 1, 1, 74
fully, 1, 1, 13
cant, 1, 1, 2
weapon, 1, 1, 16
overcast, 2, 1, 26
well, 49, 47, 653
fighting, 8, 7, 66
thought, 25, 23, 240
sheer, 1, 1, 8
drone, 4, 4, 144
command, 1, 1, 1
log, 1, 1, 6
dressed, 1, 1, 21
position, 1, 1, 1
audio, 2, 2, 3
drawing, 1, 1, 3
realised, 1, 1, 0
restore, 1, 1, 0
shaddaa, 1, 1, 4
carrie, 3, 3, 27
cried, 1, 1, 9
heavily, 1, 1, 1
moments, 1, 1, 1
tcw, 11, 10, 31
accurate, 1, 1, 1
hands, 3, 3, 18
detail, 4, 4, 29
recap, 1, 1, 46
protecting, 1, 1, 4
paul, 11, 2, 83
modding, 1, 1, 1
swg, 1, 1, 7
flashlight, 2, 1, 1
kindness, 1, 1, 3
console, 2, 2, 3
headed, 1, 1, 3
codirector, 1, 1, 1
upvoted, 1, 1, 7
day, 16, 14, 351
battery, 1, 1, 1
add, 6, 5, 13
book, 2, 2, 7
extends, 1, 1, 46
attractive, 2, 2, 228
scoundrel, 1, 1, 0
unprecedented, 2, 1, 46
kick, 2, 2, 3
details, 1, 1, 1
misprints, 3, 2, 7
lineage, 1, 1, 1858
increased, 1, 1, 4
disappearance, 1, 1, 1
chancellor, 1, 1, 38
fyi, 2, 2, 7
crushed, 1, 1, 1
crux, 1, 1, 2
five, 2, 2, 4
know, 69, 63, 3358
presume, 1, 1, 86
press, 1, 1, 784
immediately, 6, 6, 139
crushes, 1, 1, 0
string, 2, 1, 6
loss, 3, 1, 86
showing, 4, 4, 117
like, 173, 137, 4424
success, 2, 2, 76
rots, 2, 2, 4
variones, 1, 1, 3
ewoks, 8, 8, 316
jaina, 1, 1, -6
fighter, 1, 1, 1
rotj, 6, 6, 72
hosts, 1, 1, 7
geonosis, 3, 2, -9
lose, 5, 5, 111
become, 6, 6, 11
works, 1, 1, 14
soft, 1, 1, 5
page, 5, 4, 6
replacement, 1, 1, 74
marker, 1, 1, 1
shabby, 1, 1, 11
sequence, 1, 1, 3
ackbar, 2, 2, 84
footage, 6, 3, 148
alive, 7, 6, 15
hair, 1, 1, -3
daylight, 2, 1, 26
terrex, 1, 1, 2
twirling, 1, 1, 8
proper, 1, 1, 1
home, 10, 9, 109
empire, 17, 16, 165
scares, 1, 1, 47
recognition, 1, 1, 86
happens, 4, 4, 103
helplessness, 1, 1, 86
jeremy, 1, 1, 1
lead, 2, 2, 47
steaming, 1, 1, 0
literally, 6, 6, 53
avoid, 3, 3, 91
constantly, 2, 2, 3
passion, 1, 1, 30
esb, 3, 3, 9
assuming, 1, 1, 4
naboo, 3, 3, 100
expo, 1, 1, 1
duels, 1, 1, 2
leader, 8, 8, 126
1920x1080, 1, 1, 1
catwalk, 2, 2, 39
slight, 2, 2, 400
expansion, 1, 1, 1
ridley, 3, 3, 96
conveyed, 1, 1, 19
although, 5, 5, 86
worthy, 1, 1, 3
stormy, 1, 1, 92
loans, 1, 1, 3
hiding, 1, 1, 3
gained, 1, 1, 1
waving, 1, 1, 9
crikey, 1, 1, 6
actual, 11, 11, 178
puts, 2, 2, 4
extension, 1, 1, 4
auntleia, 1, 1, 5
universe, 6, 6, 63
recognized, 1, 1, 1
hot, 3, 3, 39
mofo, 1, 1, 1
fear, 5, 4, 34
statement, 2, 2, 3
ressurect, 2, 1, 0
moff, 1, 1, 1
seedy, 1, 1, 4
tongue, 1, 1, 9
introduced, 1, 1, 0
px, 1, 1, 13
equally, 1, 1, 4
fundraised, 1, 1, 74
previously, 1, 1, 3
articulate, 1, 1, 5
getting, 12, 12, 40
guard, 3, 2, 6
weather, 1, 1, 2
lung, 1, 1, 206
female, 2, 2, 4
additions, 1, 1, 3
fired, 1, 1, 1
parentage, 1, 1, -1
legends, 6, 5, 20
pc, 1, 1, 2
friends, 7, 6, 33
outline, 1, 1, 15
spots, 1, 1, -8
imperial, 8, 8, 357
illuminati, 1, 1, -4
board, 1, 1, 3
inner, 1, 1, 38
ed, 1, 1, 8
biggest, 1, 1, 2
dynamite, 1, 1, 3
gut, 1, 1, 66
recruited, 1, 1, 3
uncontrollable, 1, 1, 26
naturally, 2, 2, 16
beard, 8, 6, 149
iimgurcomuxxdxurgifv, 1, 1, 660
buy, 14, 14, 93
north, 1, 1, 5
effects, 1, 1, 1
unconcious, 1, 1, 0
funds, 1, 1, 74
polite, 1, 1, 2
sequel, 1, 1, 1
volume, 1, 1, 74
reminds, 2, 2, 120
hi, 5, 5, 61
gain, 2, 2, 77
screener, 1, 1, 4
grate, 1, 1, 3
editing, 1, 1, 1
anonymous, 1, 1, 3
eat, 6, 5, 273
versatile, 1, 1, 18
count, 4, 3, 18
made, 20, 18, 227
wise, 4, 3, 53
places, 1, 1, 11
kessel, 2, 2, 5
whether, 3, 3, 16
wish, 9, 9, 181
official, 1, 1, 62
smooth, 1, 1, 1
flip, 1, 1, 277
signed, 2, 2, 100
roped, 1, 1, 9
placed, 4, 4, 265
lucasfilm, 3, 2, 120
stories, 3, 3, 45
hand, 10, 9, 148
pumped, 1, 1, 198
cake, 1, 1, 2
problem, 6, 5, 41
piece, 3, 1, 3
minutes, 4, 4, 295
supreme, 3, 3, 24
horrific, 1, 1, 3
intimidating, 3, 3, 22
t65, 2, 2, 8
recognize, 3, 3, 31
pic, 2, 2, 4
akin, 2, 2, 2
enoughthat, 1, 1, 3
twist, 4, 4, 1
crystals, 1, 1, 13
education, 1, 1, 74
screentime, 1, 1, 725
deeper, 1, 1, 3
transitions, 1, 1, 2
incredible, 4, 4, 364
briankesinger, 1, 1, 36
45, 2, 2, 112
boot, 1, 1, 1
prescreening, 1, 1, 7
40, 2, 2, 5
lately, 1, 1, 5
niles, 1, 1, 1
20130210171820, 1, 1, 15
witness, 1, 1, 86
sick, 4, 4, 67
meteos, 1, 1, 1
incredibly, 1, 1, 7
jamming, 1, 1, 1
rian, 12, 6, 606
area, 2, 2, 45
stat, 1, 1, 2
repeat, 2, 2, 87
star, 74, 66, 1208
monday, 1, 1, 198
worker, 1, 1, 0
class, 1, 1, 7
matt, 14, 12, 662
inherently, 1, 1, 30
stay, 2, 2, 20
bastardized, 1, 1, -107
chance, 3, 3, 6
ekons, 2, 1, 1858
modelling, 1, 1, 1
kinda, 5, 5, 18
badass, 15, 14, 107
gap, 2, 2, 10
imgurcomaywitc, 1, 1, 2
extinguishing, 1, 1, 1858
ghost, 1, 1, 1
stunt, 1, 1, 2
resolution, 3, 3, 6
existed, 1, 1, 1
subscribe, 1, 1, 2
justtoberetired, 1, 1, 1
rule, 4, 4, 11
intentionally, 1, 1, 2
armor, 3, 3, 5
rcrappydesign, 1, 1, -21
phenomenal, 1, 1, 1
padme, 6, 5, 102
plasmacharred, 1, 1, 9
irony, 1, 1, 2
simpson, 1, 1, 6
