Word, Frequency, Comment Frequency, Net Score
limited, 3, 3, 2
transitions, 1, 1, 1
pardon, 1, 1, 55
rminionhate, 3, 2, 3
betterlooking, 1, 1, 5
hats, 6, 5, 45
mega, 1, 1, 5
desirable, 1, 1, 36
foul, 2, 1, 9
chaos, 1, 1, 3
four, 2, 2, 109
sleep, 1, 1, 20
hating, 2, 2, 22
captain, 1, 1, 6
hate, 10, 10, 108
forget, 4, 4, 49
increase, 2, 2, 42
crits, 23, 18, 267
buddy, 2, 2, 52
aug, 1, 1, 9
inb4, 3, 3, -1
electricity, 1, 1, 73
tweet, 2, 2, 56
critz, 1, 1, 3
remodeled, 1, 1, 3
framed, 1, 1, 1
aus, 1, 1, 2
booties, 2, 2, 45
recycle, 1, 1, 55
situational, 1, 1, 1
sorry, 6, 6, 155
worth, 12, 10, 105
barley, 1, 1, 11
fists, 1, 1, 8
updated, 3, 3, 151
subbed, 2, 2, 6
unpopular, 1, 1, 1
evere, 1, 1, 1
dynamic, 1, 1, 78
exporting, 1, 1, 2
connects, 1, 1, 59
shoot, 4, 4, 15
every, 23, 22, 169
updates, 19, 12, 66
unfun, 1, 1, 1
affect, 1, 1, 1
screaming, 1, 1, 3
icing, 1, 1, 1
viewmodels, 1, 1, 2
blanche, 1, 1, 338
hisher, 1, 1, 23
internally, 1, 1, 16
prize, 3, 2, 40
exaggerate, 1, 1, 8
skills, 2, 2, 10
ref, 2, 2, 0
cmd, 1, 1, 6
notcone, 1, 1, 15
correct, 2, 2, 7
oooo, 2, 1, 1
flashy, 1, 1, 1
informative, 1, 1, 1
commented, 2, 2, 54
290, 1, 1, 1
enjoy, 12, 11, 74
force, 2, 2, 4
monotonous, 1, 1, 4
nigh, 1, 1, 0
rebuilding, 1, 1, -4
direct, 1, 1, 3
decreasing, 1, 1, 1
second, 16, 14, 570
rent, 1, 1, 5
chapeu, 1, 1, 8
manner, 1, 1, 5
eligible, 1, 1, 2
cactus, 10, 5, 56
colourful, 1, 1, 7
specs, 1, 1, 1
cl_forcepreload, 1, 1, 1
even, 68, 51, 609
established, 1, 1, 23
oldest, 1, 1, 4
hide, 3, 2, 3
trapping, 1, 1, 8
saved, 1, 1, 23
exactly, 6, 6, 2
beaten, 1, 1, 4
revolver, 2, 2, 69
asia, 1, 1, 2
bro, 5, 5, 5
epoching, 1, 1, 55
conduct, 1, 1, 9
zoomed, 1, 1, 1
new, 59, 39, 339
net, 1, 1, 2
poorly, 2, 2, 6
ever, 16, 13, 138
told, 5, 4, 32
textures, 2, 2, 15
med, 1, 1, 1
kicked, 7, 6, 12
festive, 3, 3, 5
never, 21, 21, 198
ctf_2fort, 1, 1, 59
meh, 3, 3, -2
hundreds, 1, 1, 31
socialize, 1, 1, 5
robro, 1, 1, 2
batches, 1, 1, 1
greedy, 1, 1, 3
active, 4, 4, 30
path, 6, 1, 59
100, 3, 3, 6
spies, 6, 5, 31
i55, 2, 1, 59
107, 1, 1, 0
repurpose, 1, 1, 23
obtained, 1, 1, 14
chaotic, 1, 1, 2
voice, 5, 5, 20
arena_lumberyard, 1, 1, 59
2040, 1, 1, 13
items, 5, 5, 12
k, 4, 4, 9
changed, 3, 3, 27
reports, 1, 1, 31
ignoring, 1, 1, 5
credit, 4, 3, 8
crap, 4, 3, 12
loop, 2, 2, 18
symmetrical, 1, 1, 1
pack, 2, 2, 1
changes, 5, 5, 87
changer, 1, 1, 20
golden, 7, 4, 283
fantastic, 2, 2, 10
carl, 1, 1, 1
campaign, 22, 11, 207
mobility, 2, 2, 1
spooky, 1, 1, 23
engies, 3, 2, 2
snowycoast, 1, 1, 1
feelings, 1, 1, 1
brought, 5, 5, 31
mecha, 1, 1, 0
cheats, 1, 1, 6
drowned, 1, 1, 8
glance, 1, 1, 6
total, 1, 1, 2
forums, 3, 3, 6
bonus, 2, 2, 51
charge, 1, 1, 1
would, 112, 79, 745
orb, 2, 1, 1
coins, 3, 2, 92
airblasts, 1, 1, 5
negative, 3, 3, 12
coordinators, 2, 2, 20
call, 1, 1, 8
therefore, 2, 2, 57
recommend, 2, 2, 19
sexy, 1, 1, 1
type, 7, 6, 135
breathe, 1, 1, 0
setup, 1, 1, 2
posting, 3, 3, 18
holy, 3, 3, 7
advance, 1, 1, 2
successful, 2, 2, 2
benefiting, 1, 1, 1
gentlemann, 1, 1, 3
hurt, 1, 1, 0
99, 1, 1, 29
warm, 1, 1, 36
excellent, 4, 4, 54
90, 2, 2, 20
hold, 2, 2, 7
must, 5, 5, 19
butthurt, 1, 1, -8
royally, 1, 1, 2
join, 3, 3, 5
room, 7, 4, 101
shame, 4, 4, 15
midwest, 1, 1, 6
pompadour, 1, 1, 69
work, 24, 22, 233
gasoline, 1, 1, 59
foundry, 2, 1, 1
entertained, 2, 2, 37
novel, 2, 1, 2
2m38s, 1, 1, 1
mechanic, 2, 2, 10
flare, 2, 2, 34
example, 4, 4, 62
fortress, 7, 5, 73
give, 26, 21, 219
dolphin, 1, 1, 4
laughs, 1, 1, 2
sentries, 1, 1, 1
noises, 2, 1, 2
relativefriend, 1, 1, 36
want, 53, 41, 518
times, 14, 13, 99
attract, 1, 1, 1
bag, 1, 1, 1
absolute, 1, 1, 3
preferably, 1, 1, 3
end, 14, 13, 96
recovery, 1, 1, 34
marketplacetf, 1, 1, 3
thing, 33, 31, 256
particpatpnt, 1, 1, 8
hoo, 2, 2, 8
travel, 1, 1, 25
sitting, 2, 2, 10
1195, 1, 1, 116
feature, 7, 7, 62
snakewater, 2, 1, 3
machine, 1, 1, 4
uwickedplayer494, 1, 1, 55
littletono, 2, 2, 20
dispense, 1, 1, 1
answer, 1, 1, 2
widespread, 1, 1, 3
actuality, 1, 1, 36
config, 2, 2, 3
gamble, 1, 1, 1
teleporters, 1, 1, -4
gaming, 3, 3, 69
description, 4, 3, 4
utilise, 1, 1, 29
mess, 1, 1, 25
wrong, 10, 10, 225
jumping, 2, 2, 26
turf, 1, 1, 1
promotion, 1, 1, 5
types, 1, 1, 59
anyways, 4, 4, 10
opted, 1, 1, 2
austere, 1, 1, 4
third, 1, 1, 9
aimbot, 1, 1, 5
wins, 2, 2, 0
appreciate, 4, 4, 22
complaining, 2, 2, -6
complexity, 1, 1, 1
green, 2, 2, 17
ultimate, 3, 3, 0
things, 22, 20, 314
steals, 1, 1, 21
balancing, 1, 1, 7
1000, 1, 1, 100
order, 6, 4, 41
wind, 1, 1, 32
restriction, 2, 1, 9
prioritizing, 1, 1, -4
feedback, 10, 5, 46
wiffle, 1, 1, 1
balloonicorn, 1, 1, 5
defenders, 1, 1, 3
fall, 1, 1, 1
vary, 1, 1, 3
frequency, 2, 2, 4
nigerian, 1, 1, 1
icons, 1, 1, 9
rewarded, 1, 1, 0
activating, 1, 1, 6
manageable, 1, 1, 20
destroyer, 1, 1, 23
tuned, 1, 1, 3
personal, 2, 2, 7
rankings, 1, 1, 2
fix, 10, 8, 60
expectations, 2, 2, 38
imo, 4, 4, 29
better, 34, 25, 295
differently, 2, 2, 28
fade, 1, 1, 1
weeks, 2, 2, 10
cleaver, 2, 2, 42
easier, 2, 2, 9
combination, 3, 3, 12
mapspecific, 1, 1, 1
fragment, 1, 1, 187
grand, 1, 1, 2
8gb, 1, 1, 2
break, 20, 13, 320
band, 1, 1, 1
forking, 1, 1, 1
penetration, 1, 1, 25
nostromo, 1, 1, 187
focus, 3, 3, 7
koth_moonshine, 1, 1, 59
downright, 2, 2, 20
ther, 1, 1, 36
bread, 1, 1, 15
shadows, 3, 1, 3
reasonably, 1, 1, 6
l, 5, 2, 200
composition, 1, 1, 1
filling, 1, 1, 9
volcano, 1, 1, 187
went, 5, 5, 16
european, 1, 1, 7
bong, 1, 1, 9
side, 11, 6, 107
mean, 18, 18, 682
interruption, 1, 1, 55
series, 2, 2, 8
train, 1, 1, 21
0_hurmjk6ek, 1, 1, 25
skins, 28, 14, 78
vote, 1, 1, 3
trading, 3, 2, 3
hosted, 1, 1, 6
shitpost, 1, 1, -8
logo, 2, 1, 1
sharknado, 1, 1, 1
saturday, 1, 1, 6
reused, 1, 1, 1
gon, 12, 11, 74
network, 1, 1, 2
open, 18, 13, 77
timers, 3, 1, 3
conga, 1, 1, 1
content, 6, 5, 63
l33t, 1, 1, 0
multiply, 2, 2, 10
smg, 2, 1, 4
got, 38, 32, 137
frequently, 1, 1, 1
size, 1, 1, 1
7qxolsfiybk, 1, 1, 29
smart, 1, 1, 0
sniperscout, 1, 1, 4
showstopper, 1, 1, 1
barrier, 1, 1, 9
resume, 3, 2, 37
hang, 1, 1, -6
pisspot, 1, 1, 1
fave, 1, 1, 2
little, 15, 13, 171
free, 8, 6, 51
standard, 2, 2, 63
campaigns, 7, 4, 56
247, 6, 3, 36
necessarily, 1, 1, 3
struggle, 1, 1, 1
hoodie, 1, 1, 5
sheet, 1, 1, 5
estimate, 1, 1, 3
wanted, 4, 4, 50
gameplay, 6, 4, 31
cornerstone, 2, 2, 6
strats, 3, 3, 66
ate, 1, 1, 20
jems, 1, 1, 1
adblock, 1, 1, 36
theif, 1, 1, 2
starts, 1, 1, -1
isp, 1, 1, -3
days, 5, 5, 39
priorities, 2, 2, -1
ups, 1, 1, 1
filter, 3, 3, 25
flawless, 1, 1, 36
heck, 2, 2, 3
oppose, 1, 1, 9
bots, 2, 2, 3
onto, 1, 1, 1
mvm, 6, 6, 134
dodgeball, 1, 1, 0
rand, 1, 1, 116
already, 29, 26, 153
minicrits, 1, 1, 0
render, 1, 1, 1
grade, 2, 2, 40
assumptions, 1, 1, 48
primary, 1, 1, 6
rank, 2, 2, 3
flashiness, 1, 1, 3
wash, 1, 1, 2
spinning, 1, 1, 1
quicker, 1, 1, 17
disappearing, 1, 1, 1
another, 24, 24, 294
cibles, 1, 1, 14
payload, 6, 5, 45
daysjust, 1, 1, 2
203, 1, 1, 33
survivability, 3, 2, 6
olds, 1, 1, 47
rated, 1, 1, 9
botkiller, 1, 1, 0
top, 10, 9, 81
carry, 2, 2, 2
cringier, 1, 1, 1
iimgurcoms3dvm8epng, 1, 1, 3
needed, 4, 4, 15
confirming, 1, 1, 10
perturbations, 1, 1, 2
ton, 2, 2, 3
chugging, 1, 1, 2
sweetfx, 2, 1, 1
percentage, 1, 1, 23
euro, 1, 1, 108
massively, 1, 1, 1
flamethrower, 1, 1, 14
cp_process, 9, 3, 81
ceiling, 2, 2, 9
rewards, 5, 3, 77
collapse, 1, 1, 1
engy, 1, 1, 1
serve, 1, 1, 6
took, 3, 3, 41
nearby, 1, 1, 2
1010, 2, 2, 7
predictable, 1, 1, 4
z, 1, 1, 4
somewhat, 3, 3, 7
wasted, 1, 1, 8
jumpers, 1, 1, 2
character, 5, 5, 41
begins, 1, 1, 7
distance, 3, 3, 31
anxiety, 1, 1, 5
vflewo6lsi8, 1, 1, 25
target, 1, 1, 1
showed, 5, 4, 27
mercs, 2, 1, 2
enabled, 1, 1, 9
likely, 6, 6, 62
spaceship, 1, 1, 2
project, 1, 1, 75
matter, 3, 2, 33
classes, 27, 19, 147
silly, 2, 2, 95
painful, 1, 1, 1
iron, 4, 3, 208
spoiled, 1, 1, -1
hacking, 4, 3, 22
feeling, 5, 5, 57
minus, 1, 1, 2
displays, 1, 1, 1
bridge, 1, 1, 2
rad, 1, 1, 5
sees, 1, 1, 1
entail, 1, 1, 55
respecting, 1, 1, 1
ram, 2, 2, 3
mind, 6, 6, 80
mine, 5, 5, 13
anybody, 1, 1, 1
talking, 7, 6, 111
infront, 1, 1, 180
rap, 1, 1, 2
750ti, 1, 1, 2
seen, 8, 8, 64
seem, 2, 2, 3
mins, 2, 2, 2
nonfestive, 1, 1, 187
gear, 1, 1, 1
forced, 1, 1, 3
forgive, 1, 1, 5
implemented, 1, 1, 3
concrete, 1, 1, 5
thoroughly, 1, 1, 23
responsible, 2, 2, 59
gripe, 1, 1, 2
maymay, 1, 1, 1
autodisconnect, 1, 1, 1
recommended, 1, 1, 23
client, 1, 1, 1
doors, 5, 5, 15
laughed, 2, 2, 48
hoods, 2, 1, 1
effectiveness, 1, 1, 1
blue, 1, 1, 2
xylophone, 1, 1, 2
starved, 1, 1, 2
though, 33, 28, 259
apsap, 1, 1, 187
optimized, 1, 1, -2
regular, 4, 4, 25
plenty, 4, 4, 11
scripts, 2, 2, 10
iimgurcomczixfiwpng, 1, 1, 44
funni, 1, 1, 1
explosives, 1, 1, 1
laughing, 1, 1, 4
meme, 5, 5, 128
assisting, 1, 1, 1
teamfortresstv, 1, 1, 3
dog, 1, 1, 1
points, 8, 8, 92
lackluster, 1, 1, 1
shotgunpistowrangler, 1, 1, 6
scream, 2, 2, 64
came, 6, 5, 170
reserve, 1, 1, 3
freak, 1, 1, 110
saying, 6, 6, 89
bomb, 2, 2, 191
overpriced, 1, 1, 26
leagues, 1, 1, 5
random, 27, 21, 267
responsibility, 1, 1, 2
ending, 2, 2, 46
pops, 1, 1, 10
liberty, 1, 1, 2
participate, 3, 2, 5
enjoyed, 2, 2, 3
busy, 2, 2, 111
clicked, 1, 1, 5
lights, 1, 1, 1
situations, 2, 2, 6
explain, 2, 2, 16
yen, 1, 1, 116
revup, 1, 1, 5
catpiss, 1, 1, 1
theme, 2, 2, 19
version, 7, 7, 34
godtier, 1, 1, 1
excitedly, 1, 1, 1
folks, 1, 1, 1
announce, 1, 1, 6
untradable, 1, 1, 1
disconnecting, 1, 1, 1
wearing, 1, 1, 1
koth_probed, 1, 1, 59
dm, 5, 5, 32
wide, 1, 1, 1
stop, 7, 7, 91
da, 1, 1, -4
pocket, 1, 1, 3
shutting, 1, 1, 29
sniping, 2, 2, 11
demoman, 2, 2, 1
despite, 2, 2, 31
15, 5, 4, 127
nasty, 1, 1, 4
dr, 2, 2, 59
gypgelxo, 1, 1, 25
bat, 2, 2, 188
pressed, 1, 1, 1
nicely, 1, 1, 2
officially, 1, 1, 23
method, 1, 1, 1
aspects, 1, 1, 1
twice, 1, 1, 21
bad, 18, 16, 506
rune, 1, 1, 187
shots, 2, 2, 9
release, 4, 4, 27
aesthetic, 2, 2, 30
steak, 2, 2, 192
418, 1, 1, 116
steam, 12, 10, 51
bah, 1, 1, 1
farther, 1, 1, 59
duck, 2, 2, 8
fair, 5, 5, 29
bonked, 1, 1, 5
highlander, 12, 7, 25
bootiesbootlegger, 1, 1, 187
observed, 1, 1, 4
sigafoo, 1, 1, 1
decided, 2, 2, 11
result, 2, 2, 6
discussions, 1, 1, 59
undeniably, 1, 1, 2
sightlines, 1, 1, 5
best, 21, 18, 149
underarm, 1, 1, 35
said, 17, 16, 108
statstf, 1, 1, 92
inappropriate, 1, 1, 9
lots, 4, 4, 42
cp_steel, 2, 2, 92
away, 10, 9, 177
iirc, 1, 1, 1
appealing, 1, 1, 17
stamps, 1, 1, 92
score, 2, 2, 76
finger, 1, 1, 66
props, 1, 1, 4
drawn, 1, 1, 36
ctf_doublecross, 2, 2, 60
repost, 1, 1, -30
pfft, 1, 1, 2
shields, 1, 1, 1
cabering, 1, 1, 8
reddit, 6, 6, 39
terms, 1, 1, 5
wo, 5, 5, 13
6v6, 5, 5, 39
however, 18, 14, 198
boss, 1, 1, 2
380, 1, 1, 2
stress, 1, 1, 5
hazmat, 1, 1, 2
cratecase, 1, 1, 36
ramps, 2, 2, 11
wtf, 1, 1, 0
news, 6, 4, 56
overestimated, 1, 1, 1
improve, 6, 5, 55
faced, 1, 1, 1
received, 2, 2, 37
protect, 2, 2, 12
c26, 1, 1, 1
w350, 1, 1, 11
met, 1, 1, 1
fault, 1, 1, 27
ill, 2, 2, 35
qbup__kj62i, 1, 1, 25
adventures, 1, 1, 11
participating, 2, 2, 14
players, 36, 29, 281
merging, 1, 1, 2
games, 10, 8, 56
cod, 2, 2, 40
urls, 1, 1, 9
logic, 1, 1, 9
oldie, 1, 1, 3
brah, 1, 1, 7
deflection, 1, 1, 25
asked, 3, 3, 19
kotharena_suijin, 1, 1, 59
callouts, 1, 1, 59
engis, 1, 1, 36
30th, 1, 1, 36
presumably, 1, 1, 31
tough, 17, 10, 242
prepared, 1, 1, 1
pardner, 2, 2, 70
allclass, 1, 1, 1
2nd, 1, 1, 2
donations, 2, 1, 6
tons, 4, 2, 41
103, 1, 1, 5
250, 2, 2, 3
trust, 3, 3, 27
255, 1, 1, 1
yortin, 1, 1, 6
80778, 1, 1, 92
puts, 1, 1, 3
source, 4, 4, 60
marth, 1, 1, 3
three, 6, 5, 194
quickly, 5, 4, 47
bothers, 2, 2, 7
confident, 1, 1, 5
beer, 1, 1, 2
much, 43, 40, 619
resupply, 1, 1, 0
interest, 2, 2, 39
basic, 2, 2, 14
expected, 2, 2, 17
flexible, 1, 1, 1
dunno, 2, 2, 3
lovely, 1, 1, 1
pro, 3, 3, 7
choices, 1, 1, 2
website, 2, 2, 18
life, 11, 9, 58
easy, 6, 5, 16
knowledge, 1, 1, 1
nabler, 1, 1, 3
locations, 1, 1, 73
dota, 1, 1, 0
craft, 2, 1, 4
koth, 4, 4, -1
personally, 10, 10, 117
inserver, 1, 1, 9
worked, 2, 2, 28
sad, 5, 5, 127
spin, 1, 1, 0
cunt, 1, 1, 4
uplifting, 1, 1, 5
applied, 1, 1, 100
tonight, 1, 1, 1
exception, 1, 1, -4
5cps, 1, 1, 8
tank, 1, 1, 5
iimgurcomjhzf8p5jpg, 1, 1, 59
launcher, 3, 3, 297
killstreak, 5, 5, 53
tastes, 1, 1, 5
air, 1, 1, 36
commentaries, 1, 1, 55
ugly, 1, 1, 19
near, 3, 3, 177
neat, 6, 6, 42
hates, 2, 2, 5
applies, 2, 2, 57
stopping, 1, 1, 1
balance, 7, 6, 37
unlikely, 1, 1, 2
spawn, 8, 6, 86
ubercharges, 1, 1, 1
i54460, 1, 1, 2
saltiness, 1, 1, 0
played, 16, 15, 126
fill, 1, 1, -1
ip, 2, 2, 8
ii, 1, 1, 0
player, 15, 15, 162
cant, 3, 3, 34
im, 4, 4, 14
cone, 1, 1, 1
late, 3, 3, 5
victims, 1, 1, 8
ie, 2, 2, 59
id, 2, 1, 1
disappear, 1, 1, 31
confirmed, 1, 1, 1
iimgurcomsklvalfjpg, 1, 1, 59
loadout, 2, 2, 3
suggest, 6, 6, 37
make, 59, 49, 487
demands, 1, 1, 3
doubledead, 1, 1, 1
harass, 1, 1, 36
doofus, 1, 1, 1
potentially, 2, 2, 19
several, 3, 1, 31
definately, 1, 1, 1
entitled, 1, 1, -1
fairly, 1, 1, -2
advocate, 1, 1, 9
jupe, 1, 1, 3
illnessdisorders, 1, 1, 5
i5, 1, 1, 2
microphone, 1, 1, 2
i7, 1, 1, 1
hand, 1, 1, 23
pubs, 25, 23, 186
bowman, 1, 1, -2
sobbing, 1, 1, 44
portal, 1, 1, 4
characters, 2, 2, 4
animations, 1, 1, 2
baitandswitch, 1, 1, 3
500, 1, 1, 2
thoughts, 1, 1, 4
cycle, 1, 1, 23
bitching, 1, 1, 3
scenario, 1, 1, 9
kylo, 2, 2, 3
1972, 2, 2, 181
punishment, 1, 1, 12
backstabbed, 1, 1, 180
contact, 1, 1, 2
dominating, 1, 1, 17
claims, 2, 1, 5
lmaobox, 2, 2, 57
cure, 1, 1, 2
left, 11, 11, 166
forum, 1, 1, 9
1hp, 1, 1, 20
sentence, 1, 1, 55
laptop, 2, 2, 4
unfair, 1, 1, 39
cuslidge, 1, 1, 59
aside, 3, 3, 32
grades, 3, 2, 41
goggles, 1, 1, 6
meta, 5, 4, 77
thanks, 19, 18, 170
human, 1, 1, 1
comptf, 1, 1, 59
yes, 21, 19, 112
yet, 8, 8, 393
previous, 1, 1, 55
hah, 1, 1, 7
adding, 8, 6, 164
glitches, 1, 1, 8
ham, 2, 2, 190
instance, 1, 1, 1
cherry, 1, 1, 4
assassination, 1, 1, 338
patching, 1, 1, 4
passive, 2, 2, 5
kvd2gtk7kaq, 1, 1, 1
shout, 2, 2, 4
n, 5, 3, 170
transformed, 1, 1, 5
board, 1, 1, 1
beloved, 1, 1, 23
equalizerescape, 1, 1, 13
mann, 4, 4, 47
hat, 8, 7, 41
trashed, 2, 2, 5
gave, 5, 3, 14
egan, 1, 1, 4
hightower, 3, 3, 23
grounding, 3, 1, 2
appreciated, 2, 2, 5
rng, 2, 2, 53
possible, 8, 8, 42
possibly, 2, 2, 2
background, 1, 1, 15
wanting, 2, 2, 11
unique, 3, 3, 10
asshole, 1, 1, 16
advanced, 2, 1, 4
gifs, 1, 1, 3
strengths, 1, 1, 5
gift, 1, 1, 8
visible, 2, 1, 1
cooler, 1, 1, 2
unfortunatly, 1, 1, 6
57, 1, 1, 1
performing, 1, 1, 5
strangifer, 1, 1, 2
50, 6, 6, 93
specific, 2, 2, 2
remind, 2, 2, 4
avatar, 2, 2, 15
battlefield, 3, 3, 19
beneficial, 1, 1, 5
right, 25, 21, 228
old, 14, 12, 334
deal, 8, 7, 96
people, 90, 64, 700
4jctgrpndtm, 1, 1, 11
51, 1, 1, 1
successfully, 1, 1, 5
somehow, 3, 3, 36
dead, 9, 9, 70
unnecessary, 2, 2, -15
bros, 1, 1, 1
skinned, 1, 1, 2
meters, 1, 1, 31
escape, 1, 1, 5
critique, 1, 1, 23
bannys, 1, 1, 1
strangifiers, 1, 1, 3
enemies, 2, 2, 7
exploitable, 1, 1, 8
wanga, 1, 1, 187
stronger, 1, 1, 33
notification, 1, 1, 10
kazotsky, 1, 1, 2
opposite, 2, 2, 78
autobalanced, 1, 1, 1
comments, 4, 4, 31
creative, 2, 2, 6
contributing, 1, 1, 3
arguing, 1, 1, 9
asking, 4, 4, 93
unnoticed, 1, 1, 1
adorable, 3, 3, 11
shitposts, 1, 1, 8
carte, 1, 1, 338
core, 2, 2, 3
knew, 2, 2, 4
pls, 4, 4, 8
ruseman, 1, 1, 4
deleted, 7, 7, -22
marketing, 1, 1, 1
burn, 2, 2, 21
plz, 1, 1, 1
lmao, 1, 1, 1
ivan, 1, 1, 33
blandest, 1, 1, 23
oonnnee, 1, 1, 1
defensive, 1, 1, 29
mediocrity, 1, 1, 21
losing, 2, 2, 4
memorable, 1, 1, 1
post, 10, 8, 80
super, 4, 4, 40
bimonthlyquarterly, 1, 1, 23
underpowered, 3, 2, -11
27018, 1, 1, 2
_____, 1, 1, 3
attacks, 1, 1, 1
dollars, 8, 6, 67
months, 9, 9, 118
choke, 7, 3, 65
essential, 1, 1, 1
trustworthy, 1, 1, 4
plus, 6, 5, 42
tomislav, 1, 1, 5
20120811155430, 1, 1, 23
efforts, 2, 2, 14
twitch, 1, 1, 4
slightly, 3, 3, 36
sprites, 1, 1, 1
capper, 1, 1, 7
whats, 1, 1, 3
presence, 1, 1, 3
wasting, 1, 1, 29
pleeeease, 1, 1, 1
ahh, 3, 3, 18
rotations, 1, 1, 23
soo, 2, 2, 27
son, 1, 1, 3
clusterfuck, 1, 1, 21
overkill, 1, 1, 5
excuse, 1, 1, 1
capped, 1, 1, 3
balanced, 6, 6, 20
refined, 1, 1, 116
rounds, 1, 1, 2
often, 3, 3, 49
wan, 1, 1, 4
foothold, 1, 1, -4
support, 10, 10, 15
constantly, 2, 2, 80
class, 39, 25, 195
stuck, 6, 6, 16
editor, 1, 1, 1
way, 40, 33, 277
iimgurcomplvcyvujpg, 1, 1, 59
resulted, 1, 1, 5
music, 2, 2, 7
war, 2, 2, 3
launching, 1, 1, 7
happy, 5, 5, 59
head, 4, 4, 34
reinforcing, 1, 1, 1
abysmal, 2, 2, 136
offer, 4, 3, 40
becoming, 4, 3, 39
paypal, 2, 2, 9
sagan, 1, 1, 1
wireless, 1, 1, 2
failure, 2, 2, 5
heat, 1, 1, 7
hear, 5, 5, 180
226, 1, 1, 1
removed, 6, 6, 378
true, 4, 4, 19
fgcolor, 1, 1, 1
upgrades, 1, 1, 5
versions, 2, 2, 22
undefeated, 1, 1, 9
inside, 4, 4, 198
attached, 2, 2, 3
bounds, 1, 1, 8
tell, 7, 7, 66
keybinds, 1, 1, 36
vanguard, 1, 1, 4
unboxing, 3, 2, 6
submitting, 1, 1, 9
undeniable, 1, 1, 2
cp_granary, 1, 1, 59
cuddles, 1, 1, 1
sticks, 1, 1, 5
classic, 1, 1, 23
nudity, 1, 1, 9
tournament, 4, 2, 8
history, 1, 1, 1
avoiding, 1, 1, 2
sticky, 1, 1, 0
exist, 1, 1, 93
comboflank, 1, 1, 6
ship, 1, 1, 1
annoying, 2, 2, 37
check, 10, 9, 116
shit, 29, 25, 443
blatantly, 1, 1, 1
koth_viaduct, 1, 1, 0
cratesno, 1, 1, 1
brother, 2, 2, 67
floor, 2, 1, 59
na, 14, 13, 80
whereas, 1, 1, 1
generally, 4, 4, 51
actor, 1, 1, 2
reality, 1, 1, 5
til, 1, 1, 93
setting, 2, 2, 2
role, 1, 1, 1
holding, 4, 4, 57
digital, 1, 1, 2
test, 2, 2, 7
developers, 1, 1, 36
operators, 1, 1, 2
realize, 4, 4, 102
unbalanced, 1, 1, 17
blending, 1, 1, 3
mentor, 1, 1, 0
pronounced, 1, 1, 3
models, 6, 2, 16
dies, 1, 1, 1
felt, 4, 4, 73
notepad, 1, 1, 1
update, 25, 14, 123
b4nny, 4, 4, 149
dieu, 1, 1, 1
diddies, 1, 1, 7
livestreamed, 1, 1, 5
hahahahahah, 1, 1, 1
discharge, 1, 1, 2
weekend, 2, 2, 8
heya, 1, 1, 3
died, 5, 5, 36
hiplegs, 1, 1, 5
teleporter, 5, 4, 3
mildly, 1, 1, 1
longer, 5, 5, 56
bullet, 2, 2, 26
glass, 1, 1, 17
assume, 2, 2, 37
bottom, 1, 1, 2
beamed, 1, 1, 2
together, 7, 7, 30
teleported, 1, 1, 15
time, 59, 45, 446
push, 4, 4, 3
serious, 3, 3, 9
lineup, 1, 1, 5
biases, 1, 1, 5
stick, 6, 6, 11
concept, 2, 2, 16
themed, 2, 2, 6
dance, 1, 1, 82
skip, 1, 1, 1
global, 1, 1, 17
rod, 1, 1, 2
windows10, 1, 1, 1
rog, 1, 1, 1
leads, 6, 2, 61
manager, 1, 1, 3
selection, 1, 1, 6
jarring, 1, 1, 1
skin, 12, 5, 7
battle, 1, 1, 1
bomber, 2, 2, 203
certainly, 1, 1, 23
doom, 1, 1, 5
oktoberfessst, 1, 1, 7
zone, 1, 1, 2
everything, 6, 5, 17
disgusting, 1, 1, 66
crates, 20, 7, 22
martyred, 1, 1, 0
abhorrent, 1, 1, 338
0, 6, 5, 51
finally, 7, 7, 117
tracker, 1, 1, 1
khamir, 1, 1, 9
circumstances, 1, 1, 3
agreed, 1, 1, 1
dragonfly, 1, 1, 5
coop, 1, 1, 2
iimgurcomgc9tfrpjpg, 1, 1, 59
spread, 1, 1, 2
unfamiliar, 1, 1, 1
choice, 1, 1, 5
peacefully, 1, 1, 20
wallets, 1, 1, 1
pregun, 1, 1, 1
entries, 1, 1, 1
word, 3, 3, 38
trouble, 1, 1, 0
exact, 3, 3, 11
electromagneticpulse, 1, 1, 2
minute, 1, 1, 1
cool, 11, 11, 84
perceived, 1, 1, 2
epic, 3, 2, 4
impressive, 1, 1, 23
level, 10, 8, 132
die, 7, 6, 58
fragile, 1, 1, 5
posts, 1, 1, 36
gun, 26, 16, 532
christmas, 2, 2, 3
leave, 7, 7, 37
item, 11, 9, 21
soooo, 1, 1, 1
kits, 2, 2, 3
offering, 1, 1, 5
crosshair, 4, 3, 3
guitars, 1, 1, 3
team, 77, 40, 278
quick, 3, 3, 9
movie, 2, 2, 16
guy, 14, 13, 215
shooters, 2, 2, 5
round, 6, 5, 107
dis, 1, 1, 0
upper, 3, 2, 67
blade, 1, 1, 187
says, 7, 7, 84
regret, 2, 2, 2
yortintradecenteramp, 1, 1, 6
peek, 1, 1, 3
trend, 1, 1, 1
surf_pulse, 1, 1, 2
discover, 2, 2, 62
sign, 9, 7, 99
cost, 2, 2, 3
mk, 2, 2, 1
comforting, 1, 1, 4
eating, 3, 3, 14
port, 1, 1, 3
snipers, 5, 5, 24
pl_upward, 1, 1, 59
adds, 2, 2, 37
stands, 2, 2, 39
trow, 1, 1, 1
spire, 2, 2, 8
melt, 1, 1, 51
current, 1, 1, 73
battlescarred, 1, 1, 36
lazily, 1, 1, 5
goes, 8, 7, 167
unrestricted, 1, 1, 3
appeal, 1, 1, 36
jumps, 4, 4, 14
tf2maps, 2, 2, 82
cleaner, 1, 1, 5
supporting, 1, 1, 17
ms, 1, 1, 1
heavily, 1, 1, 1
receiving, 1, 1, 0
learn, 3, 3, 3
ouch, 1, 1, 8
french, 2, 2, 111
ypos, 1, 1, 1
water, 3, 3, 42
sealed, 1, 1, 2
groups, 2, 2, 59
apache, 1, 1, 39
gorge, 4, 3, 11
along, 3, 3, 25
appears, 2, 2, 19
change, 8, 8, 52
wait, 13, 13, 337
box, 11, 11, 99
boy, 5, 3, 7
kubaavilov2005, 1, 1, 11
noticeable, 1, 1, 5
remarks, 1, 1, 9
lazy, 2, 2, 7
root, 1, 1, 5
guilty, 1, 1, 7
grenade, 1, 1, 110
sharpening, 1, 1, 1
suggestion, 1, 1, 0
boo, 2, 2, 2
usually, 8, 8, 98
weird, 7, 7, 72
iimgurcomeudrt1rjpg, 1, 1, 59
minecraft, 1, 1, 11
dick, 1, 1, -2
useful, 4, 4, 90
extra, 3, 3, 9
tweak, 1, 1, 1
prefer, 4, 4, 193
gamecube, 1, 1, 2
logical, 1, 1, 22
unkdcaruso, 1, 1, 6
peer, 1, 1, 0
1st, 1, 1, 5
rarely, 1, 1, 8
upgrade, 1, 1, 9
market, 7, 6, 10
prem, 1, 1, 3
instakick, 1, 1, 41
iimgurcomwuuxdkyjpg, 1, 1, 59
handled, 1, 1, 2
rollouts, 3, 3, 88
prove, 1, 1, 100
sake, 1, 1, 1
positive, 2, 2, 8
thermosphere, 1, 1, 2
dude, 8, 8, 126
offclass, 1, 1, 1
flanky, 1, 1, 2
connector, 1, 1, 59
live, 6, 6, 458
wood, 1, 1, 5
ayy, 1, 1, 2
opposed, 1, 1, 9
wondering, 1, 1, 4
memory, 2, 2, 6
australian, 2, 2, 117
thru, 4, 2, 82
matador, 1, 1, 1
today, 8, 8, 141
scratched, 2, 2, 40
introducing, 1, 1, 5
entrance, 3, 2, 64
sharing, 1, 1, 20
jagsomething, 1, 1, 4
ooo, 2, 1, 1
figured, 1, 1, 1
wildlife, 2, 2, 98
clue, 2, 2, 20
everywhere, 3, 3, 9
cases, 13, 5, 97
ngineer, 1, 1, 124
effort, 5, 5, 56
fly, 3, 3, 11
douche, 2, 2, 25
anything, 11, 10, 183
decked, 1, 1, 1
fortified, 2, 2, 196
pretend, 1, 1, 1
kawaii, 1, 1, 1
reviews, 1, 1, 1
reappear, 2, 2, 32
cam, 1, 1, 1
making, 10, 10, 148
bites, 1, 1, 2
cad, 1, 1, 116
tf2mapsnet, 2, 1, 23
spy, 27, 24, 337
dedicated, 2, 2, 6
koth_highpass, 1, 1, 59
grassy, 1, 1, 5
figure, 2, 2, 12
3halflife, 1, 1, 4
december, 1, 1, 36
awesome, 9, 8, 52
fuck, 15, 15, 119
overzealous, 1, 1, 9
topic, 3, 3, 12
heard, 1, 1, 23
wordings, 1, 1, 23
dropped, 3, 3, 62
allowed, 4, 3, 36
offense, 4, 3, 5
originalstyle, 1, 1, 0
counting, 1, 1, 4
scoots, 1, 1, -1
discussion, 5, 5, 123
watching, 4, 4, 29
ping, 3, 3, 14
1, 22, 18, 243
till, 2, 2, 5
pure, 1, 1, 36
sworn, 1, 1, 17
begs, 1, 1, 2
economy, 1, 1, 1
map, 91, 50, 501
shooter, 1, 1, 2
information, 2, 2, 28
may, 13, 11, 114
broad, 1, 1, 1
sacrifice, 1, 1, 9
spot, 1, 1, 4
cp_vanguard, 1, 1, 59
artimus, 1, 1, 9
pathetic, 1, 1, 35
fueled, 1, 1, 4
produce, 1, 1, 4
mad, 3, 3, 39
suck, 1, 1, 2
guys, 9, 8, 114
hatched, 1, 1, 27
man, 16, 14, 220
wwwyoutubecomwatch, 20, 15, 176
poseidon, 1, 1, 1
natural, 2, 2, 6
remember, 17, 14, 86
tbh, 2, 2, 3
whenever, 2, 2, 31
maybe, 25, 21, 401
majorly, 1, 1, 1
awww, 1, 1, 5
ghz, 1, 1, 1
neca, 1, 1, 1
jerma, 1, 1, 4
switch, 2, 2, 9
vitasaw, 2, 2, 228
tall, 2, 2, 1
2537, 1, 1, 116
talk, 8, 8, 126
sd, 1, 1, 100
refund, 1, 1, 1
cute, 1, 1, 3
umdr0mpuyqc, 1, 1, 1
opens, 1, 1, 78
shield, 3, 3, 191
repair, 1, 1, 33
nuts, 1, 1, 5
mainly, 4, 3, 20
years, 9, 6, 36
course, 7, 7, 54
shake, 1, 1, 5
equip, 3, 3, 11
still, 33, 30, 700
tendency, 2, 2, 38
blocked, 1, 1, 4
balconyupper, 1, 1, 59
accepted, 2, 2, 156
texan, 1, 1, 15
group, 6, 6, 79
thank, 8, 8, 23
tele, 2, 2, 29
apex, 1, 1, 1
interesting, 6, 6, 53
inferior, 2, 2, 9
amazing, 7, 6, 28
forms, 1, 1, 1
gibus, 8, 7, 128
micsnobs, 1, 1, 1
pays, 1, 1, 3
mail, 1, 1, 9
main, 24, 20, 204
texas, 1, 1, 2
happened, 12, 12, 57
toys, 1, 1, 1
edgegamers, 1, 1, 9
non, 2, 2, 5
qualifies, 1, 1, 1
civilian, 1, 1, 5
matches, 2, 2, 5
obtaining, 1, 1, 1
rake, 1, 1, 29
introduce, 1, 1, 4
nation, 1, 1, 9
toxic, 1, 1, 1
cst, 1, 1, 6
discuss, 2, 1, 59
possess, 1, 1, 36
wont, 2, 2, 92
name, 14, 12, 115
iimgurcomshtvscvjpg, 1, 1, 59
january, 1, 1, 5
drop, 11, 8, 119
possibilities, 1, 1, 36
wellthey, 1, 1, 3
nodding, 1, 1, 1
stockholm, 1, 1, 11
h, 4, 4, 173
etf2l, 1, 1, 1
entirely, 6, 6, 423
em, 2, 2, 3
eh, 11, 4, 11
simplicity, 2, 2, 4
eg, 2, 2, 6
ea, 1, 1, 2
yeah, 7, 7, 105
smissmas, 3, 3, 6
wrap, 1, 1, 8
unlock, 1, 1, 6
shouldnt, 1, 1, 3
entering, 1, 1, 4
year, 9, 9, 499
eu, 7, 7, 72
happen, 4, 4, 68
calling, 2, 2, 4
texturesguns, 1, 1, 1
plans, 1, 1, 2
hacker, 2, 2, 20
living, 1, 1, 5
ultimately, 1, 1, 5
opened, 1, 1, 23
3rd, 5, 5, 86
space, 1, 1, 3
profit, 4, 2, 40
spawning, 1, 1, 1
furthermore, 1, 1, 9
multiplayer, 1, 1, 3
factory, 1, 1, 36
looking, 14, 13, 53
psfor, 1, 1, 1
seriously, 7, 7, 40
investigation, 1, 1, 25
internet, 5, 4, 70
formula, 1, 1, 5
instructions, 1, 1, 1
dominate, 4, 4, 101
viable, 3, 2, 6
shows, 1, 1, 0
realisation, 1, 1, 1
earlier, 2, 2, 5
theory, 1, 1, 36
existed, 1, 1, 1
hull, 1, 1, 25
million, 1, 1, 2
smudge, 1, 1, -6
isotope, 1, 1, 1
quite, 12, 12, 72
vinyl, 2, 1, 8
besides, 6, 5, 49
quits, 1, 1, 148
___, 1, 1, 6
cough, 1, 1, 29
bootlegger, 1, 1, 4
care, 13, 10, 83
bad_demo, 1, 1, 8
fixed, 2, 2, 7
funko, 4, 4, 23
language, 3, 1, 9
discussing, 2, 2, 21
sneaky, 1, 1, 1
egos, 1, 1, 5
british, 1, 1, 116
honest, 3, 3, 24
motion, 1, 1, 14
turn, 4, 4, 44
place, 9, 9, 9
massive, 1, 1, 7
unpainted, 1, 1, 2
airblast, 4, 4, 53
turd, 1, 1, 3
think, 62, 47, 276
teammates, 5, 5, 42
first, 28, 26, 228
blind, 2, 2, 4
wad, 1, 1, 17
saving, 3, 2, 37
9v9, 2, 1, 1
spoken, 1, 1, 4
underused, 2, 2, 18
nislt, 3, 3, 162
xd, 4, 4, 30
reopen, 1, 1, 3
specifically, 1, 1, 4
directly, 1, 1, 59
spanish, 1, 1, 9
crit, 13, 9, 67
impossible, 1, 1, 0
sounds, 12, 10, 94
fight, 3, 2, 14
iimgurcomchc4riujpg, 1, 1, 59
engineer, 44, 21, 159
greenscreen, 1, 1, 1
given, 2, 2, 8
ian, 1, 1, 59
checked, 2, 2, 3
width, 1, 1, 22
europe, 1, 1, 1
50452, 1, 1, 92
plastic, 1, 1, 6
anyone, 8, 8, 53
2, 26, 21, 155
tragic, 1, 1, 2
escort, 1, 1, 5
typing, 1, 1, 1
white, 1, 1, 1
friend, 10, 10, 34
gives, 6, 5, 57
hud, 5, 3, 9
eyes, 4, 4, 61
hug, 1, 1, 8
fraction, 1, 1, 5
mostly, 2, 2, 4
season, 4, 2, 20
huh, 3, 3, 16
sprays, 5, 1, 9
blacklist, 2, 2, 17
released, 8, 7, 61
axe, 1, 1, 9
attempt, 1, 1, 5
copy, 4, 3, 40
infiltrate, 1, 1, 4
11, 2, 2, 7
10, 6, 6, 36
13, 1, 1, 47
12, 4, 4, 41
cp_powerhouse, 1, 1, 59
unfortunately, 4, 4, 47
17, 2, 2, 38
16, 1, 1, 1
favors, 1, 1, 1
summary, 1, 1, 1
halfinvisible, 1, 1, 7
future, 4, 4, 39
disallowed, 1, 1, 55
fruits, 1, 1, 55
dissapointed, 1, 1, 1
harvestgentlemann, 1, 1, 36
stylings, 1, 1, 5
slay, 1, 1, 1
topics, 1, 1, 55
turned, 1, 1, 20
argument, 2, 2, 54
slap, 1, 1, 4
voices, 1, 1, 23
say, 18, 17, 166
mates, 1, 1, 1
buried, 1, 1, 17
anger, 1, 1, 1
turner, 2, 2, 187
sap, 3, 2, 10
saw, 6, 6, 20
invite, 1, 1, 9
snorting, 1, 1, 2
benis, 1, 1, 2
squat, 1, 1, 2
form, 2, 2, 10
efficient, 1, 1, 1
gamechanging, 1, 1, 1
ideas, 1, 1, 23
engie, 28, 15, 96
note, 3, 3, 43
emphasis, 1, 1, 1
take, 20, 18, 202
killstreaker, 1, 1, 1
objective, 3, 3, 58
performance, 3, 3, 36
coincide, 1, 1, 7
encouraged, 1, 1, 6
switching, 1, 1, 5
channel, 9, 9, 139
surf, 3, 3, 6
200, 1, 1, 2
begin, 4, 3, 32
sure, 25, 23, 159
prick, 1, 1, 187
207, 1, 1, 116
normal, 5, 5, 53
track, 5, 5, 28
betas, 1, 1, 209
price, 11, 9, 19
keeps, 2, 2, 7
0225, 1, 1, 6
paid, 3, 3, 14
0227, 1, 1, 6
beta, 23, 12, 101
complaints, 1, 1, 31
cleared, 2, 2, 18
mettle, 18, 11, 210
icon, 1, 1, 2
overwhelming, 2, 2, 4
forever, 6, 4, 76
especially, 10, 8, 97
lenny, 3, 2, 37
montage, 1, 1, 2
average, 1, 1, 17
later, 4, 4, 10
hungry, 1, 1, 9
pattern, 1, 1, 5
uncle, 2, 2, 2
salt, 1, 1, 3
pyros, 1, 1, 2
walking, 1, 1, 5
drastically, 2, 2, 37
shot, 9, 9, 121
show, 6, 6, 57
cheat, 3, 3, 23
farmable, 1, 1, 6
mains, 2, 2, 4
cheap, 5, 5, 51
bright, 2, 2, 4
ama, 1, 1, 18
headshot, 1, 1, 21
corner, 1, 1, 8
mister, 2, 2, 3
antianliasing, 1, 1, 2
ground, 3, 3, 62
slot, 2, 2, 6
waited, 2, 1, 10
objector, 2, 2, 189
slow, 3, 3, 38
ratio, 1, 1, 3
rebalances, 2, 1, 5
title, 2, 2, 5
daily, 1, 1, 149
treasure, 1, 1, 0
himher, 1, 1, 23
texture, 1, 1, 73
crime, 1, 1, 11
going, 21, 20, 142
black, 4, 4, 219
raising, 1, 1, 2
enthusiasm, 1, 1, 2
iimgurcom19ec3jxjpg, 1, 1, 59
godlike, 1, 1, 3
ranking, 2, 2, 9
get, 102, 76, 947
contracts, 24, 15, 133
truly, 3, 3, 28
aim, 1, 1, 2
darker, 1, 1, 3
nearly, 2, 2, 5
gee, 1, 1, 1
killstreaks, 2, 2, 4
installed, 2, 2, 2
gem, 2, 2, 54
freaking, 2, 2, 12
closure, 1, 1, 34
regarding, 1, 1, 6
intuitive, 2, 2, 22
doble, 1, 1, 1
seldom, 1, 1, 2
xdyyxgd3wpm, 1, 1, 23
attitude, 2, 2, 2
mon, 1, 1, 1
worried, 2, 2, 5
jokes, 1, 1, 9
admins, 4, 1, 9
stupid, 7, 7, 22
quickie, 1, 1, 187
finishing, 2, 2, 3
worrying, 1, 1, 3
village, 1, 1, 2
wiki, 2, 2, 91
mappers, 1, 1, 1
burst, 1, 1, 4
physically, 1, 1, 5
minigun, 6, 5, 142
welcome, 1, 1, 17
2zjejdey1y8amp, 1, 1, 8
actively, 1, 1, 5
stickytraps, 1, 1, 8
pummeler, 1, 1, 187
apologies, 1, 1, 44
kek, 1, 1, -14
ruined, 1, 1, 48
squidward, 1, 1, 5
wonder, 5, 5, 129
um, 1, 1, 1
satisfying, 1, 1, 3
sorely, 1, 1, 1
ways, 5, 5, 12
jumped, 1, 1, 4
vaccinator, 1, 1, 7
weapons, 46, 22, 349
bandaiding, 1, 1, 9
3, 25, 20, 290
attacksdoes, 1, 1, 5
zhe, 1, 1, 1
visuals, 1, 1, 1
reading, 1, 1, 23
across, 3, 3, 40
whipped, 2, 2, 10
jumper, 8, 7, 243
notice, 1, 1, 5
jobs, 1, 1, 5
august, 1, 1, 5
comp, 16, 16, 129
screen, 1, 1, 1
prior, 1, 1, 29
killing, 4, 3, 18
blame, 2, 2, 5
youtubee_0usslbu2m, 1, 1, 1
awards, 1, 1, 1
hurts, 1, 1, 5
harshly, 1, 1, 15
cities, 1, 1, 3
come, 16, 16, 167
stun, 1, 1, 25
skylines, 1, 1, 3
missions, 2, 2, 37
saxaphone, 1, 1, 19
many, 33, 27, 307
stupidest, 1, 1, 9
borneo, 1, 1, 5
hours, 7, 6, 30
contract, 18, 9, 30
flipped, 1, 1, 59
madcap, 1, 1, 1
somewhere, 3, 3, 6
highlights, 1, 1, 3
senator, 1, 1, 1
competent, 1, 1, 1
comes, 4, 4, 23
lugermorph, 1, 1, 187
among, 1, 1, 5
cornered, 1, 1, 1
enjoyable, 1, 1, 3
cancer, 3, 2, 24
color, 3, 3, 42
quarteryear, 1, 1, 23
pop, 7, 6, 41
christie, 1, 1, 1
60, 1, 1, 1
rgoldeneye, 1, 1, 1
anti, 2, 2, 3
stretched, 1, 1, 1
68, 1, 1, 6
ordered, 1, 1, 7
consider, 2, 2, 41
disciplinary, 1, 1, 5
considering, 4, 4, 57
destroyed, 1, 1, 36
unusual, 18, 14, 112
trolling, 1, 1, 4
teammate, 3, 3, 32
tuning, 1, 1, 7
capable, 1, 1, 5
west, 1, 1, 6
breath, 2, 2, 77
collided, 1, 1, 23
workshop, 8, 2, 26
combined, 1, 1, 2
customize, 1, 1, 1
nukesalot, 1, 1, -2
cords, 2, 1, 1
staring, 1, 1, 48
144606, 1, 1, 92
bullshit, 4, 4, 10
engine, 2, 2, 16
direction, 4, 4, 32
hammy, 1, 1, 3
comestics, 1, 1, 36
nifty, 1, 1, 1
kothcp, 1, 1, 2
hits, 3, 3, 9
3anonhosted, 1, 1, 6
6s, 25, 17, 190
wake, 1, 1, 30
external, 1, 1, 1
umiauw62, 1, 1, 17
irrelevant, 1, 1, 3
champions, 1, 1, 59
countless, 1, 1, 17
sound, 4, 3, 6
polls, 1, 1, 1
cash, 3, 3, 34
edgegamerscom, 1, 1, 12
trick, 1, 1, 4
teleport, 1, 1, 68
goto, 1, 1, 1
warning, 2, 2, 61
promising, 1, 1, 7
region, 2, 2, 23
coolest, 1, 1, 4
eventually, 3, 2, 36
medigun, 6, 4, 12
secondary, 2, 2, 13
assortment, 1, 1, 2
middle, 3, 3, 131
someone, 17, 17, 148
capping, 1, 1, -4
somebody, 4, 4, 11
gitting, 1, 1, 16
moreso, 1, 1, 3
technology, 1, 1, 2
floating, 2, 2, 8
worry, 5, 5, 17
party, 2, 2, 17
different, 13, 11, 108
inc, 1, 1, 1
sunonastick, 1, 1, 187
doctor, 2, 2, 12
pay, 11, 7, 48
medic, 23, 17, 99
tour, 3, 2, 5
trip, 1, 1, 5
tc_hydro, 1, 1, 7
followers, 2, 2, 57
pl_barnblitz, 1, 1, 59
sucker, 2, 2, 3
streams, 1, 1, 1
reminder, 2, 2, 224
pan, 4, 3, 18
week, 7, 7, 70
visually, 2, 2, 8
paladin, 3, 3, -3
finish, 3, 3, 7
rj7qucrkvq, 1, 1, 59
screenshot, 3, 3, 13
pl_frontier, 1, 1, 2
tactical, 1, 1, 5
yo, 1, 1, 0
drives, 1, 1, -1
running, 4, 3, 47
fruit, 1, 1, 2
intended, 1, 1, 3
changing, 4, 4, 8
validate, 1, 1, 5
cupcake, 1, 1, 3
totally, 2, 2, 41
vocalist, 1, 1, 3
implements, 1, 1, 17
jumpersticky, 1, 1, 187
youtubers, 1, 1, 5
modes, 3, 3, 32
largely, 2, 2, 7
immeasurably, 1, 1, 1
rolled, 1, 1, 1
eureka, 1, 1, 187
iimgurcomke87yqtjpg, 1, 1, 59
without, 12, 11, 98
dimish, 1, 1, 36
mapamp, 1, 1, 59
bottle, 2, 2, 77
model, 5, 5, 131
modem, 1, 1, 1
interface, 1, 1, 2
bodies, 2, 2, 76
effects, 9, 5, 43
summer, 4, 3, 70
spycrab, 1, 1, 17
money, 24, 19, 154
neon, 1, 1, 22
highlevel, 1, 1, 2
rest, 5, 5, 115
resistances, 1, 1, 9
shouts, 1, 1, 1
recycled, 3, 1, 55
pissing, 1, 1, 4
wrecks, 1, 1, 1
kill, 13, 13, 237
touch, 3, 3, 9
phobos, 1, 1, 1
speed, 7, 5, 24
captured, 1, 1, 1
halfway, 2, 2, 102
announcement, 1, 1, 2
overlapped, 2, 2, 38
arena_ravine, 1, 1, 59
legitimately, 1, 1, 0
thinking, 1, 1, 1
rose, 1, 1, 187
seems, 14, 13, 123
except, 4, 4, 28
desktop, 1, 1, 2
wall, 2, 2, 38
lets, 2, 2, 9
interested, 4, 4, 11
pile, 1, 1, 169
4, 11, 9, 108
electrical, 2, 1, 2
firstperson, 1, 1, 2
dicks, 1, 1, 55
disrupt, 1, 1, 9
tuesday, 1, 1, 4
real, 9, 9, 166
hover, 2, 2, 19
robosandvich, 2, 2, 191
around, 15, 14, 185
desperately, 1, 1, 7
rules, 5, 3, 70
disproportioned, 1, 1, 27
glitched, 1, 1, 2
fridge, 1, 1, 7
heavymedic, 1, 1, 2
dark, 3, 3, 7
preference, 1, 1, 5
listening, 1, 1, 5
justice, 1, 1, 6
world, 3, 3, 41
backstory, 1, 1, 2
postal, 2, 2, 196
disappointed, 1, 1, 36
grin, 1, 1, 1
mod, 6, 5, 6
clan, 1, 1, 9
fortune, 1, 1, 6
stranges, 6, 5, 222
reduces, 2, 2, 7
overhyped, 1, 1, 27
kidding, 1, 1, 3
miracle, 1, 1, 3
server, 34, 25, 243
facing, 1, 1, 22
benefit, 3, 3, 111
scoutamp, 1, 1, 1
haram, 1, 1, 17
fully, 3, 3, 345
reduced, 1, 1, 36
twelve, 1, 1, 17
_donationsamp, 1, 1, 6
picture, 1, 1, 14
madrid, 2, 2, 8
30, 3, 3, 13
pronounce, 1, 1, 54
hacks, 3, 2, 26
aaaaand, 1, 1, 12
respect, 2, 2, 2
images, 2, 1, 14
thinks, 2, 1, 6
hitbox, 2, 2, 37
provided, 1, 1, 4
mood, 3, 3, 29
noob, 1, 1, 4
confirm, 1, 1, 16
brimstonepyromancer, 1, 1, 1
nerfing, 1, 1, 1
moon, 1, 1, 2
provides, 1, 1, 5
stopped, 3, 3, 81
particles, 1, 1, 1
knife, 2, 2, 31
uploads, 1, 1, 3
teared, 1, 1, 2
biased, 1, 1, 5
cp_dustbowl, 1, 1, 59
business, 2, 2, 13
seconds, 8, 6, 70
papa, 1, 1, 3
whose, 1, 1, 6
pg13, 1, 1, 9
iconic, 1, 1, 2
broken, 7, 5, 107
leadership, 1, 1, 5
iimgurcomxzuoj58jpg, 1, 1, 59
nonmelees, 1, 1, 79
refers, 1, 1, 6
throw, 1, 1, 1
_, 2, 2, 26
reinact, 1, 1, 1
oo, 3, 1, 1
ol, 1, 1, 0
ok, 2, 2, 17
oh, 21, 17, 169
disabilities, 1, 1, 5
cares, 1, 1, 1
favorite, 12, 12, 82
iimgurcomygfzes6png, 1, 1, 1
meal, 1, 1, 1
forsee, 1, 1, 3
stand, 3, 3, 124
mixed, 2, 2, 2
luck, 3, 3, 60
os, 1, 1, 2
uncrating, 1, 1, 36
op, 4, 4, 16
iimgurcomxjrzbk2jpg, 1, 1, 59
burning, 1, 1, 55
offensivedefensive, 1, 1, 5
pl_borneo, 1, 1, 59
copies, 1, 1, 2
uthefinalpancake, 1, 1, 1
timeability, 1, 1, 2
parties, 1, 1, 2
fu4r9dytbeq, 1, 1, 25
annoys, 1, 1, 11
lastly, 1, 1, 3
fast, 3, 3, 8
legacy, 1, 1, 10
log, 2, 2, 4
area, 10, 2, 65
removing, 3, 3, 38
hey, 9, 9, 96
lol, 5, 5, 4
taunts, 7, 6, 9
start, 12, 12, 266
cats, 1, 1, 1
racist, 3, 3, 11
low, 11, 10, 62
lot, 26, 21, 266
brazilian, 1, 1, 13
teamwork, 2, 2, 20
krona, 1, 1, 116
admit, 3, 3, 10
complete, 6, 5, 8
enough, 14, 11, 80
multiple, 3, 3, 8
idevice, 1, 1, 55
mindlessly, 1, 1, -4
shrugs, 1, 1, 2
trying, 10, 10, 98
cp_badlands, 2, 2, 60
buying, 4, 3, 98
spice, 1, 1, 5
pull, 1, 1, 13
october, 3, 2, 41
rage, 1, 1, 8
default, 3, 3, 28
spamming, 3, 3, 18
hilarity, 1, 1, 9
organize, 2, 1, 2
muselk, 1, 1, 4
agree, 5, 5, 26
expect, 9, 7, 52
gone, 4, 4, 94
celestial, 1, 1, 3
leaked, 1, 1, 0
ad, 1, 1, 1
videos, 7, 6, 120
ai, 2, 2, 19
certain, 3, 3, 13
describe, 1, 1, 4
sales, 4, 3, 129
general, 3, 3, 46
sketchek, 4, 3, 70
youtubeh1grtdpkzdi, 1, 1, 5
tasty, 1, 1, 16
aw, 2, 2, 9
hobbies, 1, 1, 5
watched, 2, 2, 60
moves, 1, 1, 82
spends, 1, 1, 17
nerf, 2, 2, 37
huntsman, 1, 1, 1
hasnt, 3, 2, 16
bored, 2, 2, 10
xpos, 1, 1, 1
4v4, 1, 1, 3
field, 3, 3, 4
badly, 1, 1, 2
5, 6, 6, 173
cp3, 4, 1, 59
karma, 3, 3, 5
gaining, 1, 1, 5
polar, 1, 1, 5
regardless, 2, 2, 8
imgurcomastxnh, 1, 1, 2
steamapps, 1, 1, 1
symbol, 1, 1, 8
forgot, 4, 4, 4
dof, 1, 1, 1
fronts, 1, 1, 5
important, 9, 8, 55
bullets, 1, 1, 25
registry, 1, 1, 1
coverage, 1, 1, 3
mechanical, 1, 1, 6
chris, 1, 1, 3
dunked, 1, 1, 7
brass, 1, 1, 5
stocks, 1, 1, 36
banners, 2, 2, 9
pool, 2, 2, 59
chuck, 1, 1, 35
building, 4, 3, 86
rekt, 1, 1, 1
grudge, 1, 1, 5
assets, 1, 1, 1
requires, 1, 1, 6
shitlords, 1, 1, 0
mask, 2, 2, 29
controller, 1, 1, 2
sewer, 1, 1, 59
u, 7, 5, 11
nerfed, 1, 1, 0
god, 10, 10, 128
alright, 2, 2, 59
valves, 1, 1, 21
starting, 2, 2, 5
original, 4, 4, 49
scm, 1, 1, 2
skeleton, 1, 1, 23
ali, 1, 1, 187
duplicates, 2, 1, 2
lack, 2, 2, 11
dollar, 3, 3, 119
month, 5, 5, 276
ctf_landfall, 1, 1, 59
code, 1, 1, 9
follow, 1, 1, 4
faster, 1, 1, 5
decisions, 1, 1, 9
rd, 1, 1, 19
glimpse, 1, 1, 36
ghelp, 1, 1, 1
fits, 2, 2, 10
referring, 1, 1, 2
f2p, 6, 4, 72
switched, 1, 1, 8
thursday, 1, 1, 1
spirit, 2, 2, 6
tl, 2, 2, 59
program, 2, 2, 6
wants, 6, 6, 24
spain, 1, 1, 7
altf4, 1, 1, 9
dirty, 1, 1, 8
tf, 4, 4, 8
dominated, 1, 1, 8
enjoying, 1, 1, 2
tb, 4, 3, 129
tc, 3, 3, 126
ta, 5, 5, 11
case, 8, 8, 80
premium, 3, 2, 10
worse, 4, 4, 28
far, 13, 11, 230
fav, 1, 1, 8
fat, 1, 1, 0
souls, 1, 1, 3
toss, 1, 1, 2
scout, 22, 19, 253
worst, 5, 4, 59
decide, 2, 2, 78
surprise, 1, 1, 3
awful, 1, 1, 3
winning, 1, 1, 8
ticket, 2, 2, 111
difference, 3, 3, 6
condition, 1, 1, 2
noobs, 2, 2, 9
heaven, 1, 1, 3
suiciding, 1, 1, 17
list, 3, 3, 209
joined, 4, 4, 157
large, 2, 2, 25
adjust, 4, 4, 12
machinacheck, 1, 1, 6
wearer, 1, 1, 31
small, 8, 7, 20
20th, 1, 1, 0
teh, 1, 1, 0
iimgurcomlatqij2jpg, 1, 1, 59
neighborhood, 1, 1, 55
andor, 1, 1, 23
ten, 1, 1, 0
195, 1, 1, 0
whens, 1, 1, 4
voiceyou, 1, 1, 55
past, 9, 9, 291
winds, 1, 1, 3
rate, 2, 1, 36
design, 4, 4, 54
jbird, 2, 1, 1
pass, 21, 18, 198
misrepresent, 1, 1, 1
casual, 1, 1, 12
grinning, 1, 1, 1
wellbalancedwip, 1, 1, 23
cues, 1, 1, 6
sub, 6, 6, 27
clock, 1, 1, 1
trhough, 1, 1, 13
sun, 1, 1, 1
section, 1, 1, 2
usamp, 1, 1, 6
newbies, 2, 2, 3
unicycle, 1, 1, 15
learned, 1, 1, 15
public, 2, 2, 32
contrast, 1, 1, 3
movement, 1, 1, 5
alwayson, 1, 1, 1
edited, 3, 3, 12
full, 11, 10, 84
tags, 1, 1, 2
motherfucker, 1, 1, 26
cp_gorge, 1, 1, 59
tagg, 1, 1, 1
threads, 2, 2, 26
lad, 1, 1, 6
november, 3, 2, 53
strong, 1, 1, 5
australiums, 3, 3, 7
arena, 7, 6, 149
ingame, 6, 5, 7
search, 2, 1, 3
demoknight, 3, 3, 22
disorders, 1, 1, 5
inspired, 3, 3, 75
allows, 2, 2, 44
experience, 5, 5, 22
regenerated, 1, 1, 2
soldier, 17, 16, 99
amount, 3, 3, 11
sandvich, 11, 9, 257
arent, 1, 1, 1
pick, 3, 3, 281
action, 3, 3, 9
toxicity, 1, 1, -1
elves, 2, 1, 2
options, 3, 3, 8
medics, 8, 8, 70
sticking, 1, 1, 15
lightsabers, 1, 1, 3
vid, 3, 3, -1
suddenly, 5, 4, 15
deathmatch, 1, 1, 36
cosmetic, 5, 5, 56
put, 19, 11, 93
capslock, 1, 1, 2
problematicbroken, 1, 1, 17
annihilator, 1, 1, 22
snurps, 1, 1, 6
pulls, 1, 1, 3
spawned, 2, 1, 3
coherency, 1, 1, 2
850, 3, 2, 3
takes, 5, 5, 15
distinct, 1, 1, 2
wiped, 1, 1, 3
two, 19, 14, 104
universally, 1, 1, 2
lakeside, 1, 1, 10
6, 19, 16, 161
taken, 2, 2, 61
homework, 1, 1, 10
minor, 1, 1, 10
lowering, 1, 1, 7
doot, 1, 1, 3
hamster, 1, 1, 3
door, 4, 4, 147
knows, 4, 4, 122
company, 4, 3, 51
emission, 1, 1, 2
csgo, 2, 2, 90
fanboys, 1, 1, 4
basically, 11, 11, 128
broke, 1, 1, 5
particular, 1, 1, 1
known, 2, 1, 92
flan, 2, 2, 7
glad, 10, 8, 23
town, 1, 1, 2
helped, 2, 2, 1
keeping, 2, 2, 4
tryhards, 3, 3, 16
organization, 4, 1, 9
hour, 2, 2, 4
30552, 1, 1, 1
sentry, 16, 11, 84
sucks, 5, 4, 54
installing, 1, 1, 1
autoconfig, 1, 1, 2
nonvalve, 2, 2, 26
botkillers, 2, 2, 37
sent, 2, 2, 4
caveat, 1, 1, 17
v, 22, 17, 214
abandon, 1, 1, 3
strategies, 1, 1, 2
lighter, 1, 1, 3
matchmaking, 11, 10, 205
beautiful, 3, 3, 109
compare, 1, 1, 1
bobsplosion, 1, 1, 2
scam, 1, 1, 2
f5, 1, 1, 13
pushes, 3, 3, 8
suggestions, 2, 2, 2
pestering, 1, 1, 9
r9, 1, 1, 2
states, 1, 1, 55
numbers, 1, 1, 10
purchased, 1, 1, 6
sense, 7, 6, 89
sharp, 3, 3, 193
pong, 1, 1, 149
wising, 1, 1, 92
huge, 4, 3, 42
needs, 13, 13, 62
goal, 1, 1, 36
awkward, 2, 2, 0
rather, 9, 8, 90
adinfested, 1, 1, 59
breaking, 1, 1, 1
utilize, 2, 1, 5
slomo, 1, 1, 1
unlucky, 1, 1, 1
maps, 66, 37, 812
glowing, 1, 1, 1
occasionally, 2, 2, 53
venting, 1, 1, 55
dismisses, 2, 2, 20
razorback, 2, 2, 12
kukri, 1, 1, 4
explains, 1, 1, 36
respawns, 1, 1, 1
search_by, 1, 1, 59
sandwich, 1, 1, 5
okay, 6, 6, 58
tried, 7, 7, 204
suppose, 1, 1, 15
advice, 2, 2, 3
servemetf, 1, 1, 2
mapping, 1, 1, 23
questioning, 3, 3, 75
replace, 2, 2, 2
sven, 2, 2, 5
lighting, 3, 3, 10
blood, 1, 1, 36
coming, 5, 5, 58
invasion, 14, 8, 206
sloppy, 1, 1, 5
response, 2, 2, 9
refuse, 3, 3, 44
short, 3, 3, 193
backstab, 1, 1, 4
author, 1, 1, 1
anytime, 1, 1, 3
generic, 3, 3, 30
ego, 3, 1, 9
nvidia, 1, 1, 1
thundermountain, 1, 1, 3
dream, 3, 3, 42
playing, 40, 36, 370
hooide, 1, 1, 1
photoshop, 1, 1, 3
littlei, 1, 1, 36
instaled, 1, 1, 36
help, 19, 14, 299
september, 1, 1, 36
ffs, 2, 2, 2
soon, 7, 6, 104
trade, 10, 7, 18
disabled, 4, 3, 15
isnt, 2, 2, 10
industrial, 1, 1, 5
killtaunt, 1, 1, 6
lasers, 1, 1, 7
signs, 1, 1, 6
hell, 6, 6, 304
itt, 1, 1, -1
haa, 1, 1, 1
ffa, 1, 1, 9
dont, 6, 6, 24
24, 3, 3, 76
messed, 1, 1, 1
style, 6, 6, 34
20, 6, 6, 102
23, 3, 3, 141
28, 1, 1, 36
actually, 36, 34, 368
iimgurcomr5oawmojpg, 1, 1, 59
parts, 6, 4, 32
ruining, 1, 1, 1
symptoms, 1, 1, 2
speech, 1, 1, 2
iimgurcomof1uiicjpg, 1, 1, 59
festives, 1, 1, 1
might, 12, 11, 32
rwackytictacs, 1, 1, 11
good, 76, 56, 538
return, 3, 3, 17
disrespectful, 2, 1, 9
seeking, 1, 1, 7
ya, 2, 2, 23
cannoli, 1, 1, 4
buys, 2, 2, 21
noticing, 1, 1, 1
reflected, 1, 1, 11
gmod, 1, 1, 3
compound, 2, 2, 196
foot, 1, 1, 3
iimgurcomp4jodgxjpg, 1, 1, 59
complain, 1, 1, 1
bigger, 1, 1, 44
swapping, 1, 1, 75
easily, 2, 2, 10
stopper, 1, 1, 14
designation, 1, 1, 1
always, 19, 17, 165
resized, 1, 1, 0
events, 2, 2, 3
bless, 1, 1, 79
tear, 1, 1, 3
ppdonationsbf, 1, 1, 6
moronic, 1, 1, 2
found, 4, 4, 29
difficult, 2, 2, 3
heavy, 33, 21, 160
status, 2, 1, 23
everyone, 15, 13, 162
begged, 1, 1, 36
mental, 1, 1, 5
house, 2, 2, 56
flick, 1, 1, -4
hard, 12, 11, 62
reduce, 2, 1, 1
idea, 19, 17, 218
wacky, 1, 1, 1
slowdown, 1, 1, 6
engaging, 1, 1, 1
connect, 1, 1, 1
loops, 1, 1, 4
operation, 1, 1, 1
beyond, 1, 1, 4
5ft, 1, 1, 180
event, 12, 10, 72
really, 106, 78, 1018
taunted, 1, 1, 1
prolly, 1, 1, 0
missed, 3, 3, 17
wondered, 1, 1, 2
p, 5, 5, 194
starlord, 1, 1, 1
since, 31, 27, 519
eeksdee, 1, 1, -13
research, 1, 1, 36
overused, 1, 1, 2
acting, 2, 2, 4
health, 9, 7, 14
7, 7, 7, 141
sadi, 1, 1, 6
print, 1, 1, 1
issue, 5, 5, 56
mittens, 1, 1, 2
ass, 3, 3, 74
fiber, 1, 1, 1
crouched, 1, 1, 0
risen, 1, 1, 17
dirt, 1, 1, 5
pug, 1, 1, 2
story, 2, 2, 7
pub, 2, 2, 18
reason, 20, 17, 242
base, 3, 3, 192
term, 1, 1, 1
members, 4, 4, 27
imagine, 5, 5, 24
ask, 3, 3, 11
beginning, 2, 2, 37
generate, 1, 1, 1
lag, 3, 3, 92
thrown, 2, 2, 43
bring, 5, 4, 18
jet, 1, 1, 1
thread, 11, 9, 188
skillcap, 1, 1, 0
needing, 1, 1, 5
terrible, 5, 5, 64
1second, 1, 1, 6
2571, 1, 1, 1
expecting, 2, 2, 28
circuit, 1, 1, 187
scouts, 2, 2, 38
halflife, 1, 1, 2
feed, 1, 1, 1
major, 4, 4, 44
mr, 2, 2, -5
utilizes, 1, 1, 23
prevent, 4, 4, 2
feel, 28, 27, 328
2k0smqbbipq, 1, 1, 14
misc, 1, 1, 1
number, 9, 7, 177
iimgurcom7hpvutfjpg, 1, 1, 59
buffing, 1, 1, 2
done, 13, 13, 40
least, 20, 20, 268
dong, 1, 1, 3
blank, 1, 1, 0
slower, 1, 1, 1
miss, 2, 2, 39
tf2, 62, 50, 718
equating, 1, 1, 5
passes, 9, 4, 135
guess, 6, 6, 104
heads, 2, 2, 34
koth_product, 1, 1, 0
leading, 1, 1, 1
airborne, 2, 2, 13
doomsday, 1, 1, 23
paint, 4, 4, 44
180, 1, 1, 20
wonderful, 3, 3, 8
valentines, 1, 1, 2
dealing, 1, 1, 1
gpu, 2, 2, 3
banana, 1, 1, 0
store, 2, 2, 42
listed, 1, 1, 6
selling, 4, 3, 7
kids, 2, 2, 37
option, 2, 2, 4
behind, 5, 5, 21
exploded, 1, 1, 1
nooooooooooooooo, 1, 1, 1
mentality, 1, 1, 39
tfc, 1, 1, 2
part, 11, 9, 146
crocket, 1, 1, 68
believe, 5, 5, 35
pl_swiftwater, 1, 1, 59
reliever, 1, 1, 5
center, 2, 2, 6
rnamemytf2item, 1, 1, 5
king, 1, 1, 0
kind, 11, 10, 142
b, 3, 3, 16
lament, 1, 1, 1
gotten, 3, 3, 24
lightsaber, 1, 1, 3
annihilation, 1, 1, 2
realises, 1, 1, 26
determined, 1, 1, 11
dank, 2, 2, 2
supposed, 4, 4, 15
dispenser, 6, 5, 0
dane, 2, 2, 2
toward, 1, 1, 1
builder, 2, 2, 115
deciding, 1, 1, 79
outta, 1, 1, 187
fights, 1, 1, 5
beforehand, 1, 1, 2
juicy, 1, 1, 25
randomly, 1, 1, 68
attentionwere, 1, 1, 1
murder, 1, 1, 2
comrades, 1, 1, 5
resence, 1, 1, 20
wristbands, 1, 1, 2
fading, 1, 1, 4
vulnerable, 1, 1, 48
sell, 6, 5, 136
lie, 1, 1, 1
built, 2, 2, 7
dancing, 1, 1, 82
rythmless, 1, 1, 2
click, 4, 4, 20
lit, 1, 1, 12
also, 61, 48, 845
entirety, 1, 1, 14
costs, 1, 1, 56
energy, 2, 1, 1
finding, 3, 2, 1
jojo, 1, 1, 69
aliasing, 1, 1, 2
cp_sunshinesinshine, 1, 1, 59
play, 57, 43, 422
added, 22, 17, 682
firsthand, 1, 1, 5
350, 1, 1, 1
darth, 1, 1, 1
9338, 1, 1, 3
plan, 1, 1, 7
significant, 1, 1, 3
bowels, 1, 1, 2
nothing, 8, 8, 25
prestige, 1, 1, 5
extremely, 1, 1, 8
achievement, 1, 1, 1
funnies, 1, 1, 3
reward, 5, 3, 41
windows, 1, 1, 5
sometimes, 3, 3, 32
cover, 3, 3, 28
froyotech, 1, 1, 59
ks, 1, 1, 2
circuits, 1, 1, 2
clean, 2, 2, 41
dumbass, 1, 1, 1
mging, 1, 1, 8
3v1, 1, 1, 1
gold, 4, 4, 5
ugc, 5, 4, 45
vader, 1, 1, 1
carefully, 1, 1, 3
font, 1, 1, 1
fine, 9, 7, 18
find, 19, 16, 138
completion, 1, 1, 2
giant, 3, 3, 70
cried, 2, 2, 21
wuhonx8qt3iamp, 1, 1, 1
ruin, 1, 1, 8
hope, 14, 14, 160
incidence, 1, 1, 2
l0l, 1, 1, 0
sphee, 1, 1, -1
pretty, 37, 35, 272
factor, 2, 2, 88
override, 1, 1, 1
8, 3, 3, 10
darwin, 2, 2, 191
enginner, 1, 1, 62
accurate, 2, 2, 5
giants, 1, 1, 8
hit, 8, 8, 125
meanwhile, 1, 1, 1
dependent, 1, 1, 2
raps, 1, 1, 1
banned, 1, 1, 10
iimgurcom1jcvyewjpg, 1, 1, 59
lame, 1, 1, 9
deleting, 1, 1, 2
feels, 7, 6, 226
hid, 1, 1, 36
valuable, 2, 2, 3
closely, 1, 1, 6
boils, 1, 1, 1
merchandise, 1, 1, 5
audio, 2, 2, 4
enemy, 10, 9, 34
catches, 1, 1, 2
roles, 1, 1, 3
founded, 1, 1, 11
sources, 3, 3, 17
boost, 2, 2, 8
cry, 1, 1, 3
backcap, 2, 2, 4
remove, 11, 11, 170
shadowplay, 3, 3, 4
gloves, 1, 1, 3
scripted, 1, 1, 11
double, 1, 1, 1
hype, 5, 4, 116
x, 1, 1, 1
uncloak, 1, 1, 3
strangifier, 2, 2, 4
wallet, 2, 2, 50
insane, 2, 2, 14
body, 2, 2, 4
set, 14, 14, 177
art, 4, 4, 19
throwing, 2, 2, 35
pl_hoodoo, 2, 2, 2
uses, 2, 2, 21
lkol, 5, 5, 118
signups, 1, 1, 6
see, 50, 46, 419
defense, 5, 5, 8
dumb, 3, 3, 40
close, 2, 2, 128
youtube3hiur62r4o8, 1, 1, 1
mckay, 1, 1, 5
practice, 1, 1, 1
expert, 2, 1, 4
binds, 3, 3, 7
am5, 1, 1, 6
wow, 6, 6, 37
currently, 6, 5, 38
please, 12, 12, 39
powerhouse, 2, 2, 5
pickup, 1, 1, 25
various, 1, 1, 14
harrassing, 1, 1, 5
unluckiest, 1, 1, 6
orbiting, 1, 1, 1
probably, 18, 17, 178
burned, 1, 1, -4
weekly, 1, 1, 5
nope, 5, 1, 1
available, 3, 3, 64
solo, 1, 1, 19
comptfwikiprocess, 1, 1, 59
recently, 9, 9, 69
creating, 1, 1, 2
missing, 10, 8, 236
sold, 4, 3, 38
attention, 2, 2, 16
untouched, 1, 1, 2
ranked, 2, 2, 17
invisible, 4, 4, 44
incorerect, 1, 1, 1
pissed, 1, 1, 2
abruptly, 2, 2, 101
c, 6, 6, 18
patched, 2, 2, 5
last, 17, 17, 187
license, 1, 1, 8
riddler, 1, 1, 3
respawn, 8, 6, 24
patients, 1, 1, 1
riddled, 1, 1, 1
connection, 2, 2, 2
became, 1, 1, 36
unboxed, 5, 2, 3
alot, 1, 1, 3
forgotten, 1, 1, 69
collection, 1, 1, 3
vault, 1, 1, 1
iimgurcomw3mgrm5jpg, 1, 1, 59
whole, 4, 4, 111
pda, 3, 3, 29
liked, 3, 3, 4
wear, 2, 2, 1
point, 18, 16, 164
reasons, 2, 2, 37
sweet, 3, 3, 9
loan, 1, 1, 7
community, 23, 16, 225
tryhard, 2, 2, 7
alone, 1, 1, 3
simply, 7, 5, 59
likes, 1, 1, 17
sing, 1, 1, 3
iimgurcompz9gao5jpg, 1, 1, 59
slots, 2, 2, 7
throughout, 1, 1, 4
mission, 1, 1, 4
duh, 1, 1, 1
ammo, 3, 3, 8
worthless, 3, 3, 72
raise, 1, 1, 2
superrare, 1, 1, 1
gravity, 2, 2, 35
create, 2, 2, 5
political, 2, 1, 9
due, 7, 5, 12
shinier, 1, 1, 1
hitting, 2, 2, 152
pc, 5, 3, 64
secret, 4, 3, 8
dropping, 2, 2, 37
damn, 6, 6, 222
pd, 1, 1, 23
sv_pure, 3, 2, 12
territory, 1, 1, 1
meeting, 1, 1, 5
whoa, 1, 1, 8
empty, 3, 3, 25
pm, 2, 1, 6
invis, 1, 1, 9
lived, 1, 1, 1
gay, 1, 1, 3
ruble, 1, 1, 116
fire, 5, 4, 195
hoodoo, 1, 1, 338
gap, 1, 1, 2
veryquakeish, 1, 1, 20
whatever, 6, 6, 143
understand, 5, 5, 376
050, 1, 1, 2
heavies, 2, 1, 1
tradetf, 1, 1, 41
sixes, 3, 2, 38
replaces, 1, 1, 2
surrender, 1, 1, 5
look, 30, 27, 261
grains, 1, 1, 1
solid, 2, 2, 5
straight, 4, 4, 77
flamer, 1, 1, 1
impersonating, 2, 2, 11
brilliant, 1, 1, 5
tweaking, 1, 1, 3
kick, 3, 3, 117
involved, 1, 1, 52
fun, 43, 36, 261
dispensers, 2, 2, 1
currency_code, 1, 1, 6
engineers, 18, 10, 106
exclude, 1, 1, 2
engi, 9, 7, 22
pound, 1, 1, 116
hoping, 3, 3, 31
cents, 3, 3, 0
bot, 1, 1, 1
overlooked, 1, 1, 1
rip, 3, 3, 36
demos, 1, 1, 0
reads, 1, 1, 36
frantic, 1, 1, 1
ready, 1, 1, 6
rig, 1, 1, 2
rid, 2, 2, 4
leaving, 2, 2, 7
captivating, 1, 1, 6
funny, 7, 7, 65
regen, 2, 2, 6
deadpool, 1, 1, 1
kills, 7, 7, 31
anymore, 9, 8, 94
belong, 1, 1, 4
glorious, 2, 2, 28
tells, 1, 1, 3
shorter, 1, 1, 3
read, 3, 3, 9
windows7, 1, 1, 2
hudlayoutres, 2, 2, 2
copying, 1, 1, 5
peoples, 1, 1, 16
9, 3, 3, 104
orthless, 1, 1, 20
dozen, 1, 1, 5
05, 1, 1, 2
higher, 4, 4, 85
used, 12, 11, 21
shpee, 2, 2, 28
x86, 1, 1, 1
optic, 1, 1, 1
dime, 1, 1, 5
keys, 7, 7, 76
banter, 1, 1, 2
recovered, 1, 1, 2
yesterday, 5, 5, 272
sandman, 1, 1, 25
moment, 9, 8, 40
moving, 2, 2, 32
mapmaker, 2, 1, 23
005, 1, 1, 2
3abtn_donatecc_lggif, 1, 1, 6
youtubeamp, 1, 1, 1
recent, 1, 1, 4
early, 1, 1, 1
lower, 7, 7, 106
task, 1, 1, 3
soldiersdemos, 1, 1, 9
older, 2, 2, 29
substantially, 1, 1, 10
depending, 1, 1, 22
spent, 3, 3, 33
obviously, 9, 7, 122
person, 6, 6, 40
edge, 1, 1, 5
inspirational, 1, 1, 4
entry, 2, 1, 59
chemistry, 1, 1, 2
spend, 7, 5, 8
grossly, 1, 1, 27
weakest, 2, 2, 39
exploits, 2, 2, 32
mom, 1, 1, 47
cuisines, 1, 1, 9
competitive, 17, 14, 160
reviewed, 1, 1, 1
cooldown, 1, 1, 1
circling, 2, 2, 32
202, 1, 1, 1
amp, 4, 3, 70
love, 26, 26, 98
alternative, 1, 1, 1
letting, 1, 1, 1
cut, 3, 3, -3
majority, 2, 2, 3
informal, 1, 1, 36
cheating, 1, 1, 9
guaranteed, 1, 1, 36
exclusively, 1, 1, 8
derpy, 1, 1, 2
eager, 1, 1, 36
crying, 3, 3, 13
presidents, 1, 1, 1
excited, 3, 3, 64
surprised, 2, 2, 41
airshots, 1, 1, 28
ridiculously, 2, 2, 38
shitposting, 1, 1, 4
march, 2, 2, 56
tauntkill, 1, 1, 45
lacking, 1, 1, 5
format, 1, 1, 21
big, 10, 10, 251
couple, 6, 5, 13
fxk9a1lnats, 1, 1, 59
reuse, 1, 1, 1
shitty, 13, 11, 179
game, 63, 51, 708
mingun, 1, 1, 4
tweaks, 2, 2, 3
damage, 20, 14, 31
bit, 16, 15, 198
sharpened, 1, 1, 187
competitively, 1, 1, 1
contraptions, 1, 1, 1
intel, 2, 1, 1
modifications, 1, 1, 1
envisioned, 1, 1, 1
admittedly, 1, 1, 1
message, 2, 2, 21
gentlemanne, 1, 1, 36
ignore, 2, 2, 39
collect, 1, 1, 108
continue, 2, 2, 13
popular, 5, 3, 5
1411, 1, 1, 0
buff, 3, 3, 73
variant, 1, 1, 2
fnaf, 1, 1, 11
dropthanks, 1, 1, 5
gardening, 1, 1, 3
fucking, 15, 14, 96
goddamn, 1, 1, 2
aprox, 1, 1, 1
creation, 2, 2, 36
back, 26, 24, 376
underwhelming, 1, 1, 1
regenerating, 1, 1, 0
towards, 1, 1, 31
searching, 1, 1, 1
lightning, 1, 1, 2
2fort, 3, 3, 7
scrim, 1, 1, 8
leaders, 1, 1, 5
savage, 1, 1, 44
syringe, 1, 1, 2
ray2b2lah0e, 1, 1, -7
rd_asteroid, 2, 2, 101
dull, 1, 1, 5
absolutely, 8, 8, 99
griefing, 1, 1, 9
per, 3, 3, 29
religion, 1, 1, 9
connecting, 2, 2, -2
retro, 1, 1, 2
washedout, 1, 1, 5
prof, 1, 1, 2
unorganized, 1, 1, 2
deducts, 1, 1, 20
rotectors, 1, 1, 124
minimal, 1, 1, 1
either, 8, 8, 110
fodder, 1, 1, 38
run, 7, 6, 62
300, 1, 1, 5
hypocritical, 1, 1, 36
bn, 1, 1, 6
continuing, 1, 1, 1
confidence, 1, 1, 4
restrictive, 1, 1, 7
loadouttf, 2, 2, 6
nowhere, 2, 2, 3
lasts, 1, 1, 29
seyeiz4oiam, 1, 1, 5
plat, 1, 1, 5
aswell, 1, 1, 2
shine, 4, 4, 57
headshotted, 1, 1, 1
works, 9, 8, 190
working, 5, 5, 82
wouldnt, 1, 1, 14
cigarette, 1, 1, 28
coexist, 1, 1, 4
functionating, 1, 1, 1
completing, 1, 1, 0
firing, 3, 2, 18
scattergun, 1, 1, 0
mrw, 1, 1, 1
drama, 1, 1, 4
aye, 1, 1, 1
range, 4, 3, 18
litetally, 1, 1, 17
hatred, 1, 1, -2
shiny, 1, 1, 1
australium, 5, 4, 60
napalmer, 1, 1, 187
spawncamp, 1, 1, 6
seeing, 5, 5, 191
resupplying, 1, 1, 1
garbage, 3, 3, 9
circled, 1, 1, 8
servers, 54, 31, 325
conscientious, 1, 1, 187
proportional, 2, 2, 4
gramma, 1, 1, 1
calming, 1, 1, 4
impressed, 2, 1, -2
procceses, 1, 1, 3
247ers, 1, 1, 23
spam, 3, 3, 7
question, 10, 10, 55
long, 17, 16, 327
custom, 13, 8, 124
disclosure, 1, 1, 0
asmr, 1, 1, 1
asteroid, 5, 4, 47
kritzkrieg, 1, 1, 32
forward, 3, 3, 65
gamedays, 1, 1, 23
tosslecap, 1, 1, 1
someerrarena, 1, 1, 59
opponent, 1, 1, 48
files, 3, 3, 16
farm, 1, 1, 6
https, 70, 34, 492
poster, 1, 1, 1
s1cuvfeha4a, 1, 1, 1
usp, 1, 1, 20
hoped, 1, 1, 1
boys, 2, 2, 2
sideshow, 1, 1, 4
subjectively, 1, 1, 1
reassurance, 1, 1, 5
newer, 1, 1, 3
line, 2, 2, 18
pain, 1, 1, 3
nutshell, 2, 2, 4
lina, 1, 1, 0
posted, 1, 1, 1
consist, 1, 1, 9
helios, 1, 1, 5
social, 1, 1, 5
us, 19, 14, 89
ur, 1, 1, 3
clips, 5, 4, 40
ui, 1, 1, 2
uh, 1, 1, 1
mature, 1, 1, 0
charmer, 1, 1, 8
continuously, 1, 1, 36
highlight, 2, 2, 17
bluewhite, 1, 1, 1
similar, 4, 4, 27
called, 4, 4, 5
uber, 6, 4, 46
baba, 1, 1, 187
constant, 3, 3, 42
hobby, 1, 1, 5
fans, 1, 1, 36
prevented, 3, 3, 14
metal, 4, 4, 57
influence, 1, 1, 1
ibus, 1, 1, 124
comming, 1, 1, 17
single, 8, 8, 98
diverse, 1, 1, 36
adore, 1, 1, 1
chat, 8, 7, 38
bitch, 1, 1, 3
goign, 1, 1, 2
schadenfreude, 1, 1, 8
phantom, 1, 1, 8
gru, 2, 2, 5
amounts, 1, 1, 2
fixing, 1, 1, 3
nah, 2, 2, 59
communitydeveloped, 1, 1, 10
razorbackcheck, 1, 1, 6
occasional, 1, 1, 23
definitely, 8, 8, 74
coded, 1, 1, 9
acceptable, 3, 3, 14
nice, 30, 28, 274
happens, 10, 8, 19
draw, 2, 2, 18
elements, 2, 2, 79
users, 2, 2, 38
crouching, 2, 1, 5
favourite, 5, 3, 21
sided, 1, 1, 2
tfteam, 1, 1, 17
problems, 2, 1, 5
robots, 1, 1, 1
aussies, 2, 1, 4
helpful, 2, 2, 10
helping, 3, 3, 31
meaning, 1, 1, 11
22941, 1, 1, 116
utterly, 1, 1, 1
song, 3, 3, 9
confusing, 2, 2, 5
desert, 1, 1, 9
structure, 2, 2, 7
dimensions, 1, 1, 3
ago, 12, 12, 70
tailored, 2, 1, 2
land, 1, 1, 3
e, 10, 7, 345
npmvfw7xfu6uuamp, 1, 1, 6
practically, 1, 1, 3
svf, 1, 1, 41
ujbirdtf2, 1, 1, 4
required, 2, 2, 42
youtube, 5, 5, 20
walked, 2, 2, 19
annoyed, 2, 2, 3
pyro, 26, 21, 232
2000, 1, 1, 4
gunboats, 7, 7, 219
worn, 2, 2, 110
leak, 3, 3, 6
afterburn, 1, 1, 3
fresh, 1, 1, 36
buffalo, 2, 2, 192
hello, 4, 4, 7
watergate, 3, 3, 42
gt, 37, 17, 126
rocketsticky, 1, 1, 1
resistance, 6, 3, 6
existing, 1, 1, 59
alien, 1, 1, 7
celedged, 1, 1, 2
gc, 2, 2, 75
gb, 1, 1, 1
freakin, 1, 1, 2
go, 34, 29, 337
query, 1, 1, 59
gm, 4, 2, 41
gl, 1, 1, 0
user, 1, 1, 21
issues, 4, 4, 35
seemed, 1, 1, 17
crossover, 1, 1, 4
item_name, 1, 1, 6
byre, 1, 1, 2
young, 2, 2, 7
send, 1, 1, 4
arrogance, 1, 1, -4
attackers, 1, 1, 3
uniqueness, 1, 1, 36
helps, 1, 1, 14
stable, 1, 1, 2
breach, 1, 1, 3
dislike, 3, 2, 6
include, 2, 2, 7
friendly, 1, 1, 10
resources, 1, 1, 59
sniper, 19, 17, 91
electrocute, 1, 1, 73
talented, 1, 1, 8
outside, 7, 4, 65
16711421676, 1, 1, 6
continues, 1, 1, 31
account, 2, 1, 1
wave, 2, 2, 10
unboxs, 1, 1, 4
putting, 7, 7, 124
telling, 1, 1, 36
subreddit, 2, 2, 4
lods, 1, 1, 3
shiteating, 1, 1, 1
arrange, 1, 1, 0
entire, 3, 3, 15
evl, 1, 1, 9
meant, 2, 2, 24
roll, 1, 1, 2
button, 1, 1, 1
mediafile, 1, 1, 2
try, 14, 14, 92
sightline, 1, 1, 5
race, 1, 1, 1
dealt, 1, 1, 1
eigenvalues, 1, 1, 2
inspection, 1, 1, 59
rack, 1, 1, -4
disclaimer, 1, 1, 5
dyou, 1, 1, 1
cap, 3, 1, 5
599, 1, 1, 2
layout, 1, 1, 1
licensed, 1, 1, 41
jump, 10, 7, 39
arena_byre, 1, 1, 59
video, 32, 26, 276
scratcheddished, 1, 1, 36
download, 2, 2, 82
odd, 1, 1, 1
makers, 3, 3, 27
depression, 1, 1, 5
sucessful, 1, 1, 36
narrations, 1, 1, 55
plays, 9, 9, 46
power, 7, 7, 44
paintings, 1, 1, 3
chicago, 2, 2, 7
giving, 3, 2, 8
screenshots, 3, 2, 73
assisted, 1, 1, 1
schedule, 1, 1, 2
flicked, 1, 1, 21
paying, 6, 5, 41
waiting, 8, 8, 72
anywhere, 5, 5, 245
capital, 1, 1, 5
damnrightly, 1, 1, 0
bird, 2, 1, 2
3d, 2, 1, 1
led, 1, 1, 6
cozy, 5, 4, 199
stance, 1, 1, 9
leg, 1, 1, 2
mistake, 1, 1, 20
gathered, 1, 1, 2
pushing, 2, 2, 40
commercial, 1, 1, 55
lem, 1, 1, 3
uw_o_w_a, 1, 1, 2
desired, 2, 1, 36
wickedplayer494, 1, 1, 55
let, 20, 19, 210
healing, 3, 3, 10
gloat, 1, 1, 5
others, 7, 6, 118
consideration, 3, 2, 37
outline, 1, 1, 1
irritating, 2, 2, 7
amidst, 1, 1, 2
bubble, 1, 1, 2
great, 26, 23, 143
drops, 5, 5, 75
ubersaw, 1, 1, 2
credits, 1, 1, 4
receive, 1, 1, 36
32, 1, 1, 4
31, 2, 2, 38
larger, 3, 3, 64
murdered, 1, 1, 48
contradiction, 1, 1, 36
34, 2, 2, 28
suggests, 1, 1, 62
ctf, 1, 1, 1
repel, 1, 1, 82
menu, 3, 3, 9
opinion, 5, 5, 14
youtuber, 2, 2, 37
makes, 19, 19, 288
involves, 1, 1, 23
thats, 7, 7, 76
named, 1, 1, 8
pyromania, 2, 2, 3
apple, 1, 1, 55
danger, 2, 2, 191
egypt, 1, 1, 6
win, 3, 3, 15
manage, 2, 2, 35
private, 1, 1, 34
names, 6, 3, 32
aliiiiiive, 1, 1, 4
sewers, 2, 1, 59
scandal, 1, 1, 32
redo, 1, 1, 22
staple, 4, 4, 92
lime, 3, 3, 18
standing, 1, 1, 8
use, 30, 27, 223
exciting, 2, 2, 11
stream, 2, 1, 5
chi, 1, 1, 0
tas, 1, 1, 1
34303, 1, 1, 116
next, 9, 7, 125
duplicate, 2, 1, 2
doubt, 2, 2, 36
axtinguisher, 2, 2, 10
attribute, 2, 2, 10
simpler, 1, 1, 56
hydro, 4, 4, 24
sort, 11, 10, 51
gullywash, 1, 1, 1
upcoming, 2, 2, 28
started, 7, 6, 85
becomes, 4, 3, 81
gt750, 1, 1, 1
confused, 3, 3, 5
deserve, 1, 1, 17
opposing, 1, 1, 17
scorpiouprising, 1, 1, 59
penis, 1, 1, 1
actual, 6, 6, 45
harvest, 2, 2, 4
minions, 1, 1, 1
charity, 4, 4, 17
fan, 2, 2, 26
ubercharge, 1, 1, 29
unarmed, 1, 1, 187
ride, 1, 1, 1
pay2lose, 1, 1, 1
reskins, 5, 4, 234
crowbars, 1, 1, 3
obvious, 4, 4, 101
praise, 1, 1, 1
meet, 1, 1, 5
topscored, 1, 1, 4
degroot, 1, 1, 14
usdamp, 1, 1, 6
scatter, 2, 2, 190
performed, 2, 2, 10
control, 2, 2, 63
links, 1, 1, 4
process, 14, 13, 160
halloween, 9, 5, 66
promotional, 3, 1, 187
high, 7, 6, 8
effectively, 1, 1, 2
tag, 7, 6, 103
something, 31, 29, 474
235, 1, 1, 1
protip, 1, 1, 5
miniguns, 1, 1, 5
sir, 1, 1, -2
educational, 1, 1, 1
afk, 1, 1, 8
vibe, 1, 1, 20
purpose, 1, 1, 6
holds, 3, 3, 19
kaching, 1, 1, 2
640x480, 1, 1, 1
varies, 1, 1, 23
blessings, 1, 1, 1
pair, 1, 1, 2
dismissing, 2, 1, 3
instead, 15, 14, 145
panic, 3, 3, 205
sin, 4, 2, 57
stock, 7, 7, 233
frag, 1, 1, -7
flanking, 1, 1, 8
catcalling, 1, 1, 2
spillin, 1, 1, 1
5cp, 2, 2, 60
steamroll, 1, 1, 1
watch, 5, 5, 26
wallpaper, 1, 1, 3
fite, 1, 1, 2
bothered, 1, 1, 0
unforgivably, 1, 1, 338
gud, 1, 1, 16
wrist, 1, 1, -4
gaben, 4, 4, 86
tier, 5, 4, 46
campaignprizes, 1, 1, 36
shoring, 1, 1, 1
revievs, 1, 1, 1
spycicle, 1, 1, 1
realized, 2, 2, 31
light, 5, 5, 21
friendlies, 3, 1, 1
zapped, 1, 1, 1
processor, 1, 1, 2
destroying, 1, 1, 1
understaffed, 1, 1, 75
honestly, 6, 6, 63
allow, 4, 3, 9
pasting, 1, 1, 5
counted, 1, 1, -4
slaps, 1, 1, 2
six, 1, 1, 1
comms, 1, 1, 1
move, 2, 2, 6
grampa, 1, 1, 4
produced, 1, 1, 1
dming, 1, 1, 44
looks, 16, 16, 65
frying, 1, 1, 1
mentioned, 2, 2, 40
agricultural, 1, 1, 5
onboard, 1, 1, 5
operative, 1, 1, 1
bunch, 2, 2, 24
perfect, 5, 5, 32
superior, 1, 1, 5
gunslinger, 1, 1, -4
le, 1, 1, 65
lc, 1, 1, 6
telefrag, 3, 3, 31
gamemode, 2, 2, 22
pugs, 1, 1, 2
tyrone, 3, 2, 7
lt, 1, 1, 0
choose, 3, 2, 6
grordbort, 1, 1, 7
2015, 10, 4, 123
covered, 1, 1, 36
2016, 2, 2, 41
image, 4, 4, 135
2013, 1, 1, 59
eur, 1, 1, 116
4690k, 1, 1, 2
skilled, 2, 2, 4
junction, 1, 1, 338
fps, 7, 5, 13
citrus, 1, 1, 2
material, 1, 1, 2
earn, 1, 1, 1
mention, 4, 4, 36
mitigated, 1, 1, 4
kid, 1, 1, 1
hands, 2, 2, 22
front, 4, 3, 68
rotation, 7, 6, 41
elegiggle, 1, 1, 1
day, 14, 9, 168
top5, 1, 1, 4
february, 3, 3, 7
mods, 2, 1, 7
measly, 1, 1, 20
edit, 10, 10, 97
warned, 1, 1, 2
cancerous, 1, 1, 1
badwater, 4, 4, 6
testicle, 1, 1, 1
magnitude, 1, 1, 2
rockets, 4, 4, 129
mode, 8, 7, 112
truth, 1, 1, 1
frickin, 1, 1, 6
references, 1, 1, 9
traces, 1, 1, 25
experienced, 1, 1, 0
upward, 4, 4, 111
headcase, 1, 1, 2
lobbies, 1, 1, 3
beginner, 1, 1, 75
bump, 2, 2, 12
ironsights, 1, 1, 1
buildings, 5, 2, -3
related, 3, 3, 18
constitute, 1, 1, 23
operator, 2, 1, 2
88, 1, 1, 0
amputator, 1, 1, 1
80, 3, 3, 66
disco, 1, 1, 0
special, 2, 2, 6
valvo, 1, 1, 3
unoriginal, 1, 1, 36
frontier, 2, 2, 10
cp_snowplow, 1, 1, 59
defend, 1, 1, 9
valve, 72, 57, 929
rev, 1, 1, 5
interspersed, 1, 1, 5
similarly, 1, 1, 1
ren, 2, 2, 3
playground, 1, 1, 17
hilarious, 2, 2, 5
thriving, 1, 1, 6
memes, 1, 1, 1
cause, 7, 7, 65
red, 6, 6, 70
common, 2, 2, 6
achievements, 3, 2, 3
412, 1, 1, 116
prizes, 5, 4, 60
hl2, 1, 1, 1
hl1, 2, 2, 5
ban, 3, 3, 3
completely, 8, 8, 53
pixelated, 1, 1, 2
thrust, 1, 1, 20
burglar, 1, 1, 14
anyhow, 1, 1, 2
bam, 1, 1, 2
segregated, 1, 1, 7
g, 6, 4, 313
could, 39, 34, 368
florida, 1, 1, 7
timer, 3, 2, 2
keep, 13, 13, 158
birthday, 1, 1, 0
projectile, 1, 1, 25
hence, 1, 1, 2
maprelated, 1, 1, 1
quickplay, 1, 1, 1
finest, 1, 1, 21
obscurity, 1, 1, 69
itching, 1, 1, 1
powerful, 2, 2, 18
scene, 3, 3, 21
wayyy, 1, 1, 36
hahahaha, 1, 1, 73
improvements, 1, 1, 4
shiftclick, 1, 1, 12
lagging, 2, 2, 2
protectors, 2, 2, 98
quality, 17, 12, 170
nonstock, 1, 1, 36
ancient, 1, 1, 5
sadly, 3, 3, 18
reference, 4, 4, 35
tf2center, 3, 1, 9
strict, 1, 1, 9
assure, 1, 1, 1
detailing, 1, 1, 100
system, 16, 10, 27
realistically, 1, 1, 5
priority, 3, 3, 37
attack, 3, 3, 205
degreaser, 3, 2, 5
search_posts, 1, 1, 0
fov, 2, 1, 1
developer, 1, 1, 1
messing, 1, 1, 2
final, 4, 3, 47
playmaker, 1, 1, 2
interests, 1, 1, 5
shell, 2, 1, 4
configure, 1, 1, 2
solly, 1, 1, 3
shelf, 4, 4, 53
12002000, 1, 1, 2
intentional, 1, 1, 1
lists, 1, 1, 1
regards, 1, 1, 12
skyrim, 1, 1, 2
fuzzy, 1, 1, 36
july, 1, 1, 36
pyroland, 2, 2, 41
elite, 1, 1, 4
commence, 1, 1, 2
filled, 1, 1, 1
badlands, 3, 3, 16
steel, 14, 9, 174
loved, 2, 2, 35
uhm, 1, 1, 24
boring, 5, 5, 49
bother, 1, 1, 4
conscious, 1, 1, 2
rarity, 4, 1, 4
compensation, 3, 3, 79
loves, 3, 3, 19
unboxes, 1, 1, 4
thief, 1, 1, -2
f10, 1, 1, 9
okmcamzl794, 1, 1, 3
bet, 2, 2, 20
descriptions, 1, 1, 3
undoubtly, 2, 2, 39
pl_snowycoast, 1, 1, 59
beggar, 1, 1, 22
ringer, 2, 2, 16
comfortable, 1, 1, 2
tide, 2, 2, 187
fail, 3, 3, 10
defending, 3, 3, 67
goodie, 1, 1, 3
need, 32, 29, 292
ubered, 1, 1, 3
apparently, 3, 3, 3
clearly, 3, 3, 4
screw, 3, 3, 10
6th, 1, 1, 2
angle, 4, 2, 84
soak, 2, 1, 6
4000, 1, 1, 1
able, 6, 6, 108
mid, 5, 5, 27
battles, 2, 2, 3
bagel, 1, 1, 108
dished, 1, 1, 36
pivotal, 1, 1, 5
goldrush, 1, 1, 73
spawns, 1, 1, 3
soas, 1, 1, 41
accuracy, 1, 1, 5
listing, 1, 1, 1
unless, 2, 2, -1
combat, 2, 2, 192
aww, 1, 1, 3
pitcher, 1, 1, 2
camper, 3, 3, 197
sfm, 7, 6, 81
cracking, 1, 1, 3
rollout, 3, 2, 62
medal, 1, 1, 8
death, 1, 1, -4
deny, 3, 2, 8
216105171119, 1, 1, 2
nobody, 7, 7, 161
bootleggerbooties, 1, 1, 2
gather, 1, 1, 2
upset, 1, 1, 3
disease, 1, 1, 2
psychological, 1, 1, 1
face, 5, 4, 14
looked, 2, 2, 3
wore, 1, 1, 2
scrambled, 1, 1, 3
cloaked, 2, 2, 17
shaders, 1, 1, 2
30066amp, 1, 1, 1
trickstab, 1, 1, 1
occasion, 1, 1, 36
lolhl, 2, 1, 0
normally, 1, 1, 1
scrap, 1, 1, 2
fact, 10, 10, 175
sells, 1, 1, 2
atmosphere, 1, 1, 6
campain, 1, 1, 3
text, 2, 2, 37
pleases, 1, 1, 22
crate, 12, 6, 14
anyway, 2, 2, 2
iimgurcomgntbkynjpg, 1, 1, 59
rotating, 1, 1, 1
destroy, 3, 3, 15
planning, 1, 1, 4
scrimming, 1, 1, 3
utter, 1, 1, 0
fear, 2, 2, 35
accuracydamage, 1, 1, 5
one, 97, 76, 789
q3, 1, 1, 9
highest, 1, 1, 3
based, 8, 7, 99
unfinished, 2, 2, 192
craziness, 1, 1, 23
upvote, 1, 1, 3
degrading, 1, 1, 9
scoped, 1, 1, 1
unable, 1, 1, 1
nonstrange, 1, 1, 2
rtf2, 7, 7, 60
combo, 2, 2, 6
fuel, 1, 1, 2
partially, 3, 3, -5
thousands, 1, 1, 36
3team, 1, 1, 4
iimgurcomlf8s5oijpg, 1, 1, 59
spun, 4, 2, 6
xdd, 1, 1, 4
realname, 1, 1, 13
mge, 1, 1, 7
means, 6, 5, 55
beat, 2, 2, 10
familiar, 1, 1, 34
20100625234720, 1, 1, 3
hopefully, 2, 2, 40
overall, 7, 7, 60
lucky, 1, 1, 0
install, 1, 1, 1
ones, 14, 11, 64
fallout, 1, 1, 2
postcommentary, 1, 1, 3
sorts, 2, 2, 7
areas, 2, 1, 3
donate, 2, 2, 7
themself, 1, 1, 1
tobacco, 1, 1, 5
ended, 3, 3, 187
natascha, 1, 1, 5
trickstabbing, 1, 1, 2
fixes, 2, 2, 37
pd_watergate, 3, 3, 66
teams, 13, 11, 81
whether, 3, 3, 7
stuff, 14, 13, 227
unrealized, 1, 1, 1
grab, 1, 1, 6
offmeta, 1, 1, 2
view, 4, 2, 61
knowing, 3, 3, 5
btw, 2, 2, 5
temporarily, 1, 1, 1
exists, 4, 4, 21
thankfully, 1, 1, 21
computer, 3, 3, 66
usefulness, 1, 1, -4
desperate, 1, 1, 5
sanity, 1, 1, 1
disguises, 1, 1, 28
closer, 1, 1, 1
stats, 2, 2, 3
insulting, 1, 1, 2
arguably, 2, 2, 28
reskin, 5, 4, 57
bias, 2, 2, 5
tend, 2, 2, 21
genius, 1, 1, 5
state, 2, 2, 7
taunting, 1, 1, 17
shudders, 1, 1, 1
correctly, 2, 2, 6
horrible, 3, 3, 134
scoutsnipershitty, 1, 1, 0
hitscan, 1, 1, 0
youll, 1, 1, 39
bought, 11, 11, 175
ends, 1, 1, 0
explosive, 2, 2, 30
ability, 3, 3, 10
labelled, 1, 1, 36
opening, 2, 2, 40
kicking, 1, 1, 3
job, 7, 7, 76
retextured, 1, 1, 3
key, 4, 4, 108
useless, 1, 1, 3
w, 5, 5, 153
legit, 1, 1, 5
thumb, 1, 1, 0
restrictions, 4, 3, 29
commands, 2, 2, 7
commenting, 1, 1, 1
shitstorm, 1, 1, 1
limits, 3, 3, 23
admin, 2, 2, 9
joke, 3, 3, 68
taking, 4, 4, 10
equal, 1, 1, 3
drug, 1, 1, 9
rams, 1, 1, 28
fulfilled, 1, 1, 34
etc, 10, 8, 28
moderators, 1, 1, 6
figures, 5, 4, 39
nitro, 1, 1, 5
rumoured, 1, 1, 23
communitycreated, 1, 1, 36
heart, 1, 1, 7
safely, 1, 1, 3
invites, 1, 1, 3
commando, 1, 1, 4
otherwise, 4, 4, 114
comment, 2, 2, 7
c25, 1, 1, 1
unclear, 1, 1, 1
co, 2, 2, 44
koth_king, 1, 1, 59
cc, 3, 2, 40
shoving, 1, 1, 6
ca, 28, 27, 403
walk, 1, 1, 2
subscribe, 1, 1, 23
shining, 1, 1, 1
laugh, 3, 3, 66
rocketjumping, 1, 1, 8
cs, 5, 4, 7
table, 1, 1, 36
cp, 9, 4, 73
quit, 4, 4, 20
yay, 1, 1, 7
powered, 1, 1, 3
addition, 1, 1, 2
decent, 2, 2, 21
bricked, 1, 1, 55
yap, 1, 1, 55
cent, 1, 1, 1
daysweeks, 1, 1, 36
slowly, 3, 3, 36
treat, 1, 1, 2
ah, 2, 2, 6
curtain, 1, 1, 187
proposal, 1, 1, 55
waste, 1, 1, 6
killed, 10, 10, 105
battlements, 1, 1, 12
retrospective, 2, 1, 59
gewp, 3, 3, 113
painted, 5, 5, 47
moved, 1, 1, 2
releasing, 1, 1, 10
crappy, 1, 1, 2
orange, 2, 2, 12
finished, 4, 4, 8
gamemodes, 1, 1, 4
2014, 3, 3, 14
hud_reloadscheme, 1, 1, 1
present, 2, 2, 15
associated, 2, 2, 39
bye, 1, 1, 9
abandoned, 3, 3, 6
unlike, 2, 2, 10
ap, 1, 1, 5
iimgurcomptktednjpg, 1, 1, 59
plain, 2, 2, 59
align, 1, 1, 3
nd, 1, 1, 20
harder, 3, 3, 27
value, 5, 4, 40
promotes, 1, 1, 16
deathmatching, 1, 1, -3
frustrating, 3, 3, 6
maul, 1, 1, 187
rename, 1, 1, 1
layer, 1, 1, 3
barely, 3, 3, 28
omni, 1, 1, 2
almost, 10, 10, 119
demo, 13, 10, 79
thus, 2, 2, 92
site, 1, 1, 2
surface, 1, 1, 4
respected, 1, 1, 10
vs, 3, 3, 65
demanded, 1, 1, 5
berated, 1, 1, 9
whore, 1, 1, 1
27180, 1, 1, 6
capture, 1, 1, 1
denial, 1, 1, 6
010, 1, 1, 2
perhaps, 3, 3, 26
vintage, 1, 1, 2
nerd, 1, 1, 2
member, 1, 1, 17
guns, 2, 1, 3
strange, 41, 27, 379
noe, 1, 1, 0
brag, 1, 1, 1
terrorism, 1, 1, 9
gets, 15, 14, 208
planned, 1, 1, 68
killer, 4, 3, 21
http, 46, 20, 188
context, 1, 1, 3
solved, 1, 1, 3
promo, 2, 2, 5
absorb, 1, 1, 5
hideouscreepy, 1, 1, 3
faces, 1, 1, 36
upon, 1, 1, 100
effect, 7, 6, 195
beast, 1, 1, 5
underthestairs, 1, 1, 4
student, 1, 1, 5
dust, 1, 1, 19
build, 3, 2, -2
ildlife, 1, 1, 124
lobby, 2, 1, 59
shitting, 1, 1, 38
perfectly, 1, 1, 3
argue, 1, 1, 3
reflection, 1, 1, 15
shotgun, 5, 4, 31
weapon, 39, 27, 317
well, 42, 35, 298
banging, 1, 1, 3
fighting, 1, 1, 6
thought, 12, 12, 114
iimgurcombc26ygif, 1, 1, 13
sets, 3, 2, 38
position, 6, 5, 90
creators, 2, 2, 5
reintroduce, 1, 1, 26
usual, 1, 1, 2
restore, 2, 2, 7
dosh, 1, 1, 3
stores, 1, 1, 8
rocket, 13, 12, 416
less, 15, 12, 160
claiming, 1, 1, 5
downvotes, 2, 2, 24
half, 13, 10, 241
mistaken, 1, 1, 5
arriving, 1, 1, 7
whatsnextloadouttf, 1, 1, 1
cashgrab, 2, 2, 6
rd_astroid, 1, 1, 131
skill, 8, 7, 121
happiness, 1, 1, 8
spells, 2, 1, 1
adv, 1, 1, 3
generous, 1, 1, 2
console, 1, 1, 2
4702, 1, 1, 116
wee, 2, 2, 228
pl_badlands, 1, 1, 2
headed, 2, 2, 8
sky, 3, 3, 61
transparent, 2, 2, 3
simple, 3, 3, 3
add, 15, 13, 286
extends, 1, 1, 4
cosmetics, 15, 8, 53
wet, 1, 1, 36
usage, 1, 1, 22
tax, 3, 2, 4
scrims, 1, 1, 1
warrant, 1, 1, 338
match, 7, 6, 85
itelf, 1, 1, 1
identical, 1, 1, 2
advertising, 1, 1, 9
increased, 2, 2, 48
checking, 1, 1, 6
taunt, 16, 14, 106
crushed, 1, 1, 2
plushes, 1, 1, 5
five, 2, 2, 23
know, 53, 48, 359
burden, 2, 2, 5
press, 1, 1, 3
immediately, 1, 1, 2
variants, 3, 1, 59
268, 1, 1, 116
darkblack, 1, 1, 1
cp2, 5, 1, 59
loss, 1, 1, 0
forcing, 1, 1, 3
like, 150, 118, 1334
lost, 5, 5, 52
hoodied, 1, 1, 1
canyon, 8, 6, 55
sized, 1, 1, 5
garage, 1, 1, 3
lose, 4, 4, 44
become, 3, 3, 22
conclusion, 3, 3, 9
soft, 1, 1, 4
page, 3, 3, 24
inexperienced, 1, 1, 8
accessible, 2, 2, 5
shed, 1, 1, 3
pauling, 2, 2, 24
stickyjumping, 1, 1, 8
footage, 1, 1, -17
bhops, 1, 1, 3
junk, 1, 1, 2
alive, 1, 1, 2
melee, 5, 4, 40
kinds, 1, 1, 5
liking, 1, 1, 9
cp_snakewater, 1, 1, 1
shrug, 2, 2, 2
lead, 5, 4, 15
esp, 1, 1, 1
literally, 11, 9, 112
lean, 1, 1, 36
youtubec_xwwtb_dqa, 1, 1, 1
stickytrap, 1, 1, 8
passion, 1, 1, 1
screwed, 2, 2, 7
wrangled, 1, 1, 0
contractoriented, 1, 1, 2
leader, 8, 6, 38
platinum, 1, 1, 6
ripped, 3, 3, 24
noise, 3, 3, 16
medieval, 2, 2, 169
slight, 1, 1, 4
midair, 1, 1, 1
iimgurcomjl7u2nzpng, 1, 1, 6
pressure, 3, 2, 6
host, 2, 2, 29
variation, 1, 1, 5
although, 6, 6, 74
whacky, 1, 1, 21
r, 6, 4, 205
paste, 3, 2, 39
stage, 5, 4, 422
rare, 7, 4, 43
asks, 1, 1, 3
getting, 17, 15, 235
russiaeastern, 1, 1, 1
ehhh, 1, 1, 1
basis, 1, 1, -2
middling, 1, 1, 2
compatible, 1, 1, 156
swear, 1, 1, 10
sweat, 1, 1, 0
accessibility, 1, 1, 5
customizing, 1, 1, 5
tongue, 1, 1, 1
glasses, 1, 1, -6
unbox, 4, 4, 10
verified, 1, 1, 1
guard, 1, 1, 5
doesnt, 1, 1, 23
desireable, 1, 1, 2
browser, 2, 2, 27
strategy, 1, 1, 38
mere, 1, 1, 15
fired, 1, 1, 1
beep, 2, 2, 4
accused, 1, 1, 17
snowplow, 2, 1, 4
vac, 1, 1, -1
challenged, 1, 1, 2
noticed, 2, 2, 59
trigger, 1, 1, 73
function, 4, 3, 11
yellow, 2, 2, 2
buy, 24, 22, 191
collective, 2, 2, 23
shank, 2, 2, 190
crybabies, 1, 1, -1
funds, 1, 1, 3
hp, 4, 3, 6
subjective, 1, 1, 15
lowered, 1, 1, 2
dustbowl, 1, 1, 73
gain, 1, 1, 1
hl, 17, 13, 178
bum, 1, 1, 2
didnt, 2, 2, 17
ear, 2, 1, 1
bug, 5, 5, 43
count, 6, 5, 40
challenges, 1, 1, 5
made, 23, 22, 337
wise, 1, 1, 4
hitter, 1, 1, 2
lft, 2, 1, 3
dunkass, 1, 1, 167
wish, 10, 9, 169
official, 4, 4, 30
flip, 1, 1, 1
volvo, 2, 2, 5
record, 1, 1, 24
kritz, 2, 1, 3
limit, 1, 1, 55
pl, 2, 2, -2
whnever, 1, 1, 1
invest, 2, 2, 3
cake, 1, 1, 1
problem, 14, 14, 166
piece, 2, 1, 2
minutes, 5, 5, 12
display, 1, 1, 1
mechanics, 1, 1, 36
jetpacklike, 1, 1, 4
pin, 1, 1, 3
0newwe5v2m, 1, 1, 2
5632, 1, 1, 1
goodness, 2, 2, 15
sneak, 2, 2, 124
shooting, 4, 4, 68
balcony, 1, 1, 59
functions, 1, 1, 1
compared, 2, 2, 112
readjustments, 1, 1, 23
corporation, 1, 1, 4
44, 1, 1, 2
packs, 1, 1, 1
offensive, 3, 2, 12
40, 3, 2, 37
lately, 3, 3, 14
book, 1, 1, 4
boom, 1, 1, 2
sick, 3, 3, 99
incredibly, 5, 5, 77
avatars, 1, 1, 9
dresser, 3, 3, 193
motivator, 1, 1, 2
troll, 2, 2, 3
stat, 2, 2, 9
repeat, 1, 1, 9
star, 2, 2, 10
monday, 1, 1, 4
gameblast, 1, 1, 2
inherently, 2, 2, 25
stay, 5, 4, 24
chance, 16, 8, 57
rightclick, 1, 1, 12
kinda, 11, 9, 18
else, 5, 4, 31
friends, 5, 5, 15
exposure, 1, 1, 23
searcher, 1, 1, 11
mediumish, 1, 1, 5
using, 11, 11, 137
iimgurcomimntyfbpng, 1, 1, 7
ranks, 1, 1, 1
resolution, 2, 1, 1
rule, 2, 1, 55
cpu, 1, 1, 1
blu, 3, 3, 66
lives, 1, 1, 3
validation, 2, 2, 7
baked, 1, 1, 2
